symbol,tf,mult,filt,lock,reentry_h,exit_htf,tpm_25,win_25,pf_25,net_25,dd_25,tpm_26,win_26,pf_26,net_26,dd_26,tpm_all,win_all,pf_all,net_all,dd_all,rf_25,rf_26,eligible,score_25
GOLD,3,4.0,D,0.1@0.3,0,False,54.83,16.4,0.53,-3905958,-3933648,57.11,22.6,0.74,-3252921,-4700235,55.81,19.1,0.66,-7158879,-7158879,-0.9929607326329148,-0.6920762472514672,False,-0.8544769306582497
GOLD,3,4.0,D,0.1@0.3,0,True,54.83,12.3,0.42,-3897036,-3909887,57.11,19.5,0.7,-3070564,-4325586,55.81,15.4,0.59,-6967599,-6980451,-0.9967132042434986,-0.709860814234187,False,-0.9722463326611296
GOLD,3,4.0,D,0.1@0.3,5,False,73.67,16.5,0.6,-4186039,-4213729,77.78,23.1,0.79,-3405347,-6100396,75.43,19.4,0.71,-7591386,-7591386,-0.9934286234354416,-0.558217368183967,False,-0.8752205828081183
GOLD,3,4.0,D,0.1@0.3,5,True,124.0,13.2,0.36,-8066138,-8066138,112.56,22.1,0.63,-5931989,-7798677,119.1,16.8,0.51,-13998127,-13998127,-1.0,-0.7606404265749178,False,-0.9883969597343574
GOLD,3,4.0,D,0.1@0.3,10,False,68.92,17.0,0.62,-3768148,-3795838,70.56,23.5,0.78,-3343934,-5682241,69.62,19.8,0.72,-7112081,-7112081,-0.9927051681341511,-0.5884885910330097,False,-0.8480012819501598
GOLD,3,4.0,D,0.1@0.3,10,True,103.08,12.6,0.39,-6714496,-6714496,90.78,21.4,0.68,-4417232,-6359568,97.81,16.1,0.55,-11131728,-11131728,-1.0,-0.6945805123870049,False,-0.9864190292245888
GOLD,3,4.0,D,0.15@0.3,0,False,54.83,20.4,0.47,-4235510,-4263200,57.11,34.6,0.56,-5342995,-6140307,55.81,26.6,0.52,-9578506,-9578506,-0.9935048789641584,-0.8701511178512735,False,-0.8967298909499272
GOLD,3,4.0,D,0.15@0.3,0,True,54.83,14.3,0.41,-3828895,-3851882,57.11,25.9,0.53,-4649329,-5213233,55.81,19.4,0.48,-8478225,-8501212,-0.9940322678628265,-0.8918321893535164,False,-0.9896250876153219
GOLD,3,4.0,D,0.2@0.4,0,False,54.83,30.7,0.59,-3485563,-3513253,57.11,47.7,0.73,-3399445,-4115882,55.81,38.1,0.68,-6885008,-6885008,-0.9921184156108314,-0.8259335423124375,False,-0.7776904449351294
GOLD,3,4.0,D,0.2@0.4,0,True,54.83,21.6,0.47,-3510053,-3551734,57.11,33.5,0.63,-3805330,-4247089,55.81,26.8,0.57,-7315383,-7357063,-0.9882646054011928,-0.8959854620423542,False,-0.9309396299373618
GOLD,3,4.0,D,0.2@0.4,5,False,72.33,31.2,0.64,-3819301,-3944322,76.78,47.9,0.79,-3541988,-5802964,74.24,38.6,0.73,-7361288,-7361288,-0.9683035512820708,-0.6103756631955669,False,-0.7746695142114417
GOLD,3,4.0,D,0.2@0.4,5,True,122.08,19.1,0.39,-7586351,-7596570,112.33,31.9,0.61,-6432000,-7896973,117.9,24.4,0.52,-14018351,-14018351,-0.9986547876212554,-0.8144892986211298,False,-0.9621331104960377
GOLD,3,4.0,D,0.15@0.3,5,False,77.92,21.5,0.57,-4529553,-4557243,82.33,36.3,0.73,-4297579,-6968476,79.81,28.0,0.67,-8827133,-8827133,-0.9939239579719581,-0.616717198997313,False,-0.8869510781343725
GOLD,3,4.0,D,0.15@0.3,5,True,126.0,14.9,0.36,-8142317,-8142317,115.56,27.9,0.59,-6576333,-8345519,121.52,20.2,0.49,-14718650,-14718650,-1.0,-0.7880076721411814,False,-0.9896960498344366
GOLD,3,4.0,D,0.15@0.3,10,False,71.58,22.2,0.59,-3977896,-4005586,73.33,37.3,0.72,-4159593,-6217197,72.33,28.8,0.67,-8137489,-8137489,-0.9930871537897327,-0.6690463564207472,False,-0.8818665476015038
GOLD,3,4.0,D,0.15@0.3,10,True,104.42,14.7,0.39,-6660269,-6660269,92.89,28.5,0.63,-5073114,-6658485,99.48,20.2,0.52,-11733383,-11733383,-1.0,-0.7619021444067231,False,-0.9819454379980928
GOLD,3,4.0,D,0.2@0.4,10,False,68.08,31.9,0.65,-3527220,-3652242,70.0,49.0,0.78,-3344490,-5228159,68.9,39.4,0.73,-6871710,-6871710,-0.9657684238886689,-0.6397070173267493,False,-0.7522121468438105
GOLD,3,4.0,D,0.2@0.4,10,True,101.83,19.6,0.42,-6324421,-6407949,91.44,33.8,0.64,-5181157,-6505393,97.38,25.3,0.55,-11505578,-11505578,-0.9869649399519254,-0.7964402765520853,False,-0.9456565043642653
GOLD,3,4.0,D,0.25@0.5,0,False,54.83,36.5,0.76,-2164154,-2192536,57.11,52.9,0.79,-2780714,-3511207,55.81,43.7,0.78,-4944868,-4944868,-0.9870551726402668,-0.7919538779684593,False,-0.5864739179408083
GOLD,3,4.0,D,0.25@0.5,0,True,54.83,25.1,0.58,-2923824,-3018562,57.11,36.4,0.66,-3761742,-4178314,55.81,30.0,0.63,-6685565,-6716892,-0.968614857008072,-0.9003014134409237,False,-0.875155247781554
GOLD,3,4.0,D+1h,0.1@0.3,0,False,33.5,13.2,0.55,-2166053,-2264999,34.78,25.2,0.99,-86014,-1751676,34.05,18.5,0.81,-2252067,-2577482,-0.9563152125011976,-0.04910382970366666,False,-0.7695244872414119
GOLD,3,4.0,D+1h,0.1@0.3,0,True,33.5,13.2,0.56,-2131956,-2230903,34.78,25.2,0.99,-86014,-1751676,34.05,18.5,0.81,-2217970,-2543385,-0.9556471079199768,-0.04910382970366666,False,-0.7698485896716991
GOLD,3,4.0,D+1h,0.1@0.3,5,False,48.42,13.6,0.6,-2668627,-2744684,47.56,26.2,0.96,-375781,-2425301,48.05,18.9,0.81,-3044408,-3101987,-0.9722893418695923,-0.154942005136682,False,-0.8017837971519189
GOLD,3,4.0,D+1h,0.1@0.3,5,True,48.42,13.6,0.6,-2634530,-2710587,47.56,26.2,0.96,-375781,-2425301,48.05,18.9,0.81,-3010311,-3067890,-0.97194076412231,-0.154942005136682,False,-0.8032326520338826
GOLD,3,4.0,D,0.25@0.5,5,False,66.5,36.3,0.77,-2444355,-2585532,73.0,52.8,0.87,-2169589,-4591066,69.29,43.8,0.83,-4613944,-4613944,-0.9453973108822479,-0.4725675910561948,False,-0.5649524614952541
GOLD,3,4.0,D,0.25@0.5,5,True,118.75,21.0,0.46,-6862168,-6876053,110.0,33.4,0.66,-5864933,-7461837,115.0,26.1,0.57,-12727101,-12727101,-0.9979806729238416,-0.7859905007305842,False,-0.9388670038873145
GOLD,3,4.0,D,0.25@0.5,10,False,63.75,36.6,0.79,-2158222,-2299399,67.44,54.4,0.87,-1984249,-3970802,65.33,44.5,0.84,-4142471,-4142471,-0.938602652258264,-0.4997098822857448,False,-0.5927950931339484
GOLD,3,4.0,D,0.25@0.5,10,True,99.42,21.4,0.5,-5567214,-5654407,89.44,35.2,0.68,-4707941,-6104676,95.14,26.9,0.6,-10275155,-10275155,-0.9845796385014379,-0.771202435641138,False,-0.909155672053356
GOLD,3,4.0,D+1h,0.1@0.3,10,False,45.25,14.2,0.62,-2434577,-2510633,43.56,25.8,1.01,56166,-2056791,44.52,19.0,0.84,-2378411,-2627665,-0.9697064445500397,0.027307587401928537,False,-0.799045766513305
GOLD,3,4.0,D+1h,0.1@0.3,10,True,45.25,14.2,0.62,-2400480,-2476536,43.56,25.8,1.01,56166,-2056791,44.52,19.0,0.84,-2344314,-2593568,-0.969289362238223,0.027307587401928537,False,-0.8006608832273809
GOLD,3,4.0,D+1h,0.15@0.3,0,False,33.5,16.4,0.54,-2096990,-2211565,34.78,35.8,0.75,-1680353,-2428426,34.05,24.9,0.67,-3777343,-3886424,-0.9481927955994963,-0.6919514945071417,False,-0.8025944981506317
GOLD,3,4.0,D+1h,0.15@0.3,0,True,33.5,16.4,0.55,-2062893,-2177468,34.78,35.8,0.75,-1680353,-2428426,34.05,24.9,0.67,-3743246,-3852328,-0.9473815459056115,-0.6919514945071417,False,-0.8024259867891365
GOLD,3,4.0,D+1h,0.2@0.4,0,False,33.5,28.1,0.63,-1770632,-1898407,34.78,48.2,0.89,-825607,-1593249,34.05,36.9,0.78,-2596239,-2727667,-0.9326935688711641,-0.5181908163758459,False,-0.7448404288985648
GOLD,3,4.0,D+1h,0.2@0.4,0,True,33.5,28.1,0.64,-1736535,-1864311,34.78,48.2,0.89,-825607,-1593249,34.05,36.9,0.79,-2562142,-2693570,-0.9314620790200776,-0.5181908163758459,False,-0.7431764455043587
GOLD,3,4.0,D+1h,0.2@0.4,5,False,46.33,28.6,0.66,-2222363,-2509800,47.33,48.1,0.91,-869471,-2554501,46.76,37.1,0.81,-3091834,-3179117,-0.8854741413658459,-0.34036823630133634,False,-0.7071309425036928
GOLD,3,4.0,D+1h,0.2@0.4,5,True,46.33,28.6,0.66,-2188266,-2475703,47.33,48.1,0.91,-869471,-2554501,46.76,37.1,0.81,-3057738,-3145021,-0.8838968163790245,-0.34036823630133634,False,-0.7127823319223411
GOLD,3,4.0,D+1h,0.2@0.4,10,False,43.83,29.7,0.67,-2081029,-2350561,44.22,50.0,0.92,-713480,-2184070,44.0,38.4,0.82,-2794509,-2863886,-0.8853329056340167,-0.3266745113480795,False,-0.6745781262638186
GOLD,3,4.0,D+1h,0.2@0.4,10,True,43.83,29.7,0.67,-2046933,-2316464,44.22,50.0,0.92,-713480,-2184070,44.0,38.4,0.82,-2760413,-2829790,-0.8836455045275903,-0.3266745113480795,False,-0.677373740680318
GOLD,3,4.0,D+1h,0.25@0.5,0,False,33.5,34.1,0.77,-1186218,-1400971,34.78,53.0,0.9,-786812,-1766830,34.05,42.4,0.85,-1973030,-2469727,-0.8467113166510941,-0.4453241115444044,False,-0.6546451938645426
GOLD,3,4.0,D+1h,0.25@0.5,0,True,33.5,34.1,0.77,-1152121,-1366875,34.78,53.0,0.9,-786812,-1766830,34.05,42.4,0.85,-1938934,-2435630,-0.8428868770004573,-0.4453241115444044,False,-0.6474343849453645
GOLD,3,4.0,D+1h,0.15@0.3,5,False,50.58,17.6,0.59,-2758418,-2827591,50.56,38.2,0.89,-1036679,-3015097,50.57,26.5,0.76,-3795097,-3815825,-0.9755364195175328,-0.3438294025034684,False,-0.8192888161034286
GOLD,3,4.0,D+1h,0.15@0.3,5,True,50.58,17.6,0.59,-2724322,-2793495,50.56,38.2,0.89,-1036679,-3015097,50.57,26.5,0.76,-3761000,-3781729,-0.9752378293141746,-0.3438294025034684,False,-0.8203351825201587
GOLD,3,4.0,D+1h,0.15@0.3,10,False,46.75,18.4,0.61,-2406409,-2523371,45.67,38.7,0.93,-612809,-2296641,46.29,27.0,0.79,-3019218,-3087735,-0.9536485122480999,-0.2668283811009209,False,-0.8314122850528178
GOLD,3,4.0,D+1h,0.15@0.3,10,True,46.75,18.4,0.62,-2372312,-2489274,45.67,38.7,0.93,-612809,-2296641,46.29,27.0,0.8,-2985121,-3053639,-0.9530136095905875,-0.2668283811009209,False,-0.8327528769979726
GOLD,3,4.0,D+1h,0.25@0.5,5,False,43.0,34.7,0.78,-1500982,-1761106,45.0,53.1,0.98,-230319,-2181327,43.86,42.8,0.9,-1731301,-2181327,-0.8522950918343359,-0.10558664519349918,False,-0.5424053470546234
GOLD,3,4.0,D+1h,0.25@0.5,5,True,43.0,34.7,0.78,-1466886,-1727010,45.0,53.1,0.98,-230319,-2181327,43.86,42.8,0.9,-1697205,-2181327,-0.8493789844876405,-0.10558664519349918,False,-0.5523896494547592
GOLD,3,4.0,D+1h,0.25@0.5,10,False,41.42,34.8,0.8,-1325424,-1588267,42.22,54.5,0.98,-165928,-1972471,41.76,43.3,0.91,-1491352,-1972471,-0.834509562938725,-0.08412189583522393,False,-0.5215435792315255
GOLD,3,4.0,D+1h,0.25@0.5,10,True,41.42,34.8,0.8,-1291328,-1554171,42.22,54.5,0.98,-165928,-1972471,41.76,43.3,0.91,-1457256,-1972471,-0.8308789702034075,-0.08412189583522393,False,-0.528890445018397
GOLD,3,4.0,D+4h,0.1@0.3,0,False,35.83,14.9,0.4,-3434277,-3560913,40.33,22.9,0.76,-2259813,-3859844,37.76,18.5,0.63,-5694090,-5945752,-0.9644372103446504,-0.5854674437619759,False,-0.9194445815184614
GOLD,3,4.0,D+4h,0.1@0.3,0,True,35.83,11.6,0.42,-2683385,-2782332,40.33,19.6,0.86,-1003313,-2278150,37.76,15.3,0.69,-3686699,-3805459,-0.9644373856175323,-0.440406909114852,False,-0.9311877388359379
GOLD,3,4.0,D+4h,0.1@0.3,5,False,48.5,14.6,0.47,-3932079,-4017348,55.67,24.2,0.84,-1949751,-4797516,51.57,19.0,0.7,-5881830,-6092125,-0.9787748036764552,-0.40640844136840815,False,-0.8975952398426715
GOLD,3,4.0,D+4h,0.1@0.3,5,True,64.67,12.0,0.41,-4248004,-4305583,78.89,23.0,0.77,-2615973,-4483786,70.76,17.2,0.63,-6863976,-6922681,-0.9866268981459654,-0.5834294946279773,False,-0.9475271090205487
GOLD,3,4.0,D+4h,0.1@0.3,10,False,45.83,15.1,0.46,-3848764,-3934033,49.78,24.6,0.84,-1754960,-4245983,47.52,19.3,0.7,-5603723,-5814018,-0.9783252962036668,-0.41332242733896957,False,-0.8718959115897187
GOLD,3,4.0,D+4h,0.1@0.3,10,True,55.83,12.1,0.43,-3764428,-3822007,63.22,23.2,0.88,-1164992,-3113904,59.0,17.2,0.7,-4929419,-4993575,-0.98493487845522,-0.3741258561599844,False,-0.9189485481048947
GOLD,3,4.0,D+4h,0.15@0.3,0,False,35.83,18.6,0.41,-3240166,-3376938,40.33,35.5,0.63,-3370580,-4322338,37.76,26.4,0.55,-6610746,-6874275,-0.9594982199850871,-0.7798048185958618,False,-0.9421635070545737
GOLD,3,4.0,D+4h,0.15@0.3,0,True,35.83,14.4,0.42,-2594475,-2703557,40.33,27.8,0.68,-2306099,-2889816,37.76,20.6,0.58,-4900574,-5029470,-0.9596524134686267,-0.7980089389774297,False,-0.9544091360858753
GOLD,3,4.0,D+4h,0.15@0.3,5,False,49.83,18.9,0.48,-3802816,-3851234,58.33,37.7,0.82,-2147147,-4972491,53.48,27.7,0.69,-5949963,-6125139,-0.9874279256986203,-0.4318051053284963,False,-0.8962759618119781
GOLD,3,4.0,D+4h,0.15@0.3,5,True,66.0,14.5,0.41,-4286481,-4307209,81.22,30.0,0.73,-3011177,-4781551,72.52,21.9,0.61,-7297658,-7319574,-0.995187602923378,-0.6297490082192996,False,-0.9464722135895401
GOLD,3,4.0,D+4h,0.15@0.3,10,False,46.58,19.5,0.48,-3637033,-3733240,51.67,38.5,0.81,-2041908,-4253959,48.76,28.1,0.68,-5678941,-5901905,-0.9742296235977328,-0.4800018053770617,False,-0.8729454480969413
GOLD,3,4.0,D+4h,0.15@0.3,10,True,56.58,15.0,0.43,-3693090,-3761607,64.89,31.5,0.82,-1700862,-3295837,60.14,22.6,0.66,-5393951,-5472073,-0.981785178515459,-0.5160637495118843,False,-0.921565180993362
GOLD,3,4.0,D+4h,0.2@0.4,0,False,35.83,28.4,0.44,-3271086,-3426551,40.33,47.4,0.78,-2120526,-2993141,37.76,37.1,0.65,-5391611,-5675565,-0.9546293050942478,-0.7084617797825095,False,-0.8686175293090712
GOLD,3,4.0,D+4h,0.2@0.4,0,True,35.83,22.8,0.47,-2413508,-2541283,40.33,34.7,0.77,-1724604,-2186177,37.76,28.2,0.65,-4138112,-4285701,-0.9497202790873743,-0.7888675070682749,False,-0.900469456883872
GOLD,3,4.0,D+4h,0.2@0.4,5,False,47.0,28.5,0.52,-3475382,-3687687,55.22,48.3,0.88,-1503797,-3920952,50.52,37.8,0.74,-4979179,-5222640,-0.9424286822607233,-0.3835285410277912,False,-0.795428800127988
GOLD,3,4.0,D+4h,0.2@0.4,5,True,63.17,20.7,0.46,-3760133,-3857635,79.11,33.4,0.76,-2720470,-4192325,70.0,26.9,0.65,-6480602,-6574768,-0.9747249286155896,-0.6489167705270942,False,-0.8625435930190248
GOLD,3,4.0,D+4h,0.2@0.4,10,False,44.75,29.2,0.52,-3392733,-3587132,50.11,49.9,0.89,-1229960,-3269807,47.05,38.7,0.75,-4622693,-4848249,-0.9458065663599778,-0.37615675787592356,False,-0.7813015210317639
GOLD,3,4.0,D+4h,0.2@0.4,10,True,54.75,21.8,0.49,-3291941,-3444846,64.56,36.1,0.84,-1571618,-2925901,58.95,28.5,0.7,-4863559,-4945857,-0.9556134004248666,-0.537139841710297,False,-0.8247364375111238
GOLD,3,4.0,D+4h,0.25@0.5,0,False,35.83,34.4,0.56,-2792764,-2938568,40.33,54.0,0.82,-1859113,-2747715,37.76,43.4,0.72,-4651877,-4927407,-0.9503826353516407,-0.6766032867309747,False,-0.7795630879025421
GOLD,3,4.0,D+4h,0.25@0.5,0,True,35.83,27.4,0.6,-1953748,-2134581,40.33,38.8,0.79,-1676862,-2113248,37.76,32.7,0.72,-3630609,-3767845,-0.9152840768281925,-0.7934998637168945,False,-0.8123932064252752
GOLD,3,4.0,D+4h,0.25@0.5,5,False,43.17,34.0,0.64,-2694675,-2892156,52.0,54.3,0.95,-616026,-3229538,46.95,43.6,0.83,-3310702,-3559041,-0.9317184135295606,-0.19074740721428265,False,-0.7139439936747382
GOLD,3,4.0,D+4h,0.25@0.5,5,True,60.17,23.4,0.57,-3124014,-3194203,77.0,35.6,0.81,-2242256,-3935151,67.38,29.4,0.72,-5366270,-5518565,-0.978026130461965,-0.5698017687250121,False,-0.7860572165773906
GOLD,3,4.0,D+4h,0.25@0.5,10,False,41.92,34.4,0.64,-2652402,-2852602,47.78,56.0,0.97,-311808,-2490397,44.43,44.4,0.84,-2964210,-3215268,-0.9298184604792397,-0.12520413411998169,False,-0.7115704505881877
GOLD,3,4.0,D+4h,0.25@0.5,10,True,52.5,24.8,0.6,-2624071,-2770287,62.89,38.3,0.89,-1150755,-2838140,56.95,31.2,0.77,-3774826,-3935290,-0.9472199089841594,-0.40546097091757277,False,-0.7408927713707101
GOLD,3,4.0,D+1h+4h,0.1@0.3,10,False,33.67,13.9,0.57,-2113655,-2189712,31.11,28.2,1.29,1785681,-1268532,32.57,19.7,0.97,-327974,-2306744,-0.9652662085242261,1.4076751709850441,False,-0.7076575571728692
GOLD,3,4.0,D+1h+4h,0.1@0.3,10,True,33.67,13.9,0.57,-2079559,-2155615,31.11,28.2,1.29,1785681,-1268532,32.57,19.7,0.97,-293877,-2272647,-0.9647172616631449,1.4076751709850441,False,-0.7082908655920618
GOLD,3,4.0,D+1h+4h,0.15@0.3,0,False,25.08,16.6,0.51,-1716107,-1830682,25.33,39.0,0.97,-155062,-1213981,25.19,26.3,0.78,-1871170,-2299868,-0.9374140347695559,-0.12773017040629137,False,-0.814415595416669
GOLD,3,4.0,D+1h+4h,0.15@0.3,0,True,25.08,16.6,0.52,-1682011,-1796586,25.33,39.0,0.97,-155062,-1213981,25.19,26.3,0.78,-1837073,-2265772,-0.936226264704278,-0.12773017040629137,False,-0.8140895202451359
GOLD,3,4.0,D+1h+4h,0.1@0.3,0,False,25.08,12.6,0.51,-1806909,-1905855,25.33,25.9,1.23,1159011,-1299208,25.19,18.3,0.93,-647897,-2122017,-0.9480831437858599,0.8920904120048522,False,-0.7611747924995815
GOLD,3,4.0,D+1h+4h,0.1@0.3,0,True,25.08,12.6,0.51,-1772812,-1871759,25.33,25.9,1.23,1159011,-1299208,25.19,18.3,0.93,-613801,-2087920,-0.9471368910206923,0.8920904120048522,False,-0.760957489582756
GOLD,3,4.0,D+1h+4h,0.1@0.3,5,False,35.58,13.6,0.57,-2110844,-2186900,34.89,28.0,1.17,1153821,-1549234,35.29,19.7,0.92,-957022,-2303932,-0.9652220037495999,0.7447687050503669,False,-0.7394584417962277
GOLD,3,4.0,D+1h+4h,0.1@0.3,5,True,35.58,13.6,0.57,-2076747,-2152803,34.89,28.0,1.17,1153821,-1549234,35.29,19.7,0.92,-922926,-2269835,-0.9646711752073924,0.7447687050503669,False,-0.7401105576800215
GOLD,3,4.0,D+1h+4h,0.15@0.3,5,False,36.92,18.3,0.56,-2145707,-2214881,37.22,42.1,1.11,764013,-1518181,37.05,28.5,0.88,-1381695,-2292894,-0.968768525261628,0.5032423670168445,False,-0.7418778570121948
GOLD,3,4.0,D+1h+4h,0.15@0.3,5,True,36.92,18.3,0.57,-2111611,-2180784,37.22,42.1,1.11,764013,-1518181,37.05,28.5,0.88,-1347598,-2258797,-0.9682806733725119,0.5032423670168445,False,-0.7421197288329784
GOLD,3,4.0,D+1h+4h,0.15@0.3,10,False,34.42,18.6,0.57,-2040754,-2157716,32.78,43.1,1.21,1258184,-1264452,33.71,28.8,0.93,-782570,-2272173,-0.9457936076851634,0.9950429118701224,False,-0.7308210319979317
GOLD,3,4.0,D+1h+4h,0.15@0.3,10,True,34.42,18.6,0.57,-2006658,-2123620,32.78,43.1,1.21,1258184,-1264452,33.71,28.8,0.93,-748473,-2238076,-0.944923291360978,0.9950429118701224,False,-0.7312473865286616
GOLD,3,4.0,D+1h+4h,0.2@0.4,0,False,25.08,28.6,0.58,-1535072,-1662848,25.33,50.0,1.08,428225,-894165,25.19,37.8,0.87,-1106847,-2266380,-0.9231583403895004,0.47891049191144813,False,-0.7499955494317864
GOLD,3,4.0,D+1h+4h,0.2@0.4,0,True,25.08,28.6,0.58,-1500976,-1628751,25.33,50.0,1.08,428225,-894165,25.19,37.8,0.88,-1072751,-2232284,-0.9215503167764747,0.47891049191144813,False,-0.7485055130032223
GOLD,3,4.0,D+1h+4h,0.2@0.4,5,False,34.08,29.6,0.65,-1626396,-1913833,35.11,50.6,1.16,1078546,-1352051,34.52,38.8,0.95,-547850,-2081456,-0.8498108246644299,0.7977110330897281,False,-0.57485112628456
GOLD,3,4.0,D+1h+4h,0.2@0.4,5,True,34.08,29.6,0.66,-1592300,-1879737,35.11,50.6,1.16,1078546,-1352051,34.52,38.8,0.96,-513754,-2047359,-0.8470865871129845,0.7977110330897281,False,-0.5770048063004702
GOLD,3,4.0,D+1h+4h,0.2@0.4,10,False,32.58,29.9,0.65,-1645793,-1915324,32.44,52.7,1.22,1401537,-997467,32.52,39.7,0.98,-244256,-2091458,-0.859276550599272,1.4050961084426854,False,-0.5413978690803541
GOLD,3,4.0,D+1h+4h,0.2@0.4,10,True,32.58,29.9,0.65,-1611696,-1881227,32.44,52.7,1.22,1401537,-997467,32.52,39.7,0.98,-210159,-2057361,-0.8567259559851097,1.4050961084426854,False,-0.541389258914992
GOLD,3,4.0,D+1h+4h,0.25@0.5,0,False,25.08,35.2,0.73,-1077271,-1292024,25.33,56.6,1.08,471174,-1047681,25.19,44.4,0.94,-606097,-1819670,-0.833785595314019,0.44973040457925645,False,-0.5858270969501307
GOLD,3,4.0,D+1h+4h,0.25@0.5,0,True,25.08,35.2,0.73,-1043174,-1257928,25.33,56.6,1.08,471174,-1047681,25.19,44.4,0.94,-572000,-1785573,-0.8292795772095064,0.44973040457925645,False,-0.5804578032919135
GOLD,3,4.0,D+1h+4h,0.25@0.5,5,False,31.08,35.7,0.8,-993108,-1253232,33.0,56.9,1.22,1554137,-1138841,31.9,45.1,1.05,561029,-1350298,-0.7924374736680838,1.3646654800801867,False,-0.2892795314456675
GOLD,3,4.0,D+1h+4h,0.25@0.5,5,True,31.08,35.7,0.8,-959012,-1219136,33.0,56.9,1.22,1554137,-1138841,31.9,45.1,1.05,595126,-1316202,-0.7866325003937215,1.3646654800801867,False,-0.29290326529480765
GOLD,3,4.0,D+1h+4h,0.25@0.5,10,False,30.33,35.7,0.8,-979553,-1242396,30.78,58.5,1.28,1805675,-929570,30.52,45.6,1.07,826123,-1397132,-0.788438629873245,1.9424841593424917,False,-0.2562075393313368
GOLD,3,4.0,D+1h+4h,0.25@0.5,10,True,30.33,35.7,0.8,-945456,-1208299,30.78,58.5,1.28,1805675,-929570,30.52,45.6,1.08,860219,-1363036,-0.7824685777278637,1.9424841593424917,False,-0.25726004720154916
GOLD,3,4.0,1h,0.1@0.3,0,False,58.0,13.9,0.56,-3629257,-3629257,56.0,24.8,1.15,1570633,-2127074,57.14,18.5,0.89,-2058624,-3989252,-1.0,0.7384007326496398,False,-0.8917348659738202
GOLD,3,4.0,1h,0.1@0.3,0,True,58.0,13.9,0.56,-3595161,-3595161,56.0,24.8,1.16,1703219,-1994488,57.14,18.5,0.9,-1891942,-3955155,-1.0,0.853963022088877,False,-0.8915461196305783
GOLD,3,4.0,1h,0.1@0.3,5,False,82.67,14.1,0.58,-4842432,-4842432,76.0,25.1,1.01,173030,-2871780,79.81,18.6,0.82,-4669402,-5127781,-1.0,0.06025182987554757,False,-0.9522585539297626
GOLD,3,4.0,1h,0.1@0.3,5,True,82.67,14.1,0.58,-4808336,-4808336,76.0,25.1,1.02,305616,-2739194,79.81,18.6,0.83,-4502720,-5093685,-1.0,0.11157150607076388,False,-0.9521107508383143
GOLD,3,4.0,1h,0.1@0.3,10,False,76.67,15.0,0.61,-4179116,-4242998,69.89,25.1,1.04,494403,-2687074,73.76,19.1,0.85,-3684712,-4460084,-0.9849441361980373,0.18399307201811338,False,-0.9281608178447629
GOLD,3,4.0,1h,0.1@0.3,10,True,76.67,15.0,0.61,-4145019,-4208901,69.89,25.1,1.05,626989,-2554488,73.76,19.1,0.86,-3518030,-4425987,-0.9848221661664173,0.24544605416036402,False,-0.9279901775931081
GOLD,3,4.0,1h,0.15@0.3,0,False,58.0,18.2,0.54,-3649651,-3667923,56.0,35.7,1.01,127775,-2036614,57.14,25.6,0.8,-3521877,-4506148,-0.9950184341383393,0.06273893825732318,False,-0.9287806655298283
GOLD,3,4.0,1h,0.15@0.3,0,True,58.0,18.2,0.54,-3615555,-3633827,56.0,35.7,1.02,247368,-1917021,57.14,25.6,0.81,-3368187,-4472051,-0.9949716923783108,0.12903771007203363,False,-0.9285740480405819
GOLD,3,4.0,1h,0.15@0.3,5,False,87.67,18.6,0.54,-5207528,-5213711,80.67,37.1,0.97,-417434,-3363994,84.67,26.2,0.78,-5624962,-5624962,-0.9988140884678879,-0.12408880634150952,False,-0.9469760807075962
GOLD,3,4.0,1h,0.15@0.3,5,True,87.67,18.6,0.55,-5173432,-5179615,80.67,37.1,0.98,-297841,-3244401,84.67,26.2,0.79,-5471272,-5485590,-0.9988062819340819,-0.09180153747949159,False,-0.9468395856013903
GOLD,3,4.0,1h,0.15@0.3,10,False,79.92,19.7,0.58,-4354416,-4429190,73.0,37.6,0.99,-171831,-3046130,76.95,27.0,0.81,-4526247,-4657251,-0.9831179064343594,-0.05640960825703434,False,-0.9248923212615209
GOLD,3,4.0,1h,0.15@0.3,10,True,79.92,19.7,0.59,-4320319,-4395093,73.0,37.6,1.0,-52238,-2926537,76.95,27.0,0.82,-4372557,-4623154,-0.9829869356575618,-0.017849765781194633,False,-0.9246594535854405
GOLD,3,4.0,1h,0.2@0.4,0,False,58.0,27.4,0.6,-3429853,-3458783,56.0,48.2,1.15,1576568,-1284093,57.14,36.2,0.9,-1853285,-4402939,-0.9916357863445032,1.2277677707144266,False,-0.8636124223596665
GOLD,3,4.0,1h,0.2@0.4,0,True,58.0,27.4,0.6,-3395756,-3424686,56.0,48.2,1.16,1683197,-1177464,57.14,36.2,0.91,-1712559,-4368843,-0.9915525102155351,1.429510371442354,False,-0.8632603144019078
GOLD,3,4.0,1h,0.2@0.4,5,False,79.58,28.2,0.62,-4332148,-4514891,75.67,48.0,1.04,669429,-2183327,77.9,36.4,0.86,-3662719,-4953826,-0.9595243827591851,0.30660959169194535,False,-0.851390409870362
GOLD,3,4.0,1h,0.2@0.4,5,True,79.58,28.2,0.62,-4298051,-4480794,75.67,48.0,1.05,776058,-2076698,77.9,36.4,0.87,-3521994,-4919729,-0.9592163799540885,0.373698053352004,False,-0.8508737274475695
GOLD,3,4.0,1h,0.2@0.4,10,False,74.83,29.1,0.62,-4248964,-4431707,70.33,49.3,1.01,90207,-2218276,72.9,37.4,0.84,-4158757,-4841272,-0.9587646475725945,0.0406653635525967,False,-0.8144117674349948
GOLD,3,4.0,1h,0.2@0.4,10,True,74.83,29.1,0.62,-4214867,-4397610,70.33,49.3,1.01,196836,-2111647,72.9,37.4,0.84,-4018031,-4807175,-0.9584449280404583,0.09321444351257573,False,-0.8138642767985779
GOLD,3,4.0,1h,0.25@0.5,0,False,58.0,32.8,0.7,-2708334,-2809602,56.0,54.6,1.19,2211733,-1614640,57.14,41.9,0.98,-496601,-3595303,-0.9639564607371436,1.3697994599415348,False,-0.791964296693532
GOLD,3,4.0,1h,0.25@0.5,0,True,58.0,32.8,0.71,-2674237,-2775505,56.0,54.6,1.2,2305398,-1520975,57.14,41.9,0.98,-368839,-3561207,-0.963513666882243,1.5157369450516938,False,-0.7911130135295108
GOLD,3,4.0,1h+4h,0.1@0.3,0,False,35.0,12.6,0.47,-2867154,-3002173,32.44,25.3,1.13,847268,-1789718,33.9,17.8,0.83,-2019885,-3352698,-0.9550262426582345,0.473408659911785,False,-0.8854130143441649
GOLD,3,4.0,1h+4h,0.1@0.3,0,True,35.0,12.6,0.47,-2833057,-2968077,32.44,25.3,1.15,979854,-1729153,33.9,17.8,0.84,-1853203,-3258037,-0.9545092664374947,0.5666670329346217,False,-0.8852372532883697
GOLD,3,4.0,1h+4h,0.1@0.3,5,False,49.67,14.3,0.55,-3202227,-3423164,44.44,27.5,1.07,578703,-1900002,47.43,19.6,0.83,-2623524,-3540196,-0.9354582485676993,0.3045802057050466,False,-0.838125252223537
GOLD,3,4.0,1h+4h,0.1@0.3,5,True,49.67,14.3,0.55,-3168130,-3389068,44.44,27.5,1.08,711289,-1864638,47.43,19.6,0.84,-2456841,-3506100,-0.9348086258522992,0.3814622462912372,False,-0.8379260566701467
GOLD,3,4.0,1h,0.25@0.5,5,False,74.17,33.4,0.7,-3550097,-3752134,72.33,53.8,1.09,1387933,-2188571,73.38,42.0,0.92,-2162164,-4051042,-0.9461541085686173,0.6341731659608028,False,-0.7590333127661392
GOLD,3,4.0,1h,0.25@0.5,5,True,74.17,33.4,0.7,-3516000,-3718037,72.33,53.8,1.09,1481597,-2094906,73.38,42.0,0.93,-2034403,-4016946,-0.9456603040798142,0.7072379381222833,False,-0.7579537964808711
GOLD,3,4.0,1h,0.25@0.5,10,False,70.83,33.6,0.72,-3132048,-3334085,67.11,54.8,1.11,1683918,-1967807,69.24,42.4,0.94,-1448130,-3668446,-0.9394025647216553,0.8557333112444462,False,-0.7311582541955554
GOLD,3,4.0,1h,0.25@0.5,10,True,70.83,33.6,0.72,-3097952,-3299988,67.11,54.8,1.12,1777583,-1874142,69.24,42.4,0.95,-1320369,-3634349,-0.938776747066959,0.9484782903323228,False,-0.7299330752840517
GOLD,3,4.0,1h+4h,0.1@0.3,10,False,46.17,14.8,0.55,-3130417,-3354218,40.22,27.6,1.14,1087971,-1767087,43.62,19.9,0.86,-2042446,-3471250,-0.9332777416375442,0.6156861546715018,False,-0.8060053455210383
GOLD,3,4.0,1h+4h,0.1@0.3,10,True,46.17,14.8,0.55,-3096321,-3320122,40.22,27.6,1.15,1220557,-1733079,43.62,19.9,0.87,-1875764,-3437154,-0.9325925372621849,0.7042708382018361,False,-0.8057842613196102
GOLD,3,4.0,1h+4h,0.15@0.3,0,False,35.0,17.4,0.44,-2900808,-3058329,32.44,39.7,0.94,-407114,-1682977,33.9,26.5,0.71,-3307922,-3987739,-0.9484944229348772,-0.24190110738292916,False,-0.9369357019762738
GOLD,3,4.0,1h+4h,0.15@0.3,0,True,35.0,17.4,0.44,-2866711,-3024232,32.44,39.7,0.95,-287521,-1648258,33.9,26.5,0.73,-3154233,-3918923,-0.9479137182597103,-0.1744393171457381,False,-0.9367208880514528
GOLD,3,4.0,1h+4h,0.2@0.4,0,False,35.0,28.6,0.52,-2636930,-2811710,32.44,50.3,1.09,563801,-1034683,33.9,37.5,0.83,-2073128,-3415243,-0.9378385395364387,0.5449021584388648,False,-0.8217141875289637
GOLD,3,4.0,1h+4h,0.2@0.4,0,True,35.0,28.6,0.52,-2602833,-2777614,32.44,50.3,1.1,670430,-1034683,33.9,37.5,0.84,-1932403,-3381146,-0.9370751299496618,0.6479569104740293,False,-0.8212230466056154
GOLD,3,4.0,1h+4h,0.2@0.4,5,False,47.75,30.5,0.61,-2726764,-3177095,44.78,51.4,1.13,1131352,-1631677,46.48,39.1,0.9,-1595412,-3344718,-0.8582569926300598,0.6933676211652183,False,-0.6777135279422163
GOLD,3,4.0,1h+4h,0.2@0.4,5,True,47.75,30.5,0.62,-2692667,-3142999,44.78,51.4,1.14,1237981,-1631677,46.48,39.1,0.91,-1454686,-3310621,-0.8567190126372932,0.7587169519457588,False,-0.6771236518224105
GOLD,3,4.0,1h+4h,0.15@0.3,5,False,52.0,19.2,0.52,-3434694,-3580557,47.33,41.5,1.03,218007,-1896222,50.0,28.3,0.8,-3216687,-3658570,-0.9592624834627685,0.11496913336096723,False,-0.857077927787185
GOLD,3,4.0,1h+4h,0.15@0.3,5,True,52.0,19.2,0.52,-3400598,-3546460,47.33,41.5,1.04,337600,-1892835,50.0,28.3,0.8,-3062997,-3624473,-0.9588710996317454,0.17835680341920981,False,-0.8566832488338387
GOLD,3,4.0,1h+4h,0.15@0.3,10,False,47.17,19.8,0.53,-3212892,-3486782,42.22,42.1,1.07,549642,-1699229,45.05,28.8,0.82,-2663250,-3601239,-0.9214490610540034,0.3234655246585363,False,-0.8487573582018719
GOLD,3,4.0,1h+4h,0.15@0.3,10,True,47.17,19.8,0.53,-3178795,-3452686,42.22,42.1,1.08,669235,-1694323,45.05,28.8,0.83,-2509560,-3567142,-0.9206730643910277,0.39498667019216527,False,-0.8484424095943495
GOLD,3,4.0,1h+4h,0.2@0.4,10,False,45.33,30.7,0.58,-3008929,-3466751,41.33,53.2,1.19,1506562,-1244621,43.62,39.8,0.9,-1502367,-3642885,-0.8679391741720129,1.2104584447795754,False,-0.6466284729112705
GOLD,3,4.0,1h+4h,0.2@0.4,10,True,45.33,30.7,0.58,-2974832,-3432655,41.33,53.2,1.2,1613191,-1244621,43.62,39.8,0.91,-1361641,-3608789,-0.8666271442950136,1.2961303079411324,False,-0.6459220289970721
GOLD,3,4.0,1h+4h,0.25@0.5,0,False,35.0,34.8,0.66,-2046806,-2314057,32.44,57.2,1.1,688975,-986994,33.9,44.0,0.9,-1357831,-2841703,-0.8845097592669497,0.6980538888787571,False,-0.6890810037690862
GOLD,3,4.0,1h+4h,0.25@0.5,0,True,35.0,34.8,0.66,-2012709,-2279960,32.44,57.2,1.11,782639,-986994,33.9,44.0,0.91,-1230070,-2807606,-0.8827825926770645,0.7929521354739745,False,-0.6885466805662241
GOLD,3,4.0,1h+4h,0.25@0.5,5,False,44.0,35.4,0.72,-2024814,-2473099,41.89,57.6,1.19,1701983,-1421173,43.1,44.6,0.98,-322830,-2570165,-0.8187355217077844,1.1975903004067767,False,-0.47059467062664495
GOLD,3,4.0,1h+4h,0.25@0.5,5,True,44.0,35.4,0.73,-1990717,-2439002,41.89,57.6,1.2,1795648,-1421173,43.1,44.6,0.99,-195069,-2536068,-0.8162014627294278,1.2634971252620195,False,-0.4697475698519995
GOLD,3,4.0,1h+4h,0.25@0.5,10,False,42.33,36.0,0.74,-1847440,-2314642,39.11,58.2,1.24,1967837,-1198581,40.95,45.1,1.01,120397,-2469378,-0.7981536669601605,1.6418056017907843,False,-0.4497828263887004
GOLD,3,4.0,1h+4h,0.25@0.5,10,True,42.33,36.0,0.74,-1813343,-2280545,39.11,58.2,1.25,2061502,-1198581,40.95,45.1,1.02,248158,-2435282,-0.7951358118344518,1.7199521767823784,False,-0.4491439826015501
GOLD,3,5.0,D,0.1@0.3,0,False,38.17,21.2,0.83,-1076428,-1197032,39.78,29.3,0.69,-2840964,-3341441,38.86,24.8,0.75,-3917392,-3952246,-0.8992474720809469,-0.8502212069583153,False,-0.5024591526907425
GOLD,3,5.0,D,0.1@0.3,0,True,38.17,17.2,0.71,-1429841,-1429841,39.78,24.0,0.51,-4008988,-4303927,38.86,20.2,0.58,-5438829,-5438829,-1.0,-0.9314721183700374,False,-0.6629193273307284
GOLD,3,5.0,D,0.1@0.3,5,False,52.42,20.5,0.82,-1471558,-1789444,56.89,30.5,0.87,-1635452,-4007857,54.33,25.0,0.85,-3107011,-4007857,-0.8223548767103078,-0.4080614652668496,False,-0.6327409797302677
GOLD,3,5.0,D,0.1@0.3,5,True,103.08,15.4,0.48,-5496053,-5496053,94.67,25.1,0.61,-5575601,-7010000,99.48,19.4,0.55,-11071653,-11071653,-1.0,-0.7953781740370899,False,-0.8924066378699698
GOLD,3,5.0,D,0.1@0.3,10,False,48.75,21.5,0.82,-1451676,-1781522,52.67,31.2,0.8,-2438419,-4497781,50.43,25.9,0.81,-3890094,-4497781,-0.8148515707355846,-0.5421382232705416,False,-0.5870396129236082
GOLD,3,5.0,D,0.1@0.3,10,True,83.5,15.3,0.52,-4479006,-4516089,74.44,25.1,0.6,-5140712,-6347892,79.62,19.2,0.57,-9619717,-9619717,-0.9917886914983296,-0.8098297828633505,False,-0.8570825675094831
GOLD,3,5.0,D,0.15@0.3,0,False,38.17,30.3,0.86,-845099,-1030847,39.78,50.0,0.72,-2533898,-3008873,38.86,39.0,0.77,-3378997,-3434950,-0.8198103113265112,-0.8421418916650852,False,-0.48720812135926306
GOLD,3,5.0,D,0.15@0.3,0,True,38.17,22.3,0.72,-1319218,-1319218,39.78,36.9,0.5,-4011602,-4210571,38.86,28.7,0.58,-5330820,-5330820,-1.0,-0.9527453639898247,False,-0.6560798871261271
GOLD,3,5.0,D,0.15@0.3,5,False,56.17,28.6,0.78,-1898675,-2004764,61.89,50.3,0.83,-2263929,-4604710,58.62,38.4,0.81,-4162604,-4604710,-0.9470815517437464,-0.49165506622566896,False,-0.7054748661512285
GOLD,3,5.0,D,0.15@0.3,5,True,105.5,17.9,0.47,-5774327,-5774327,98.11,33.9,0.58,-6328300,-7680478,102.33,24.5,0.53,-12102627,-12102627,-1.0,-0.8239461137705232,False,-0.9368253497801609
GOLD,3,5.0,D,0.15@0.3,10,False,52.0,29.8,0.78,-1886830,-1928237,55.67,51.1,0.8,-2517899,-4505234,53.57,39.3,0.79,-4404729,-4505234,-0.9785259799495601,-0.5588830680049027,False,-0.6286921820185777
GOLD,3,5.0,D,0.15@0.3,10,True,85.58,18.4,0.5,-4716903,-4716903,76.67,35.8,0.59,-5353641,-6425494,81.76,25.4,0.55,-10070544,-10070544,-1.0,-0.83318745609287,False,-0.9153886983373956
GOLD,3,5.0,D,0.2@0.4,0,False,38.17,37.6,0.87,-828617,-1034112,39.78,59.8,0.85,-1586776,-2976547,38.86,47.3,0.86,-2415393,-2976547,-0.8012836133803689,-0.5330928757382296,False,-0.10628796428836673
GOLD,3,5.0,D,0.2@0.4,0,True,38.17,27.3,0.69,-1516460,-1516460,39.78,43.6,0.76,-1969289,-3011225,38.86,34.4,0.73,-3485748,-3485748,-1.0,-0.6539826814668449,False,-0.6698726726275278
GOLD,3,5.0,D,0.2@0.4,5,False,51.08,37.5,0.86,-1171943,-1920159,56.33,59.4,0.89,-1554054,-4199855,53.33,47.4,0.88,-2725997,-4199855,-0.6103364356805868,-0.37002563183728965,False,-0.3942255050368779
GOLD,3,5.0,D,0.2@0.4,5,True,102.58,21.4,0.51,-5198786,-5198786,94.78,36.8,0.69,-4514308,-6204911,99.24,27.7,0.61,-9713093,-9713093,-1.0,-0.7275379131143057,False,-0.8462461748931904
GOLD,3,5.0,D,0.2@0.4,10,False,47.67,37.8,0.9,-810347,-1622305,51.67,59.8,0.86,-1851008,-4343460,49.38,47.6,0.88,-2661355,-4343460,-0.4995034842400165,-0.42615978966077733,False,-0.3585851503515203
GOLD,3,5.0,D,0.2@0.4,10,True,83.5,21.9,0.58,-3828408,-3828408,73.78,39.2,0.72,-3479266,-5108759,79.33,28.8,0.66,-7307673,-7307673,-1.0,-0.6810393678777957,False,-0.7639349202663062
GOLD,3,5.0,D,0.25@0.5,0,False,38.17,43.0,1.01,98548,-1073922,39.78,60.1,0.91,-1019728,-2327543,38.86,50.5,0.95,-921180,-2327543,0.09176457880553708,-0.43811349564755625,False,0.21089236843094117
GOLD,3,5.0,D,0.25@0.5,0,True,38.17,29.7,0.75,-1328981,-1595740,39.78,43.9,0.83,-1426943,-2430877,38.86,35.9,0.8,-2755924,-2758214,-0.8328305363029065,-0.5870074874212065,False,-0.24069766029248016
GOLD,3,5.0,D+1h,0.1@0.3,0,False,23.0,20.3,0.94,-212144,-546806,24.44,31.4,0.65,-2082195,-2440286,23.62,25.2,0.76,-2294339,-2629001,-0.38796940779728095,-0.8532585934599469,False,-0.17189310138594024
GOLD,3,5.0,D+1h,0.1@0.3,0,True,23.0,20.3,0.94,-212144,-546806,24.44,31.4,0.65,-2082195,-2440286,23.62,25.2,0.76,-2294339,-2629001,-0.38796940779728095,-0.8532585934599469,False,-0.18265641882623956
GOLD,3,5.0,D+1h,0.1@0.3,5,False,33.67,19.1,0.88,-618074,-1190073,36.56,32.2,0.87,-1057433,-2738042,34.9,25.0,0.88,-1675507,-2738042,-0.5193580561864692,-0.3862004308188114,False,-0.4663851307922461
GOLD,3,5.0,D+1h,0.1@0.3,5,True,33.67,19.1,0.88,-618074,-1190073,36.56,32.2,0.87,-1057433,-2738042,34.9,25.0,0.88,-1675507,-2738042,-0.5193580561864692,-0.3862004308188114,False,-0.4936875664806597
GOLD,3,5.0,D+1h,0.1@0.3,10,False,31.5,20.4,0.86,-693766,-1277308,34.0,32.0,0.81,-1671917,-3039484,32.57,25.6,0.83,-2365683,-3039484,-0.5431469935207484,-0.5500660638450474,False,-0.44437274257272286
GOLD,3,5.0,D+1h,0.1@0.3,10,True,31.5,20.4,0.86,-693766,-1277308,34.0,32.0,0.81,-1671917,-3039484,32.57,25.6,0.83,-2365683,-3039484,-0.5431469935207484,-0.5500660638450474,False,-0.4714962114743096
GOLD,3,5.0,D+1h,0.15@0.3,0,False,23.0,28.6,0.97,-102742,-530869,24.44,51.8,0.64,-2093340,-2355461,23.62,38.9,0.76,-2196082,-2624209,-0.19353550499275715,-0.8887177499436416,False,-0.1330144403026337
GOLD,3,5.0,D+1h,0.15@0.3,0,True,23.0,28.6,0.97,-102742,-530869,24.44,51.8,0.64,-2093340,-2355461,23.62,38.9,0.76,-2196082,-2624209,-0.19353550499275715,-0.8887177499436416,False,-0.15036631215265528
GOLD,3,5.0,D,0.25@0.5,5,False,47.92,42.1,0.92,-734338,-1726502,52.22,60.0,0.94,-912231,-3388516,49.76,50.1,0.93,-1646569,-3388516,-0.4253328406222524,-0.2692125402388538,False,-0.039427571869830626
GOLD,3,5.0,D,0.25@0.5,5,True,100.58,22.2,0.54,-5022031,-5022031,91.89,36.0,0.71,-4380741,-5995522,96.86,27.8,0.64,-9402771,-9405062,-1.0,-0.7306688224978576,False,-0.7722347100105614
GOLD,3,5.0,D,0.25@0.5,10,False,46.33,41.5,0.9,-918337,-1710577,49.67,60.0,0.85,-2105823,-3694791,47.76,49.8,0.87,-3024160,-3694791,-0.5368580309451139,-0.5699437397135589,False,-0.08772465338520283
GOLD,3,5.0,D,0.25@0.5,10,True,82.5,23.0,0.56,-4160856,-4226017,72.22,38.5,0.68,-4135585,-4963947,78.1,29.1,0.63,-8296441,-8298731,-0.9845809896174105,-0.8331243262669807,False,-0.7456088468780946
GOLD,3,5.0,D+1h,0.15@0.3,5,False,36.5,25.8,0.82,-965862,-1418126,40.0,51.7,0.8,-1888330,-3507418,38.0,37.5,0.8,-2854192,-3507418,-0.6810833452034587,-0.5383817953833846,False,-0.48672249698132686
GOLD,3,5.0,D+1h,0.15@0.3,5,True,36.5,25.8,0.82,-965862,-1418126,40.0,51.7,0.8,-1888330,-3507418,38.0,37.5,0.8,-2854192,-3507418,-0.6810833452034587,-0.5383817953833846,False,-0.499363885143395
GOLD,3,5.0,D+1h,0.15@0.3,10,False,34.0,27.7,0.81,-999839,-1418457,36.22,53.1,0.78,-1965066,-3218007,34.95,39.0,0.79,-2964905,-3218007,-0.7048779060627146,-0.6106469003951824,False,-0.4496005275447013
GOLD,3,5.0,D+1h,0.15@0.3,10,True,34.0,27.7,0.81,-999839,-1418457,36.22,53.1,0.78,-1965066,-3218007,34.95,39.0,0.79,-2964905,-3218007,-0.7048779060627146,-0.6106469003951824,False,-0.45904724395813307
GOLD,3,5.0,D+1h,0.2@0.4,0,False,23.0,37.0,0.92,-301220,-556727,24.44,63.2,0.99,-48549,-1549438,23.62,48.6,0.96,-349769,-1549438,-0.5410551311504561,-0.03133329633066957,False,-0.030996742174675074
GOLD,3,5.0,D+1h,0.2@0.4,0,True,23.0,37.0,0.92,-301220,-556727,24.44,63.2,0.99,-48549,-1549438,23.62,48.6,0.96,-349769,-1549438,-0.5410551311504561,-0.03133329633066957,False,-0.05074639376813957
GOLD,3,5.0,D+1h,0.2@0.4,5,False,33.25,37.3,0.93,-340326,-1297183,36.67,61.2,1.0,11674,-1944913,34.71,48.1,0.98,-328652,-1944913,-0.2623577398100345,0.006002325039731854,False,-0.11664908176403817
GOLD,3,5.0,D+1h,0.2@0.4,5,True,33.25,37.3,0.93,-340326,-1297183,36.67,61.2,1.0,11674,-1944913,34.71,48.1,0.98,-328652,-1944913,-0.2623577398100345,0.006002325039731854,False,-0.16975075297487374
GOLD,3,5.0,D+1h,0.2@0.4,10,False,31.33,37.8,1.0,-3225,-1068730,33.33,62.7,1.0,-12023,-1815262,32.19,48.8,1.0,-15249,-1815262,-0.0030176003293628886,-0.006623286335526221,False,-0.08283339001209475
GOLD,3,5.0,D+1h,0.2@0.4,10,True,31.33,37.8,1.0,-3225,-1068730,33.33,62.7,1.0,-12023,-1815262,32.19,48.8,1.0,-15249,-1815262,-0.0030176003293628886,-0.006623286335526221,False,-0.1477683762910081
GOLD,3,5.0,D+1h,0.25@0.5,0,False,23.0,40.9,0.97,-113741,-773396,24.44,63.6,1.08,488042,-1573588,23.62,51.0,1.04,374302,-1573588,-0.14706696181516327,0.310145984844826,False,0.3877757628979879
GOLD,3,5.0,D+1h,0.25@0.5,0,True,23.0,40.9,0.97,-113741,-773396,24.44,63.6,1.08,488042,-1573588,23.62,51.0,1.04,374302,-1573588,-0.14706696181516327,0.310145984844826,False,0.2708514865753654
GOLD,3,5.0,D+1h,0.25@0.5,5,False,31.42,41.1,0.93,-346856,-1357969,33.78,61.5,1.02,182894,-2035866,32.43,50.2,0.99,-163961,-2035866,-0.2554226201039935,0.08983597152268372,False,0.18705571686517214
GOLD,3,5.0,D+1h,0.25@0.5,5,True,31.42,41.1,0.93,-346856,-1357969,33.78,61.5,1.02,182894,-2035866,32.43,50.2,0.99,-163961,-2035866,-0.2554226201039935,0.08983597152268372,False,0.1106258826155887
GOLD,3,5.0,D+1h,0.25@0.5,10,False,30.58,41.1,0.93,-393373,-1289389,31.78,62.2,0.93,-615275,-1865964,31.1,50.4,0.93,-1008647,-1865964,-0.305084811488232,-0.3297357290923083,False,0.2892930626031147
GOLD,3,5.0,D+1h,0.25@0.5,10,True,30.58,41.1,0.93,-393373,-1289389,31.78,62.2,0.93,-615275,-1865964,31.1,50.4,0.93,-1008647,-1865964,-0.305084811488232,-0.3297357290923083,False,0.22620631201048125
GOLD,3,5.0,D+4h,0.1@0.3,10,False,30.92,21.6,0.74,-1425320,-1639042,37.89,33.4,0.86,-1294300,-3408479,33.9,27.2,0.81,-2719620,-3408479,-0.8696055378690724,-0.3797294922456615,False,-0.5674275271751039
GOLD,3,5.0,D+4h,0.1@0.3,10,True,41.42,16.7,0.68,-1692656,-1806084,52.44,27.5,0.72,-2587069,-3905659,46.14,22.0,0.71,-4279724,-4429835,-0.9371967195324249,-0.6623898809394266,False,-0.6368484631977877
GOLD,3,5.0,D+4h,0.15@0.3,0,False,23.92,27.5,0.7,-1225608,-1269327,28.22,48.8,0.68,-2203612,-2696006,25.76,37.5,0.69,-3429220,-3475671,-0.9655573386526876,-0.8173616824294901,False,-0.5345843527651033
GOLD,3,5.0,D+4h,0.15@0.3,0,True,23.92,24.0,0.77,-757902,-789730,28.22,36.2,0.53,-2994521,-3216942,25.76,29.8,0.61,-3752422,-3807702,-0.9596976181732997,-0.9308594932703169,False,-0.4668543744996459
GOLD,3,5.0,D+4h,0.1@0.3,0,False,23.92,21.3,0.67,-1381033,-1417645,28.22,31.5,0.64,-2575793,-3094003,25.76,26.1,0.65,-3956826,-4000398,-0.9741740703772807,-0.8325114746171869,False,-0.5603030995405048
GOLD,3,5.0,D+4h,0.1@0.3,0,True,23.92,19.2,0.75,-826572,-851294,28.22,25.2,0.52,-3147369,-3465760,25.76,22.0,0.6,-3973942,-4022114,-0.9709595040021426,-0.908132415400951,False,-0.47909503073635373
GOLD,3,5.0,D+4h,0.1@0.3,5,False,33.33,20.0,0.71,-1657238,-1867785,41.22,31.8,0.9,-868608,-3295830,36.71,25.7,0.83,-2525846,-3295830,-0.8872744989385823,-0.263547573752287,False,-0.6396240382596676
GOLD,3,5.0,D+4h,0.1@0.3,5,True,49.67,15.6,0.62,-2238080,-2276780,66.78,26.1,0.7,-3164745,-4705104,57.0,20.9,0.67,-5402825,-5547485,-0.9830023102803082,-0.6726195637758485,False,-0.7329113540022418
GOLD,3,5.0,D+4h,0.2@0.4,0,False,23.92,36.2,0.67,-1460888,-1498913,28.22,60.2,0.95,-345362,-1752880,25.76,47.5,0.85,-1806250,-1850131,-0.9746316163780019,-0.19702546666058143,False,-0.5732465796506321
GOLD,3,5.0,D+4h,0.2@0.4,0,True,23.92,29.6,0.7,-1004518,-1030652,28.22,44.1,0.83,-1039904,-2152293,25.76,36.4,0.79,-2044423,-2152293,-0.9746432355441021,-0.48316098226403187,False,-0.5347939277684786
GOLD,3,5.0,D+4h,0.2@0.4,5,False,32.75,35.9,0.75,-1424386,-2242883,40.11,60.4,1.02,168525,-2576436,35.9,47.6,0.92,-1255861,-2576436,-0.635069239010684,0.06541012468386562,False,-0.48394468117561634
GOLD,3,5.0,D+4h,0.2@0.4,5,True,49.42,23.9,0.67,-1972172,-2372962,66.44,38.0,0.81,-1953393,-3876631,56.71,31.0,0.76,-3925565,-4210760,-0.8311013829972835,-0.5038893307100933,False,-0.5887481868488929
GOLD,3,5.0,D+4h,0.15@0.3,5,False,35.25,24.6,0.7,-1776125,-1978808,44.33,50.1,0.94,-570431,-2990048,39.14,37.0,0.84,-2346557,-2990048,-0.8975731854732748,-0.19077653602885306,False,-0.6914963562345694
GOLD,3,5.0,D+4h,0.15@0.3,5,True,51.17,18.7,0.6,-2407256,-2446377,68.78,34.6,0.71,-3069706,-4565296,58.71,26.7,0.67,-5476962,-5659495,-0.9840085972031294,-0.6724002123849143,False,-0.7803627843784251
GOLD,3,5.0,D+4h,0.15@0.3,10,False,32.58,26.9,0.72,-1535126,-1694962,40.11,51.0,0.89,-951501,-2997312,35.81,38.4,0.83,-2486626,-2997312,-0.9056993608116288,-0.31745143648709245,False,-0.6003919325520017
GOLD,3,5.0,D+4h,0.15@0.3,10,True,42.75,20.7,0.65,-1853288,-1892409,53.89,37.3,0.75,-2345720,-3567600,47.52,28.8,0.71,-4199008,-4388156,-0.9793274075530184,-0.6575064469110887,False,-0.6819315356303643
GOLD,3,5.0,D+4h,0.2@0.4,10,False,30.58,36.8,0.8,-1104768,-1980235,36.67,60.9,1.03,254916,-2309432,33.19,48.2,0.94,-849852,-2309432,-0.5578974212656579,0.11038038790490476,False,-0.34715875242662875
GOLD,3,5.0,D+4h,0.2@0.4,10,True,41.67,25.6,0.74,-1363905,-1925228,51.67,41.5,0.91,-782722,-2650301,45.95,33.3,0.85,-2146627,-2650301,-0.7084381694012346,-0.2953332470538252,False,-0.4128262123766409
GOLD,3,5.0,D+4h,0.25@0.5,0,False,23.92,42.5,0.84,-717572,-1429591,28.22,59.8,1.0,7141,-1615917,25.76,50.6,0.94,-710431,-1615917,-0.5019421638776406,0.0044191626178819825,False,-0.18987132427407366
GOLD,3,5.0,D+4h,0.25@0.5,0,True,23.92,33.1,0.81,-668235,-1054847,28.22,44.1,0.89,-718502,-2126719,25.76,38.3,0.87,-1386737,-2126719,-0.6334899753234355,-0.3378452912679108,False,-0.01299918245286755
GOLD,3,5.0,D+1h+4h,0.1@0.3,0,False,16.58,22.6,0.94,-154916,-546806,18.0,34.0,0.68,-1575148,-2049904,17.19,27.7,0.77,-1730064,-2238619,-0.28331071714648337,-0.7684008616988893,False,0.044361732283285917
GOLD,3,5.0,D+1h+4h,0.1@0.3,0,True,16.58,22.6,0.94,-154916,-546806,18.0,34.0,0.68,-1575148,-2049904,17.19,27.7,0.77,-1730064,-2238619,-0.28331071714648337,-0.7684008616988893,False,0.044824045521097644
GOLD,3,5.0,D+1h+4h,0.1@0.3,5,False,24.0,20.8,0.93,-275905,-853321,27.44,34.4,1.0,6170,-1888169,25.48,27.1,0.97,-269735,-1888169,-0.32333084501611936,0.003267715972457974,False,-0.19455617370704803
GOLD,3,5.0,D+1h+4h,0.1@0.3,5,True,24.0,20.8,0.93,-275905,-853321,27.44,34.4,1.0,6170,-1888169,25.48,27.1,0.97,-269735,-1888169,-0.32333084501611936,0.003267715972457974,False,-0.20407387198699983
GOLD,3,5.0,D+1h+4h,0.1@0.3,10,False,22.42,22.3,0.94,-203520,-775609,25.0,35.6,0.97,-214008,-1795304,23.52,28.3,0.96,-417528,-1795304,-0.2624002557989915,-0.1192043241701684,False,-0.13580038335315744
GOLD,3,5.0,D+1h+4h,0.1@0.3,10,True,22.42,22.3,0.94,-203520,-775609,25.0,35.6,0.97,-214008,-1795304,23.52,28.3,0.96,-417528,-1795304,-0.2624002557989915,-0.1192043241701684,False,-0.14324952055340984
GOLD,3,5.0,D+1h+4h,0.15@0.3,0,False,16.58,29.6,0.97,-87467,-530869,18.0,51.2,0.7,-1428054,-1938207,17.19,39.3,0.79,-1515520,-2206955,-0.1647619280839529,-0.7367912715205341,False,0.08414509884307042
GOLD,3,5.0,D+1h+4h,0.15@0.3,0,True,16.58,29.6,0.97,-87467,-530869,18.0,51.2,0.7,-1428054,-1938207,17.19,39.3,0.79,-1515520,-2206955,-0.1647619280839529,-0.7367912715205341,False,0.08484984789753705
GOLD,3,5.0,D+4h,0.25@0.5,5,False,30.58,40.6,0.8,-1170816,-2050379,37.44,60.2,1.01,111669,-2381176,33.52,50.0,0.93,-1059147,-2381176,-0.5710241862601987,0.04689657547363152,False,-0.33725347967055963
GOLD,3,5.0,D+4h,0.25@0.5,5,True,48.08,25.3,0.7,-1812230,-2373360,64.44,37.1,0.8,-2181014,-3882057,55.1,31.2,0.76,-3993243,-4137684,-0.7635714767249806,-0.5618191592756109,False,-0.4616913141316152
GOLD,3,5.0,D+4h,0.25@0.5,10,False,29.83,41.1,0.78,-1303938,-2018672,35.22,60.3,0.96,-402792,-2008321,32.14,50.1,0.89,-1706730,-2018672,-0.6459385179959894,-0.20056156361458152,False,-0.3363394749323053
GOLD,3,5.0,D+4h,0.25@0.5,10,True,41.0,27.6,0.71,-1581758,-2055227,50.56,40.4,0.82,-1703698,-2623772,45.1,33.8,0.78,-3285456,-3435348,-0.7696269073927113,-0.6493315730177774,False,-0.3500872893814159
GOLD,3,5.0,D+1h+4h,0.2@0.4,0,False,16.58,37.7,0.87,-335319,-580959,18.0,63.6,1.11,520809,-1428074,17.19,49.3,1.03,185490,-1428074,-0.5771818665344715,0.3646932862022556,False,0.008794161717017756
GOLD,3,5.0,D+1h+4h,0.2@0.4,0,True,16.58,37.7,0.87,-335319,-580959,18.0,63.6,1.11,520809,-1428074,17.19,49.3,1.03,185490,-1428074,-0.5771818665344715,0.3646932862022556,False,0.008953802161710345
GOLD,3,5.0,D+1h+4h,0.2@0.4,5,False,23.75,38.2,1.0,-16187,-1029800,27.11,62.3,1.19,1207443,-1315314,25.19,49.3,1.12,1191256,-1315314,-0.015718586133229753,0.9179884042897741,False,0.18093362545086913
GOLD,3,5.0,D+1h+4h,0.2@0.4,5,True,23.75,38.2,1.0,-16187,-1029800,27.11,62.3,1.19,1207443,-1315314,25.19,49.3,1.12,1191256,-1315314,-0.015718586133229753,0.9179884042897741,False,0.1633601794113097
GOLD,3,5.0,D+1h+4h,0.15@0.3,5,False,25.5,26.8,0.88,-449029,-926848,29.44,52.8,1.01,81124,-1790311,27.19,38.9,0.96,-367905,-1790311,-0.48446886652396076,0.04531279760890706,False,-0.24018208159169313
GOLD,3,5.0,D+1h+4h,0.15@0.3,5,True,25.5,26.8,0.88,-449029,-926848,29.44,52.8,1.01,81124,-1790311,27.19,38.9,0.96,-367905,-1790311,-0.48446886652396076,0.04531279760890706,False,-0.24799549612266938
GOLD,3,5.0,D+1h+4h,0.15@0.3,10,False,23.75,29.1,0.9,-366762,-829958,26.44,54.2,1.0,11852,-1705110,24.9,40.5,0.96,-354910,-1705110,-0.4419042891327031,0.006950871204790307,False,-0.14928757546343077
GOLD,3,5.0,D+1h+4h,0.15@0.3,10,True,23.75,29.1,0.9,-366762,-829958,26.44,54.2,1.0,11852,-1705110,24.9,40.5,0.96,-354910,-1705110,-0.4419042891327031,0.006950871204790307,False,-0.1565633485051512
GOLD,3,5.0,D+1h+4h,0.2@0.4,10,False,22.42,38.7,1.05,178501,-916929,24.22,64.7,1.27,1555172,-1126655,23.19,50.3,1.18,1733673,-1126655,0.19467265186290322,1.380344471022629,False,0.42752718791211847
GOLD,3,5.0,D+1h+4h,0.2@0.4,10,True,22.42,38.7,1.05,178501,-916929,24.22,64.7,1.27,1555172,-1126655,23.19,50.3,1.18,1733673,-1126655,0.19467265186290322,1.380344471022629,False,0.41272817255997707
GOLD,3,5.0,D+1h+4h,0.25@0.5,0,False,16.58,42.7,1.0,964,-737491,18.0,63.6,1.16,836458,-1408254,17.19,52.1,1.11,837422,-1408254,0.0013071345955408269,0.5939681335895372,False,0.622280190086934
GOLD,3,5.0,D+1h+4h,0.25@0.5,0,True,16.58,42.7,1.0,964,-737491,18.0,63.6,1.16,836458,-1408254,17.19,52.1,1.11,837422,-1408254,0.0013071345955408269,0.5939681335895372,False,0.6081644352712359
GOLD,3,5.0,D+1h+4h,0.25@0.5,5,False,22.58,42.1,0.99,-41260,-961647,25.11,62.4,1.14,964061,-1422241,23.67,51.3,1.08,922802,-1422241,-0.04290555682074607,0.6778464409337095,False,0.6741789272999165
GOLD,3,5.0,D+1h+4h,0.25@0.5,5,True,22.58,42.1,0.99,-41260,-961647,25.11,62.4,1.14,964061,-1422241,23.67,51.3,1.08,922802,-1422241,-0.04290555682074607,0.6778464409337095,False,0.6555046955808745
GOLD,3,5.0,D+1h+4h,0.25@0.5,10,False,22.0,42.4,0.97,-98781,-916077,23.11,63.5,1.1,625804,-1135167,22.48,51.7,1.05,527024,-1135167,-0.1078304553001549,0.5512880483664518,False,0.7892419366198261
GOLD,3,5.0,D+1h+4h,0.25@0.5,10,True,22.0,42.4,0.97,-98781,-916077,23.11,63.5,1.1,625804,-1135167,22.48,51.7,1.05,527024,-1135167,-0.1078304553001549,0.5512880483664518,False,0.7761621213696771
GOLD,3,5.0,1h,0.1@0.3,0,False,39.83,19.9,0.8,-1175582,-1653946,38.78,30.7,0.78,-1968154,-3151446,39.38,24.4,0.79,-3143736,-4067858,-0.7107741123349856,-0.6245241073462785,False,-0.5971706242752624
GOLD,3,5.0,1h,0.1@0.3,0,True,39.83,19.9,0.8,-1175582,-1653946,38.78,30.7,0.79,-1893411,-3151446,39.38,24.4,0.79,-3068994,-4067858,-0.7107741123349856,-0.6008070580933323,False,-0.5971706242752624
GOLD,3,5.0,1h,0.1@0.3,5,False,58.42,19.5,0.79,-1876615,-2394351,56.67,31.4,0.94,-842288,-2878245,57.67,24.5,0.88,-2718903,-3068237,-0.7837677099138765,-0.2926394382688062,False,-0.6822127472972404
GOLD,3,5.0,1h,0.1@0.3,5,True,58.42,19.5,0.79,-1876615,-2394351,56.67,31.4,0.94,-767546,-2803503,57.67,24.5,0.88,-2644161,-2993495,-0.7837677099138765,-0.27378105177700895,False,-0.6822127472972404
GOLD,3,5.0,1h,0.1@0.3,10,False,54.33,20.9,0.79,-1799679,-2377315,53.22,30.9,0.84,-2032657,-3184652,53.86,25.1,0.82,-3832335,-3904615,-0.7570216820236275,-0.6382665986738897,False,-0.6609001101405944
GOLD,3,5.0,1h,0.1@0.3,10,True,54.33,20.9,0.79,-1799679,-2377315,53.22,30.9,0.85,-1957914,-3109909,53.86,25.1,0.83,-3757593,-3829872,-0.7570216820236275,-0.6295727624184502,False,-0.6608865579148587
GOLD,3,5.0,1h,0.15@0.3,0,False,39.83,27.0,0.82,-997234,-1570826,38.78,51.3,0.76,-2060317,-3035163,39.38,37.2,0.79,-3057552,-3865151,-0.6348468894708899,-0.6788159317967437,False,-0.554363159503343
GOLD,3,5.0,1h,0.15@0.3,0,True,39.83,27.0,0.82,-997234,-1570826,38.78,51.3,0.77,-2001196,-3035163,39.38,37.2,0.79,-2998430,-3865151,-0.6348468894708899,-0.659337241525414,False,-0.5543584853273401
GOLD,3,5.0,1h,0.15@0.3,5,False,62.83,26.3,0.76,-2119289,-2643475,62.22,52.3,0.87,-1801841,-3454761,62.57,37.4,0.83,-3921131,-3953820,-0.8017057093409243,-0.5215530104687416,False,-0.6994405564169952
GOLD,3,5.0,1h,0.15@0.3,5,True,62.83,26.3,0.76,-2119289,-2643475,62.22,52.3,0.88,-1742720,-3395640,62.57,37.4,0.83,-3862009,-3894699,-0.8017057093409243,-0.5132228386990376,False,-0.6994398467321038
GOLD,3,5.0,1h,0.15@0.3,10,False,57.83,27.4,0.76,-2087958,-2610913,56.67,52.7,0.82,-2383332,-3420530,57.33,38.1,0.8,-4471290,-4531644,-0.7997041647883326,-0.6967727223558922,False,-0.6566918680832515
GOLD,3,5.0,1h,0.15@0.3,10,True,57.83,27.4,0.76,-2087958,-2610913,56.67,52.7,0.83,-2324211,-3361408,57.33,38.1,0.8,-4412169,-4472523,-0.7997041647883326,-0.6914397181181219,False,-0.6566787710055717
GOLD,3,5.0,1h,0.2@0.4,0,False,39.83,34.5,0.76,-1562248,-1745619,38.78,60.5,0.99,-66797,-2451625,39.38,45.5,0.9,-1629044,-3018276,-0.8949535952576135,-0.027246010299291287,False,-0.6304632945986637
GOLD,3,5.0,1h,0.2@0.4,0,True,39.83,34.5,0.76,-1562248,-1745619,38.78,60.5,1.0,-23300,-2451625,39.38,45.5,0.9,-1585548,-3018276,-0.8949535952576135,-0.009503900474175292,False,-0.630454966985767
GOLD,3,5.0,1h,0.2@0.4,5,False,56.67,35.1,0.8,-1889429,-2642613,57.22,59.4,0.99,-194475,-2532629,56.9,45.6,0.91,-2083903,-2642613,-0.714985130247978,-0.07678779639655078,False,-0.5430282989992506
GOLD,3,5.0,1h,0.2@0.4,5,True,56.67,35.1,0.8,-1889429,-2642613,57.22,59.4,0.99,-150978,-2532629,56.9,45.6,0.91,-2040407,-2642613,-0.714985130247978,-0.059613152972662,False,-0.5430002987442418
GOLD,3,5.0,1h,0.2@0.4,10,False,53.33,35.5,0.85,-1333702,-2342213,52.44,60.2,0.95,-743242,-2481213,52.95,46.0,0.91,-2076944,-2481213,-0.5694196044510043,-0.2995478421239934,False,-0.45762747523141734
GOLD,3,5.0,1h,0.2@0.4,10,True,53.33,35.5,0.85,-1333702,-2342213,52.44,60.2,0.95,-699745,-2455126,52.95,46.0,0.91,-2033448,-2455126,-0.5694196044510043,-0.28501388523440346,False,-0.4575955032782037
GOLD,3,5.0,1h,0.25@0.5,0,False,39.75,39.0,0.84,-1136579,-1956180,38.89,60.6,1.06,575677,-2349339,39.38,48.1,0.97,-560902,-2523196,-0.581019640319398,0.24503785958518545,False,-0.4170593036456515
GOLD,3,5.0,1h,0.25@0.5,0,True,39.75,39.0,0.84,-1136579,-1956180,38.89,60.6,1.06,603548,-2349339,39.38,48.1,0.97,-533030,-2523196,-0.581019640319398,0.25690119646419696,False,-0.4170101043284403
GOLD,3,5.0,1h,0.25@0.5,5,False,54.08,38.8,0.8,-1886063,-2882867,53.56,59.5,1.03,474114,-2059994,53.86,47.7,0.94,-1411950,-2882867,-0.6542317075328137,0.2301530975332938,False,-0.39103557354835716
GOLD,3,5.0,1h,0.25@0.5,5,True,54.08,38.8,0.8,-1886063,-2882867,53.56,59.5,1.03,501985,-2032122,53.86,47.7,0.94,-1384078,-2882867,-0.6542317075328137,0.24702503097747083,False,-0.39098619309947685
GOLD,3,5.0,1h,0.25@0.5,10,False,51.83,39.5,0.81,-1703916,-2708523,49.89,59.5,0.92,-1183510,-2114407,51.0,47.9,0.88,-2887426,-3194801,-0.6290941594367114,-0.5597361340555531,False,-0.35196301035022237
GOLD,3,5.0,1h,0.25@0.5,10,True,51.83,39.5,0.81,-1703916,-2708523,49.89,59.5,0.92,-1155638,-2086535,51.0,47.9,0.88,-2859554,-3166929,-0.6290941594367114,-0.553855075519941,False,-0.35189347505525614
GOLD,3,5.0,1h+4h,0.1@0.3,0,False,23.83,22.4,0.77,-915412,-989793,22.78,34.1,0.68,-1977932,-2721594,23.38,27.3,0.72,-2893345,-3353295,-0.9248519639965124,-0.7267549825580156,False,-0.562047533190182
GOLD,3,5.0,1h+4h,0.1@0.3,0,True,23.83,22.4,0.77,-915412,-989793,22.78,34.1,0.69,-1903190,-2646851,23.38,27.3,0.72,-2818602,-3278553,-0.9248519639965124,-0.71903934146652,False,-0.5619829111625895
GOLD,3,5.0,1h+4h,0.1@0.3,5,False,34.17,21.5,0.83,-933040,-1244652,34.22,34.7,0.94,-469087,-2675379,34.19,27.2,0.9,-1402126,-2675379,-0.7496392565954179,-0.17533478434270433,False,-0.602019810979128
GOLD,3,5.0,1h+4h,0.1@0.3,5,True,34.17,21.5,0.83,-933040,-1244652,34.22,34.7,0.95,-394344,-2600636,34.19,27.2,0.9,-1327384,-2600636,-0.7496392565954179,-0.15163367730047572,False,-0.6019476306774169
GOLD,3,5.0,1h+4h,0.1@0.3,10,False,31.75,23.1,0.83,-898172,-1177995,31.56,35.2,0.89,-887528,-2746691,31.67,28.3,0.87,-1785699,-2746691,-0.7624582447293919,-0.3231262635658689,False,-0.5245771191256949
GOLD,3,5.0,1h+4h,0.1@0.3,10,True,31.75,23.1,0.83,-898172,-1177995,31.56,35.2,0.9,-812785,-2671949,31.67,28.3,0.87,-1710957,-2671949,-0.7624582447293919,-0.30419180905024756,False,-0.524491468578775
GOLD,3,5.0,1h+4h,0.15@0.3,0,False,23.83,29.0,0.79,-778941,-869472,22.78,52.7,0.67,-2037640,-2591083,23.38,38.9,0.72,-2816581,-3198434,-0.8958781881417688,-0.7864047581648291,False,-0.5833369205341778
GOLD,3,5.0,1h+4h,0.15@0.3,0,True,23.83,29.0,0.79,-778941,-869472,22.78,52.7,0.68,-1978519,-2548849,23.38,38.9,0.72,-2757460,-3156200,-0.8958781881417688,-0.7762401774291062,False,-0.5832723977924927
GOLD,3,5.0,1h+4h,0.15@0.3,5,False,36.17,28.1,0.81,-1065330,-1290326,37.67,54.3,0.92,-676020,-2733573,36.81,39.6,0.88,-1741350,-2733573,-0.8256285620843105,-0.24730270601882592,False,-0.6279833011394278
GOLD,3,5.0,1h+4h,0.15@0.3,5,True,36.17,28.1,0.81,-1065330,-1290326,37.67,54.3,0.93,-616899,-2674451,36.81,39.6,0.88,-1682229,-2674451,-0.8256285620843105,-0.23066378856819586,False,-0.6279441627563256
GOLD,3,5.0,1h+4h,0.15@0.3,10,False,33.33,29.8,0.82,-1024369,-1271936,34.0,55.2,0.91,-753295,-2476126,33.62,40.8,0.87,-1777664,-2476126,-0.8053620622421254,-0.30422320996589025,False,-0.516946118183695
GOLD,3,5.0,1h+4h,0.15@0.3,10,True,33.33,29.8,0.82,-1024369,-1271936,34.0,55.2,0.91,-694174,-2417005,33.62,40.8,0.87,-1718543,-2417005,-0.8053620622421254,-0.28720420520437484,False,-0.5168598963322532
GOLD,3,5.0,1h+4h,0.2@0.4,0,False,23.83,36.0,0.73,-1135719,-1359933,22.78,62.0,0.98,-101443,-2071828,23.38,46.8,0.88,-1237162,-2326673,-0.8351286423669402,-0.048963041333546994,False,-0.5638186206599624
GOLD,3,5.0,1h+4h,0.2@0.4,0,True,23.83,36.0,0.73,-1135719,-1359933,22.78,62.0,0.99,-57946,-2071828,23.38,46.8,0.89,-1193666,-2326673,-0.8351286423669402,-0.027968537928824207,False,-0.5637337973725427
GOLD,3,5.0,1h+4h,0.2@0.4,5,False,33.58,37.0,0.88,-688135,-1350778,34.44,62.6,1.09,752027,-1921911,33.95,48.1,1.0,63892,-1921911,-0.5094360435245466,0.3912912720724321,False,-0.3676126456186072
GOLD,3,5.0,1h+4h,0.2@0.4,5,True,33.58,37.0,0.88,-688135,-1350778,34.44,62.6,1.1,795523,-1878415,33.95,48.1,1.01,107389,-1878415,-0.5094360435245466,0.42350758485212264,False,-0.3674588476193306
GOLD,3,5.0,1h+4h,0.2@0.4,10,False,31.83,37.7,0.9,-553917,-1276610,30.78,63.5,1.15,1150943,-1785832,31.38,48.6,1.05,597026,-1785832,-0.4338968048190128,0.644485595509544,False,-0.28694286586636797
GOLD,3,5.0,1h+4h,0.2@0.4,10,True,31.83,37.7,0.9,-553917,-1276610,30.78,63.5,1.16,1194440,-1766511,31.38,48.6,1.05,640523,-1766511,-0.4338968048190128,0.6761576916305644,False,-0.2867970847689236
GOLD,3,5.0,1h+4h,0.25@0.5,0,False,23.83,40.6,0.88,-539290,-1127825,22.78,61.5,1.04,291877,-2097159,23.38,49.3,0.98,-247413,-2097159,-0.4781681555205817,0.13917733467038026,False,-0.2657922631929539
GOLD,3,5.0,1h+4h,0.25@0.5,0,True,23.83,40.6,0.88,-539290,-1127825,22.78,61.5,1.05,319749,-2097159,23.38,49.3,0.98,-219542,-2097159,-0.4781681555205817,0.15246769558245227,False,-0.2655763673692183
GOLD,3,5.0,1h+4h,0.25@0.5,5,False,31.5,40.7,0.9,-605487,-1423539,32.67,61.2,1.0,-11429,-2085140,32.0,49.7,0.96,-616916,-2085140,-0.42533924254972993,-0.0054811667322098275,False,-0.15634588623805404
GOLD,3,5.0,1h+4h,0.25@0.5,5,True,31.5,40.7,0.9,-605487,-1423539,32.67,61.2,1.0,16443,-2057268,32.0,49.7,0.96,-589044,-2057268,-0.42533924254972993,0.007992638781140813,False,-0.15606432412934773
GOLD,3,5.0,1h+4h,0.25@0.5,10,False,30.67,41.3,0.88,-726296,-1463565,29.56,61.3,0.98,-193100,-1894475,30.19,49.7,0.94,-919397,-1984337,-0.49625127684797055,-0.1019279747687354,False,-0.12416500783265921
GOLD,3,5.0,1h+4h,0.25@0.5,10,True,30.67,41.3,0.88,-726296,-1463565,29.56,61.3,0.98,-165229,-1894475,30.19,49.7,0.94,-891525,-1984337,-0.49625127684797055,-0.08721624724527903,False,-0.12378777594194562
GOLD,3,6.0,D,0.1@0.3,0,False,29.08,24.9,1.05,247422,-1179077,29.56,41.0,1.12,845205,-2593953,29.29,31.9,1.09,1092627,-2593953,0.20984380154985638,0.32583666704832354,False,0.002408635460090434
GOLD,3,6.0,D,0.1@0.3,0,True,29.08,16.9,0.82,-685365,-1346541,29.56,34.6,1.2,1007987,-1756721,29.29,24.6,1.04,322621,-1756721,-0.5089819025191212,0.5737888941954926,False,-0.1877526590950609
GOLD,3,6.0,D,0.1@0.3,5,False,41.25,23.6,0.85,-1029096,-1631593,42.67,39.1,1.11,1110912,-2158776,41.86,30.4,1.0,81815,-2158776,-0.6307308256409534,0.514602719318725,False,0.00885119394700673
GOLD,3,6.0,D,0.1@0.3,5,True,92.58,15.3,0.49,-4912071,-5090642,80.33,29.5,0.91,-923891,-3453228,87.33,20.9,0.7,-5835962,-5835962,-0.9649217132141683,-0.26754416447451485,False,-0.7298573193031306
GOLD,3,6.0,D,0.1@0.3,10,False,38.42,24.3,0.88,-778804,-1581011,40.11,40.2,1.09,839532,-2418267,39.14,31.3,1.0,60728,-2418267,-0.49259872322203957,0.347162658217641,False,0.14636274763866242
GOLD,3,6.0,D,0.1@0.3,10,True,73.67,14.9,0.54,-3627689,-3916003,61.56,31.2,1.01,76591,-2511509,68.48,21.2,0.78,-3551097,-3916003,-0.9263754394468033,0.030496008574924478,False,-0.6830561444025095
GOLD,3,6.0,D,0.15@0.3,0,False,29.08,36.1,1.15,659236,-905345,29.56,58.6,1.22,1474640,-1953840,29.29,45.9,1.19,2133876,-1953840,0.7281599832108202,0.7547393850059371,False,0.5364968560337295
GOLD,3,6.0,D,0.15@0.3,0,True,29.08,23.5,0.88,-437585,-1145076,29.56,45.1,1.38,1660010,-1019270,29.29,32.8,1.15,1222425,-1145076,-0.38214494059782933,1.628626369852934,False,-0.007402823811028039
GOLD,3,6.0,D,0.15@0.3,5,False,43.83,34.6,0.87,-901994,-1393583,47.22,57.9,1.12,1232052,-2438275,45.29,45.0,1.02,330058,-2438275,-0.6472481366377173,0.5052965723718612,False,0.04760522554045042
GOLD,3,6.0,D,0.15@0.3,5,True,94.33,18.7,0.5,-4784534,-4856240,83.44,36.6,0.93,-734273,-3400096,89.67,25.9,0.72,-5518807,-5518807,-0.9852342553086338,-0.21595654946213283,False,-0.7306918233712785
GOLD,3,6.0,D,0.15@0.3,10,False,40.0,35.2,0.93,-471079,-1272830,42.78,60.0,1.15,1375407,-1915750,41.19,46.2,1.06,904328,-1915750,-0.3701036273500782,0.71794701813911,False,0.13596139298692678
GOLD,3,6.0,D,0.15@0.3,10,True,74.75,18.8,0.57,-3333961,-3518123,63.11,40.5,1.1,786451,-1801271,69.76,27.2,0.84,-2547510,-3643933,-0.9476533367366633,0.4366089278070873,False,-0.6572933679551782
GOLD,3,6.0,D,0.2@0.4,0,False,29.08,47.0,1.31,1383282,-422677,29.56,63.9,1.2,1537408,-1767895,29.29,54.3,1.24,2920689,-1767895,3.2726692013050154,0.8696263069922139,False,1.5579732671249347
GOLD,3,6.0,D,0.2@0.4,0,True,29.08,30.1,0.95,-186345,-853633,29.56,47.7,1.36,1838334,-1255244,29.29,37.7,1.19,1651989,-1255244,-0.21829638732335793,1.4645232321365407,False,0.6569431737102693
GOLD,3,6.0,D,0.2@0.4,5,False,38.83,45.9,1.05,316754,-914336,42.67,64.1,1.12,1356736,-1762418,40.48,54.1,1.09,1673491,-1762418,0.34643063381514017,0.76981510629147,False,1.07868379561002
GOLD,3,6.0,D,0.2@0.4,5,True,91.58,21.9,0.54,-4326821,-4592609,80.67,37.1,0.9,-1179894,-3559180,86.9,27.9,0.73,-5506715,-5506715,-0.9421270132075253,-0.3315072572896004,False,-0.5147084806703267
GOLD,3,6.0,D,0.2@0.4,10,False,37.08,45.6,1.08,495295,-827221,40.33,63.4,1.14,1526012,-1713851,38.48,53.6,1.12,2021307,-1713851,0.5987456798122872,0.8903994571290036,False,0.9551494555771075
GOLD,3,6.0,D,0.2@0.4,10,True,72.92,22.5,0.62,-2964336,-3297732,61.89,39.5,1.03,244358,-2191183,68.19,29.1,0.84,-2719978,-3410054,-0.8989014267987817,0.11151875493740139,False,-0.40489154688115053
GOLD,3,6.0,D,0.25@0.5,0,False,29.08,53.0,1.35,1757384,-518098,29.56,63.5,1.26,2111624,-1361335,29.29,57.6,1.29,3869008,-1361335,3.3919914765160257,1.5511420774460365,False,1.9542091206503542
GOLD,3,6.0,D,0.25@0.5,0,True,29.08,34.1,0.99,-29537,-631058,29.56,48.1,1.43,2301239,-955103,29.29,40.2,1.24,2271702,-955103,-0.04680552342256972,2.409414481998277,False,0.7798846383009812
GOLD,3,6.0,D,0.25@0.5,5,False,35.83,50.2,1.15,996954,-573005,40.22,63.0,1.13,1506840,-1664055,37.71,56.1,1.14,2503794,-1664055,1.7398696346454219,0.9055229544696539,False,1.5882913350545682
GOLD,3,6.0,D,0.25@0.5,5,True,89.25,22.3,0.61,-3649129,-3884426,78.89,36.5,0.92,-958289,-3440545,84.81,28.0,0.78,-4607418,-4607418,-0.9394255418947356,-0.27852825642449086,False,-0.07558356528367606
GOLD,3,6.0,D,0.25@0.5,10,False,34.75,49.9,1.12,796669,-605099,38.0,63.5,1.2,2142744,-1472243,36.14,56.0,1.17,2939413,-1472243,1.316592822001028,1.4554282139565276,False,1.3622427474004415
GOLD,3,6.0,D,0.25@0.5,10,True,71.08,23.2,0.68,-2543007,-2845912,60.11,39.7,1.09,858953,-1892344,66.38,29.6,0.9,-1684054,-2870055,-0.8935648748099028,0.4539095428738115,False,-0.05192430767620472
GOLD,3,6.0,D+1h,0.1@0.3,0,False,17.17,22.8,1.11,305899,-674253,17.33,44.9,1.87,2664538,-1006032,17.24,32.3,1.51,2970436,-1006032,0.45368578263648807,2.648561874771379,False,0.5266826972710272
GOLD,3,6.0,D+1h,0.1@0.3,0,True,17.17,22.8,1.11,305899,-674253,17.33,44.9,1.87,2664538,-1006032,17.24,32.3,1.51,2970436,-1006032,0.45368578263648807,2.648561874771379,False,0.43714314515823854
GOLD,3,6.0,D+1h,0.1@0.3,5,False,26.58,21.6,0.94,-269963,-1176253,26.11,42.6,1.73,3345055,-995107,26.38,30.5,1.35,3075092,-1176253,-0.22951099805909103,3.3615028333636485,False,0.11423737934208769
GOLD,3,6.0,D+1h,0.1@0.3,5,True,26.58,21.6,0.94,-269963,-1176253,26.11,42.6,1.73,3345055,-995107,26.38,30.5,1.35,3075092,-1176253,-0.22951099805909103,3.3615028333636485,False,0.056511269507660805
GOLD,3,6.0,D+1h,0.1@0.3,10,False,25.17,22.8,0.98,-82968,-1104010,24.44,43.6,1.77,3290042,-1260559,24.86,31.6,1.39,3207074,-1260559,-0.07515149319299644,2.6099865218526066,False,0.22864146772987992
GOLD,3,6.0,D+1h,0.1@0.3,10,True,25.17,22.8,0.98,-82968,-1104010,24.44,43.6,1.77,3290042,-1260559,24.86,31.6,1.39,3207074,-1260559,-0.07515149319299644,2.6099865218526066,False,0.15870170550177926
GOLD,3,6.0,D+1h,0.15@0.3,0,False,17.17,34.0,1.22,553679,-492913,17.33,62.2,2.3,3284337,-548896,17.24,46.1,1.76,3838016,-548896,1.1232793616723438,5.983532399580248,False,0.9333681606604066
GOLD,3,6.0,D+1h,0.15@0.3,0,True,17.17,34.0,1.22,553679,-492913,17.33,62.2,2.3,3284337,-548896,17.24,46.1,1.76,3838016,-548896,1.1232793616723438,5.983532399580248,False,0.8081547596297126
GOLD,3,6.0,D+1h,0.15@0.3,5,False,28.42,32.3,0.96,-153717,-1058544,29.22,60.5,1.75,3485707,-850285,28.76,44.5,1.37,3331990,-1058544,-0.1452155035596064,4.099457240807494,False,0.25834826962717594
GOLD,3,6.0,D+1h,0.15@0.3,5,True,28.42,32.3,0.96,-153717,-1058544,29.22,60.5,1.75,3485707,-850285,28.76,44.5,1.37,3331990,-1058544,-0.1452155035596064,4.099457240807494,False,0.2026017041348982
GOLD,3,6.0,D+1h,0.15@0.3,10,False,26.33,33.2,1.05,201191,-922990,26.0,64.1,1.99,3925592,-596056,26.19,46.4,1.52,4126783,-922990,0.2179774428758708,6.58594494477029,False,0.3715914517693199
GOLD,3,6.0,D+1h,0.15@0.3,10,True,26.33,33.2,1.05,201191,-922990,26.0,64.1,1.99,3925592,-596056,26.19,46.4,1.52,4126783,-922990,0.2179774428758708,6.58594494477029,False,0.28770564824134925
GOLD,3,6.0,D+1h,0.2@0.4,0,False,17.17,45.1,1.31,804920,-385551,17.33,66.7,2.07,3443509,-586786,17.24,54.4,1.73,4248429,-586786,2.0877134283142826,5.868423922861146,False,1.6604786591153964
GOLD,3,6.0,D+1h,0.2@0.4,0,True,17.17,45.1,1.31,804920,-385551,17.33,66.7,2.07,3443509,-586786,17.24,54.4,1.73,4248429,-586786,2.0877134283142826,5.868423922861146,False,1.2485059993127114
GOLD,3,6.0,D+1h,0.2@0.4,5,False,25.75,45.0,1.07,279746,-1208345,26.44,65.5,1.54,3102828,-976003,26.05,53.9,1.34,3382573,-1208345,0.23151169574914449,3.179117277303451,False,1.3071396599812648
GOLD,3,6.0,D+1h,0.2@0.4,5,True,25.75,45.0,1.07,279746,-1208345,26.44,65.5,1.54,3102828,-976003,26.05,53.9,1.34,3382573,-1208345,0.23151169574914449,3.179117277303451,False,1.1274635452041333
GOLD,3,6.0,D+1h,0.2@0.4,10,False,24.5,45.2,1.15,570635,-983608,24.78,64.1,1.65,3468481,-804929,24.62,53.4,1.44,4039116,-983608,0.5801447324543924,4.309052102732042,False,1.4057381059315175
GOLD,3,6.0,D+1h,0.2@0.4,10,True,24.5,45.2,1.15,570635,-983608,24.78,64.1,1.65,3468481,-804929,24.62,53.4,1.44,4039116,-983608,0.5801447324543924,4.309052102732042,False,1.189939357305686
GOLD,3,6.0,D+1h,0.25@0.5,0,False,17.17,51.9,1.33,961727,-547617,17.33,67.9,2.14,3933246,-467427,17.24,58.8,1.77,4894973,-547617,1.756203697109476,8.414674376961536,False,1.9542008670797815
GOLD,3,6.0,D+1h,0.25@0.5,0,True,17.17,51.9,1.33,961727,-547617,17.33,67.9,2.14,3933246,-467427,17.24,58.8,1.77,4894973,-547617,1.756203697109476,8.414674376961536,False,1.4887341848399525
GOLD,3,6.0,D+1h,0.25@0.5,5,False,23.25,49.8,1.26,1011826,-574361,24.67,65.8,1.56,3333744,-1236185,23.86,56.9,1.44,4345570,-1236185,1.7616551263055813,2.6968002362105996,False,1.8861332321361048
GOLD,3,6.0,D+1h,0.25@0.5,5,True,23.25,49.8,1.26,1011826,-574361,24.67,65.8,1.56,3333744,-1236185,23.86,56.9,1.44,4345570,-1236185,1.7616551263055813,2.6968002362105996,False,1.5149320580834704
GOLD,3,6.0,D+1h,0.25@0.5,10,False,22.58,50.2,1.26,1020416,-535135,23.0,66.7,1.78,4092387,-1037977,22.76,57.3,1.56,5112803,-1037977,1.9068384613228437,3.942656725534381,False,2.0212440543269783
GOLD,3,6.0,D+1h,0.25@0.5,10,True,22.58,50.2,1.26,1020416,-535135,23.0,66.7,1.78,4092387,-1037977,22.76,57.3,1.56,5112803,-1037977,1.9068384613228437,3.942656725534381,False,1.7149846829456996
GOLD,3,6.0,D+4h,0.1@0.3,0,False,18.42,23.5,0.95,-138346,-1223210,20.44,41.3,1.29,1477057,-2096973,19.29,31.6,1.17,1338711,-2096973,-0.11310077582753575,0.7043757835699362,False,0.11090177409939331
GOLD,3,6.0,D+4h,0.1@0.3,0,True,18.42,19.5,0.96,-86622,-783261,20.44,35.9,1.42,1517976,-1546969,19.29,26.9,1.24,1431354,-1546969,-0.11059148866086783,0.981258189401339,False,0.22090412014265895
GOLD,3,6.0,D+4h,0.1@0.3,5,False,26.17,21.0,0.73,-1237922,-2067165,30.33,41.0,1.29,1954290,-1503612,27.95,30.3,1.06,716368,-2067165,-0.5988501159800983,1.2997302495590617,False,-0.18428245583524402
GOLD,3,6.0,D+4h,0.1@0.3,5,True,43.08,15.3,0.62,-1826117,-2328654,56.33,31.2,1.12,812070,-1886055,48.76,23.1,0.91,-1014047,-2328654,-0.7841942169167253,0.4305653864813062,False,-0.364061106869504
GOLD,3,6.0,D+4h,0.1@0.3,10,False,24.42,22.5,0.79,-872304,-1857300,28.33,41.6,1.26,1737594,-1657769,26.1,31.4,1.08,865290,-1857300,-0.4696624131804232,1.0481520646121383,False,-0.01957042512295587
GOLD,3,6.0,D+4h,0.1@0.3,10,True,35.17,16.4,0.72,-1129999,-1897870,43.0,34.4,1.29,1676204,-1592914,38.52,25.0,1.06,546205,-1897870,-0.5954037947804645,1.052287819681414,False,-0.21786518884617315
GOLD,3,6.0,D+4h,0.15@0.3,0,False,18.42,33.9,1.01,37090,-1143082,20.44,56.5,1.52,2281284,-1304798,19.29,44.2,1.32,2318374,-1304798,0.03244736598074329,1.7483809754460078,False,0.31817481397482517
GOLD,3,6.0,D+4h,0.15@0.3,0,True,18.42,27.1,1.0,11630,-734603,20.44,46.2,1.67,2091475,-953611,19.29,35.8,1.39,2103105,-953611,0.015831680513147917,2.193216101743793,False,0.3887311840533171
GOLD,3,6.0,D+4h,0.15@0.3,5,False,27.67,31.9,0.76,-1092986,-1947347,33.78,57.9,1.33,2274042,-1639881,30.29,44.3,1.1,1181056,-1947347,-0.5612692550428866,1.3867115967561061,False,-0.1597768547692906
GOLD,3,6.0,D+4h,0.15@0.3,5,True,44.42,21.4,0.64,-1758728,-2252617,59.11,38.2,1.15,1043377,-1917178,50.71,29.8,0.94,-715352,-2252617,-0.7807487912947474,0.5442254188187012,False,-0.32494757649193823
GOLD,3,6.0,D+4h,0.15@0.3,10,False,25.33,33.2,0.85,-605417,-1759080,30.33,58.6,1.37,2378571,-1302119,27.48,45.2,1.17,1773153,-1759080,-0.34416683721035995,1.82669249123928,False,0.06152816839630967
GOLD,3,6.0,D+4h,0.15@0.3,10,True,36.0,22.9,0.77,-939843,-1801883,44.78,42.9,1.38,2142258,-1052280,39.76,32.6,1.12,1202415,-1801883,-0.5215893595755108,2.035825065571901,False,-0.12809291136578244
GOLD,3,6.0,D+4h,0.2@0.4,0,False,18.42,45.2,1.09,256239,-801391,20.44,63.6,1.41,2140738,-1350328,19.29,53.6,1.29,2396977,-1350328,0.3197427972113488,1.5853466713272628,False,0.7178491282350051
GOLD,3,6.0,D+4h,0.2@0.4,0,True,18.42,34.4,1.03,64572,-627190,20.44,50.0,1.58,2135277,-1079833,19.29,41.5,1.37,2199848,-1079833,0.1029544476155551,1.9774141001432628,False,0.7383141314967749
GOLD,3,6.0,D+4h,0.2@0.4,5,False,24.58,44.4,0.98,-73930,-1285616,30.67,64.5,1.3,2301032,-1339005,27.19,54.1,1.19,2227102,-1339005,-0.057505507087652924,1.7184640834052152,False,0.17563289204781343
GOLD,3,6.0,D+4h,0.2@0.4,5,True,42.33,26.0,0.75,-1128198,-1994308,56.78,38.6,1.09,697961,-1867252,48.52,32.3,0.97,-430237,-1994308,-0.5657090078363021,0.37379046856021575,False,-0.016527880748837438
GOLD,3,6.0,D+4h,0.2@0.4,10,False,23.58,44.5,1.05,187321,-1109854,28.89,62.7,1.33,2446930,-1441395,25.86,53.2,1.23,2634250,-1441395,0.16877985753081035,1.697612382448947,False,0.534529155165334
GOLD,3,6.0,D+4h,0.2@0.4,10,True,34.67,28.1,0.89,-419440,-1521023,43.89,42.0,1.26,1773865,-1173505,38.62,34.9,1.13,1354425,-1521023,-0.27576177349060466,1.5115956046203467,False,0.263160910531422
GOLD,3,6.0,D+4h,0.25@0.5,0,False,18.42,51.6,1.18,587984,-499767,20.44,64.1,1.56,3071740,-939060,19.29,57.3,1.42,3659724,-939060,1.1765162565755642,3.2710795902285263,False,1.1441665847960523
GOLD,3,6.0,D+4h,0.25@0.5,0,True,18.42,38.9,1.15,362733,-406843,20.44,50.0,1.7,2730863,-908547,19.29,44.0,1.48,3093596,-908547,0.891579798595527,3.0057476388123012,False,1.1518703314583594
GOLD,3,6.0,D+4h,0.25@0.5,5,False,22.75,48.4,1.07,282306,-950905,28.44,63.3,1.36,2820295,-1424621,25.19,55.6,1.26,3102601,-1424621,0.2968813919371546,1.9796809116249163,False,0.9656449140259186
GOLD,3,6.0,D+4h,0.25@0.5,5,True,40.42,26.4,0.87,-572537,-1570169,55.33,37.6,1.13,1037954,-1760040,46.81,32.0,1.04,465417,-1760040,-0.364633997996394,0.5897331878820936,False,0.7057928532068339
GOLD,3,6.0,D+4h,0.25@0.5,10,False,22.42,48.0,1.03,135635,-973636,26.44,63.4,1.5,3547536,-1256340,24.14,55.2,1.32,3683172,-1256340,0.13930770842491444,2.8237069583074645,False,0.9883998670143499
GOLD,3,6.0,D+4h,0.25@0.5,10,True,33.42,29.2,0.97,-130572,-1297809,42.11,42.2,1.41,2632700,-1057846,37.14,35.5,1.24,2502128,-1297809,-0.10060956581438409,2.4887365457732034,False,0.7598674473794476
GOLD,3,6.0,D+1h+4h,0.1@0.3,0,False,12.33,25.7,1.25,470172,-378026,12.56,46.0,2.25,2779904,-1006032,12.43,34.5,1.8,3250076,-1006032,1.243755720505997,2.7632361594859804,False,0.8339964130858166
GOLD,3,6.0,D+1h+4h,0.1@0.3,0,True,12.33,25.7,1.25,470172,-378026,12.56,46.0,2.25,2779904,-1006032,12.43,34.5,1.8,3250076,-1006032,1.243755720505997,2.7632361594859804,False,0.83431007398165
GOLD,3,6.0,D+1h+4h,0.1@0.3,5,False,18.83,23.5,1.0,3132,-1040918,19.44,46.3,2.15,3754800,-961429,19.1,33.4,1.61,3757932,-1040918,0.0030088825440620685,3.9054365949019636,False,0.5971298211985423
GOLD,3,6.0,D+1h+4h,0.1@0.3,5,True,18.83,23.5,1.0,3132,-1040918,19.44,46.3,2.15,3754800,-961429,19.1,33.4,1.61,3757932,-1040918,0.0030088825440620685,3.9054365949019636,False,0.5765360322055837
GOLD,3,6.0,D+1h+4h,0.1@0.3,10,False,17.75,24.9,1.08,217928,-902869,17.78,47.5,2.24,3793588,-1098412,17.76,34.6,1.71,4011516,-1098412,0.24137277943976368,3.453702253799121,False,0.6491526063652986
GOLD,3,6.0,D+1h+4h,0.1@0.3,10,True,17.75,24.9,1.08,217928,-902869,17.78,47.5,2.24,3793588,-1098412,17.76,34.6,1.71,4011516,-1098412,0.24137277943976368,3.453702253799121,False,0.6334349336652935
GOLD,3,6.0,D+1h+4h,0.15@0.3,0,False,12.33,37.2,1.33,568424,-329368,12.56,61.9,2.95,3321178,-459109,12.43,47.9,2.13,3889602,-459109,1.725802142284618,7.233964047753366,False,1.14229575136788
GOLD,3,6.0,D+1h+4h,0.15@0.3,0,True,12.33,37.2,1.33,568424,-329368,12.56,61.9,2.95,3321178,-459109,12.43,47.9,2.13,3889602,-459109,1.725802142284618,7.233964047753366,False,1.1404495640937027
GOLD,3,6.0,D+1h+4h,0.2@0.4,0,False,12.33,48.0,1.35,621365,-326201,12.56,68.1,2.49,3350229,-585330,12.43,56.7,1.98,3971594,-585330,1.9048531426942283,5.723658449080006,False,1.4944701055486505
GOLD,3,6.0,D+1h+4h,0.2@0.4,0,True,12.33,48.0,1.35,621365,-326201,12.56,68.1,2.49,3350229,-585330,12.43,56.7,1.98,3971594,-585330,1.9048531426942283,5.723658449080006,False,1.4703825111491176
GOLD,3,6.0,D+1h+4h,0.2@0.4,5,False,18.17,48.2,1.26,673352,-728597,19.89,67.0,1.86,3574751,-618540,18.9,56.7,1.63,4248103,-728597,0.9241761906787977,5.77933682542762,False,1.4960523237238
GOLD,3,6.0,D+1h+4h,0.2@0.4,5,True,18.17,48.2,1.26,673352,-728597,19.89,67.0,1.86,3574751,-618540,18.9,56.7,1.63,4248103,-728597,0.9241761906787977,5.77933682542762,False,1.445231973648935
GOLD,3,6.0,D+1h+4h,0.15@0.3,5,False,20.17,36.0,1.02,69478,-964880,22.22,62.5,2.23,3959934,-612378,21.05,48.0,1.66,4029413,-964880,0.0720068816847691,6.466486385859714,False,0.7859902261408468
GOLD,3,6.0,D+1h+4h,0.15@0.3,5,True,20.17,36.0,1.02,69478,-964880,22.22,62.5,2.23,3959934,-612378,21.05,48.0,1.66,4029413,-964880,0.0720068816847691,6.466486385859714,False,0.7640422725156608
GOLD,3,6.0,D+1h+4h,0.15@0.3,10,False,18.58,36.8,1.16,408764,-806882,19.56,65.3,2.48,4217947,-529433,19.0,49.4,1.85,4626711,-806882,0.5065969993134064,7.966913660463175,False,0.8960555902889032
GOLD,3,6.0,D+1h+4h,0.15@0.3,10,True,18.58,36.8,1.16,408764,-806882,19.56,65.3,2.48,4217947,-529433,19.0,49.4,1.85,4626711,-806882,0.5065969993134064,7.966913660463175,False,0.8763419766927752
GOLD,3,6.0,D+1h+4h,0.2@0.4,10,False,17.25,48.3,1.38,926579,-548048,18.67,64.9,1.97,3822205,-553494,17.86,55.7,1.75,4748784,-553494,1.6906895016494905,6.905594279251447,False,1.6120534675477496
GOLD,3,6.0,D+1h+4h,0.2@0.4,10,True,17.25,48.3,1.38,926579,-548048,18.67,64.9,1.97,3822205,-553494,17.86,55.7,1.75,4748784,-553494,1.6906895016494905,6.905594279251447,False,1.5626599529898146
GOLD,3,6.0,D+1h+4h,0.25@0.5,0,False,12.33,54.7,1.48,919527,-303900,12.56,69.0,2.6,3972648,-414045,12.43,60.9,2.11,4892174,-414045,3.025755182625864,9.594725211027788,False,2.2039752081759767
GOLD,3,6.0,D+1h+4h,0.25@0.5,0,True,12.33,54.7,1.48,919527,-303900,12.56,69.0,2.6,3972648,-414045,12.43,60.9,2.11,4892174,-414045,3.025755182625864,9.594725211027788,False,2.168358150928472
GOLD,3,6.0,D+1h+4h,0.25@0.5,5,False,16.33,52.0,1.47,1197986,-332862,18.44,66.3,1.9,3931976,-681602,17.24,58.6,1.74,5129961,-681602,3.599047052532281,5.768727204438954,False,2.496766147544007
GOLD,3,6.0,D+1h+4h,0.25@0.5,5,True,16.33,52.0,1.47,1197986,-332862,18.44,66.3,1.9,3931976,-681602,17.24,58.6,1.74,5129961,-681602,3.599047052532281,5.768727204438954,False,2.4232644375513903
GOLD,3,6.0,D+1h+4h,0.25@0.5,10,False,16.17,52.1,1.45,1158484,-353239,16.89,67.8,2.3,4698272,-616556,16.48,59.0,1.95,5856756,-616556,3.279603894247238,7.6201869740948105,False,2.4762614315537395
GOLD,3,6.0,D+1h+4h,0.25@0.5,10,True,16.17,52.1,1.45,1158484,-353239,16.89,67.8,2.3,4698272,-616556,16.48,59.0,1.95,5856756,-616556,3.279603894247238,7.6201869740948105,False,2.4462717722738274
GOLD,3,6.0,1h,0.1@0.3,0,False,30.0,22.2,0.98,-86874,-1054127,28.44,43.4,1.54,2896115,-1006032,29.33,31.0,1.28,2809241,-1054127,-0.08241321965949075,2.8787503777215835,False,0.17565806452387117
GOLD,3,6.0,1h,0.1@0.3,0,True,30.0,22.2,0.98,-86874,-1054127,28.44,43.4,1.54,2909263,-1006032,29.33,31.0,1.28,2822388,-1054127,-0.08241321965949075,2.8918195445075305,False,0.17565806452387117
GOLD,3,6.0,1h,0.1@0.3,5,False,45.42,23.1,0.86,-1033548,-1832508,41.78,41.5,1.43,3698913,-1241090,43.86,30.6,1.17,2665366,-1832508,-0.5640073604044293,2.9803745095037426,False,-0.16411552212961966
GOLD,3,6.0,1h,0.1@0.3,5,True,45.42,23.1,0.86,-1033548,-1832508,41.78,41.5,1.43,3712061,-1241090,43.86,30.6,1.17,2678513,-1832508,-0.5640073604044293,2.9909684229185634,False,-0.16411552212961966
GOLD,3,6.0,1h,0.1@0.3,10,False,43.08,23.6,0.89,-746586,-1707506,39.0,41.9,1.41,3337326,-1390168,41.33,31.0,1.17,2590740,-1707506,-0.4372377022394065,2.400663804662458,False,-0.05765653934493252
GOLD,3,6.0,1h,0.1@0.3,10,True,43.08,23.6,0.89,-746586,-1707506,39.0,41.9,1.41,3350474,-1390168,41.33,31.0,1.17,2603888,-1707506,-0.4372377022394065,2.4101216543611996,False,-0.05765653934493252
GOLD,3,6.0,1h,0.15@0.3,0,False,30.0,33.3,1.07,301808,-723047,28.44,59.0,1.71,3379016,-854134,29.33,44.0,1.4,3680824,-854134,0.4174113162768119,3.9560724663811535,False,0.4105742533727984
GOLD,3,6.0,1h,0.15@0.3,0,True,30.0,33.3,1.07,301808,-723047,28.44,59.0,1.71,3374939,-854134,29.33,44.0,1.4,3676747,-854134,0.4174113162768119,3.9512992106624956,False,0.4105742533727984
GOLD,3,6.0,1h,0.15@0.3,5,False,48.75,33.3,0.9,-741952,-1622328,46.11,58.6,1.41,3673560,-1683745,47.62,43.8,1.18,2931608,-1683745,-0.45733785029907636,2.1817793074366962,False,-0.062477170008925775
GOLD,3,6.0,1h,0.15@0.3,5,True,48.75,33.3,0.9,-741952,-1622328,46.11,58.6,1.41,3669483,-1683745,47.62,43.8,1.18,2927531,-1683745,-0.45733785029907636,2.179357919399909,False,-0.062477170008925775
GOLD,3,6.0,1h,0.15@0.3,10,False,45.33,33.3,0.95,-367629,-1514249,41.67,60.3,1.35,3092564,-1595413,43.76,44.3,1.18,2724936,-1595413,-0.24277975418837985,1.9384096782463225,False,0.06383620699201248
GOLD,3,6.0,1h,0.15@0.3,10,True,45.33,33.3,0.95,-367629,-1514249,41.67,60.3,1.35,3088487,-1595413,43.76,44.3,1.17,2720859,-1595413,-0.24277975418837985,1.935854227087281,False,0.06383620699201248
GOLD,3,6.0,1h,0.2@0.4,0,False,30.0,40.6,1.04,201224,-679574,28.44,61.3,1.33,2214829,-1089001,29.33,49.2,1.21,2416052,-1089001,0.2961031469714851,2.033817232491063,False,0.5123129659987542
GOLD,3,6.0,1h,0.2@0.4,0,True,30.0,40.6,1.04,201224,-679574,28.44,61.7,1.38,2452805,-1089001,29.33,49.4,1.23,2654028,-1089001,0.2961031469714851,2.252344120896124,False,0.5123129659987542
GOLD,3,6.0,1h,0.2@0.4,5,False,45.0,40.9,0.89,-829663,-1857267,42.67,61.5,1.2,2219656,-1650716,44.0,49.5,1.07,1389992,-1857267,-0.44671175442195443,1.3446625585503502,False,0.6213490863611463
GOLD,3,6.0,1h,0.2@0.4,5,True,45.0,40.9,0.89,-829663,-1857267,42.67,61.7,1.22,2457632,-1650716,44.0,49.6,1.09,1627968,-1857267,-0.44671175442195443,1.4888278783267381,False,0.6213490863611463
GOLD,3,6.0,1h,0.2@0.4,10,False,42.67,40.4,0.93,-477936,-1623498,40.0,60.6,1.17,1862816,-1757818,41.52,48.7,1.08,1384880,-1757818,-0.29438656530528523,1.0597320086607374,False,0.8126172413174723
GOLD,3,6.0,1h,0.2@0.4,10,True,42.67,40.4,0.93,-477936,-1623498,40.0,60.8,1.2,2100792,-1757818,41.52,48.9,1.09,1622855,-1757818,-0.29438656530528523,1.1951134872893554,False,0.8126172413174723
GOLD,3,6.0,1h,0.25@0.5,0,False,30.0,47.5,1.01,54504,-761876,28.44,61.3,1.33,2420643,-1117468,29.33,53.2,1.19,2475147,-1117468,0.07153920060482283,2.166185519406372,False,0.599563434214963
GOLD,3,6.0,1h,0.25@0.5,0,True,30.0,47.5,1.01,54504,-761876,28.44,61.7,1.37,2658619,-1117468,29.33,53.4,1.22,2713123,-1117468,0.07153920060482283,2.379145532579009,False,0.599563434214963
GOLD,3,6.0,1h,0.25@0.5,5,False,41.75,47.3,0.99,-77087,-1109777,39.78,59.8,1.19,2256017,-1874951,40.9,52.5,1.11,2178930,-1874951,-0.06946170266639154,1.20324051135203,False,0.8958816093752373
GOLD,3,6.0,1h,0.25@0.5,5,True,41.75,47.3,0.99,-77087,-1109777,39.78,60.1,1.22,2493993,-1874951,40.9,52.6,1.13,2416906,-1874951,-0.06946170266639154,1.3301643616286505,False,0.8958816093752373
GOLD,3,6.0,1h,0.25@0.5,10,False,40.25,47.2,0.99,-106356,-1099549,37.44,59.9,1.2,2198417,-1751695,39.05,52.4,1.11,2092061,-1751695,-0.09672693076888797,1.2550227065784854,False,0.9579129370648297
GOLD,3,6.0,1h,0.25@0.5,10,True,40.25,47.2,0.99,-106356,-1099549,37.44,60.2,1.22,2436393,-1751695,39.05,52.6,1.13,2330037,-1751695,-0.09672693076888797,1.3908774073112042,False,0.9579129370648297
GOLD,3,6.0,1h+4h,0.1@0.3,0,False,17.58,25.1,1.02,73877,-609014,16.44,44.6,1.81,2537151,-1006032,17.1,33.1,1.43,2611028,-1006032,0.12130591414975682,2.521938665966888,False,0.14158770925124214
GOLD,3,6.0,1h+4h,0.1@0.3,0,True,17.58,25.1,1.02,73877,-609014,16.44,44.6,1.81,2550298,-1006032,17.1,33.1,1.43,2624175,-1006032,0.12130591414975682,2.535006838748668,False,0.14158770925124214
GOLD,3,6.0,1h+4h,0.1@0.3,5,False,25.83,24.8,0.94,-271794,-1162154,25.0,45.3,1.82,3687033,-961429,25.48,33.5,1.39,3415239,-1162154,-0.23387089834910002,3.83495089080941,False,0.18881905041232458
GOLD,3,6.0,1h+4h,0.1@0.3,5,True,25.83,24.8,0.94,-271794,-1162154,25.0,45.3,1.82,3700181,-961429,25.48,33.5,1.39,3428387,-1162154,-0.23387089834910002,3.8486263676256907,False,0.18881905041232458
GOLD,3,6.0,1h+4h,0.1@0.3,10,False,24.42,25.9,0.97,-117320,-1016411,22.78,46.8,1.9,3817406,-1098412,23.71,34.5,1.44,3700087,-1098412,-0.1154257480487716,3.4753862849276955,False,0.4281428525711198
GOLD,3,6.0,1h+4h,0.1@0.3,10,True,24.42,25.9,0.97,-117320,-1016411,22.78,46.8,1.9,3830554,-1098412,23.71,34.5,1.44,3713234,-1098412,-0.1154257480487716,3.487356292538683,False,0.4281428525711198
GOLD,3,6.0,1h+4h,0.15@0.3,0,False,17.58,36.0,1.07,196224,-625083,16.44,58.1,2.09,2849722,-591298,17.1,45.1,1.56,3045946,-625083,0.3139167118606649,4.819434532164831,False,0.3199394914842551
GOLD,3,6.0,1h+4h,0.15@0.3,0,True,17.58,36.0,1.07,196224,-625083,16.44,58.1,2.09,2845645,-591298,17.1,45.1,1.56,3041869,-625083,0.3139167118606649,4.812539531674384,False,0.3199394914842551
GOLD,3,6.0,1h+4h,0.15@0.3,5,False,27.75,36.3,0.95,-194370,-1087563,28.44,61.3,1.81,3761341,-759463,28.05,47.2,1.4,3566971,-1087563,-0.17872068100882432,4.952632320468542,False,0.342864915203519
GOLD,3,6.0,1h+4h,0.15@0.3,5,True,27.75,36.3,0.95,-194370,-1087563,28.44,61.3,1.81,3757264,-759463,28.05,47.2,1.4,3562895,-1087563,-0.17872068100882432,4.947264053680034,False,0.342864915203519
GOLD,3,6.0,1h+4h,0.15@0.3,10,False,25.58,36.8,1.02,95225,-921703,25.22,63.0,1.97,4098594,-601535,25.43,47.9,1.51,4193819,-921703,0.10331419123079777,6.813558645797833,False,0.6462851786483507
GOLD,3,6.0,1h+4h,0.15@0.3,10,True,25.58,36.8,1.02,95225,-921703,25.22,63.0,1.97,4094517,-601535,25.43,47.9,1.51,4189742,-921703,0.10331419123079777,6.806780985312575,False,0.6462851786483507
GOLD,3,6.0,1h+4h,0.2@0.4,0,False,17.58,45.5,1.06,177402,-748826,16.44,62.2,1.67,2544303,-744978,17.1,52.4,1.41,2721705,-748826,0.23690683817068317,3.415272665769996,False,0.3428171775724176
GOLD,3,6.0,1h+4h,0.2@0.4,0,True,17.58,45.5,1.06,177402,-748826,16.44,62.8,1.78,2782279,-600766,17.1,52.6,1.46,2959681,-748826,0.23690683817068317,4.631219143560055,False,0.3428171775724176
GOLD,3,6.0,1h+4h,0.2@0.4,5,False,25.58,46.6,1.08,303688,-813088,25.89,62.7,1.44,2766628,-747742,25.71,53.5,1.3,3070316,-813088,0.373499547404463,3.699976729941611,False,0.6539113809275441
GOLD,3,6.0,1h+4h,0.2@0.4,5,True,25.58,46.6,1.08,303688,-813088,25.89,63.1,1.49,3004604,-732713,25.71,53.7,1.33,3308292,-813088,0.373499547404463,4.100656054962857,False,0.6539113809275441
GOLD,3,6.0,1h+4h,0.2@0.4,10,False,24.17,46.6,1.11,451134,-824653,24.11,61.3,1.55,3218986,-719326,24.14,52.9,1.37,3670120,-824653,0.5470591873187874,4.475002988909062,False,0.7605362828360516
GOLD,3,6.0,1h+4h,0.2@0.4,10,True,24.17,46.6,1.11,451134,-824653,24.11,61.8,1.61,3456962,-719326,24.14,53.1,1.41,3908096,-824653,0.5470591873187874,4.8058349065653125,False,0.7605362828360516
GOLD,3,6.0,1h+4h,0.25@0.5,0,False,17.58,51.2,1.09,270080,-737288,16.44,61.5,1.78,3208911,-597293,17.1,55.4,1.48,3478991,-737288,0.3663154696672128,5.372423584404974,False,0.4701750005696764
GOLD,3,6.0,1h+4h,0.25@0.5,0,True,17.58,51.2,1.09,270080,-737288,16.44,62.2,1.89,3446887,-597293,17.1,55.7,1.53,3716967,-737288,0.3663154696672128,5.77084780836206,False,0.4701750005696764
GOLD,3,6.0,1h+4h,0.25@0.5,5,False,23.67,50.4,1.15,636494,-810856,23.78,59.3,1.38,2590057,-1096878,23.71,54.2,1.29,3226551,-1096878,0.7849655179218011,2.3612990688116637,False,0.711385603605146
GOLD,3,6.0,1h+4h,0.25@0.5,5,True,23.67,50.4,1.15,636494,-810856,23.78,59.8,1.42,2828033,-858902,23.71,54.4,1.32,3464527,-858902,0.7849655179218011,3.292614291269551,False,0.711385603605146
GOLD,3,6.0,1h+4h,0.25@0.5,10,False,23.17,50.4,1.13,554415,-883385,21.78,60.7,1.59,3509960,-893275,22.57,54.6,1.4,4064375,-893275,0.6276029137918349,3.929316279980969,False,0.7564825928404816
GOLD,3,6.0,1h+4h,0.25@0.5,10,True,23.17,50.4,1.13,554415,-883385,21.78,61.2,1.65,3747936,-781978,22.57,54.9,1.43,4302351,-883385,0.6276029137918349,4.792891871638332,False,0.7564825928404816
GOLD,5,4.0,D,0.1@0.3,0,False,30.33,21.7,0.98,-101301,-679105,32.44,35.3,0.77,-1689631,-3348459,31.24,27.7,0.85,-1790932,-3348459,-0.14916839074958954,-0.5045995784926738,False,0.19613094386261204
GOLD,5,4.0,D,0.1@0.3,0,True,30.33,19.5,0.8,-731620,-844465,32.44,34.9,0.89,-580540,-2179526,31.24,26.4,0.85,-1312161,-2179526,-0.8663710159686903,-0.26636066741117104,False,-0.24564116919835163
GOLD,5,4.0,D,0.1@0.3,5,False,44.75,21.4,0.96,-277515,-1185445,49.56,36.3,0.95,-592192,-3542892,46.81,28.2,0.95,-869707,-3542892,-0.23410196171058126,-0.16714932320827167,False,0.11016658631434934
GOLD,5,4.0,D,0.1@0.3,5,True,84.5,18.0,0.61,-3417312,-3615847,76.89,32.1,0.87,-1352776,-3988629,81.24,23.7,0.75,-4770088,-4770088,-0.9450930860736088,-0.3391581418076236,False,-0.6483885646721235
GOLD,5,4.0,D,0.1@0.3,10,False,42.08,21.4,0.96,-237035,-1376270,45.56,37.8,1.0,-19387,-2838954,43.57,28.7,0.98,-256422,-2838954,-0.17223001300616886,-0.006828923610597424,False,0.16565194697843894
GOLD,5,4.0,D,0.1@0.3,10,True,69.67,18.3,0.65,-2740966,-2881739,61.89,33.6,0.96,-331778,-2969492,66.33,24.4,0.81,-3072744,-3078951,-0.9511499827014175,-0.11172887483785106,False,-0.5530221006534026
GOLD,5,4.0,D,0.15@0.3,0,False,30.33,32.7,0.92,-352693,-802860,32.44,59.9,0.82,-1247300,-2987988,31.24,44.8,0.86,-1599993,-2987988,-0.4392957676307202,-0.41743808877411825,False,0.03971483331299145
GOLD,5,4.0,D,0.15@0.3,0,True,30.33,25.3,0.73,-951377,-954140,32.44,49.3,0.89,-575903,-2225322,31.24,36.0,0.82,-1527280,-2225322,-0.9971041985452869,-0.258795356357417,False,-0.32965691775439443
GOLD,5,4.0,D,0.15@0.3,5,False,47.92,32.3,0.98,-157792,-1340702,52.89,57.8,0.92,-927903,-3708494,50.05,43.9,0.94,-1085695,-3708494,-0.11769356650471172,-0.25021019314039605,False,-0.01621004515847385
GOLD,5,4.0,D,0.15@0.3,5,True,86.67,21.6,0.61,-3376982,-3571955,78.44,41.8,0.84,-1688729,-4264103,83.14,29.8,0.74,-5065712,-5078753,-0.945415605739714,-0.39603382000856924,False,-0.6710763342585397
GOLD,5,4.0,D,0.15@0.3,10,False,44.92,32.1,0.95,-304664,-1718613,47.44,60.4,1.01,50244,-2796511,46.0,44.6,0.98,-254420,-2796511,-0.1772731848298599,0.017966673472766603,False,0.05952155496602448
GOLD,5,4.0,D,0.15@0.3,10,True,71.67,22.1,0.63,-2859543,-3099783,63.0,45.7,0.95,-483476,-3105551,67.95,31.5,0.8,-3343019,-3353083,-0.9224978006524973,-0.15568123015851293,False,-0.6030703682528834
GOLD,5,4.0,D,0.2@0.4,0,False,30.33,44.0,1.08,371920,-842019,32.44,66.1,0.94,-523413,-2865634,31.24,53.8,0.99,-151493,-2865634,0.44170024666901814,-0.1826517273315434,False,0.209701864375046
GOLD,5,4.0,D,0.2@0.4,0,True,30.33,33.8,0.86,-550849,-959049,32.44,53.1,1.03,182311,-1512723,31.24,42.4,0.96,-368538,-1512723,-0.5743700269746385,0.12051842934892905,False,-0.17078913722986877
GOLD,5,4.0,D,0.2@0.4,5,False,41.67,42.8,1.07,482397,-1243447,46.89,64.7,0.97,-390343,-3574867,43.9,52.8,1.0,92054,-3574867,0.3879513964004899,-0.10919091535433346,False,0.4731333904389987
GOLD,5,4.0,D,0.2@0.4,5,True,82.0,25.7,0.68,-2765925,-3311959,73.89,42.0,0.9,-1193020,-3946422,78.52,32.3,0.8,-3958945,-3958945,-0.8351326209050293,-0.302304213791632,False,-0.48222887399232306
GOLD,5,4.0,D,0.2@0.4,10,False,40.33,41.9,1.04,301434,-1370990,44.0,66.4,0.97,-339954,-2690324,41.9,53.0,1.0,-38520,-2690324,0.21986593629421075,-0.12636173189548916,False,0.36535238318398605
GOLD,5,4.0,D,0.2@0.4,10,True,68.17,26.8,0.71,-2197674,-2947371,60.22,46.3,0.92,-714816,-2565687,64.76,34.6,0.83,-2912491,-2947371,-0.745638740423245,-0.27860608094440203,False,-0.41371858288152674
GOLD,5,4.0,D,0.25@0.5,0,False,30.33,48.9,1.09,485826,-895012,32.44,65.1,1.07,682743,-2726300,31.24,56.1,1.08,1168569,-2726300,0.5428150684013175,0.2504284194696108,False,1.0212773651904972
GOLD,5,4.0,D,0.25@0.5,0,True,30.33,37.1,0.87,-534345,-1050921,32.44,53.4,1.29,1829575,-1034328,31.24,44.4,1.12,1295230,-1050921,-0.5084540131941412,1.7688537871932308,False,0.30215169015818927
GOLD,5,4.0,D,0.25@0.5,5,False,37.75,49.4,1.18,1211976,-759694,43.33,65.9,1.11,1262642,-2625972,40.14,57.1,1.14,2474618,-2625972,1.5953476004812464,0.48082843229097644,False,1.0112685761185038
GOLD,5,4.0,D,0.25@0.5,5,True,79.42,26.8,0.73,-2275345,-2969146,70.78,41.9,1.06,655311,-2092118,75.71,32.8,0.92,-1620034,-2969146,-0.7663297796740207,0.3132285081434221,False,-0.10325501343957727
GOLD,5,4.0,D,0.25@0.5,10,False,36.92,48.5,1.13,889781,-842476,41.44,65.4,1.11,1251879,-2523114,38.86,56.2,1.12,2141660,-2523114,1.0561499674768184,0.4961642636836861,False,1.0407151637600494
GOLD,5,4.0,D,0.25@0.5,10,True,65.92,28.2,0.78,-1618201,-2526458,57.56,45.4,1.13,1262921,-1760281,62.33,35.0,0.98,-355280,-2526458,-0.6405018409172051,0.7174542019143535,False,-0.011941099674355526
GOLD,5,4.0,D+1h,0.1@0.3,0,False,17.92,19.1,1.0,11662,-539510,20.0,37.2,0.98,-84220,-1956851,18.81,27.3,0.99,-72558,-1956851,0.021615910733814015,-0.043038534870565005,False,0.6266782319754323
GOLD,5,4.0,D+1h,0.1@0.3,0,True,17.92,19.1,1.0,11662,-539510,20.0,37.2,0.98,-84220,-1956851,18.81,27.3,0.99,-72558,-1956851,0.021615910733814015,-0.043038534870565005,False,0.5369779636480803
GOLD,5,4.0,D+1h,0.1@0.3,5,False,29.0,19.3,1.03,133410,-1099876,32.22,37.9,1.17,1030323,-2077788,30.38,27.7,1.11,1163733,-2077788,0.12129549149176816,0.4958749400805087,False,0.27978032509519596
GOLD,5,4.0,D+1h,0.1@0.3,5,True,29.0,19.3,1.03,133410,-1099876,32.22,37.9,1.17,1030323,-2077788,30.38,27.7,1.11,1163733,-2077788,0.12129549149176816,0.4958749400805087,False,0.17469717215367492
GOLD,5,4.0,D+1h,0.1@0.3,10,False,27.33,20.4,1.0,-13422,-1012598,29.67,38.6,1.25,1428698,-2048816,28.33,28.6,1.14,1415275,-2048816,-0.01325501334191851,0.697328603447064,False,0.3824746104331845
GOLD,5,4.0,D+1h,0.1@0.3,10,True,27.33,20.4,1.0,-13422,-1012598,29.67,38.6,1.25,1428698,-2048816,28.33,28.6,1.14,1415275,-2048816,-0.01325501334191851,0.697328603447064,False,0.2632644795857235
GOLD,5,4.0,D+1h,0.15@0.3,0,False,17.92,29.3,0.92,-207671,-655750,20.0,60.0,0.98,-87379,-1778709,18.81,43.3,0.95,-295050,-1778709,-0.3166923370186809,-0.049124955234386286,False,0.601088227435916
GOLD,5,4.0,D+1h,0.15@0.3,0,True,17.92,29.3,0.92,-207671,-655750,20.0,60.0,0.98,-87379,-1778709,18.81,43.3,0.95,-295050,-1778709,-0.3166923370186809,-0.049124955234386286,False,0.533866651810898
GOLD,5,4.0,D+1h,0.15@0.3,5,False,31.17,29.4,1.05,214473,-1192006,33.78,58.9,1.1,698911,-2314360,32.29,42.6,1.08,913385,-2314360,0.17992610775449117,0.30198888677647384,False,0.22426127616006045
GOLD,5,4.0,D+1h,0.15@0.3,5,True,31.17,29.4,1.05,214473,-1192006,33.78,58.9,1.1,698911,-2314360,32.29,42.6,1.08,913385,-2314360,0.17992610775449117,0.30198888677647384,False,0.11554501180149307
GOLD,5,4.0,D+1h,0.15@0.3,10,False,29.33,30.1,0.98,-89781,-1225211,30.78,62.1,1.21,1235780,-2191228,29.95,44.2,1.11,1145999,-2191228,-0.07327799048490423,0.5639668715441752,False,0.2980282243823274
GOLD,5,4.0,D+1h,0.15@0.3,10,True,29.33,30.1,0.98,-89781,-1225211,30.78,62.1,1.21,1235780,-2191228,29.95,44.2,1.11,1145999,-2191228,-0.07327799048490423,0.5639668715441752,False,0.1894413855891254
GOLD,5,4.0,D+1h,0.2@0.4,0,False,17.92,43.3,1.07,206064,-626767,20.0,66.1,1.15,694193,-1190373,18.81,53.7,1.12,900257,-1190373,0.32877289327612974,0.5831726694069842,False,0.7002179263587884
GOLD,5,4.0,D+1h,0.2@0.4,0,True,17.92,43.3,1.07,206064,-626767,20.0,66.1,1.15,694193,-1190373,18.81,53.7,1.12,900257,-1190373,0.32877289327612974,0.5831726694069842,False,0.5695197118639054
GOLD,5,4.0,D+1h,0.2@0.4,5,False,26.83,43.5,1.14,583302,-1128223,29.22,64.3,1.17,1249771,-1981042,27.86,52.8,1.16,1833073,-1981042,0.5170094919178212,0.6308654738264005,False,0.913864084243997
GOLD,5,4.0,D+1h,0.2@0.4,5,True,26.83,43.5,1.14,583302,-1128223,29.22,64.3,1.17,1249771,-1981042,27.86,52.8,1.16,1833073,-1981042,0.5170094919178212,0.6308654738264005,False,0.7645950990107646
GOLD,5,4.0,D+1h,0.2@0.4,10,False,26.17,43.3,1.08,332238,-1161671,28.0,66.7,1.18,1107212,-1546949,26.95,53.7,1.14,1439449,-1546949,0.2860000809179191,0.715739174336064,False,1.0234223098130453
GOLD,5,4.0,D+1h,0.2@0.4,10,True,26.17,43.3,1.08,332238,-1161671,28.0,66.7,1.18,1107212,-1546949,26.95,53.7,1.14,1439449,-1546949,0.2860000809179191,0.715739174336064,False,0.9083047576397684
GOLD,5,4.0,D+1h,0.25@0.5,0,False,17.92,48.8,1.07,222567,-691352,20.0,67.2,1.46,2327080,-1239736,18.81,57.2,1.31,2549648,-1239736,0.32193007324778117,1.87707705511496,False,1.2834177086179208
GOLD,5,4.0,D+1h,0.25@0.5,0,True,17.92,48.8,1.07,222567,-691352,20.0,67.2,1.46,2327080,-1239736,18.81,57.2,1.31,2549648,-1239736,0.32193007324778117,1.87707705511496,False,1.1561433146723088
GOLD,5,4.0,D+1h,0.25@0.5,5,False,24.17,48.3,1.3,1219868,-802936,26.11,67.2,1.48,3082608,-1573109,25.0,56.8,1.41,4302476,-1573109,1.5192593183018324,1.9595641497188052,False,1.4324001682575163
GOLD,5,4.0,D+1h,0.25@0.5,5,True,24.17,48.3,1.3,1219868,-802936,26.11,67.2,1.48,3082608,-1573109,25.0,56.8,1.41,4302476,-1573109,1.5192593183018324,1.9595641497188052,False,1.1514646749822781
GOLD,5,4.0,D+1h,0.25@0.5,10,False,23.83,48.6,1.26,1055766,-751877,25.33,67.1,1.49,3068047,-1471111,24.48,56.8,1.4,4123813,-1471111,1.4041738209840173,2.0855305955838817,False,1.6498117151571141
GOLD,5,4.0,D+1h,0.25@0.5,10,True,23.83,48.6,1.26,1055766,-751877,25.33,67.1,1.49,3068047,-1471111,24.48,56.8,1.4,4123813,-1471111,1.4041738209840173,2.0855305955838817,False,1.4545453277787173
GOLD,5,4.0,D+4h,0.1@0.3,0,False,19.08,21.4,0.77,-717946,-1177276,23.11,38.0,0.69,-1807103,-3507200,20.81,29.3,0.72,-2525049,-3507200,-0.6098366058596285,-0.5152551893248175,False,-0.21809764857756486
GOLD,5,4.0,D+4h,0.1@0.3,0,True,19.08,19.7,0.8,-500680,-714640,23.11,37.0,0.84,-636157,-2249433,20.81,27.9,0.83,-1136837,-2249433,-0.7006045001679168,-0.28280771198786536,False,-0.043763360198527175
GOLD,5,4.0,D+4h,0.1@0.3,5,False,28.5,19.9,0.87,-600998,-1678863,35.67,39.6,0.98,-138107,-3375252,31.57,29.4,0.94,-739105,-3375252,-0.3579791799569113,-0.0409175374164655,False,-0.08154602858343171
GOLD,5,4.0,D+4h,0.1@0.3,5,True,40.75,18.2,0.76,-1146744,-1642504,55.0,33.7,0.96,-342117,-3226878,46.86,26.0,0.88,-1488860,-3226878,-0.6981681627563768,-0.1060210519269709,False,-0.2678432654540414
GOLD,5,4.0,D+4h,0.1@0.3,10,False,26.58,21.3,0.9,-413553,-1626084,32.78,41.7,1.03,230509,-2836439,29.24,31.1,0.98,-183044,-2836439,-0.2543244998413366,0.08126703941103616,False,0.05768052843246817
GOLD,5,4.0,D+4h,0.1@0.3,10,True,34.58,19.3,0.8,-826942,-1507058,43.89,36.2,1.08,492740,-2347338,38.57,27.5,0.97,-334202,-2347338,-0.5487127900850531,0.20991437960787923,False,-0.08720533549701723
GOLD,5,4.0,D+4h,0.15@0.3,0,False,19.08,29.3,0.7,-911464,-1135551,23.11,58.2,0.79,-1183123,-2967039,20.81,43.0,0.76,-2094587,-2967039,-0.8026623198781913,-0.3987554595676026,False,-0.3393022288472388
GOLD,5,4.0,D+4h,0.15@0.3,0,True,19.08,25.3,0.67,-776474,-845942,23.11,49.0,0.91,-377076,-2097325,20.81,36.6,0.82,-1153550,-2097325,-0.9178808949076888,-0.17978901696208266,False,-0.15935142432498176
GOLD,5,4.0,D+4h,0.15@0.3,5,False,29.83,29.3,0.9,-451683,-1594168,38.22,56.4,0.98,-205692,-3071586,33.43,42.6,0.95,-657375,-3071586,-0.2833346297253489,-0.0669660559723869,False,-0.11306536151932428
GOLD,5,4.0,D+4h,0.15@0.3,5,True,41.83,23.3,0.77,-1054992,-1618607,56.0,41.7,0.97,-219435,-2950111,47.9,32.5,0.9,-1274427,-2950111,-0.6517900886379461,-0.0743819469843677,False,-0.28725292665006624
GOLD,5,4.0,D+4h,0.15@0.3,10,False,27.25,31.2,0.93,-294753,-1603723,33.89,58.4,1.08,601562,-2306682,30.1,44.3,1.03,306808,-2306682,-0.18379296175212304,0.26079104098440964,False,0.007858891286666735
GOLD,5,4.0,D+4h,0.15@0.3,10,True,35.25,24.8,0.81,-802415,-1528201,44.33,45.4,1.12,800211,-1933598,39.14,34.8,1.0,-2204,-1933598,-0.5250716365190181,0.4138455873454565,False,-0.1307667483308341
GOLD,5,4.0,D+4h,0.2@0.4,0,False,19.08,45.4,0.93,-221081,-959490,23.11,64.9,0.98,-111907,-2468986,20.81,54.7,0.97,-332988,-2468986,-0.23041511636390166,-0.04532508487289924,False,-0.162797385262813
GOLD,5,4.0,D+4h,0.2@0.4,0,True,19.08,37.6,0.86,-345535,-661237,23.11,52.4,1.13,581229,-1122499,20.81,44.6,1.03,235694,-1122499,-0.5225584775201629,0.5177991249880847,False,0.04243576558024378
GOLD,5,4.0,D+4h,0.2@0.4,5,False,25.92,43.7,1.04,185114,-1211463,33.89,63.6,1.01,129643,-3081559,29.33,53.6,1.02,314757,-3081559,0.15280202531979928,0.04207058829637855,False,0.2279044647758342
GOLD,5,4.0,D+4h,0.2@0.4,5,True,38.83,30.5,0.91,-399376,-1492157,52.56,41.9,1.01,126517,-2637307,44.71,36.2,0.98,-272859,-2637307,-0.2676501199270586,0.04797204117685199,False,0.06884959890239294
GOLD,5,4.0,D+4h,0.2@0.4,10,False,25.17,44.0,1.01,25560,-1367582,31.44,65.0,1.01,89875,-2435694,27.86,54.2,1.01,115435,-2435694,0.018689921335612782,0.03689913429191023,False,0.2705329084754283
GOLD,5,4.0,D+4h,0.2@0.4,10,True,33.5,32.8,0.94,-248678,-1474361,42.33,45.9,1.06,405796,-1488240,37.29,39.2,1.01,157119,-1488240,-0.16866832478612767,0.2726683868193302,False,0.22429387153343133
GOLD,5,4.0,D+4h,0.25@0.5,0,False,19.08,48.9,0.92,-295381,-977917,23.11,65.4,1.15,1053788,-2450602,20.81,56.8,1.07,758407,-2450602,-0.30205119657394236,0.4300118909557733,False,0.11299385292302773
GOLD,5,4.0,D+4h,0.25@0.5,0,True,19.08,41.0,0.91,-235524,-588698,23.11,54.8,1.43,2056525,-1037550,20.81,47.6,1.25,1821001,-1037550,-0.4000761001396302,1.9820972483253818,False,0.5581607598625361
GOLD,5,4.0,D+4h,0.25@0.5,5,False,23.58,48.8,1.11,485735,-929396,31.0,65.6,1.16,1393544,-2746523,26.76,57.1,1.14,1879279,-2746523,0.5226351307731043,0.5073847916074251,False,0.6492655638196984
GOLD,5,4.0,D+4h,0.25@0.5,5,True,37.17,32.1,1.02,82800,-1149338,50.33,42.6,1.18,1437810,-1621802,42.81,37.4,1.12,1520610,-1621802,0.07204147082929478,0.8865508859897817,False,0.6094812265768141
GOLD,5,4.0,D+4h,0.25@0.5,10,False,23.25,48.7,1.08,344561,-1041327,29.67,65.2,1.16,1417612,-2591859,26.0,56.8,1.14,1762173,-2591859,0.3308864554553949,0.5469479628328547,False,0.7435806666616567
GOLD,5,4.0,D+4h,0.25@0.5,10,True,32.08,34.5,1.07,282153,-1058695,40.89,46.2,1.26,1854723,-1380324,35.86,40.2,1.19,2136876,-1380324,0.26651018470853266,1.3436866996444312,False,0.8345673175416927
GOLD,5,4.0,D+1h+4h,0.1@0.3,0,False,12.75,21.6,0.99,-22205,-507029,14.67,40.2,0.93,-238522,-2116959,13.57,30.2,0.95,-260727,-2116959,-0.04379433917981023,-0.11267199789887286,False,0.7086979200414391
GOLD,5,4.0,D+1h+4h,0.1@0.3,0,True,12.75,21.6,0.99,-22205,-507029,14.67,40.2,0.93,-238522,-2116959,13.57,30.2,0.95,-260727,-2116959,-0.04379433917981023,-0.11267199789887286,False,0.6987177376477589
GOLD,5,4.0,D+1h+4h,0.1@0.3,5,False,20.42,21.2,1.11,334232,-728189,24.44,41.4,1.23,1176764,-1924202,22.14,30.8,1.19,1510996,-1924202,0.45899072905523153,0.6115594932340783,False,0.5325633890795484
GOLD,5,4.0,D+1h+4h,0.1@0.3,5,True,20.42,21.2,1.11,334232,-728189,24.44,41.4,1.23,1176764,-1924202,22.14,30.8,1.19,1510996,-1924202,0.45899072905523153,0.6115594932340783,False,0.4985995736538224
GOLD,5,4.0,D+1h+4h,0.1@0.3,10,False,19.17,22.6,1.09,267608,-660095,22.0,43.4,1.37,1654355,-1768166,20.38,32.2,1.26,1921962,-1768166,0.4054083124398761,0.9356333059226339,False,0.7034308291029236
GOLD,5,4.0,D+1h+4h,0.1@0.3,10,True,19.17,22.6,1.09,267608,-660095,22.0,43.4,1.37,1654355,-1768166,20.38,32.2,1.26,1921962,-1768166,0.4054083124398761,0.9356333059226339,False,0.6707820131715198
GOLD,5,4.0,D+1h+4h,0.15@0.3,0,False,12.75,30.7,0.84,-295809,-595415,14.67,58.3,1.01,17509,-1945798,13.57,43.5,0.95,-278300,-1945798,-0.4968114676318198,0.008998364681225904,False,0.5779068611358107
GOLD,5,4.0,D+1h+4h,0.15@0.3,0,True,12.75,30.7,0.84,-295809,-595415,14.67,58.3,1.01,17509,-1945798,13.57,43.5,0.95,-278300,-1945798,-0.4968114676318198,0.008998364681225904,False,0.5665037806393888
GOLD,5,4.0,D+1h+4h,0.15@0.3,5,False,21.5,31.8,1.16,452502,-658451,25.44,57.6,1.25,1330736,-1856437,23.19,43.9,1.22,1783238,-1856437,0.68722198007141,0.7168226015749525,False,0.5120937009804498
GOLD,5,4.0,D+1h+4h,0.15@0.3,5,True,21.5,31.8,1.16,452502,-658451,25.44,57.6,1.25,1330736,-1856437,23.19,43.9,1.22,1783238,-1856437,0.68722198007141,0.7168226015749525,False,0.4786421003419515
GOLD,5,4.0,D+1h+4h,0.15@0.3,10,False,19.83,33.2,1.11,317453,-627513,22.44,60.9,1.42,1938948,-1619020,20.95,45.9,1.3,2256402,-1619020,0.5058907146146773,1.1976059591604797,False,0.6787436331948928
GOLD,5,4.0,D+1h+4h,0.15@0.3,10,True,19.83,33.2,1.11,317453,-627513,22.44,60.9,1.42,1938948,-1619020,20.95,45.9,1.3,2256402,-1619020,0.5058907146146773,1.1976059591604797,False,0.6447027973506219
GOLD,5,4.0,D+1h+4h,0.2@0.4,0,False,12.75,48.4,1.07,132940,-555755,14.67,63.6,1.26,1003918,-1167844,13.57,55.4,1.2,1136859,-1167844,0.2392061250011246,0.8596336496997886,False,0.7355393942481091
GOLD,5,4.0,D+1h+4h,0.2@0.4,0,True,12.75,48.4,1.07,132940,-555755,14.67,63.6,1.26,1003918,-1167844,13.57,55.4,1.2,1136859,-1167844,0.2392061250011246,0.8596336496997886,False,0.7064858604937856
GOLD,5,4.0,D+1h+4h,0.2@0.4,5,False,18.83,48.7,1.34,914800,-648933,22.0,62.6,1.28,1670044,-1865951,20.19,55.2,1.3,2584844,-1865951,1.4096986900034365,0.8950095688471991,False,1.4845371885040246
GOLD,5,4.0,D+1h+4h,0.2@0.4,5,True,18.83,48.7,1.34,914800,-648933,22.0,62.6,1.28,1670044,-1865951,20.19,55.2,1.3,2584844,-1865951,1.4096986900034365,0.8950095688471991,False,1.4465619241680778
GOLD,5,4.0,D+1h+4h,0.2@0.4,10,False,18.42,49.3,1.25,679073,-597059,20.44,64.7,1.32,1575235,-1294921,19.29,56.3,1.3,2254307,-1294921,1.1373633091537017,1.2164718928799518,False,1.7769621546474081
GOLD,5,4.0,D+1h+4h,0.2@0.4,10,True,18.42,49.3,1.25,679073,-597059,20.44,64.7,1.32,1575235,-1294921,19.29,56.3,1.3,2254307,-1294921,1.1373633091537017,1.2164718928799518,False,1.7584813894966502
GOLD,5,4.0,D+1h+4h,0.25@0.5,0,False,12.75,53.6,1.12,242952,-401523,14.67,67.4,1.62,2452652,-1089226,13.57,60.0,1.45,2695603,-1089226,0.6050761724733079,2.2517383903799577,False,1.782840416212974
GOLD,5,4.0,D+1h+4h,0.25@0.5,0,True,12.75,53.6,1.12,242952,-401523,14.67,67.4,1.62,2452652,-1089226,13.57,60.0,1.45,2695603,-1089226,0.6050761724733079,2.2517383903799577,False,1.7724494289395103
GOLD,5,4.0,D+1h+4h,0.25@0.5,5,False,16.92,53.2,1.58,1520993,-451552,19.78,66.9,1.56,2957585,-1421813,18.14,59.6,1.57,4478578,-1421813,3.368367319821416,2.080150483924398,False,2.2703186287745836
GOLD,5,4.0,D+1h+4h,0.25@0.5,5,True,16.92,53.2,1.58,1520993,-451552,19.78,66.9,1.56,2957585,-1421813,18.14,59.6,1.57,4478578,-1421813,3.368367319821416,2.080150483924398,False,2.225839760107639
GOLD,5,4.0,D+1h+4h,0.25@0.5,10,False,16.75,53.2,1.51,1333920,-423465,19.0,66.7,1.59,2998599,-1193335,17.71,59.4,1.57,4332519,-1193335,3.15001239771882,2.5127889486187867,False,2.6180516958231275
GOLD,5,4.0,D+1h+4h,0.25@0.5,10,True,16.75,53.2,1.51,1333920,-423465,19.0,66.7,1.59,2998599,-1193335,17.71,59.4,1.57,4332519,-1193335,3.15001239771882,2.5127889486187867,False,2.611562115978518
GOLD,5,4.0,1h,0.1@0.3,10,False,46.92,22.4,0.83,-1316597,-1611824,44.67,36.8,1.37,3149315,-1659549,45.95,28.4,1.11,1832718,-1659549,-0.8168367017738909,1.897693288959832,False,-0.34212183806835594
GOLD,5,4.0,1h,0.1@0.3,10,True,46.92,22.4,0.83,-1316597,-1611824,44.67,36.8,1.37,3149315,-1659549,45.95,28.4,1.11,1832718,-1659549,-0.8168367017738909,1.897693288959832,False,-0.3421082858426203
GOLD,5,4.0,1h,0.15@0.3,0,False,31.58,29.3,0.8,-903535,-1053279,31.22,57.7,1.04,259505,-1663893,31.43,41.4,0.94,-644030,-1663893,-0.8578306412640905,0.15596255288050373,False,-0.45011940552716156
GOLD,5,4.0,1h,0.15@0.3,0,True,31.58,29.3,0.8,-903535,-1053279,31.22,57.7,1.04,259505,-1663893,31.43,41.4,0.94,-644030,-1663893,-0.8578306412640905,0.15596255288050373,False,-0.45011473135115876
GOLD,5,4.0,1h,0.1@0.3,0,False,31.58,19.8,0.9,-487207,-928054,31.22,36.3,1.13,793646,-1610761,31.43,26.8,1.03,306439,-1610761,-0.5249769948731432,0.4927149341212011,False,-0.37422953282602983
GOLD,5,4.0,1h,0.1@0.3,0,True,31.58,19.8,0.9,-487207,-928054,31.22,36.3,1.13,793646,-1610761,31.43,26.8,1.03,306439,-1610761,-0.5249769948731432,0.4927149341212011,False,-0.37422953282602983
GOLD,5,4.0,1h,0.1@0.3,5,False,50.0,21.2,0.81,-1495553,-1657819,48.0,36.1,1.33,3120140,-1691967,49.14,27.4,1.09,1624587,-1756186,-0.9021207984707619,1.8440903398234125,False,-0.41964539620199287
GOLD,5,4.0,1h,0.1@0.3,5,True,50.0,21.2,0.81,-1495553,-1657819,48.0,36.1,1.33,3120140,-1691967,49.14,27.4,1.09,1624587,-1756186,-0.9021207984707619,1.8440903398234125,False,-0.41964539620199287
GOLD,5,4.0,1h,0.15@0.3,5,False,54.25,29.6,0.8,-1602599,-1991442,50.33,56.5,1.23,2310478,-1747775,52.57,40.7,1.04,707879,-1991442,-0.8047429952767894,1.3219539128320292,False,-0.40742035343656346
GOLD,5,4.0,1h,0.15@0.3,5,True,54.25,29.6,0.8,-1602599,-1991442,50.33,56.5,1.23,2310478,-1747775,52.57,40.7,1.04,707879,-1991442,-0.8047429952767894,1.3219539128320292,False,-0.40741964375167206
GOLD,5,4.0,1h,0.15@0.3,10,False,51.08,30.8,0.78,-1683553,-2249367,46.56,59.7,1.26,2302625,-1561737,49.14,42.5,1.04,619071,-2249367,-0.748456343495748,1.4743999789977442,False,-0.32969844615584193
GOLD,5,4.0,1h,0.15@0.3,10,True,51.08,30.8,0.78,-1683553,-2249367,46.56,59.7,1.26,2302625,-1561737,49.14,42.5,1.04,619071,-2249367,-0.748456343495748,1.4743999789977442,False,-0.32968534907816216
GOLD,5,4.0,1h,0.2@0.4,0,False,31.5,41.3,0.97,-125767,-1094828,31.33,62.8,1.15,1054993,-1338407,31.43,50.5,1.08,929225,-1338407,-0.11487375185873945,0.7882452796496133,False,-0.21056339204634789
GOLD,5,4.0,1h,0.2@0.4,0,True,31.5,41.3,0.97,-125767,-1094828,31.33,62.8,1.15,1054993,-1338407,31.43,50.5,1.08,929225,-1338407,-0.11487375185873945,0.7882452796496133,False,-0.21055506443345107
GOLD,5,4.0,1h,0.2@0.4,5,False,47.83,41.3,0.93,-571622,-2065543,44.67,61.2,1.27,2979730,-1631871,46.48,49.5,1.13,2408108,-2065543,-0.2767417574942763,1.8259592823207227,False,0.15990579757107004
GOLD,5,4.0,1h,0.2@0.4,5,True,47.83,41.3,0.93,-571622,-2065543,44.67,61.2,1.27,2979730,-1631871,46.48,49.5,1.13,2408108,-2065543,-0.2767417574942763,1.8259592823207227,False,0.15993379782607878
GOLD,5,4.0,1h,0.2@0.4,10,False,46.42,41.5,0.93,-487780,-2086169,42.56,63.4,1.22,2179956,-1539896,44.76,50.4,1.1,1692176,-2086169,-0.23381614816441046,1.4156514465911985,False,0.2171142454586869
GOLD,5,4.0,1h,0.2@0.4,10,True,46.42,41.5,0.93,-487780,-2086169,42.56,63.4,1.22,2179956,-1539896,44.76,50.4,1.1,1692176,-2086169,-0.23381614816441046,1.4156514465911985,False,0.21714621741190054
GOLD,5,4.0,1h,0.25@0.5,0,False,31.5,46.6,0.97,-191131,-1116815,31.33,62.8,1.49,3831676,-1347128,31.43,53.5,1.27,3640545,-1347128,-0.1711393561153817,2.844329566306988,False,0.11317776664239194
GOLD,5,4.0,1h,0.25@0.5,0,True,31.5,46.6,0.97,-191131,-1116815,31.33,62.8,1.49,3831676,-1347128,31.43,53.5,1.27,3640545,-1347128,-0.1711393561153817,2.844329566306988,False,0.11322696595960312
GOLD,5,4.0,1h,0.25@0.5,5,False,42.92,46.6,1.03,252696,-1338413,41.56,62.8,1.43,4575523,-2004990,42.33,53.4,1.26,4828218,-2004990,0.18880270887984502,2.2820677409862395,False,0.6705209176605247
GOLD,5,4.0,1h,0.25@0.5,5,True,42.92,46.6,1.03,252696,-1338413,41.56,62.8,1.43,4575523,-2004990,42.33,53.4,1.26,4828218,-2004990,0.18880270887984502,2.2820677409862395,False,0.670570298109405
GOLD,5,4.0,1h,0.25@0.5,10,False,42.08,47.1,1.03,207940,-1390731,40.11,62.3,1.4,4211830,-2164016,41.24,53.5,1.24,4419769,-2164016,0.14951849063550032,1.946302615137781,False,0.7387031806587645
GOLD,5,4.0,1h,0.25@0.5,10,True,42.08,47.1,1.03,207940,-1390731,40.11,62.3,1.4,4211830,-2164016,41.24,53.5,1.24,4419769,-2164016,0.14951849063550032,1.946302615137781,False,0.7387727159537307
GOLD,5,4.0,1h+4h,0.1@0.3,0,False,18.25,21.9,0.9,-297570,-620518,18.11,39.3,0.92,-339821,-2299997,18.19,29.3,0.91,-637391,-2299997,-0.47955095581433577,-0.14774845358493946,False,-0.04769099365150431
GOLD,5,4.0,1h+4h,0.1@0.3,0,True,18.25,21.9,0.9,-297570,-620518,18.11,39.3,0.92,-339821,-2299997,18.19,29.3,0.91,-637391,-2299997,-0.47955095581433577,-0.14774845358493946,False,-0.04762637162391181
GOLD,5,4.0,1h+4h,0.1@0.3,5,False,28.58,22.7,0.95,-219714,-924997,29.78,40.3,1.21,1292056,-1927732,29.1,30.4,1.1,1072342,-1927732,-0.23752941901433194,0.6702466940425329,False,-0.09842155727955235
GOLD,5,4.0,1h+4h,0.1@0.3,5,True,28.58,22.7,0.95,-219714,-924997,29.78,40.3,1.21,1292056,-1927732,29.1,30.4,1.1,1072342,-1927732,-0.23752941901433194,0.6702466940425329,False,-0.09834937697784124
GOLD,5,4.0,1h+4h,0.1@0.3,10,False,26.83,23.9,0.97,-146421,-851991,26.89,42.1,1.3,1710144,-1787004,26.86,31.7,1.16,1563724,-1787004,-0.17185744919840704,0.9569894639295715,False,0.09813756189001549
GOLD,5,4.0,1h+4h,0.1@0.3,10,True,26.83,23.9,0.97,-146421,-851991,26.89,42.1,1.3,1710144,-1787004,26.86,31.7,1.16,1563724,-1787004,-0.17185744919840704,0.9569894639295715,False,0.09822321243693538
GOLD,5,4.0,1h+4h,0.15@0.3,0,False,18.25,32.0,0.71,-801951,-936800,18.11,57.1,0.95,-194643,-2144922,18.19,42.7,0.85,-996595,-2144922,-0.856053586678053,-0.09074595719564628,False,-0.1423757201084975
GOLD,5,4.0,1h+4h,0.15@0.3,0,True,18.25,32.0,0.71,-801951,-936800,18.11,57.1,0.95,-194643,-2144922,18.19,42.7,0.85,-996595,-2144922,-0.856053586678053,-0.09074595719564628,False,-0.14231119736681228
GOLD,5,4.0,1h+4h,0.15@0.3,5,False,30.5,32.8,0.93,-289364,-941124,30.89,56.8,1.24,1495741,-1715105,30.67,43.2,1.11,1206377,-1715105,-0.30746639125131225,0.8720987927852814,False,-0.1291813521458737
GOLD,5,4.0,1h+4h,0.15@0.3,5,True,30.5,32.8,0.93,-289364,-941124,30.89,56.8,1.24,1495741,-1715105,30.67,43.2,1.11,1206377,-1715105,-0.30746639125131225,0.8720987927852814,False,-0.1291422137627714
GOLD,5,4.0,1h+4h,0.15@0.3,10,False,28.33,34.7,0.92,-321717,-806354,27.67,59.8,1.34,1959839,-1590891,28.05,45.3,1.16,1638122,-1590891,-0.39897737222113366,1.2319128086085094,False,0.07418357816177881
GOLD,5,4.0,1h+4h,0.15@0.3,10,True,28.33,34.7,0.92,-321717,-806354,27.67,59.8,1.34,1959839,-1590891,28.05,45.3,1.16,1638122,-1590891,-0.39897737222113366,1.2319128086085094,False,0.07426980001322055
GOLD,5,4.0,1h+4h,0.2@0.4,0,False,18.25,47.5,0.95,-144166,-797492,18.11,62.0,1.2,915054,-1167844,18.19,53.7,1.1,770888,-1167844,-0.18077422720227915,0.7835412948989763,False,0.18384450960527254
GOLD,5,4.0,1h+4h,0.2@0.4,0,True,18.25,47.5,0.95,-144166,-797492,18.11,62.0,1.2,915054,-1167844,18.19,53.7,1.1,770888,-1167844,-0.18077422720227915,0.7835412948989763,False,0.1839293328926922
GOLD,5,4.0,1h+4h,0.2@0.4,5,False,26.75,48.6,1.15,608036,-909838,27.22,61.6,1.28,1981068,-1677477,26.95,54.2,1.23,2589104,-1677477,0.6682903989501427,1.180980722835544,False,0.5956025589638384
GOLD,5,4.0,1h+4h,0.2@0.4,5,True,26.75,48.6,1.15,608036,-909838,27.22,61.6,1.28,1981068,-1677477,26.95,54.2,1.23,2589104,-1677477,0.6682903989501427,1.180980722835544,False,0.595756356963115
GOLD,5,4.0,1h+4h,0.2@0.4,10,False,26.25,48.9,1.11,425411,-799555,25.11,64.2,1.32,1926656,-1219825,25.76,55.3,1.24,2352067,-1219825,0.5320597082126933,1.5794527903592728,False,0.6748083695681847
GOLD,5,4.0,1h+4h,0.2@0.4,10,True,26.25,48.9,1.11,425411,-799555,25.11,64.2,1.32,1926656,-1219825,25.76,55.3,1.24,2352067,-1219825,0.5320597082126933,1.5794527903592728,False,0.674954150665629
GOLD,5,4.0,1h+4h,0.25@0.5,0,False,18.25,51.1,1.03,93760,-658316,18.11,65.0,1.44,2200670,-1111162,18.19,57.1,1.28,2294430,-1111162,0.1424240030623591,1.9805122925370018,False,0.6546383762241677
GOLD,5,4.0,1h+4h,0.25@0.5,0,True,18.25,51.1,1.03,93760,-658316,18.11,65.0,1.44,2200670,-1111162,18.19,57.1,1.28,2294430,-1111162,0.1424240030623591,1.9805122925370018,False,0.6548542720479034
GOLD,5,4.0,1h+4h,0.25@0.5,5,False,24.17,51.4,1.3,1230444,-690255,25.0,65.3,1.45,2970921,-1530155,24.52,57.5,1.39,4201366,-1530155,1.7825933893995698,1.9415817351836906,False,1.0789820143163023
GOLD,5,4.0,1h+4h,0.25@0.5,5,True,24.17,51.4,1.3,1230444,-690255,25.0,65.3,1.45,2970921,-1530155,24.52,57.5,1.39,4201366,-1530155,1.7825933893995698,1.9415817351836906,False,1.079263576425009
GOLD,5,4.0,1h+4h,0.25@0.5,10,False,23.83,51.7,1.27,1081725,-690255,23.89,65.1,1.46,2967420,-1418751,23.86,57.5,1.39,4049145,-1418751,1.5671382315231328,2.091572094046101,False,1.1402294718232282
GOLD,5,4.0,1h+4h,0.25@0.5,10,True,23.83,51.7,1.27,1081725,-690255,23.89,65.1,1.46,2967420,-1418751,23.86,57.5,1.39,4049145,-1418751,1.5671382315231328,2.091572094046101,False,1.1406067037139418
GOLD,5,5.0,D,0.1@0.3,0,False,22.33,30.2,1.14,529975,-764947,22.67,47.5,0.97,-177683,-3122084,22.48,37.7,1.03,352291,-3122084,0.6928257774721648,-0.056911665413230395,False,0.8073779899287588
GOLD,5,5.0,D,0.1@0.3,0,True,22.33,29.1,1.13,335056,-684406,22.67,45.6,1.14,655646,-1809092,22.48,36.2,1.14,990702,-1809092,0.4895573679950205,0.3624171683916573,False,0.3690397279097124
GOLD,5,5.0,D,0.1@0.3,5,False,31.0,29.8,1.15,799208,-857166,34.33,47.6,1.12,1050908,-2148180,32.43,37.9,1.13,1850116,-2148180,0.9323841589610414,0.4892085393216583,False,0.7134778927790109
GOLD,5,5.0,D,0.1@0.3,5,True,71.33,20.4,0.7,-2217433,-3024172,61.78,35.3,0.88,-1081550,-3551764,67.24,26.3,0.8,-3298983,-3551764,-0.7332364032204517,-0.3045106600551163,False,-0.24629045556313547
GOLD,5,5.0,D,0.1@0.3,10,False,29.75,29.4,1.15,787197,-837751,33.56,48.3,1.09,779988,-2084811,31.38,38.1,1.12,1567185,-2084811,0.9396551003818557,0.3741288778695047,False,0.9230260215344503
GOLD,5,5.0,D,0.1@0.3,10,True,58.5,21.2,0.78,-1416413,-2439997,50.78,38.3,0.96,-312837,-2788194,55.19,28.0,0.88,-1729251,-2788194,-0.5804978448743995,-0.11220058575551056,False,-0.22353198311599773
GOLD,5,5.0,D,0.15@0.3,0,False,22.33,42.9,1.13,479515,-885645,22.67,67.6,1.01,80350,-2913399,22.48,53.6,1.06,559865,-2913399,0.541430257044301,0.027579469890667223,False,0.6665449141885972
GOLD,5,5.0,D,0.15@0.3,0,True,22.33,37.3,1.13,317328,-654549,22.67,56.9,1.27,1136266,-1351745,22.48,45.8,1.22,1453594,-1351745,0.48480404064477983,0.8405919755575201,False,0.31475129802130997
GOLD,5,5.0,D,0.15@0.3,5,False,33.08,42.1,1.09,489174,-1097748,36.33,67.0,1.2,1689138,-1662267,34.48,53.3,1.16,2178312,-1662267,0.4456159337115622,1.0161652730878974,False,0.7591481018333521
GOLD,5,5.0,D,0.15@0.3,5,True,72.5,24.9,0.68,-2350316,-3113602,62.89,43.1,0.98,-219933,-2850494,68.38,32.1,0.84,-2570249,-3113602,-0.7548543455457698,-0.07715609996021743,False,-0.3457489026886011
GOLD,5,5.0,D,0.15@0.3,10,False,31.42,40.8,1.13,679237,-1045299,35.11,68.7,1.18,1418355,-2348223,33.0,53.5,1.16,2097591,-2348223,0.6498016357042339,0.604012055073134,False,0.9025385430294157
GOLD,5,5.0,D,0.15@0.3,10,True,59.67,26.1,0.76,-1555394,-2526416,51.78,47.2,1.06,466196,-2174671,56.29,34.4,0.92,-1089197,-2526416,-0.615652370789292,0.21437541586750364,False,-0.3045650380935299
GOLD,5,5.0,D,0.2@0.4,0,False,22.33,51.5,1.08,327364,-738007,22.67,64.7,0.89,-841710,-3797343,22.48,57.2,0.96,-514346,-3797343,0.44357844844290095,-0.22165761691793445,False,1.1017120142423686
GOLD,5,5.0,D,0.2@0.4,0,True,22.33,43.7,1.08,212826,-603118,22.67,55.4,1.08,429400,-1991759,22.48,48.7,1.08,642227,-1991759,0.3528762199105316,0.21558833172085579,False,0.5985561913523634
GOLD,5,5.0,D,0.2@0.4,5,False,29.08,52.4,1.16,903565,-737295,34.11,69.1,1.13,1174279,-2086590,31.24,60.2,1.14,2077844,-2086590,1.2255135325751565,0.5627741913840285,False,1.2571615300027104
GOLD,5,5.0,D,0.2@0.4,5,True,69.83,27.7,0.76,-1739583,-2680464,60.56,42.2,0.94,-561002,-3049479,65.86,33.4,0.87,-2300585,-3049479,-0.6489857726125029,-0.18396650706563317,False,-0.035412890848378925
GOLD,5,5.0,D,0.2@0.4,10,False,28.17,51.5,1.12,697796,-908591,33.0,69.0,1.14,1282398,-2329036,30.24,59.7,1.13,1980194,-2329036,0.7679979220573393,0.550613215081261,False,1.4021383115803707
GOLD,5,5.0,D,0.2@0.4,10,True,57.25,29.4,0.82,-1152660,-2294098,49.67,46.1,1.02,163706,-2387332,54.0,36.0,0.93,-988954,-2387332,-0.5024458414592576,0.06857278334140371,False,-0.052008760089947245
GOLD,5,5.0,D,0.25@0.5,0,False,22.33,54.1,1.23,1099235,-786881,22.67,60.8,0.93,-619988,-3515416,22.48,57.0,1.03,479247,-3515416,1.3969520168869245,-0.17636262678442607,False,1.7934894053476174
GOLD,5,5.0,D,0.25@0.5,0,True,22.33,45.9,1.38,1112453,-562421,22.67,52.0,1.3,1690413,-1251341,22.48,48.5,1.33,2802865,-1251341,1.977972017403333,1.3508811746758078,False,1.0197079684455654
GOLD,5,5.0,D,0.25@0.5,5,False,27.42,53.2,1.22,1284364,-809372,31.89,63.4,1.0,-33755,-3012607,29.33,58.0,1.07,1250609,-3012607,1.58686487795476,-0.011204581281262374,False,1.8493615860301862
GOLD,5,5.0,D,0.25@0.5,5,True,68.83,28.1,0.82,-1311635,-2549145,59.22,40.2,1.0,-47130,-2511445,64.71,32.8,0.92,-1358765,-2549145,-0.5145391886299132,-0.01876608884526637,False,0.3569048877980634
GOLD,5,5.0,D,0.25@0.5,10,False,26.75,52.6,1.22,1280856,-766258,30.89,63.7,1.02,195128,-3142793,28.52,57.8,1.08,1475983,-3142793,1.6715727600886385,0.06208744896657209,False,1.8428455313098009
GOLD,5,5.0,D,0.25@0.5,10,True,56.33,30.0,0.92,-513516,-1973525,48.22,43.5,1.07,660457,-2188283,52.86,35.3,1.01,146942,-2188283,-0.26020242966265944,0.3018151674166458,False,0.35056868033149596
GOLD,5,5.0,D+1h,0.1@0.3,0,False,12.67,28.9,1.42,773618,-333766,14.0,49.2,1.35,1229141,-1193465,13.24,38.1,1.37,2002759,-1193465,2.317845436623263,1.0298927911585174,False,1.4385104304569407
GOLD,5,5.0,D+1h,0.1@0.3,0,True,12.67,28.9,1.42,773618,-333766,14.0,49.2,1.35,1229141,-1193465,13.24,38.1,1.37,2002759,-1193465,2.317845436623263,1.0298927911585174,False,1.5000067493298173
GOLD,5,5.0,D+1h,0.1@0.3,5,False,20.67,26.2,1.22,727217,-809373,22.56,47.3,1.26,1398352,-1360920,21.48,35.7,1.25,2125569,-1360920,0.898494266549539,1.0275049231402287,False,1.2057546876736938
GOLD,5,5.0,D+1h,0.1@0.3,5,True,20.67,26.2,1.22,727217,-809373,22.56,47.3,1.26,1398352,-1360920,21.48,35.7,1.25,2125569,-1360920,0.898494266549539,1.0275049231402287,False,1.0008014606570546
GOLD,5,5.0,D+1h,0.1@0.3,10,False,19.75,27.0,1.23,765907,-736102,22.0,48.5,1.31,1562402,-1302937,20.71,36.8,1.28,2328309,-1302937,1.0404903124838678,1.1991385615728158,False,1.3591298072809133
GOLD,5,5.0,D+1h,0.1@0.3,10,True,19.75,27.0,1.23,765907,-736102,22.0,48.5,1.31,1562402,-1302937,20.71,36.8,1.28,2328309,-1302937,1.0404903124838678,1.1991385615728158,False,1.1748063525283434
GOLD,5,5.0,D+1h,0.15@0.3,0,False,12.67,43.4,1.43,748918,-328860,14.0,66.7,1.54,1706642,-959289,13.24,54.0,1.5,2455561,-959289,2.2773155750167247,1.779069706834958,False,1.381757763104575
GOLD,5,5.0,D+1h,0.15@0.3,0,True,12.67,43.4,1.43,748918,-328860,14.0,66.7,1.54,1706642,-959289,13.24,54.0,1.5,2455561,-959289,2.2773155750167247,1.779069706834958,False,1.447273754897939
GOLD,5,5.0,D+1h,0.15@0.3,5,False,21.83,41.6,1.18,601945,-920750,23.67,66.2,1.44,2272387,-1103768,22.62,52.6,1.34,2874332,-1103768,0.6537550909584577,2.0587541947220793,False,1.2357835587180868
GOLD,5,5.0,D+1h,0.15@0.3,5,True,21.83,41.6,1.18,601945,-920750,23.67,66.2,1.44,2272387,-1103768,22.62,52.6,1.34,2874332,-1103768,0.6537550909584577,2.0587541947220793,False,1.1031807675703535
GOLD,5,5.0,D+1h,0.15@0.3,10,False,20.92,40.6,1.19,629098,-826787,23.0,67.1,1.48,2324528,-1165460,21.81,52.6,1.36,2953626,-1165460,0.7608948858654043,1.9945154702864105,False,1.2982232474614646
GOLD,5,5.0,D+1h,0.15@0.3,10,True,20.92,40.6,1.19,629098,-826787,23.0,67.1,1.48,2324528,-1165460,21.81,52.6,1.36,2953626,-1165460,0.7608948858654043,1.9945154702864105,False,1.1535591912373289
GOLD,5,5.0,D+1h,0.2@0.4,0,False,12.67,54.6,1.35,660913,-331119,14.0,64.3,1.24,980024,-1399003,13.24,59.0,1.27,1640938,-1399003,1.9959984174873686,0.7005160103302137,False,1.7835414676983765
GOLD,5,5.0,D+1h,0.2@0.4,0,True,12.67,54.6,1.35,660913,-331119,14.0,64.3,1.24,980024,-1399003,13.24,59.0,1.27,1640938,-1399003,1.9959984174873686,0.7005160103302137,False,1.8587618175921123
GOLD,5,5.0,D+1h,0.2@0.4,5,False,19.0,53.1,1.46,1429545,-545311,21.22,67.5,1.33,1965635,-1267147,19.95,59.7,1.38,3395180,-1267147,2.6215223973108923,1.5512288629496025,False,2.2022708615722806
GOLD,5,5.0,D+1h,0.2@0.4,5,True,19.0,53.1,1.46,1429545,-545311,21.22,67.5,1.33,1965635,-1267147,19.95,59.7,1.38,3395180,-1267147,2.6215223973108923,1.5512288629496025,False,2.0308289406561246
GOLD,5,5.0,D+1h,0.2@0.4,10,False,18.33,52.7,1.39,1254140,-691897,20.78,67.4,1.37,2097071,-1372233,19.38,59.5,1.38,3351211,-1372233,1.812610836584058,1.5282178755357143,False,2.346125692974023
GOLD,5,5.0,D+1h,0.2@0.4,10,True,18.33,52.7,1.39,1254140,-691897,20.78,67.4,1.37,2097071,-1372233,19.38,59.5,1.38,3351211,-1372233,1.812610836584058,1.5282178755357143,False,2.2479964822644134
GOLD,5,5.0,D+1h,0.25@0.5,0,False,12.67,58.6,1.72,1550237,-379841,14.0,59.5,1.48,2246897,-1039530,13.24,59.0,1.55,3797134,-1039530,4.081278745580388,2.161454695872173,False,2.136420412679467
GOLD,5,5.0,D+1h,0.25@0.5,0,True,12.67,58.6,1.72,1550237,-379841,14.0,59.5,1.48,2246897,-1039530,13.24,59.0,1.55,3797134,-1039530,4.081278745580388,2.161454695872173,False,2.3979470212789407
GOLD,5,5.0,D+1h,0.25@0.5,5,False,17.58,57.3,1.63,2006353,-630352,20.0,63.3,1.37,2401076,-1848276,18.62,60.1,1.45,4407429,-1848276,3.182908914384344,1.2990895299186918,False,2.9044546220224814
GOLD,5,5.0,D+1h,0.25@0.5,5,True,17.58,57.3,1.63,2006353,-630352,20.0,63.3,1.37,2401076,-1848276,18.62,60.1,1.45,4407429,-1848276,3.182908914384344,1.2990895299186918,False,2.705664534795194
GOLD,5,5.0,D+1h,0.25@0.5,10,False,17.0,57.4,1.66,2042144,-569999,19.44,62.9,1.39,2523018,-1724674,18.05,59.9,1.48,4565161,-1724674,3.5827150573948376,1.4628955965011359,False,2.916279431966602
GOLD,5,5.0,D+1h,0.25@0.5,10,True,17.0,57.4,1.66,2042144,-569999,19.44,62.9,1.39,2523018,-1724674,18.05,59.9,1.48,4565161,-1724674,3.5827150573948376,1.4628955965011359,False,2.77076955612173
GOLD,5,5.0,D+4h,0.1@0.3,0,False,13.92,26.9,1.14,320408,-635660,16.0,49.3,1.22,995647,-1989675,14.81,37.3,1.19,1316055,-1989675,0.5040556272220998,0.5004068503650093,False,0.8414897152244952
GOLD,5,5.0,D+4h,0.1@0.3,0,True,13.92,28.1,1.41,596017,-450747,16.0,47.9,1.32,1121014,-1372115,14.81,37.3,1.35,1717031,-1372115,1.3222872254280118,0.8169971175885403,False,1.0536428547108143
GOLD,5,5.0,D+4h,0.1@0.3,5,False,19.33,26.7,1.17,567768,-893134,24.78,49.3,1.27,1620276,-1619327,21.67,37.8,1.24,2188044,-1619327,0.6357030412009844,1.000586045931427,False,0.7122694795580259
GOLD,5,5.0,D+4h,0.1@0.3,5,True,32.0,21.9,1.02,60799,-1298067,43.67,36.4,1.08,532657,-1969730,37.0,29.2,1.06,593456,-1969730,0.04683810619944887,0.2704213267808278,False,0.5396851453075259
GOLD,5,5.0,D+4h,0.1@0.3,10,False,18.5,27.0,1.19,620317,-831008,23.67,49.8,1.32,1769954,-1425186,20.71,38.2,1.27,2390271,-1425186,0.7464633312796026,1.2419108804043824,False,0.9703993203680991
GOLD,5,5.0,D+4h,0.1@0.3,10,True,27.17,23.6,1.14,435084,-1027640,35.56,40.0,1.21,1156391,-1324590,30.76,31.7,1.19,1591475,-1324590,0.4233817290101592,0.8730180659675825,False,0.7032159691837547
GOLD,5,5.0,D+4h,0.15@0.3,0,False,13.92,40.7,1.21,457804,-643762,16.0,68.8,1.41,1616833,-1383348,14.81,53.7,1.33,2074637,-1383348,0.7111385884845641,1.1687825478476854,False,0.8014183830206687
GOLD,5,5.0,D+4h,0.15@0.3,0,True,13.92,38.3,1.47,656770,-441247,16.0,59.0,1.5,1542991,-967746,14.81,47.9,1.49,2199761,-967746,1.4884407146110907,1.5944173367805188,False,1.086231713781155
GOLD,5,5.0,D+4h,0.15@0.3,5,False,20.5,39.0,1.11,397597,-1038189,26.22,68.2,1.42,2442009,-1085723,22.95,53.3,1.31,2839607,-1085723,0.3829716939786494,2.249200762993876,False,0.6461148184602271
GOLD,5,5.0,D+4h,0.15@0.3,5,True,32.75,28.5,1.0,-10866,-1394593,44.67,44.8,1.21,1283231,-1751041,37.86,36.7,1.13,1272365,-1751041,-0.007791520536816117,0.7328389226751401,False,0.46676138100231596
GOLD,5,5.0,D+4h,0.15@0.3,10,False,19.33,38.4,1.19,608179,-905888,24.78,68.6,1.47,2451276,-988118,21.67,53.2,1.36,3059455,-988118,0.6713622434561447,2.480752298814514,False,0.8729717298914818
GOLD,5,5.0,D+4h,0.15@0.3,10,True,27.83,30.2,1.12,381856,-1105190,36.44,48.5,1.34,1816886,-1310815,31.52,39.3,1.26,2198741,-1310815,0.3455116314841792,1.3860735496618517,False,0.6420768683221666
GOLD,5,5.0,D+4h,0.2@0.4,0,False,13.92,48.5,1.02,57332,-790772,16.0,66.7,1.14,718794,-2252225,14.81,56.9,1.1,776125,-2252225,0.0725013025246215,0.3191483976956121,False,0.732825514909941
GOLD,5,5.0,D+4h,0.2@0.4,0,True,13.92,44.9,1.33,478687,-483216,16.0,59.0,1.23,880182,-1565219,14.81,51.4,1.26,1358870,-1565219,0.9906273798880831,0.5623379220415802,False,1.0558038682486661
GOLD,5,5.0,D+4h,0.2@0.4,5,False,18.83,48.7,1.12,428911,-1016579,25.0,71.1,1.29,1942186,-1201805,21.48,59.9,1.23,2371097,-1201805,0.42191605374496227,1.6160575134901252,False,0.941652708682495
GOLD,5,5.0,D+4h,0.2@0.4,5,True,31.75,32.8,1.08,276152,-1154905,43.22,44.7,1.14,926300,-1762148,36.67,38.8,1.12,1202452,-1762148,0.23911230793874821,0.525665267616568,False,0.8971326212708438
GOLD,5,5.0,D+4h,0.2@0.4,10,False,18.08,48.4,1.15,504515,-890069,24.0,70.8,1.34,2102309,-999825,20.62,59.6,1.27,2606824,-999825,0.5668268415145342,2.102676968469482,False,1.2642632617651113
GOLD,5,5.0,D+4h,0.2@0.4,10,True,26.92,35.6,1.22,656975,-866894,35.44,49.2,1.24,1443562,-1343333,30.57,42.4,1.23,2100536,-1343333,0.7578492872254278,1.074612177323121,False,1.0968932803752802
GOLD,5,5.0,D+4h,0.25@0.5,0,False,13.92,53.9,1.3,814010,-912698,16.0,61.1,1.13,862150,-2055743,14.81,57.2,1.17,1676160,-2055743,0.8918722293683125,0.4193860808476546,False,1.5386611470802145
GOLD,5,5.0,D+4h,0.25@0.5,0,True,13.92,47.9,1.83,1348566,-460872,16.0,53.5,1.48,2092889,-1148685,14.81,50.5,1.58,3441455,-1148685,2.9261183148466388,1.8219868806504829,False,1.7205219619810168
GOLD,5,5.0,D+4h,0.25@0.5,5,False,17.92,53.0,1.21,771434,-1137513,22.56,63.5,1.11,956163,-2320585,19.9,58.1,1.14,1727597,-2320585,0.6781759856810428,0.4120353272989354,False,1.3877446887797225
GOLD,5,5.0,D+4h,0.25@0.5,5,True,30.83,34.1,1.19,669504,-1129223,41.67,41.1,1.19,1444756,-1689032,35.48,37.6,1.19,2114260,-1689032,0.5928890927655565,0.8553751497899389,False,1.4654145172014539
GOLD,5,5.0,D+4h,0.25@0.5,10,False,17.33,52.4,1.21,779031,-1080700,22.33,64.2,1.11,927563,-2386559,19.48,58.2,1.14,1706594,-2386559,0.7208577773665217,0.3886612482658086,False,1.6002506068220979
GOLD,5,5.0,D+4h,0.25@0.5,10,True,26.08,37.1,1.34,1029986,-860089,34.22,45.1,1.26,1779345,-1602813,29.57,41.1,1.28,2809331,-1602813,1.1975342086691028,1.1101388621130475,False,1.5823629756969393
GOLD,5,5.0,D+1h+4h,0.1@0.3,0,False,9.08,31.2,1.82,882006,-310211,10.11,50.5,1.51,1451960,-1077378,9.52,40.0,1.59,2333966,-1077378,2.8432454039347412,1.3476792731984504,False,1.7245883937354969
GOLD,5,5.0,D+1h+4h,0.1@0.3,0,True,9.08,31.2,1.82,882006,-310211,10.11,50.5,1.51,1451960,-1077378,9.52,40.0,1.59,2333966,-1077378,2.8432454039347412,1.3476792731984504,False,1.8064115535560876
GOLD,5,5.0,D+1h+4h,0.1@0.3,5,False,14.42,28.9,1.5,1024851,-433426,16.78,49.0,1.49,1943162,-882128,15.43,38.3,1.5,2968012,-882128,2.364535122489191,2.202811836830936,False,2.1006609787802506
GOLD,5,5.0,D+1h+4h,0.1@0.3,5,True,14.42,28.9,1.5,1024851,-433426,16.78,49.0,1.49,1943162,-882128,15.43,38.3,1.5,2968012,-882128,2.364535122489191,2.202811836830936,False,2.0471278028710196
GOLD,5,5.0,D+1h+4h,0.1@0.3,10,False,13.92,29.9,1.52,1048177,-433426,16.0,50.7,1.61,2215263,-820364,14.81,39.5,1.58,3263440,-820364,2.418352844545551,2.700341555699665,False,2.323783701851005
GOLD,5,5.0,D+1h+4h,0.1@0.3,10,True,13.92,29.9,1.52,1048177,-433426,16.0,50.7,1.61,2215263,-820364,14.81,39.5,1.58,3263440,-820364,2.418352844545551,2.700341555699665,False,2.2914755416240604
GOLD,5,5.0,D+1h+4h,0.15@0.3,0,False,9.08,46.8,1.94,942759,-283285,10.11,67.0,1.75,1870818,-612950,9.52,56.0,1.81,2813577,-612950,3.327952415412041,3.0521543355901786,False,1.7798601025638243
GOLD,5,5.0,D+1h+4h,0.15@0.3,0,True,9.08,46.8,1.94,942759,-283285,10.11,67.0,1.75,1870818,-612950,9.52,56.0,1.81,2813577,-612950,3.327952415412041,3.0521543355901786,False,1.8505239322116906
GOLD,5,5.0,D+1h+4h,0.15@0.3,5,False,15.17,44.5,1.45,963413,-515555,17.78,68.1,1.74,2730934,-622095,16.29,55.6,1.63,3694348,-622095,1.8686910222963602,4.389898648920181,False,2.237103604596816
GOLD,5,5.0,D+1h+4h,0.15@0.3,5,True,15.17,44.5,1.45,963413,-515555,17.78,68.1,1.74,2730934,-622095,16.29,55.6,1.63,3694348,-622095,1.8686910222963602,4.389898648920181,False,2.204540003387194
GOLD,5,5.0,D+1h+4h,0.15@0.3,10,False,14.58,44.0,1.48,1005177,-481469,16.89,67.8,1.84,2871544,-685881,15.57,55.0,1.7,3876721,-685881,2.087729428062866,4.186650453941719,False,2.4182054658767123
GOLD,5,5.0,D+1h+4h,0.15@0.3,10,True,14.58,44.0,1.48,1005177,-481469,16.89,67.8,1.84,2871544,-685881,15.57,55.0,1.7,3876721,-685881,2.087729428062866,4.186650453941719,False,2.38858268297017
GOLD,5,5.0,D+1h+4h,0.2@0.4,0,False,9.08,56.9,1.72,764676,-331119,10.11,67.0,1.38,1188258,-1190770,9.52,61.5,1.46,1952934,-1190770,2.30936913919165,0.9978904406392503,False,1.9318598143249668
GOLD,5,5.0,D+1h+4h,0.2@0.4,0,True,9.08,56.9,1.72,764676,-331119,10.11,67.0,1.38,1188258,-1190770,9.52,61.5,1.46,1952934,-1190770,2.30936913919165,0.9978904406392503,False,2.0153258213580085
GOLD,5,5.0,D+1h+4h,0.2@0.4,5,False,13.75,55.2,1.78,1493416,-354960,16.33,70.7,1.54,2335416,-673647,14.86,62.5,1.61,3828831,-673647,4.20727969348659,3.466824612890728,False,2.851381641189317
GOLD,5,5.0,D+1h+4h,0.2@0.4,5,True,13.75,55.2,1.78,1493416,-354960,16.33,70.7,1.54,2335416,-673647,14.86,62.5,1.61,3828831,-673647,4.20727969348659,3.466824612890728,False,2.8361479957054665
GOLD,5,5.0,D+1h+4h,0.2@0.4,10,False,13.25,55.3,1.81,1523280,-320874,15.89,70.6,1.6,2497182,-778733,14.38,62.6,1.67,4020462,-778733,4.74728398062791,3.2067242559388136,False,3.1087413421547425
GOLD,5,5.0,D+1h+4h,0.2@0.4,10,True,13.25,55.3,1.81,1523280,-320874,15.89,70.6,1.6,2497182,-778733,14.38,62.6,1.67,4020462,-778733,4.74728398062791,3.2067242559388136,False,3.126107019037551
GOLD,5,5.0,D+1h+4h,0.25@0.5,0,False,9.08,61.5,2.33,1634554,-319937,10.11,59.3,1.65,2406825,-1054801,9.52,60.5,1.81,4041379,-1054801,5.108987081831736,2.2817811132147203,False,2.542877623338017
GOLD,5,5.0,D+1h+4h,0.25@0.5,0,True,9.08,61.5,2.33,1634554,-319937,10.11,59.3,1.65,2406825,-1054801,9.52,60.5,1.81,4041379,-1054801,5.108987081831736,2.2817811132147203,False,2.746302231885849
GOLD,5,5.0,D+1h+4h,0.25@0.5,5,False,12.67,59.2,1.99,1957410,-364611,14.78,63.9,1.58,2842018,-1409364,13.57,61.4,1.7,4799427,-1409364,5.368488608407317,2.0165251844094216,False,3.838952182303266
GOLD,5,5.0,D+1h+4h,0.25@0.5,5,True,12.67,59.2,1.99,1957410,-364611,14.78,63.9,1.58,2842018,-1409364,13.57,61.4,1.7,4799427,-1409364,5.368488608407317,2.0165251844094216,False,3.831198828401858
GOLD,5,5.0,D+1h+4h,0.25@0.5,10,False,12.25,59.2,2.01,1966934,-330525,14.67,63.6,1.57,2821112,-1323815,13.29,61.3,1.69,4788045,-1323815,5.950938658195295,2.131047011855886,False,3.8230298508135014
GOLD,5,5.0,D+1h+4h,0.25@0.5,10,True,12.25,59.2,2.01,1966934,-330525,14.67,63.6,1.57,2821112,-1323815,13.29,61.3,1.69,4788045,-1323815,5.950938658195295,2.131047011855886,False,3.87069749394376
GOLD,5,5.0,1h,0.1@0.3,0,False,22.5,27.0,0.95,-183100,-751035,21.56,47.4,1.27,1466137,-1720057,22.1,35.6,1.14,1283037,-1720057,-0.24379689362013754,0.852376985181305,False,0.35488311049828847
GOLD,5,5.0,1h,0.1@0.3,0,True,22.5,27.0,0.95,-183100,-751035,21.56,47.4,1.27,1466137,-1720057,22.1,35.6,1.14,1283037,-1720057,-0.24379689362013754,0.852376985181305,False,0.35488311049828847
GOLD,5,5.0,1h,0.1@0.3,5,False,37.25,27.1,0.91,-612427,-1759276,34.0,47.4,1.37,3031433,-1576614,35.86,35.3,1.16,2419006,-1759276,-0.348113087429147,1.9227490051464722,False,0.278374865034517
GOLD,5,5.0,1h,0.1@0.3,5,True,37.25,27.1,0.91,-612427,-1759276,34.0,47.4,1.37,3031433,-1576614,35.86,35.3,1.16,2419006,-1759276,-0.348113087429147,1.9227490051464722,False,0.278374865034517
GOLD,5,5.0,1h,0.1@0.3,10,False,35.67,27.8,0.91,-602254,-1492407,32.78,48.1,1.4,3084419,-1148999,34.43,36.1,1.17,2482165,-1492407,-0.4035454135500571,2.6844401083029665,False,0.3663290704468988
GOLD,5,5.0,1h,0.1@0.3,10,True,35.67,27.8,0.91,-602254,-1492407,32.78,48.1,1.4,3084419,-1148999,34.43,36.1,1.17,2482165,-1492407,-0.4035454135500571,2.6844401083029665,False,0.3663290704468988
GOLD,5,5.0,1h,0.15@0.3,0,False,22.5,41.1,0.95,-171454,-751144,21.56,64.9,1.42,2148712,-1316541,22.1,51.1,1.22,1977258,-1316541,-0.22825716507087856,1.6320889360832667,False,0.3454047964442535
GOLD,5,5.0,1h,0.15@0.3,0,True,22.5,41.1,0.95,-171454,-751144,21.56,64.9,1.42,2148712,-1316541,22.1,51.1,1.22,1977258,-1316541,-0.22825716507087856,1.6320889360832667,False,0.3454047964442535
GOLD,5,5.0,1h,0.2@0.4,0,False,22.5,50.0,0.91,-399995,-840271,21.56,61.9,1.11,711953,-2198248,22.1,55.0,1.03,311957,-2198248,-0.47603094715871425,0.3238729206167821,False,0.40614557816633373
GOLD,5,5.0,1h,0.2@0.4,0,True,22.5,50.0,0.91,-399995,-840271,21.56,61.9,1.11,711953,-2198248,22.1,55.0,1.03,311957,-2198248,-0.47603094715871425,0.3238729206167821,False,0.40614557816633373
GOLD,5,5.0,1h,0.2@0.4,5,False,34.33,51.7,1.06,368025,-1193490,33.11,64.8,1.22,2304274,-1623117,33.81,57.2,1.16,2672299,-1623117,0.3083603549254707,1.4196598273568695,False,1.174933262215532
GOLD,5,5.0,1h,0.2@0.4,5,True,34.33,51.7,1.06,368025,-1193490,33.11,64.8,1.22,2304274,-1623117,33.81,57.2,1.16,2672299,-1623117,0.3083603549254707,1.4196598273568695,False,1.174933262215532
GOLD,5,5.0,1h,0.15@0.3,5,False,39.75,41.1,0.89,-768632,-1966407,35.56,65.0,1.51,4112445,-1484665,37.95,50.7,1.23,3343812,-1966407,-0.3908814401087872,2.7699481027706585,False,0.26877816318555087
GOLD,5,5.0,1h,0.15@0.3,5,True,39.75,41.1,0.89,-768632,-1966407,35.56,65.0,1.51,4112445,-1484665,37.95,50.7,1.23,3343812,-1966407,-0.3908814401087872,2.7699481027706585,False,0.26877816318555087
GOLD,5,5.0,1h,0.15@0.3,10,False,37.67,40.7,0.91,-611190,-1669009,34.11,65.5,1.53,4004649,-1158172,36.14,50.7,1.24,3393459,-1669009,-0.3661993434427256,3.4577325302286708,False,0.3613896356498369
GOLD,5,5.0,1h,0.15@0.3,10,True,37.67,40.7,0.91,-611190,-1669009,34.11,65.5,1.53,4004649,-1158172,36.14,50.7,1.24,3393459,-1669009,-0.3661993434427256,3.4577325302286708,False,0.3613896356498369
GOLD,5,5.0,1h,0.2@0.4,10,False,33.0,52.0,1.04,238364,-1199477,32.11,64.4,1.17,1732266,-1525388,32.62,57.2,1.12,1970630,-1525388,0.19872327689484667,1.1356231988189234,False,1.373150970433867
GOLD,5,5.0,1h,0.2@0.4,10,True,33.0,52.0,1.04,238364,-1199477,32.11,64.4,1.17,1732266,-1525388,32.62,57.2,1.12,1970630,-1525388,0.19872327689484667,1.1356231988189234,False,1.373150970433867
GOLD,5,5.0,1h,0.25@0.5,0,False,22.5,52.2,1.07,336001,-1027623,21.56,57.7,1.16,1179640,-1538883,22.1,54.5,1.12,1515640,-1538883,0.32696913167572156,0.7665560019832567,False,0.8775548419184898
GOLD,5,5.0,1h,0.25@0.5,0,True,22.5,52.2,1.07,336001,-1027623,21.56,57.7,1.16,1179640,-1538883,22.1,54.5,1.12,1515640,-1538883,0.32696913167572156,0.7665560019832567,False,0.8775548419184898
GOLD,5,5.0,1h,0.25@0.5,5,False,31.75,54.1,1.13,858500,-1063728,31.11,61.1,1.3,3146223,-1420157,31.48,57.0,1.24,4004722,-1420157,0.8070672201916279,2.2154050573281685,False,1.4855964712037109
GOLD,5,5.0,1h,0.25@0.5,5,True,31.75,54.1,1.13,858500,-1063728,31.11,61.1,1.3,3146223,-1420157,31.48,57.0,1.24,4004722,-1420157,0.8070672201916279,2.2154050573281685,False,1.4855964712037109
GOLD,5,5.0,1h,0.25@0.5,10,False,30.83,54.3,1.14,916510,-960316,30.0,60.7,1.21,2159750,-1537060,30.48,57.0,1.18,3076260,-1537060,0.9543837653439077,1.4051175620990723,False,1.6253373818609815
GOLD,5,5.0,1h,0.25@0.5,10,True,30.83,54.3,1.14,916510,-960316,30.0,60.7,1.21,2159750,-1537060,30.48,57.0,1.18,3076260,-1537060,0.9543837653439077,1.4051175620990723,False,1.6253373818609815
GOLD,5,5.0,1h+4h,0.1@0.3,0,False,13.33,30.6,1.11,239605,-440989,12.33,50.5,1.46,1553755,-1077378,12.9,38.7,1.32,1793360,-1077378,0.543335548052219,1.4421632890220517,False,0.34615717495500414
GOLD,5,5.0,1h+4h,0.1@0.3,0,True,13.33,30.6,1.11,239605,-440989,12.33,50.5,1.46,1553755,-1077378,12.9,38.7,1.32,1793360,-1077378,0.543335548052219,1.4421632890220517,False,0.34615717495500414
GOLD,5,5.0,1h+4h,0.1@0.3,5,False,20.75,30.1,1.11,416041,-760398,20.78,51.3,1.5,2343150,-775832,20.76,39.2,1.33,2759192,-775832,0.547135842019574,3.020177048639396,False,0.701263522098788
GOLD,5,5.0,1h+4h,0.1@0.3,5,True,20.75,30.1,1.11,416041,-760398,20.78,51.3,1.5,2343150,-775832,20.76,39.2,1.33,2759192,-775832,0.547135842019574,3.020177048639396,False,0.701263522098788
GOLD,5,5.0,1h+4h,0.1@0.3,10,False,20.08,31.5,1.15,523646,-759980,19.56,52.8,1.59,2589040,-863373,19.86,40.5,1.39,3112686,-863373,0.6890260270007106,2.9987502504711174,False,0.8769627702376126
GOLD,5,5.0,1h+4h,0.1@0.3,10,True,20.08,31.5,1.15,523646,-759980,19.56,52.8,1.59,2589040,-863373,19.86,40.5,1.39,3112686,-863373,0.6890260270007106,2.9987502504711174,False,0.8769627702376126
GOLD,5,5.0,1h+4h,0.15@0.3,0,False,13.33,46.2,1.11,220349,-555374,12.33,67.6,1.67,2012740,-746305,12.9,55.0,1.44,2233088,-746305,0.3967578604688012,2.696940259009386,False,0.3334409257934425
GOLD,5,5.0,1h+4h,0.15@0.3,0,True,13.33,46.2,1.11,220349,-555374,12.33,67.6,1.67,2012740,-746305,12.9,55.0,1.44,2233088,-746305,0.3967578604688012,2.696940259009386,False,0.3334409257934425
GOLD,5,5.0,1h+4h,0.2@0.4,0,False,13.33,53.8,1.02,46637,-619700,12.33,65.8,1.27,1063940,-1315087,12.9,58.7,1.18,1110577,-1315087,0.07525738260448604,0.809026322973309,False,0.3276794350655281
GOLD,5,5.0,1h+4h,0.2@0.4,0,True,13.33,53.8,1.02,46637,-619700,12.33,65.8,1.27,1063940,-1315087,12.9,58.7,1.18,1110577,-1315087,0.07525738260448604,0.809026322973309,False,0.3276794350655281
GOLD,5,5.0,1h+4h,0.2@0.4,5,False,19.83,54.2,1.23,816551,-768532,20.33,70.5,1.48,2584252,-631322,20.05,61.3,1.38,3400803,-768532,1.0624814581565893,4.093397663949617,False,1.0799980748891476
GOLD,5,5.0,1h+4h,0.2@0.4,5,True,19.83,54.2,1.23,816551,-768532,20.33,70.5,1.48,2584252,-631322,20.05,61.3,1.38,3400803,-768532,1.0624814581565893,4.093397663949617,False,1.0799980748891476
GOLD,5,5.0,1h+4h,0.15@0.3,5,False,22.17,45.9,1.06,225847,-832068,21.78,69.4,1.73,3274208,-693673,22.0,55.8,1.43,3500055,-832068,0.27142853709071857,4.7201029880073175,False,0.841752219729861
GOLD,5,5.0,1h+4h,0.15@0.3,5,True,22.17,45.9,1.06,225847,-832068,21.78,69.4,1.73,3274208,-693673,22.0,55.8,1.43,3500055,-832068,0.27142853709071857,4.7201029880073175,False,0.841752219729861
GOLD,5,5.0,1h+4h,0.15@0.3,10,False,21.25,45.9,1.12,416190,-695933,20.44,69.0,1.8,3376555,-736969,20.9,55.6,1.49,3792744,-736969,0.5980317070752501,4.581678469515,False,0.9623318754135385
GOLD,5,5.0,1h+4h,0.15@0.3,10,True,21.25,45.9,1.12,416190,-695933,20.44,69.0,1.8,3376555,-736969,20.9,55.6,1.49,3792744,-736969,0.5980317070752501,4.581678469515,False,0.9623318754135385
GOLD,5,5.0,1h+4h,0.2@0.4,10,False,19.17,54.3,1.23,827217,-838404,19.67,70.1,1.49,2596084,-785075,19.38,61.2,1.39,3423301,-838404,0.9866567907595861,3.3067974397350572,False,1.1561833120259108
GOLD,5,5.0,1h+4h,0.2@0.4,10,True,19.17,54.3,1.23,827217,-838404,19.67,70.1,1.49,2596084,-785075,19.38,61.2,1.39,3423301,-838404,0.9866567907595861,3.3067974397350572,False,1.1561833120259108
GOLD,5,5.0,1h+4h,0.25@0.5,0,False,13.33,55.6,1.34,879973,-739672,12.33,56.8,1.55,2491676,-1054801,12.9,56.1,1.47,3371649,-1054801,1.1896800203333369,2.362223774911097,False,0.6818319594265863
GOLD,5,5.0,1h+4h,0.25@0.5,0,True,13.33,55.6,1.34,879973,-739672,12.33,56.8,1.55,2491676,-1054801,12.9,56.1,1.47,3371649,-1054801,1.1896800203333369,2.362223774911097,False,0.6818319594265863
GOLD,5,5.0,1h+4h,0.25@0.5,5,False,18.58,56.1,1.32,1158418,-717099,18.22,61.0,1.38,2440191,-1593625,18.43,58.1,1.36,3598609,-1593625,1.6154226961688694,1.5312203310063535,False,1.3873342638241888
GOLD,5,5.0,1h+4h,0.25@0.5,5,True,18.58,56.1,1.32,1158418,-717099,18.22,61.0,1.38,2440191,-1593625,18.43,58.1,1.36,3598609,-1593625,1.6154226961688694,1.5312203310063535,False,1.3873342638241888
GOLD,5,5.0,1h+4h,0.25@0.5,10,False,18.0,56.0,1.31,1144921,-690517,18.0,61.1,1.35,2285544,-1669335,18.0,58.2,1.34,3430465,-1669335,1.6580634510084473,1.3691344158003038,False,1.3613303924485745
GOLD,5,5.0,1h+4h,0.25@0.5,10,True,18.0,56.0,1.31,1144921,-690517,18.0,61.1,1.35,2285544,-1669335,18.0,58.2,1.34,3430465,-1669335,1.6580634510084473,1.3691344158003038,False,1.3613303924485745
GOLD,5,6.0,D,0.1@0.3,10,False,22.75,35.5,1.47,1882686,-434364,25.78,56.5,1.14,1154572,-2092745,24.05,45.1,1.25,3037258,-2092745,4.334350913059093,0.5517021901856175,False,2.2613971255413285
GOLD,5,6.0,D,0.1@0.3,10,True,51.5,20.7,0.88,-654702,-1709835,43.44,36.6,0.98,-129538,-2562799,48.05,26.9,0.94,-784240,-2562799,-0.38290361350656643,-0.0505455168353039,False,0.6531451642786525
GOLD,5,6.0,D,0.15@0.3,0,False,16.25,53.3,1.15,420957,-521486,16.33,69.4,0.89,-636113,-1852665,16.29,60.2,0.98,-215156,-1852665,0.8072258890938587,-0.3433502549030721,False,1.5296651281277507
GOLD,5,6.0,D,0.15@0.3,0,True,16.25,36.9,1.24,517277,-436891,16.33,50.3,0.94,-261751,-1717321,16.29,42.7,1.04,255526,-1717321,1.183995550377554,-0.1524182141836034,False,0.898086771774092
GOLD,5,6.0,D,0.1@0.3,0,False,16.25,35.4,1.13,378655,-570151,16.33,57.1,0.91,-587236,-2072020,16.29,44.7,0.98,-208581,-2072020,0.6641310810644899,-0.2834123222748815,False,1.2312725495477765
GOLD,5,6.0,D,0.1@0.3,0,True,16.25,27.2,1.18,401789,-457488,16.33,43.5,0.9,-476649,-1341673,16.29,34.2,0.99,-74859,-1341673,0.8782503584793481,-0.35526465837801013,False,0.7122271358690083
GOLD,5,6.0,D,0.1@0.3,5,False,23.17,35.3,1.43,1761126,-482721,26.0,57.3,1.16,1317866,-1936786,24.38,45.3,1.25,3078992,-1936786,3.648331023510475,0.6804396562139544,False,1.9123017671573947
GOLD,5,6.0,D,0.1@0.3,5,True,62.0,20.2,0.79,-1312905,-2213619,52.22,34.3,0.91,-810751,-2939037,57.81,25.6,0.86,-2123656,-2939037,-0.5931034202362737,-0.2758560031738287,False,0.47102351613893173
GOLD,5,6.0,D,0.15@0.3,5,False,24.67,53.4,1.37,1604364,-520987,27.78,70.0,1.14,1158345,-1983544,26.0,61.0,1.22,2762710,-1983544,3.0794703130788292,0.5839774665951448,False,2.1287556179773124
GOLD,5,6.0,D,0.15@0.3,5,True,62.67,25.7,0.8,-1207786,-2150304,53.11,39.3,0.92,-753606,-3069016,58.57,31.0,0.87,-1961392,-3069016,-0.5616815110793637,-0.2455529720275163,False,0.39537748691981695
GOLD,5,6.0,D,0.15@0.3,10,False,24.0,54.2,1.42,1720516,-464114,27.67,69.5,1.1,842725,-2088852,25.57,61.3,1.2,2563241,-2088852,3.707097825103315,0.4034393054175212,False,2.5958745832960752
GOLD,5,6.0,D,0.15@0.3,10,True,52.08,26.7,0.89,-575304,-1652905,44.56,42.4,0.97,-269363,-2873034,48.86,32.8,0.94,-844668,-2873034,-0.3480563008763359,-0.09375559077964271,False,0.5605281640921997
GOLD,5,6.0,D,0.2@0.4,0,False,16.25,60.0,1.61,1910733,-522572,16.33,70.7,1.01,83439,-1528844,16.29,64.6,1.21,1994173,-1528844,3.6564014145419197,0.054576529717878346,False,2.8633217096536634
GOLD,5,6.0,D,0.2@0.4,0,True,16.25,43.6,1.43,944914,-380318,16.33,52.4,1.03,117760,-1410833,16.29,47.4,1.16,1062674,-1410833,2.4845366246141385,0.08346841901203048,False,1.5722233200048608
GOLD,5,6.0,D,0.2@0.4,5,False,21.0,59.5,1.56,2517362,-440203,25.11,71.7,1.3,2477867,-1474667,22.76,65.3,1.39,4995229,-1474667,5.718638900689,1.6802891771498243,False,3.6228651941725944
GOLD,5,6.0,D,0.2@0.4,5,True,59.67,26.4,0.94,-358122,-1582272,51.78,39.9,1.0,16577,-3033901,56.29,31.7,0.98,-341545,-3033901,-0.22633403106419123,0.005463922520873292,False,1.3890410380761473
GOLD,5,6.0,D,0.2@0.4,10,False,20.5,59.3,1.71,2891161,-440203,23.89,72.1,1.34,2632066,-1385820,21.95,65.3,1.47,5523227,-1385820,6.567790314922888,1.8992841783204168,False,3.721957463393212
GOLD,5,6.0,D,0.2@0.4,10,True,49.25,27.9,1.06,297942,-1127612,42.56,43.1,1.09,717694,-2506161,46.38,33.9,1.08,1015636,-2506161,0.2642238642369893,0.2863718651754616,False,1.5011974839718758
GOLD,5,6.0,D,0.25@0.5,0,False,16.17,60.8,1.62,2196434,-632291,16.44,62.8,0.94,-443635,-1815867,16.29,61.7,1.16,1752799,-1815867,3.4737707795935733,-0.24431029365036094,False,3.120450212811792
GOLD,5,6.0,D,0.25@0.5,0,True,16.25,43.1,1.44,1105345,-470689,16.33,49.7,1.24,1143436,-1646148,16.29,45.9,1.31,2248781,-1646148,2.3483552834249366,0.694613121055944,False,1.8548281124464459
GOLD,5,6.0,D,0.25@0.5,5,False,19.92,61.9,1.63,2763269,-501087,23.67,64.3,1.13,1243644,-1593151,21.52,63.1,1.29,4006913,-1593151,5.514549369670337,0.7806190373668284,False,3.716833755139886
GOLD,5,6.0,D,0.25@0.5,5,True,59.17,26.1,0.92,-499007,-1755396,50.44,37.9,1.04,335786,-3056518,55.43,30.7,0.99,-163220,-3056518,-0.28427032988567824,0.10985899641356603,False,1.5825481916390918
GOLD,5,6.0,D,0.25@0.5,10,False,19.58,62.1,1.62,2707912,-501087,22.89,65.0,1.15,1381336,-1599615,21.0,63.5,1.3,4089249,-1599615,5.404075539776525,0.8635427899838398,False,4.010481261862689
GOLD,5,6.0,D,0.25@0.5,10,True,48.75,27.7,1.03,166836,-1287599,41.89,41.1,1.08,708443,-2722797,45.81,33.0,1.06,875279,-2722797,0.129571396063526,0.26018943020724644,False,1.7981632738773534
GOLD,5,6.0,D+1h,0.1@0.3,0,False,9.0,35.2,1.62,948748,-350927,9.67,54.0,0.95,-188921,-1022314,9.29,43.6,1.14,759827,-1022314,2.703548031356949,-0.18479743014377187,False,2.006801738796413
GOLD,5,6.0,D+1h,0.1@0.3,0,True,9.0,35.2,1.62,948748,-350927,9.67,54.0,0.95,-188921,-1022314,9.29,43.6,1.14,759827,-1022314,2.703548031356949,-0.18479743014377187,False,2.1504554349953096
GOLD,5,6.0,D+1h,0.1@0.3,5,False,15.25,33.3,1.77,1817690,-605336,16.78,52.3,1.23,1327112,-1410898,15.9,41.9,1.39,3144802,-1410898,3.002778622120607,0.9406151259694181,False,2.467130953151446
GOLD,5,6.0,D+1h,0.1@0.3,5,True,15.25,33.3,1.77,1817690,-605336,16.78,52.3,1.23,1327112,-1410898,15.9,41.9,1.39,3144802,-1410898,3.002778622120607,0.9406151259694181,False,1.9250306670486332
GOLD,5,6.0,D+1h,0.1@0.3,10,False,14.92,34.1,1.79,1844877,-527654,16.44,52.7,1.26,1500651,-1207364,15.57,42.5,1.41,3345527,-1207364,3.4963764133314634,1.2429151440659154,False,2.8046574149197427
GOLD,5,6.0,D+1h,0.1@0.3,10,True,14.92,34.1,1.79,1844877,-527654,16.44,52.7,1.26,1500651,-1207364,15.57,42.5,1.41,3345527,-1207364,3.4963764133314634,1.2429151440659154,False,2.1520735447657127
GOLD,5,6.0,D+1h,0.15@0.3,0,False,9.0,53.7,1.73,1077623,-337760,9.67,65.5,1.01,25977,-1303815,9.29,59.0,1.22,1103599,-1303815,3.1904991710090003,0.019923838888185823,False,2.3180734142818467
GOLD,5,6.0,D+1h,0.15@0.3,0,True,9.0,53.7,1.73,1077623,-337760,9.67,65.5,1.01,25977,-1303815,9.29,59.0,1.22,1103599,-1303815,3.1904991710090003,0.019923838888185823,False,2.4620410013010186
GOLD,5,6.0,D+1h,0.15@0.3,5,False,15.92,53.9,1.82,1927520,-563560,17.67,66.7,1.24,1409617,-1318673,16.67,59.7,1.41,3337137,-1318673,3.4202569380367662,1.0689663017290867,False,2.9877474258867083
GOLD,5,6.0,D+1h,0.15@0.3,5,True,15.92,53.9,1.82,1927520,-563560,17.67,66.7,1.24,1409617,-1318673,16.67,59.7,1.41,3337137,-1318673,3.4202569380367662,1.0689663017290867,False,2.595125805874272
GOLD,5,6.0,D+1h,0.15@0.3,10,False,15.5,53.2,1.83,1927837,-485878,17.56,66.5,1.24,1395076,-1348645,16.38,59.3,1.4,3322913,-1348645,3.967738815093501,1.0344278887327651,False,3.3350470045125578
GOLD,5,6.0,D+1h,0.15@0.3,10,True,15.5,53.2,1.83,1927837,-485878,17.56,66.5,1.24,1395076,-1348645,16.38,59.3,1.4,3322913,-1348645,3.967738815093501,1.0344278887327651,False,2.8452116796901805
GOLD,5,6.0,D+1h,0.2@0.4,0,False,9.0,64.8,1.96,1492838,-324070,9.67,69.0,1.11,405487,-997326,9.29,66.7,1.35,1898325,-997326,4.60652945351313,0.40657417935559687,False,3.4988870184092966
GOLD,5,6.0,D+1h,0.2@0.4,0,True,9.0,64.8,1.96,1492838,-324070,9.67,69.0,1.11,405487,-997326,9.29,66.7,1.35,1898325,-997326,4.60652945351313,0.40657417935559687,False,3.4810957686883497
GOLD,5,6.0,D+1h,0.2@0.4,5,False,12.75,66.0,2.33,2846568,-343063,16.33,70.7,1.38,2142462,-1231921,14.29,68.3,1.64,4989030,-1231921,8.297508037882254,1.7391228820679248,False,4.90318101352204
GOLD,5,6.0,D+1h,0.2@0.4,5,True,12.75,66.0,2.33,2846568,-343063,16.33,70.7,1.38,2142462,-1231921,14.29,68.3,1.64,4989030,-1231921,8.297508037882254,1.7391228820679248,False,4.346069776346542
GOLD,5,6.0,D+1h,0.2@0.4,10,False,12.5,66.0,2.37,2871615,-343063,15.56,71.4,1.45,2353686,-1052569,13.81,68.6,1.71,5225301,-1052569,8.370517951513278,2.2361346382042413,False,5.384239375089516
GOLD,5,6.0,D+1h,0.2@0.4,10,True,12.5,66.0,2.37,2871615,-343063,15.56,71.4,1.45,2353686,-1052569,13.81,68.6,1.71,5225301,-1052569,8.370517951513278,2.2361346382042413,False,4.617259714399273
GOLD,5,6.0,D+1h,0.25@0.5,0,False,9.0,63.9,1.88,1653269,-429377,9.67,64.4,1.35,1431164,-1232641,9.29,64.1,1.52,3084433,-1232641,3.850390216523009,1.161055003038192,False,3.696355198488419
GOLD,5,6.0,D+1h,0.25@0.5,0,True,9.0,63.9,1.88,1653269,-429377,9.67,64.4,1.35,1431164,-1232641,9.29,64.1,1.52,3084433,-1232641,3.850390216523009,1.161055003038192,False,3.6903625349445255
GOLD,5,6.0,D+1h,0.25@0.5,5,False,12.42,66.4,2.12,2648780,-340635,15.0,66.7,1.42,2427859,-1259669,13.52,66.5,1.62,5076639,-1259669,7.776006575953733,1.9273785415057447,False,5.551109472913012
GOLD,5,6.0,D+1h,0.25@0.5,5,True,12.42,66.4,2.12,2648780,-340635,15.0,66.7,1.42,2427859,-1259669,13.52,66.5,1.62,5076639,-1259669,7.776006575953733,1.9273785415057447,False,4.859921100563511
GOLD,5,6.0,D+1h,0.25@0.5,10,False,12.17,67.1,2.15,2683606,-302765,14.89,67.2,1.41,2319515,-1277267,13.33,67.1,1.62,5003120,-1277267,8.863659934272455,1.8159985343706524,False,6.020252179441917
GOLD,5,6.0,D+1h,0.25@0.5,10,True,12.17,67.1,2.15,2683606,-302765,14.89,67.2,1.41,2319515,-1277267,13.33,67.1,1.62,5003120,-1277267,8.863659934272455,1.8159985343706524,False,5.367694613837413
GOLD,5,6.0,D+4h,0.1@0.3,0,False,9.92,30.3,1.26,488000,-511508,11.78,55.7,0.99,-42070,-1920286,10.71,42.2,1.07,445930,-1920286,0.9540417745177006,-0.021908194925130943,False,1.3271950121023521
GOLD,5,6.0,D+4h,0.1@0.3,0,True,9.92,26.9,1.63,780262,-383835,11.78,40.6,0.91,-358198,-1493915,10.71,33.3,1.08,422064,-1493915,2.03280576289291,-0.23977133906547562,False,1.5497991434948277
GOLD,5,6.0,D+4h,0.1@0.3,5,False,14.5,30.5,1.46,1173560,-592016,19.11,56.4,1.28,1634148,-1867140,16.48,43.4,1.33,2807708,-1867140,1.9823112888840841,0.8752144991805649,False,1.6970381089897018
GOLD,5,6.0,D+4h,0.1@0.3,5,True,26.75,21.2,1.2,596393,-742944,37.33,33.6,1.08,552011,-2309921,31.29,27.5,1.12,1148405,-2309921,0.802742871602705,0.23897397356879305,False,1.5113309276077973
GOLD,5,6.0,D+4h,0.1@0.3,10,False,14.08,31.4,1.54,1314074,-514334,18.78,55.0,1.26,1573833,-2092745,16.1,43.2,1.34,2887907,-2092745,2.554904011790004,0.7520424131941541,False,2.0372810565144412
GOLD,5,6.0,D+4h,0.1@0.3,10,True,22.83,23.0,1.37,951919,-680475,30.67,35.9,1.18,1093681,-2097864,26.19,29.5,1.24,2045600,-2097864,1.3989037069693964,0.5213307440329783,False,1.7281045384008127
GOLD,5,6.0,D+4h,0.15@0.3,0,False,9.92,52.1,1.35,623904,-485001,11.78,67.0,1.11,443484,-1370122,10.71,59.1,1.18,1067388,-1370122,1.2863973476343347,0.3236821246575122,False,1.4663496034900443
GOLD,5,6.0,D+4h,0.15@0.3,0,True,9.92,41.2,1.73,870814,-370669,11.78,46.2,0.98,-59904,-1491927,10.71,43.6,1.18,810911,-1491927,2.34930355654236,-0.04015209859463633,False,1.7320421505255286
GOLD,5,6.0,D+4h,0.15@0.3,5,False,15.33,50.5,1.43,1146012,-680891,20.44,69.0,1.27,1692165,-1847016,17.52,59.8,1.32,2838178,-1847016,1.683106400290208,0.9161615275666264,False,1.7907550022391185
GOLD,5,6.0,D+4h,0.15@0.3,5,True,27.0,30.2,1.25,715984,-712124,38.22,39.0,1.08,565944,-2252166,31.81,34.7,1.13,1281929,-2252166,1.0054204043116086,0.2512887593543282,False,1.608477889812516
GOLD,5,6.0,D+4h,0.15@0.3,10,False,14.58,51.4,1.54,1316118,-534402,20.33,67.2,1.21,1387043,-2088852,17.05,59.5,1.3,2703160,-2088852,2.4627864416675087,0.664021673148696,False,2.2612360967163663
GOLD,5,6.0,D+4h,0.15@0.3,10,True,23.0,33.0,1.42,1052173,-649655,31.78,42.0,1.15,909707,-2224400,26.76,37.5,1.22,1961879,-2224400,1.6195873194233863,0.40896736198525446,False,1.8667788358313149
GOLD,5,6.0,D+4h,0.2@0.4,0,False,9.92,58.0,1.5,1019267,-545485,11.78,68.9,1.11,498995,-1129166,10.71,63.1,1.23,1518262,-1129166,1.8685518391889786,0.4419146520529311,False,1.850397778197055
GOLD,5,6.0,D+4h,0.2@0.4,0,True,9.92,47.1,1.78,1021851,-356978,11.78,48.1,1.02,63722,-1510296,10.71,47.6,1.22,1085573,-1510296,2.8625041319072886,0.042191729303394834,False,2.117230754519615
GOLD,5,6.0,D+4h,0.2@0.4,5,False,12.92,56.1,1.44,1329645,-813343,18.0,69.8,1.42,2621910,-1481200,15.1,63.1,1.43,3951555,-1481200,1.634789996348404,1.7701255738590331,False,2.517183688408618
GOLD,5,6.0,D+4h,0.2@0.4,5,True,25.33,31.6,1.35,1019403,-702291,36.78,38.4,1.15,1015093,-2741023,30.24,35.1,1.21,2034496,-2741023,1.4515393191711128,0.37033363091079496,False,2.2671860816376532
GOLD,5,6.0,D+4h,0.2@0.4,10,False,12.58,57.0,1.67,1737237,-501053,17.67,69.8,1.39,2349263,-1392354,14.76,63.5,1.48,4086500,-1392354,3.4671721354826737,1.6872598491475588,False,2.7851396995678157
GOLD,5,6.0,D+4h,0.2@0.4,10,True,21.5,34.9,1.52,1344231,-639823,30.33,42.1,1.21,1253972,-2375885,25.29,38.6,1.31,2598203,-2375885,2.100941979266141,0.5277915387318831,False,2.6185821950732038
GOLD,5,6.0,D+4h,0.25@0.5,0,False,9.83,60.2,1.56,1167235,-533326,11.89,59.8,0.95,-303826,-2125202,10.71,60.0,1.11,863409,-2125202,2.188595718191125,-0.14296335124849308,False,2.3161184396710066
GOLD,5,6.0,D+4h,0.25@0.5,0,True,9.92,47.9,1.96,1259420,-386316,11.78,45.3,1.2,772287,-2056585,10.71,46.7,1.4,2031707,-2056585,3.260077242464718,0.37551912515164704,False,2.6052520264448256
GOLD,5,6.0,D+4h,0.25@0.5,5,False,12.5,59.3,1.55,1564137,-577053,17.44,62.4,1.17,1256491,-1829103,14.62,60.9,1.28,2820628,-1829103,2.710560381802018,0.6869438189101433,False,2.7843826219950376
GOLD,5,6.0,D+4h,0.25@0.5,5,True,25.0,32.0,1.4,1160137,-726222,36.11,36.6,1.17,1137673,-2767079,29.76,34.4,1.24,2297810,-2767079,1.5974963578630226,0.41114583284394846,False,2.835778736330421
GOLD,5,6.0,D+4h,0.25@0.5,10,False,12.25,59.9,1.58,1630707,-569712,17.0,62.1,1.15,1060081,-1772702,14.29,61.0,1.27,2690788,-1772702,2.8623357064622126,0.5980029356315951,False,3.2594276872831385
GOLD,5,6.0,D+4h,0.25@0.5,10,True,21.08,35.6,1.58,1488044,-657315,29.89,40.1,1.19,1201439,-2595960,24.86,37.9,1.3,2689483,-2595960,2.2638217597346784,0.46281106026287,False,3.1500267111396236
GOLD,5,6.0,D+1h+4h,0.1@0.3,0,False,6.25,34.7,2.07,1029786,-350927,7.11,53.1,0.99,-46169,-1116638,6.62,43.2,1.23,983617,-1116638,2.9344735514793676,-0.04134643456518585,False,2.4491411562218217
GOLD,5,6.0,D+1h+4h,0.1@0.3,0,True,6.25,34.7,2.07,1029786,-350927,7.11,53.1,0.99,-46169,-1116638,6.62,43.2,1.23,983617,-1116638,2.9344735514793676,-0.04134643456518585,False,2.5690038215968447
GOLD,5,6.0,D+1h+4h,0.1@0.3,5,False,10.58,34.6,2.15,1784024,-336786,12.67,53.5,1.46,1940091,-1197616,11.48,43.6,1.65,3724115,-1197616,5.297203565468873,1.6199608221667046,False,3.325171629194384
GOLD,5,6.0,D+1h+4h,0.1@0.3,5,True,10.58,34.6,2.15,1784024,-336786,12.67,53.5,1.46,1940091,-1197616,11.48,43.6,1.65,3724115,-1197616,5.297203565468873,1.6199608221667046,False,3.2072147874662447
GOLD,5,6.0,D+1h+4h,0.1@0.3,10,False,10.42,35.2,2.19,1808598,-336786,12.22,52.7,1.51,2146078,-1203007,11.19,43.4,1.69,3954676,-1203007,5.370169781404215,1.783928106818996,False,3.524300118652643
GOLD,5,6.0,D+1h+4h,0.1@0.3,10,True,10.42,35.2,2.19,1808598,-336786,12.22,52.7,1.51,2146078,-1203007,11.19,43.4,1.69,3954676,-1203007,5.370169781404215,1.783928106818996,False,3.395855640339242
GOLD,5,6.0,D+1h+4h,0.15@0.3,0,False,6.25,58.7,2.22,1122493,-337760,7.11,62.5,1.09,252125,-1099823,6.62,60.4,1.36,1374618,-1099823,3.3233449786830884,0.22924143248504533,False,2.786254640525475
GOLD,5,6.0,D+1h+4h,0.15@0.3,0,True,6.25,58.7,2.22,1122493,-337760,7.11,62.5,1.09,252125,-1099823,6.62,60.4,1.36,1374618,-1099823,3.3233449786830884,0.22924143248504533,False,2.8925452614162777
GOLD,5,6.0,D+1h+4h,0.15@0.3,5,False,10.83,56.9,2.25,1898931,-313387,13.56,67.2,1.46,1993359,-1134306,12.0,61.9,1.66,3892290,-1134306,6.05938025508397,1.7573379670036129,False,3.679089925967418
GOLD,5,6.0,D+1h+4h,0.15@0.3,5,True,10.83,56.9,2.25,1898931,-313387,13.56,67.2,1.46,1993359,-1134306,12.0,61.9,1.66,3892290,-1134306,6.05938025508397,1.7573379670036129,False,3.617482108151182
GOLD,5,6.0,D+1h+4h,0.15@0.3,10,False,10.58,56.7,2.26,1904167,-313387,13.33,65.8,1.45,2001439,-1163375,11.76,61.1,1.66,3905607,-1163375,6.076088031730736,1.720373052541098,False,3.920315647658356
GOLD,5,6.0,D+1h+4h,0.15@0.3,10,True,10.58,56.7,2.26,1904167,-313387,13.33,65.8,1.45,2001439,-1163375,11.76,61.1,1.66,3905607,-1163375,6.076088031730736,1.720373052541098,False,3.8359957354339436
GOLD,5,6.0,D+1h+4h,0.2@0.4,0,False,6.25,66.7,2.24,1272340,-324070,7.11,65.6,1.12,375751,-1120363,6.62,66.2,1.4,1648090,-1120363,3.9261270713117535,0.33538326417420067,False,3.125300452569997
GOLD,5,6.0,D+1h+4h,0.2@0.4,0,True,6.25,66.7,2.24,1272340,-324070,7.11,65.6,1.12,375751,-1120363,6.62,66.2,1.4,1648090,-1120363,3.9261270713117535,0.33538326417420067,False,3.2246956818418275
GOLD,5,6.0,D+1h+4h,0.2@0.4,5,False,9.17,64.5,2.4,2183771,-343063,12.11,68.8,1.57,2419144,-1499026,10.43,66.7,1.79,4602915,-1499026,6.36551012496247,1.6138105676619352,False,4.703349204614991
GOLD,5,6.0,D+1h+4h,0.2@0.4,5,True,9.17,64.5,2.4,2183771,-343063,12.11,68.8,1.57,2419144,-1499026,10.43,66.7,1.79,4602915,-1499026,6.36551012496247,1.6138105676619352,False,4.686690052144328
GOLD,5,6.0,D+1h+4h,0.2@0.4,10,False,9.08,64.2,2.4,2177647,-343063,11.89,69.2,1.57,2322340,-1338224,10.29,66.7,1.8,4499987,-1338224,6.347659176302895,1.7353895909802843,False,5.110827815866704
GOLD,5,6.0,D+1h+4h,0.2@0.4,10,True,9.08,64.2,2.4,2177647,-343063,11.89,69.2,1.57,2322340,-1338224,10.29,66.7,1.8,4499987,-1338224,6.347659176302895,1.7353895909802843,False,4.974204800245051
GOLD,5,6.0,D+1h+4h,0.25@0.5,0,False,6.25,68.0,2.48,1509909,-312803,7.11,60.9,1.33,1084316,-1681762,6.62,64.7,1.6,2594225,-1681762,4.827028513153646,0.6447499705665843,False,3.9219370821343427
GOLD,5,6.0,D+1h+4h,0.25@0.5,0,True,6.25,68.0,2.48,1509909,-312803,7.11,60.9,1.33,1084316,-1681762,6.62,64.7,1.6,2594225,-1681762,4.827028513153646,0.6447499705665843,False,4.040990584831409
GOLD,5,6.0,D+1h+4h,0.25@0.5,5,False,9.0,67.6,2.49,2279596,-290071,11.44,65.0,1.57,2526535,-1540270,10.05,66.4,1.8,4806131,-1540270,7.858751822829583,1.6403195543638454,False,5.538241825900685
GOLD,5,6.0,D+1h+4h,0.25@0.5,5,True,9.0,67.6,2.49,2279596,-290071,11.44,65.0,1.57,2526535,-1540270,10.05,66.4,1.8,4806131,-1540270,7.858751822829583,1.6403195543638454,False,5.4269354235067855
GOLD,5,6.0,D+1h+4h,0.25@0.5,10,False,8.83,67.9,2.49,2276551,-283633,11.44,65.0,1.5,2254618,-1573488,9.95,66.5,1.75,4531170,-1573488,8.026396787397799,1.4328790559572109,False,5.697201571781289
GOLD,5,6.0,D+1h+4h,0.25@0.5,10,True,8.83,67.9,2.49,2276551,-283633,11.44,65.0,1.5,2254618,-1573488,9.95,66.5,1.75,4531170,-1573488,8.026396787397799,1.4328790559572109,False,5.630700022144896
GOLD,5,6.0,1h,0.1@0.3,0,False,16.08,32.1,1.26,764253,-719365,15.22,53.3,1.38,2047156,-1160922,15.71,40.9,1.34,2811409,-1160922,1.0623994773168002,1.7633880656926133,False,1.128563683859831
GOLD,5,6.0,1h,0.1@0.3,0,True,16.08,32.1,1.26,764253,-719365,15.22,53.3,1.38,2047156,-1160922,15.71,40.9,1.34,2811409,-1160922,1.0623994773168002,1.7633880656926133,False,1.128563683859831
GOLD,5,6.0,1h,0.1@0.3,5,False,27.33,34.8,1.34,1565275,-952929,25.44,53.3,1.46,3678600,-1978698,26.52,42.4,1.42,5243875,-1978698,1.6425935195591697,1.8591012878165338,False,1.7920648047639713
GOLD,5,6.0,1h,0.1@0.3,5,True,27.33,34.8,1.34,1565275,-952929,25.44,53.3,1.46,3678600,-1978698,26.52,42.4,1.42,5243875,-1978698,1.6425935195591697,1.8591012878165338,False,1.7920648047639713
GOLD,5,6.0,1h,0.1@0.3,10,False,26.42,35.3,1.35,1595985,-862189,24.67,53.6,1.39,3242793,-1805767,25.67,42.9,1.37,4838778,-1805767,1.8510848549447976,1.7957981289944938,False,2.0315750350317
GOLD,5,6.0,1h,0.1@0.3,10,True,26.42,35.3,1.35,1595985,-862189,24.67,53.6,1.39,3242793,-1805767,25.67,42.9,1.37,4838778,-1805767,1.8510848549447976,1.7957981289944938,False,2.0315750350317
GOLD,5,6.0,1h,0.15@0.3,0,False,16.08,49.7,1.38,1058670,-623069,15.22,67.2,1.11,528262,-1403819,15.71,57.0,1.21,1586932,-1403819,1.6991216061142507,0.3763034978156016,False,1.5067191966826385
GOLD,5,6.0,1h,0.15@0.3,0,True,16.08,49.7,1.38,1058670,-623069,15.22,67.2,1.11,528262,-1403819,15.71,57.0,1.21,1586932,-1403819,1.6991216061142507,0.3763034978156016,False,1.5067191966826385
GOLD,5,6.0,1h,0.2@0.4,0,False,16.08,57.5,1.47,1509728,-553102,15.22,67.2,1.13,674477,-1349087,15.71,61.5,1.25,2184205,-1349087,2.729565251978839,0.4999507074043409,False,2.1404657405313188
GOLD,5,6.0,1h,0.2@0.4,0,True,16.08,57.5,1.47,1509728,-553102,15.22,67.2,1.13,674477,-1349087,15.71,61.5,1.25,2184205,-1349087,2.729565251978839,0.4999507074043409,False,2.1404657405313188
GOLD,5,6.0,1h,0.2@0.4,5,False,23.25,62.4,1.79,3346891,-474783,25.56,67.4,1.39,3475434,-1776692,24.24,64.6,1.52,6822326,-1776692,7.049306735919357,1.9561263291555318,False,3.9041350113153186
GOLD,5,6.0,1h,0.2@0.4,5,True,23.25,62.4,1.79,3346891,-474783,25.56,67.4,1.39,3475434,-1776692,24.24,64.6,1.52,6822326,-1776692,7.049306735919357,1.9561263291555318,False,3.9041350113153186
GOLD,5,6.0,1h,0.15@0.3,5,False,29.17,52.9,1.39,1796446,-883030,27.33,68.3,1.37,3201657,-2058246,28.38,59.2,1.38,4998102,-2058246,2.0344110619118263,1.5555268903717048,False,2.4889686121171675
GOLD,5,6.0,1h,0.15@0.3,5,True,29.17,52.9,1.39,1796446,-883030,27.33,68.3,1.37,3201657,-2058246,28.38,59.2,1.38,4998102,-2058246,2.0344110619118263,1.5555268903717048,False,2.4889686121171675
GOLD,5,6.0,1h,0.15@0.3,10,False,28.0,52.4,1.42,1896157,-777483,26.56,67.8,1.24,2126509,-1890287,27.38,58.8,1.3,4022666,-1890287,2.4388404633927685,1.1249662088349548,False,2.7667010222930055
GOLD,5,6.0,1h,0.15@0.3,10,True,28.0,52.4,1.42,1896157,-777483,26.56,67.8,1.24,2126509,-1890287,27.38,58.8,1.3,4022666,-1890287,2.4388404633927685,1.1249662088349548,False,2.7667010222930055
GOLD,5,6.0,1h,0.2@0.4,10,False,22.75,61.9,1.79,3333080,-474783,24.22,67.9,1.35,3026466,-1605810,23.38,64.6,1.49,6359547,-1605810,7.02021765732977,1.8846974424122405,False,4.004281534167264
GOLD,5,6.0,1h,0.2@0.4,10,True,22.75,61.9,1.79,3333080,-474783,24.22,67.9,1.35,3026466,-1605810,23.38,64.6,1.49,6359547,-1605810,7.02021765732977,1.8846974424122405,False,4.004281534167264
GOLD,5,6.0,1h,0.25@0.5,0,False,16.08,57.5,1.34,1329378,-822769,15.22,60.6,1.4,2346932,-1796187,15.71,58.8,1.38,3676311,-1796187,1.6157366162312872,1.3066189656199494,False,2.0814860775999535
GOLD,5,6.0,1h,0.25@0.5,0,True,16.08,57.5,1.34,1329378,-822769,15.22,60.6,1.4,2346932,-1796187,15.71,58.8,1.38,3676311,-1796187,1.6157366162312872,1.3066189656199494,False,2.0814860775999535
GOLD,5,6.0,1h,0.25@0.5,5,False,22.42,60.6,1.45,2347316,-474783,23.22,61.7,1.43,3867489,-1792497,22.76,61.1,1.44,6214805,-1792497,4.94397651137467,2.1575985901231634,False,3.726296538186829
GOLD,5,6.0,1h,0.25@0.5,5,True,22.42,60.6,1.45,2347316,-474783,23.22,61.7,1.43,3867489,-1792497,22.76,61.1,1.44,6214805,-1792497,4.94397651137467,2.1575985901231634,False,3.726296538186829
GOLD,5,6.0,1h,0.25@0.5,10,False,22.08,60.8,1.46,2373568,-480237,22.89,62.1,1.32,2984065,-1676102,22.43,61.4,1.37,5357633,-1676102,4.942492977425729,1.7803600258218175,False,3.9785450418995896
GOLD,5,6.0,1h,0.25@0.5,10,True,22.08,60.8,1.46,2373568,-480237,22.89,62.1,1.32,2984065,-1676102,22.43,61.4,1.37,5357633,-1676102,4.942492977425729,1.7803600258218175,False,3.9785450418995896
GOLD,5,6.0,1h+4h,0.1@0.3,0,False,9.17,33.6,1.48,719404,-429310,8.67,56.4,1.15,549887,-1116638,8.95,43.1,1.24,1269292,-1116638,1.6757215066036197,0.4924487613711874,False,1.444246926027071
GOLD,5,6.0,1h+4h,0.1@0.3,0,True,9.17,33.6,1.48,719404,-429310,8.67,56.4,1.15,549887,-1116638,8.95,43.1,1.24,1269292,-1116638,1.6757215066036197,0.4924487613711874,False,1.444246926027071
GOLD,5,6.0,1h+4h,0.1@0.3,5,False,15.42,36.8,1.69,1668313,-481506,15.67,57.4,1.58,2771445,-1426696,15.52,45.7,1.62,4439758,-1426696,3.464781331904483,1.942561694993187,False,2.2820232814590367
GOLD,5,6.0,1h+4h,0.1@0.3,5,True,15.42,36.8,1.69,1668313,-481506,15.67,57.4,1.58,2771445,-1426696,15.52,45.7,1.62,4439758,-1426696,3.464781331904483,1.942561694993187,False,2.2820232814590367
GOLD,5,6.0,1h+4h,0.1@0.3,10,False,14.92,38.0,1.8,1807776,-396607,15.0,57.0,1.6,2867975,-1275094,14.95,46.2,1.66,4675751,-1275094,4.558104118182483,2.24922633154889,False,2.6977923220029814
GOLD,5,6.0,1h+4h,0.1@0.3,10,True,14.92,38.0,1.8,1807776,-396607,15.0,57.0,1.6,2867975,-1275094,14.95,46.2,1.66,4675751,-1275094,4.558104118182483,2.24922633154889,False,2.6977923220029814
GOLD,5,6.0,1h+4h,0.15@0.3,0,False,9.17,57.3,1.62,878473,-393818,8.67,64.1,1.16,534215,-1296715,8.95,60.1,1.3,1412688,-1296715,2.230657308706052,0.4119756461520072,False,1.6032642151062795
GOLD,5,6.0,1h+4h,0.15@0.3,0,True,9.17,57.3,1.62,878473,-393818,8.67,64.1,1.16,534215,-1296715,8.95,60.1,1.3,1412688,-1296715,2.230657308706052,0.4119756461520072,False,1.6032642151062795
GOLD,5,6.0,1h+4h,0.15@0.3,5,False,16.0,57.8,1.8,1888545,-452961,16.67,69.3,1.59,2893841,-1315326,16.29,62.9,1.66,4782386,-1315326,4.169332459085881,2.200094121153235,False,2.721243065561618
GOLD,5,6.0,1h+4h,0.15@0.3,5,True,16.0,57.8,1.8,1888545,-452961,16.67,69.3,1.59,2893841,-1315326,16.29,62.9,1.66,4782386,-1315326,4.169332459085881,2.200094121153235,False,2.721243065561618
GOLD,5,6.0,1h+4h,0.15@0.3,10,False,15.42,58.9,1.9,2006216,-348369,16.22,67.8,1.55,2784280,-1256581,15.76,62.8,1.66,4790496,-1256581,5.758882104894523,2.215758474781968,False,3.16843927969435
GOLD,5,6.0,1h+4h,0.15@0.3,10,True,15.42,58.9,1.9,2006216,-348369,16.22,67.8,1.55,2784280,-1256581,15.76,62.8,1.66,4790496,-1256581,5.758882104894523,2.215758474781968,False,3.16843927969435
GOLD,5,6.0,1h+4h,0.2@0.4,0,False,9.17,60.9,1.54,928961,-529619,8.67,66.7,1.12,398065,-1304512,8.95,63.3,1.26,1327026,-1304512,1.754017510701089,0.30514475911298633,False,1.6839533581553074
GOLD,5,6.0,1h+4h,0.2@0.4,0,True,9.17,60.9,1.54,928961,-529619,8.67,66.7,1.12,398065,-1304512,8.95,63.3,1.26,1327026,-1304512,1.754017510701089,0.30514475911298633,False,1.6839533581553074
GOLD,5,6.0,1h+4h,0.2@0.4,5,False,13.67,62.8,1.92,2252046,-478737,15.22,67.9,1.42,2302768,-1742835,14.33,65.1,1.57,4554813,-1742835,4.704140269083025,1.3212771145862918,False,3.193320173347671
GOLD,5,6.0,1h+4h,0.2@0.4,5,True,13.67,62.8,1.92,2252046,-478737,15.22,67.9,1.42,2302768,-1742835,14.33,65.1,1.57,4554813,-1742835,4.704140269083025,1.3212771145862918,False,3.193320173347671
GOLD,5,6.0,1h+4h,0.2@0.4,10,False,13.42,62.7,1.9,2208911,-478737,15.22,67.9,1.29,1602850,-1510202,14.19,65.1,1.47,3811761,-1510202,4.614038605748041,1.0613480845608734,False,3.52134744429897
GOLD,5,6.0,1h+4h,0.2@0.4,10,True,13.42,62.7,1.9,2208911,-478737,15.22,67.9,1.29,1602850,-1510202,14.19,65.1,1.47,3811761,-1510202,4.614038605748041,1.0613480845608734,False,3.52134744429897
GOLD,5,6.0,1h+4h,0.25@0.5,0,False,9.17,61.8,1.57,1046986,-538753,8.67,59.0,1.27,1013775,-1937013,8.95,60.6,1.37,2060760,-1937013,1.9433506634765838,0.5233702613250402,False,1.5869202675646257
GOLD,5,6.0,1h+4h,0.25@0.5,0,True,9.17,61.8,1.57,1046986,-538753,8.67,59.0,1.27,1013775,-1937013,8.95,60.6,1.37,2060760,-1937013,1.9433506634765838,0.5233702613250402,False,1.5869202675646257
GOLD,5,6.0,1h+4h,0.25@0.5,5,False,13.08,62.4,1.7,1955970,-602108,14.11,61.4,1.4,2305716,-1841072,13.52,62.0,1.49,4261686,-1841072,3.2485368073501766,1.252376876080892,False,2.770605514665463
GOLD,5,6.0,1h+4h,0.25@0.5,5,True,13.08,62.4,1.7,1955970,-602108,14.11,61.4,1.4,2305716,-1841072,13.52,62.0,1.49,4261686,-1841072,3.2485368073501766,1.252376876080892,False,2.770605514665463
GOLD,5,6.0,1h+4h,0.25@0.5,10,False,12.83,63.6,1.74,2019982,-611907,14.22,62.5,1.33,1939000,-1806342,13.43,63.1,1.46,3958983,-1806342,3.301125824675972,1.0734401348138947,False,2.832327965602886
GOLD,5,6.0,1h+4h,0.25@0.5,10,True,12.83,63.6,1.74,2019982,-611907,14.22,62.5,1.33,1939000,-1806342,13.43,63.1,1.46,3958983,-1806342,3.301125824675972,1.0734401348138947,False,2.832327965602886
GOLD,10,4.0,D,0.1@0.3,0,False,14.58,40.0,1.52,1495110,-422765,14.44,64.6,1.01,59669,-1606301,14.52,50.5,1.2,1554779,-1606301,3.536503731387414,0.0371468361160206,False,2.3633721787039774
GOLD,10,4.0,D,0.1@0.3,0,True,14.58,29.1,1.31,614352,-415623,14.44,53.8,0.84,-630512,-1570431,14.52,39.7,1.0,-16160,-1570431,1.4781472632650263,-0.40148978210440317,False,1.6021172095234357
GOLD,10,4.0,D,0.1@0.3,5,False,20.5,39.0,1.36,1609876,-631439,23.33,66.2,1.4,2544635,-1753240,21.71,51.5,1.38,4154511,-1753240,2.549535267856436,1.4513899979466587,False,1.7988716487437673
GOLD,10,4.0,D,0.1@0.3,5,True,45.92,26.3,0.92,-440688,-1565919,40.22,45.6,1.11,817209,-2074551,43.48,34.0,1.03,376522,-2074551,-0.2814245181264165,0.3939209014384317,False,0.6111852826715791
GOLD,10,4.0,D,0.1@0.3,10,False,19.75,39.7,1.43,1803177,-616202,22.89,65.5,1.39,2439121,-1753240,21.1,51.7,1.4,4242299,-1753240,2.9262757991697526,1.3912077068741302,False,1.8958669401660766
GOLD,10,4.0,D,0.1@0.3,10,True,39.25,27.8,1.04,180597,-1124886,35.44,46.1,1.16,1061457,-1933021,37.62,35.2,1.11,1242053,-1933021,0.1605469354227895,0.5491181937495765,False,0.8070658870748627
GOLD,10,4.0,D,0.15@0.3,0,False,14.58,53.7,1.42,1143165,-478760,14.44,70.8,0.94,-283445,-1761026,14.52,61.0,1.12,859720,-1761026,2.3877621355167515,-0.16095446631679486,False,2.2104990311097787
GOLD,10,4.0,D,0.15@0.3,0,True,14.58,38.3,1.33,641628,-381566,14.44,56.9,0.8,-805944,-1412110,14.52,46.2,0.97,-164316,-1412110,1.6815649193062274,-0.5707374071425031,False,1.4711601434743729
GOLD,10,4.0,D,0.15@0.3,5,False,22.42,52.0,1.24,1156743,-667823,25.11,74.3,1.34,2157658,-1744059,23.57,62.2,1.3,3314401,-1744059,1.732110154936263,1.2371473671475564,False,1.8062954133239877
GOLD,10,4.0,D,0.15@0.3,5,True,46.83,31.0,0.89,-610660,-1637605,41.33,50.3,1.06,450618,-2466109,44.48,38.7,0.99,-160043,-2466109,-0.37289822637327075,0.18272428347652112,False,0.4148611268119211
GOLD,10,4.0,D,0.15@0.3,10,False,21.33,53.1,1.31,1396460,-658060,25.44,74.2,1.25,1625386,-1744059,23.1,63.1,1.28,3021846,-1744059,2.1220861319636506,0.931955856997957,False,2.0353485239496107
GOLD,10,4.0,D,0.15@0.3,10,True,40.0,33.1,1.0,3912,-1195467,37.22,52.2,1.07,480334,-2373531,38.81,41.0,1.04,484245,-2373531,0.0032723613449806644,0.20237106656706821,False,0.6017613194323541
GOLD,10,4.0,D,0.2@0.4,0,False,14.58,61.7,1.37,1078000,-616605,14.44,65.4,0.76,-1543284,-2957067,14.52,63.3,0.95,-465285,-2957067,1.7482829364017483,-0.5218968660500422,False,2.3929303941889164
GOLD,10,4.0,D,0.2@0.4,0,True,14.58,42.9,1.29,598665,-481678,14.44,54.6,0.93,-312728,-1295920,14.52,47.9,1.05,285937,-1295920,1.2428738700957902,-0.24131736526946107,False,1.3893739532086824
GOLD,10,4.0,D,0.2@0.4,5,False,21.42,62.6,1.33,1564021,-690494,22.22,68.5,1.18,1462310,-1913557,21.76,65.2,1.23,3026331,-1913557,2.265075438743856,0.7641841868311213,False,2.292784665825086
GOLD,10,4.0,D,0.2@0.4,5,True,46.25,34.1,0.95,-296149,-1392186,39.78,47.2,1.16,1215042,-2132439,43.48,39.2,1.07,918893,-2132439,-0.2127222942911364,0.5697898040694247,False,0.7525903731383786
GOLD,10,4.0,D,0.2@0.4,10,False,20.75,62.2,1.37,1686565,-685906,21.89,68.5,1.14,1150279,-2016452,21.24,65.0,1.22,2836844,-2016452,2.4588864946508706,0.5704470029537029,False,2.667715571751972
GOLD,10,4.0,D,0.2@0.4,10,True,39.42,36.2,1.08,383835,-950443,35.33,48.7,1.16,1102387,-1949676,37.67,41.2,1.13,1486222,-1949676,0.4038485211632891,0.5654206134762905,False,1.2187231421412086
GOLD,10,4.0,D,0.25@0.5,0,False,14.58,61.7,1.55,1997414,-372167,14.44,63.1,0.72,-1937356,-2910382,14.52,62.3,1.01,60059,-2910382,5.366983101672099,-0.6656706920259952,False,2.8396697338042625
GOLD,10,4.0,D,0.25@0.5,0,True,14.58,43.4,1.54,1284809,-537068,14.44,52.3,0.79,-992163,-1605288,14.52,47.2,1.04,292646,-1605288,2.392265039063955,-0.6180591893791021,False,1.8930914881021845
GOLD,10,4.0,D+1h,0.1@0.3,0,False,7.75,38.7,2.04,1264834,-243718,8.33,62.7,0.89,-377747,-1349401,8.0,49.4,1.2,887086,-1349401,5.189743884325327,-0.2799368015882603,False,3.266452825119531
GOLD,10,4.0,D+1h,0.1@0.3,0,True,7.75,38.7,2.04,1264834,-243718,8.33,62.7,0.89,-377747,-1349401,8.0,49.4,1.2,887086,-1349401,5.189743884325327,-0.2799368015882603,False,3.171767076473407
GOLD,10,4.0,D+1h,0.1@0.3,5,False,13.33,38.8,1.89,1883858,-621161,14.89,67.2,1.47,2062736,-1525249,14.0,51.7,1.61,3946594,-1525249,3.0328014798095824,1.3523929535439787,False,2.874267010141839
GOLD,10,4.0,D+1h,0.1@0.3,5,True,13.33,38.8,1.89,1883858,-621161,14.89,67.2,1.47,2062736,-1525249,14.0,51.7,1.61,3946594,-1525249,3.0328014798095824,1.3523929535439787,False,2.539906661966509
GOLD,10,4.0,D,0.25@0.5,5,False,18.67,62.5,1.48,2339640,-567219,21.22,68.1,1.21,1733052,-1701188,19.76,65.1,1.31,4072692,-1701188,4.124756046606337,1.018730440139479,False,2.9992207817852483
GOLD,10,4.0,D,0.25@0.5,5,True,44.67,33.0,1.05,304707,-1391127,38.78,45.6,1.17,1339086,-2037113,42.14,38.0,1.12,1643794,-2037113,0.21903607650487697,0.6573449779172781,False,1.2605852850106893
GOLD,10,4.0,D,0.25@0.5,10,False,18.5,62.6,1.45,2185415,-552191,20.89,67.6,1.15,1306480,-1866984,19.52,64.9,1.26,3491895,-1866984,3.9577157179309332,0.699781037223672,False,2.958371140277861
GOLD,10,4.0,D,0.25@0.5,10,True,38.33,35.7,1.17,807690,-959936,34.33,46.9,1.17,1264261,-1864044,36.62,40.2,1.17,2071951,-1864044,0.8413998433228882,0.6782355995888509,False,1.4807482177519444
GOLD,10,4.0,D+1h,0.1@0.3,10,False,12.83,39.6,2.03,2035099,-538880,14.33,65.1,1.46,2027604,-1525249,13.48,51.2,1.64,4062702,-1525249,3.776534664489311,1.3293593373934354,False,3.226354667834457
GOLD,10,4.0,D+1h,0.1@0.3,10,True,12.83,39.6,2.03,2035099,-538880,14.33,65.1,1.46,2027604,-1525249,13.48,51.2,1.64,4062702,-1525249,3.776534664489311,1.3293593373934354,False,2.8865165792761265
GOLD,10,4.0,D+1h,0.15@0.3,0,False,7.75,55.9,2.1,1287147,-213571,8.33,68.0,0.83,-559420,-1242698,8.0,61.3,1.16,727726,-1242698,6.026787344723768,-0.45016568788233347,False,3.1470284292678223
GOLD,10,4.0,D+1h,0.15@0.3,0,True,7.75,55.9,2.1,1287147,-213571,8.33,68.0,0.83,-559420,-1242698,8.0,61.3,1.16,727726,-1242698,6.026787344723768,-0.45016568788233347,False,3.253781390342443
GOLD,10,4.0,D+1h,0.15@0.3,5,False,14.58,52.6,1.74,1685960,-653094,16.0,75.0,1.37,1653747,-1474043,15.19,62.7,1.5,3339706,-1474043,2.581496691134814,1.1219123187044069,False,2.898623134306298
GOLD,10,4.0,D+1h,0.15@0.3,5,True,14.58,52.6,1.74,1685960,-653094,16.0,75.0,1.37,1653747,-1474043,15.19,62.7,1.5,3339706,-1474043,2.581496691134814,1.1219123187044069,False,2.6799494681095015
GOLD,10,4.0,D+1h,0.15@0.3,10,False,13.92,53.9,1.85,1830346,-567024,16.11,74.5,1.31,1418003,-1474043,14.86,63.5,1.49,3248349,-1474043,3.2279868224272694,0.9619821131405257,False,3.29453455561816
GOLD,10,4.0,D+1h,0.15@0.3,10,True,13.92,53.9,1.85,1830346,-567024,16.11,74.5,1.31,1418003,-1474043,14.86,63.5,1.49,3248349,-1474043,3.2279868224272694,0.9619821131405257,False,3.0623883551555666
GOLD,10,4.0,D+1h,0.2@0.4,10,False,13.0,66.7,2.16,2244701,-337626,13.89,70.4,1.52,2355391,-1411309,13.38,68.3,1.71,4600093,-1411309,6.648483825297815,1.6689406784765066,False,4.513066072744178
GOLD,10,4.0,D+1h,0.2@0.4,10,True,13.0,66.7,2.16,2244701,-337626,13.89,70.4,1.52,2355391,-1411309,13.38,68.3,1.71,4600093,-1411309,6.648483825297815,1.6689406784765066,False,4.325812386364884
GOLD,10,4.0,D+1h,0.25@0.5,0,False,7.75,66.7,2.21,1928905,-345463,8.33,61.3,0.83,-703860,-1323927,8.0,64.3,1.22,1225046,-1323927,5.5835357187310946,-0.5316456269869865,False,3.228299921252346
GOLD,10,4.0,D+1h,0.25@0.5,0,True,7.75,66.7,2.21,1928905,-345463,8.33,61.3,0.83,-703860,-1323927,8.0,64.3,1.22,1225046,-1323927,5.5835357187310946,-0.5316456269869865,False,3.1955417520240936
GOLD,10,4.0,D+1h,0.2@0.4,0,False,7.75,65.6,1.96,1250694,-275011,8.33,65.3,0.99,-31355,-1176525,8.0,65.5,1.25,1219339,-1176525,4.5477962699673835,-0.02665051741356962,False,3.22677940366336
GOLD,10,4.0,D+1h,0.2@0.4,0,True,7.75,65.6,1.96,1250694,-275011,8.33,65.3,0.99,-31355,-1176525,8.0,65.5,1.25,1219339,-1176525,4.5477962699673835,-0.02665051741356962,False,3.352537699922992
GOLD,10,4.0,D+1h,0.2@0.4,5,False,13.75,66.1,1.91,2010037,-453966,14.11,70.9,1.61,2725858,-1411309,13.9,68.2,1.71,4735895,-1411309,4.427725864932616,1.931439535920199,False,3.7601703079897004
GOLD,10,4.0,D+1h,0.2@0.4,5,True,13.75,66.1,1.91,2010037,-453966,14.11,70.9,1.61,2725858,-1411309,13.9,68.2,1.71,4735895,-1411309,4.427725864932616,1.931439535920199,False,3.5134657135035767
GOLD,10,4.0,D+1h,0.25@0.5,5,False,12.08,66.2,2.09,2584567,-562624,13.11,69.5,1.58,2814026,-1362730,12.52,67.7,1.75,5398593,-1362730,4.593773106017518,2.064991597748637,False,3.841283254115036
GOLD,10,4.0,D+1h,0.25@0.5,5,True,12.08,66.2,2.09,2584567,-562624,13.11,69.5,1.58,2814026,-1362730,12.52,67.7,1.75,5398593,-1362730,4.593773106017518,2.064991597748637,False,3.4823717128027356
GOLD,10,4.0,D+1h,0.25@0.5,10,False,11.83,67.6,2.2,2642803,-433285,12.89,69.0,1.51,2492172,-1362730,12.29,68.2,1.73,5134975,-1362730,6.099456477837912,1.8288083479486033,False,4.3442086597861795
GOLD,10,4.0,D+1h,0.25@0.5,10,True,11.83,67.6,2.2,2642803,-433285,12.89,69.0,1.51,2492172,-1362730,12.29,68.2,1.73,5134975,-1362730,6.099456477837912,1.8288083479486033,False,4.1087909827395315
GOLD,10,4.0,D+4h,0.1@0.3,0,False,8.92,35.5,1.29,574964,-580324,10.22,64.1,0.77,-925737,-2351855,9.48,48.7,0.94,-350773,-2351855,0.9907637802331112,-0.39361992980009397,False,1.840683965819233
GOLD,10,4.0,D+4h,0.1@0.3,0,True,8.92,29.9,1.63,744726,-338982,10.22,50.0,0.63,-1288036,-1972952,9.48,39.2,0.88,-543310,-1972952,2.1969485105403828,-0.6528471042377108,False,2.3477516434131775
GOLD,10,4.0,D+4h,0.1@0.3,5,False,13.0,35.9,1.33,935255,-812581,16.78,66.2,1.35,1784414,-1753240,14.62,50.8,1.34,2719668,-1753240,1.1509683342337564,1.0177807944149118,False,1.4618863503717598
GOLD,10,4.0,D+4h,0.1@0.3,5,True,21.25,23.1,1.18,510961,-800472,28.11,43.9,1.13,770020,-1948648,24.19,33.5,1.15,1280981,-1948648,0.6383246384633067,0.39515602612683254,False,1.5423717435117132
GOLD,10,4.0,D+4h,0.1@0.3,10,False,12.42,36.9,1.43,1124038,-659785,16.67,65.3,1.32,1640370,-1753240,14.24,51.2,1.36,2764409,-1753240,1.703642853353744,0.9356220483219639,False,2.0035119140697124
GOLD,10,4.0,D+4h,0.1@0.3,10,True,18.5,25.7,1.36,888976,-630109,25.11,44.2,1.17,959381,-1852107,21.33,35.0,1.23,1848356,-1852107,1.410828920075733,0.5179943707356001,False,2.0480337134229973
GOLD,10,4.0,D+4h,0.15@0.3,0,False,8.92,50.5,1.15,275494,-537056,10.22,69.6,0.77,-920169,-2197587,9.48,59.3,0.89,-644675,-2197587,0.5129707144133945,-0.41871789376256774,False,1.645814491296806
GOLD,10,4.0,D+4h,0.15@0.3,0,True,8.92,41.1,1.64,732244,-320219,10.22,53.3,0.59,-1427969,-1927489,9.48,46.7,0.85,-695725,-1927489,2.286697541370125,-0.740844176023832,False,2.1566452624067507
GOLD,10,4.0,D+4h,0.2@0.4,0,False,8.92,60.7,1.14,286382,-732322,10.22,63.0,0.6,-2022610,-2855286,9.48,61.8,0.76,-1736229,-2855286,0.3910602166806405,-0.7083738721795295,False,1.3858158816782122
GOLD,10,4.0,D+4h,0.2@0.4,0,True,8.92,46.7,1.64,811229,-376606,10.22,51.1,0.7,-1109548,-1846131,9.48,48.7,0.94,-298320,-1846131,2.1540522455829167,-0.6010126041976436,False,1.908292459860282
GOLD,10,4.0,D+4h,0.2@0.4,5,False,13.25,61.0,1.27,802968,-675884,16.0,68.1,1.2,1238182,-1885810,14.43,64.4,1.22,2041150,-1885810,1.188026347716472,0.656578340341816,False,1.6170773134443315
GOLD,10,4.0,D+4h,0.2@0.4,5,True,21.33,35.5,1.22,642126,-674450,28.11,46.6,1.13,798757,-2061280,24.24,41.1,1.16,1440883,-2061280,0.952073541404107,0.387505336489948,False,1.793172117170998
GOLD,10,4.0,D+4h,0.15@0.3,5,False,14.33,50.0,1.18,549589,-885939,18.56,75.4,1.3,1504538,-1744059,16.14,62.5,1.26,2054127,-1744059,0.620346321812224,0.8626646231578174,False,1.3022240837518444
GOLD,10,4.0,D+4h,0.15@0.3,5,True,22.08,30.9,1.09,283679,-886651,29.44,50.6,1.07,425994,-2018306,25.24,40.8,1.08,709673,-2018306,0.3199443749570011,0.2110651209479633,False,1.2767737939874284
GOLD,10,4.0,D+4h,0.15@0.3,10,False,13.42,51.6,1.29,788941,-670482,18.33,74.5,1.27,1360486,-1744059,15.52,63.2,1.27,2149427,-1744059,1.1766773753806963,0.7800687935442551,False,1.7827065912261602
GOLD,10,4.0,D+4h,0.15@0.3,10,True,19.17,34.3,1.25,654982,-672446,26.67,52.1,1.09,497690,-1992728,22.38,43.4,1.14,1152672,-1992728,0.9740291413734337,0.24975310227988967,False,1.7023990426839717
GOLD,10,4.0,D+4h,0.2@0.4,10,False,12.83,61.0,1.34,957794,-633869,16.11,68.3,1.14,848081,-2074487,14.24,64.5,1.2,1805875,-2074487,1.5110283039555492,0.40881480578089907,False,2.293492941524552
GOLD,10,4.0,D+4h,0.2@0.4,10,True,18.67,38.8,1.44,1056698,-623962,25.44,48.5,1.12,699738,-1945517,21.57,43.7,1.21,1756436,-1945517,1.6935294136501902,0.3596668649001782,False,2.4345211312390065
GOLD,10,4.0,D+4h,0.25@0.5,0,False,8.92,57.9,1.2,510926,-915054,10.22,62.0,0.56,-2313506,-3067811,9.48,59.8,0.77,-1802580,-3067811,0.5583561188738588,-0.7541227278994697,False,2.0101574040600223
GOLD,10,4.0,D+4h,0.25@0.5,0,True,8.92,46.7,1.83,1115192,-344381,10.22,48.9,0.59,-1616209,-2420647,9.48,47.7,0.91,-501018,-2420647,3.23825065842773,-0.6676764517916077,False,2.307667647767671
GOLD,10,4.0,D+4h,0.25@0.5,5,False,11.92,58.0,1.31,1012466,-935513,15.67,68.1,1.23,1457273,-1673441,13.52,63.0,1.26,2469740,-1673441,1.0822575421186023,0.8708242477625444,False,1.7125432673135275
GOLD,10,4.0,D+4h,0.25@0.5,5,True,20.25,33.3,1.37,1080586,-772475,27.33,44.7,1.19,1162086,-2024943,23.29,39.1,1.25,2242672,-2024943,1.3988620990970582,0.5738857834516824,False,2.113074801612434
GOLD,10,4.0,D+4h,0.25@0.5,10,False,11.83,59.2,1.32,1025146,-848435,15.78,68.3,1.18,1098621,-1673441,13.52,63.7,1.22,2123767,-1673441,1.2082787720921462,0.6565041731378638,False,2.2957270805924552
GOLD,10,4.0,D+4h,0.25@0.5,10,True,17.92,37.7,1.54,1353011,-613378,24.67,46.4,1.19,1084607,-1918874,20.81,42.1,1.29,2437618,-1918874,2.205835553280359,0.5652309635755135,False,2.5144465084151086
GOLD,10,4.0,D+1h+4h,0.1@0.3,0,False,5.5,39.4,2.44,1119475,-194917,6.11,60.0,0.65,-1044279,-1722237,5.76,48.8,1.02,75196,-1722237,5.7433420378930515,-0.6063503455099385,False,3.645217839355839
GOLD,10,4.0,D+1h+4h,0.1@0.3,0,True,5.5,39.4,2.44,1119475,-194917,6.11,60.0,0.65,-1044279,-1722237,5.76,48.8,1.02,75196,-1722237,5.7433420378930515,-0.6063503455099385,False,3.7792383649455363
GOLD,10,4.0,D+1h+4h,0.1@0.3,5,False,9.67,39.7,2.03,1558581,-484091,11.22,67.3,1.46,1702618,-1525249,10.33,52.5,1.62,3261200,-1525249,3.2196033390416265,1.116288553541094,False,3.7314160423450007
GOLD,10,4.0,D+1h+4h,0.1@0.3,5,True,9.67,39.7,2.03,1558581,-484091,11.22,67.3,1.46,1702618,-1525249,10.33,52.5,1.62,3261200,-1525249,3.2196033390416265,1.116288553541094,False,3.6801516727679555
GOLD,10,4.0,D+1h+4h,0.1@0.3,10,False,9.17,40.9,2.2,1676851,-401809,10.89,65.3,1.45,1672508,-1525249,9.9,52.4,1.65,3349358,-1525249,4.173253958970555,1.0965475145369707,False,4.1941609642264
GOLD,10,4.0,D+1h+4h,0.1@0.3,10,True,9.17,40.9,2.2,1676851,-401809,10.89,65.3,1.45,1672508,-1525249,9.9,52.4,1.65,3349358,-1525249,4.173253958970555,1.0965475145369707,False,4.161626082751066
GOLD,10,4.0,D+1h+4h,0.15@0.3,0,False,5.5,57.6,2.48,1102029,-213571,6.11,65.5,0.6,-1184212,-1663072,5.76,61.2,0.98,-82182,-1663072,5.1600123612288185,-0.7120629774297205,False,3.228670154697594
GOLD,10,4.0,D+1h+4h,0.15@0.3,0,True,5.5,57.6,2.48,1102029,-213571,6.11,65.5,0.6,-1184212,-1663072,5.76,61.2,0.98,-82182,-1663072,5.1600123612288185,-0.7120629774297205,False,3.4060428373932674
GOLD,10,4.0,D+1h+4h,0.15@0.3,5,False,10.5,54.8,1.81,1335342,-519796,12.56,77.0,1.37,1347111,-1474043,11.38,65.3,1.51,2682453,-1474043,2.5689732125680074,0.9138885364945256,False,3.3803681932483043
GOLD,10,4.0,D+1h+4h,0.15@0.3,5,True,10.5,54.8,1.81,1335342,-519796,12.56,77.0,1.37,1347111,-1474043,11.38,65.3,1.51,2682453,-1474043,2.5689732125680074,0.9138885364945256,False,3.353058925352374
GOLD,10,4.0,D+1h+4h,0.15@0.3,10,False,9.83,56.8,1.94,1446899,-433726,12.44,75.9,1.32,1206977,-1474043,10.95,66.1,1.5,2653876,-1474043,3.3359747859247544,0.8188207535329702,False,4.027156262940462
GOLD,10,4.0,D+1h+4h,0.15@0.3,10,True,9.83,56.8,1.94,1446899,-433726,12.44,75.9,1.32,1206977,-1474043,10.95,66.1,1.5,2653876,-1474043,3.3359747859247544,0.8188207535329702,False,4.006891439539735
GOLD,10,4.0,D+1h+4h,0.2@0.4,0,False,5.5,68.2,2.38,1187524,-275011,6.11,61.8,0.73,-865791,-1581715,5.76,65.3,1.08,321733,-1581715,4.318096367054409,-0.5473748431291352,False,3.1590616774952
GOLD,10,4.0,D+1h+4h,0.2@0.4,0,True,5.5,68.2,2.38,1187524,-275011,6.11,61.8,0.73,-865791,-1581715,5.76,65.3,1.08,321733,-1581715,4.318096367054409,-0.5473748431291352,False,3.3353608803854273
GOLD,10,4.0,D+1h+4h,0.2@0.4,5,False,9.75,66.7,2.09,1664696,-343603,10.89,70.4,1.49,1940995,-1411309,10.24,68.4,1.66,3605691,-1411309,4.844823822842059,1.3753153986830666,False,3.964787038788619
GOLD,10,4.0,D+1h+4h,0.2@0.4,5,True,9.75,66.7,2.09,1664696,-343603,10.89,70.4,1.49,1940995,-1411309,10.24,68.4,1.66,3605691,-1411309,4.844823822842059,1.3753153986830666,False,3.9433367836693125
GOLD,10,4.0,D+1h+4h,0.2@0.4,10,False,9.33,67.0,2.34,1819522,-269303,10.89,70.4,1.41,1631513,-1411309,10.0,68.6,1.65,3451035,-1411309,6.7564119226299,1.156028197935392,False,4.519934625482477
GOLD,10,4.0,D+1h+4h,0.2@0.4,10,True,9.33,67.0,2.34,1819522,-269303,10.89,70.4,1.41,1631513,-1411309,10.0,68.6,1.65,3451035,-1411309,6.7564119226299,1.156028197935392,False,4.5381847364519405
GOLD,10,4.0,D+1h+4h,0.25@0.5,0,False,5.5,68.2,2.59,1483554,-199783,6.11,58.2,0.6,-1372452,-2152496,5.76,63.6,1.03,111102,-2152496,7.425827022319217,-0.6376095472418997,False,3.2308519903877237
GOLD,10,4.0,D+1h+4h,0.25@0.5,0,True,5.5,68.2,2.59,1483554,-199783,6.11,58.2,0.6,-1372452,-2152496,5.76,63.6,1.03,111102,-2152496,7.425827022319217,-0.6376095472418997,False,3.528618050338154
GOLD,10,4.0,D+1h+4h,0.25@0.5,5,False,8.67,65.4,2.35,2098243,-380518,10.11,69.2,1.56,2267798,-1362730,9.29,67.2,1.78,4366041,-1362730,5.514175413515261,1.6641579770020474,False,4.414296654087194
GOLD,10,4.0,D+1h+4h,0.25@0.5,5,True,8.67,65.4,2.35,2098243,-380518,10.11,69.2,1.56,2267798,-1362730,9.29,67.2,1.78,4366041,-1362730,5.514175413515261,1.6641579770020474,False,4.44595710978504
GOLD,10,4.0,D+1h+4h,0.25@0.5,10,False,8.58,67.0,2.46,2110922,-296736,10.11,69.2,1.49,1984359,-1362730,9.24,68.0,1.75,4095281,-1362730,7.113804863582444,1.4561644639803923,False,4.546498503096007
GOLD,10,4.0,D+1h+4h,0.25@0.5,10,True,8.58,67.0,2.46,2110922,-296736,10.11,69.2,1.49,1984359,-1362730,9.24,68.0,1.75,4095281,-1362730,7.113804863582444,1.4561644639803923,False,4.657338145450253
GOLD,10,4.0,1h,0.1@0.3,0,False,14.33,34.9,1.33,902945,-746864,13.44,62.8,1.45,2019214,-1605213,13.95,46.4,1.4,2922159,-1605213,1.208981822661154,1.2579103209356017,False,1.587760949155569
GOLD,10,4.0,1h,0.1@0.3,0,True,14.33,34.9,1.33,902945,-746864,13.44,62.8,1.45,2019214,-1605213,13.95,46.4,1.4,2922159,-1605213,1.208981822661154,1.2579103209356017,False,1.587760949155569
GOLD,10,4.0,1h,0.1@0.3,5,False,26.17,35.0,1.25,1145635,-1300386,23.22,63.6,1.57,4071106,-2201065,24.9,46.5,1.45,5216741,-2201065,0.880996104233666,1.8496073491696066,False,1.2734105146628847
GOLD,10,4.0,1h,0.1@0.3,5,True,26.17,35.0,1.25,1145635,-1300386,23.22,63.6,1.57,4071106,-2201065,24.9,46.5,1.45,5216741,-2201065,0.880996104233666,1.8496073491696066,False,1.2734105146628847
GOLD,10,4.0,1h,0.1@0.3,10,False,24.75,36.7,1.34,1443888,-1061610,22.11,61.8,1.4,3082735,-1997263,23.62,46.8,1.38,4526622,-1997263,1.360092689405714,1.5434797520406676,False,1.5846422871153845
GOLD,10,4.0,1h,0.1@0.3,10,True,24.75,36.7,1.34,1443888,-1061610,22.11,61.8,1.4,3082735,-1997263,23.62,46.8,1.38,4526622,-1997263,1.360092689405714,1.5434797520406676,False,1.5846422871153845
GOLD,10,4.0,1h,0.15@0.3,0,False,14.33,48.8,1.34,907305,-734540,13.44,68.6,1.14,612330,-1490787,13.95,57.0,1.21,1519635,-1490787,1.2352016227843277,0.4107427821680763,False,1.4867377541418
GOLD,10,4.0,1h,0.15@0.3,0,True,14.33,48.8,1.34,907305,-734540,13.44,68.6,1.14,612330,-1490787,13.95,57.0,1.21,1519635,-1490787,1.2352016227843277,0.4107427821680763,False,1.4867377541418
GOLD,10,4.0,1h,0.15@0.3,5,False,27.92,50.1,1.26,1177042,-1275302,24.56,71.5,1.51,3679687,-2162675,26.48,58.6,1.41,4856728,-2162675,0.9229515832328342,1.701451674430971,False,1.2398919525695982
GOLD,10,4.0,1h,0.15@0.3,5,True,27.92,50.1,1.26,1177042,-1275302,24.56,71.5,1.51,3679687,-2162675,26.48,58.6,1.41,4856728,-2162675,0.9229515832328342,1.701451674430971,False,1.2398919525695982
GOLD,10,4.0,1h,0.15@0.3,10,False,26.33,49.7,1.33,1409038,-1085773,24.33,71.2,1.23,1842973,-1971675,25.48,58.5,1.27,3252011,-1971675,1.297727978131709,0.9347245362445636,False,1.5305545170025976
GOLD,10,4.0,1h,0.15@0.3,10,True,26.33,49.7,1.33,1409038,-1085773,24.33,71.2,1.23,1842973,-1971675,25.48,58.5,1.27,3252011,-1971675,1.297727978131709,0.9347245362445636,False,1.5305545170025976
GOLD,10,4.0,1h,0.2@0.4,0,False,14.33,57.6,1.23,714083,-851051,13.44,63.6,1.09,444789,-1484499,13.95,60.1,1.14,1158872,-1484499,0.8390601738321205,0.2996222968152892,False,1.4644439045577677
GOLD,10,4.0,1h,0.2@0.4,0,True,14.33,57.6,1.23,714083,-851051,13.44,63.6,1.09,444789,-1484499,13.95,60.1,1.14,1158872,-1484499,0.8390601738321205,0.2996222968152892,False,1.4644439045577677
GOLD,10,4.0,1h,0.2@0.4,5,False,24.33,62.7,1.35,1593961,-861483,22.56,67.5,1.57,4346091,-2468042,23.57,64.6,1.49,5940052,-2468042,1.8502524135705523,1.76094693688357,False,2.022220150739948
GOLD,10,4.0,1h,0.2@0.4,5,True,24.33,62.7,1.35,1593961,-861483,22.56,67.5,1.57,4346091,-2468042,23.57,64.6,1.49,5940052,-2468042,1.8502524135705523,1.76094693688357,False,2.022220150739948
GOLD,10,4.0,1h,0.2@0.4,10,False,23.25,62.7,1.42,1806347,-693396,22.22,67.5,1.34,2793982,-2279726,22.81,64.7,1.36,4600330,-2279726,2.6050727145815666,1.225577986126403,False,2.534574215636886
GOLD,10,4.0,1h,0.2@0.4,10,True,23.25,62.7,1.42,1806347,-693396,22.22,67.5,1.34,2793982,-2279726,22.81,64.7,1.36,4600330,-2279726,2.6050727145815666,1.225577986126403,False,2.534574215636886
GOLD,10,4.0,1h,0.25@0.5,0,False,14.33,59.9,1.35,1231227,-1046573,13.44,57.9,0.9,-585765,-2059464,13.95,59.0,1.07,645463,-2059464,1.1764368085169405,-0.28442594772232,False,1.7981498924286283
GOLD,10,4.0,1h,0.25@0.5,0,True,14.33,59.9,1.35,1231227,-1046573,13.44,57.9,0.9,-585765,-2059464,13.95,59.0,1.07,645463,-2059464,1.1764368085169405,-0.28442594772232,False,1.7981498924286283
GOLD,10,4.0,1h+4h,0.1@0.3,0,False,8.17,39.8,1.82,1059773,-406382,7.56,61.8,0.81,-610731,-1829729,7.9,48.8,1.1,449042,-1829729,2.6078246575881807,-0.3337822158363342,False,1.6221576518680911
GOLD,10,4.0,1h+4h,0.1@0.3,0,True,8.17,39.8,1.82,1059773,-406382,7.56,61.8,0.81,-610731,-1829729,7.9,48.8,1.1,449042,-1829729,2.6078246575881807,-0.3337822158363342,False,1.6221576518680911
GOLD,10,4.0,1h+4h,0.1@0.3,5,False,14.08,40.2,1.6,1431607,-778647,14.22,69.5,1.53,2287072,-1616899,14.14,52.9,1.56,3718679,-1616899,1.8385828237956352,1.4144804344612742,False,2.0815506745085988
GOLD,10,4.0,1h+4h,0.1@0.3,5,True,14.08,40.2,1.6,1431607,-778647,14.22,69.5,1.53,2287072,-1616899,14.14,52.9,1.56,3718679,-1616899,1.8385828237956352,1.4144804344612742,False,2.0815506745085988
GOLD,10,4.0,1h,0.25@0.5,5,False,22.0,63.6,1.37,1816114,-1125161,21.44,64.2,1.44,3724192,-2458775,21.76,63.9,1.41,5540306,-2458775,1.6140925609757182,1.51465343514555,False,1.942783270870795
GOLD,10,4.0,1h,0.25@0.5,5,True,22.0,63.6,1.37,1816114,-1125161,21.44,64.2,1.44,3724192,-2458775,21.76,63.9,1.41,5540306,-2458775,1.6140925609757182,1.51465343514555,False,1.942783270870795
GOLD,10,4.0,1h,0.25@0.5,10,False,21.58,63.7,1.36,1741552,-1047756,21.22,63.9,1.26,2372398,-2458775,21.43,63.8,1.29,4113951,-2458775,1.6621732540782397,0.9648699047289809,False,2.308443999508591
GOLD,10,4.0,1h,0.25@0.5,10,True,21.58,63.7,1.36,1741552,-1047756,21.22,63.9,1.26,2372398,-2458775,21.43,63.8,1.29,4113951,-2458775,1.6621732540782397,0.9648699047289809,False,2.308443999508591
GOLD,10,4.0,1h+4h,0.1@0.3,10,False,13.17,42.4,1.85,1763700,-624007,13.56,67.2,1.53,2257296,-1525249,13.33,53.2,1.63,4020995,-1525249,2.826410601163128,1.4799524536649427,False,2.2975092963260937
GOLD,10,4.0,1h+4h,0.1@0.3,10,True,13.17,42.4,1.85,1763700,-624007,13.56,67.2,1.53,2257296,-1525249,13.33,53.2,1.63,4020995,-1525249,2.826410601163128,1.4799524536649427,False,2.2975092963260937
GOLD,10,4.0,1h+4h,0.15@0.3,0,False,8.17,56.1,1.86,1076555,-383377,7.56,66.2,0.73,-870496,-1761617,7.9,60.2,1.05,206059,-1761617,2.808084470377722,-0.49414600335941355,False,1.8092697770594535
GOLD,10,4.0,1h+4h,0.15@0.3,0,True,8.17,56.1,1.86,1076555,-383377,7.56,66.2,0.73,-870496,-1761617,7.9,60.2,1.05,206059,-1761617,2.808084470377722,-0.49414600335941355,False,1.8092697770594535
GOLD,10,4.0,1h+4h,0.15@0.3,5,False,15.17,54.4,1.51,1284105,-783007,15.67,77.3,1.48,2012787,-1636015,15.38,64.4,1.49,3296893,-1636015,1.6399661816561026,1.2302986219564,False,2.336050758173143
GOLD,10,4.0,1h+4h,0.15@0.3,5,True,15.17,54.4,1.51,1284105,-783007,15.67,77.3,1.48,2012787,-1636015,15.38,64.4,1.49,3296893,-1636015,1.6399661816561026,1.2302986219564,False,2.336050758173143
GOLD,10,4.0,1h+4h,0.15@0.3,10,False,14.08,56.8,1.73,1607446,-646926,15.78,76.1,1.32,1420785,-1531942,14.81,65.6,1.46,3028231,-1531942,2.4847447776098037,0.9274404644562262,False,2.4163185535624283
GOLD,10,4.0,1h+4h,0.15@0.3,10,True,14.08,56.8,1.73,1607446,-646926,15.78,76.1,1.32,1420785,-1531942,14.81,65.6,1.46,3028231,-1531942,2.4847447776098037,0.9274404644562262,False,2.4163185535624283
GOLD,10,4.0,1h+4h,0.2@0.4,0,False,8.17,65.3,1.79,1150632,-378629,7.56,63.2,0.74,-923918,-1778304,7.9,64.5,1.05,226715,-1778304,3.0389431343082545,-0.5195500881739005,False,1.8817791990854529
GOLD,10,4.0,1h+4h,0.2@0.4,0,True,8.17,65.3,1.79,1150632,-378629,7.56,63.2,0.74,-923918,-1778304,7.9,64.5,1.05,226715,-1778304,3.0389431343082545,-0.5195500881739005,False,1.8817791990854529
GOLD,10,4.0,1h+4h,0.2@0.4,5,False,14.0,66.1,1.64,1607218,-560876,13.56,70.5,1.52,2402518,-1515476,13.81,67.9,1.56,4009736,-1515476,2.8655496045471724,1.5853223673618058,False,2.415046784088744
GOLD,10,4.0,1h+4h,0.2@0.4,5,True,14.0,66.1,1.64,1607218,-560876,13.56,70.5,1.52,2402518,-1515476,13.81,67.9,1.56,4009736,-1515476,2.8655496045471724,1.5853223673618058,False,2.415046784088744
GOLD,10,4.0,1h+4h,0.2@0.4,10,False,13.42,65.8,1.76,1759892,-535279,13.56,72.1,1.5,2236908,-1411309,13.48,68.6,1.59,3996800,-1411309,3.287803183012971,1.5849881209572108,False,2.4965864034480574
GOLD,10,4.0,1h+4h,0.2@0.4,10,True,13.42,65.8,1.76,1759892,-535279,13.56,72.1,1.5,2236908,-1411309,13.48,68.6,1.59,3996800,-1411309,3.287803183012971,1.5849881209572108,False,2.4965864034480574
GOLD,10,4.0,1h+4h,0.25@0.5,0,False,8.17,66.3,1.85,1372149,-426609,7.56,57.4,0.59,-1657892,-2465390,7.9,62.7,0.95,-285743,-2465390,3.2164089365203266,-0.672466425190335,False,1.8023037605548198
GOLD,10,4.0,1h+4h,0.25@0.5,0,True,8.17,66.3,1.85,1372149,-426609,7.56,57.4,0.59,-1657892,-2465390,7.9,62.7,0.95,-285743,-2465390,3.2164089365203266,-0.672466425190335,False,1.8023037605548198
GOLD,10,4.0,1h+4h,0.25@0.5,5,False,12.58,64.2,1.65,1748414,-628404,13.0,67.5,1.36,1859056,-1446653,12.76,65.7,1.46,3607470,-1446653,2.7823088331710175,1.2850738912510464,False,2.396075361755066
GOLD,10,4.0,1h+4h,0.25@0.5,5,True,12.58,64.2,1.65,1748414,-628404,13.0,67.5,1.36,1859056,-1446653,12.76,65.7,1.46,3607470,-1446653,2.7823088331710175,1.2850738912510464,False,2.396075361755066
GOLD,10,4.0,1h+4h,0.25@0.5,10,False,12.42,65.1,1.68,1742671,-654284,12.89,68.1,1.33,1682174,-1446653,12.62,66.4,1.45,3424845,-1446653,2.663477939243509,1.1628040725730358,False,2.276425121117596
GOLD,10,4.0,1h+4h,0.25@0.5,10,True,12.42,65.1,1.68,1742671,-654284,12.89,68.1,1.33,1682174,-1446653,12.62,66.4,1.45,3424845,-1446653,2.663477939243509,1.1628040725730358,False,2.276425121117596
GOLD,10,5.0,D,0.1@0.3,0,False,10.67,49.2,1.56,1324323,-494770,10.78,68.0,0.84,-657575,-1984637,10.71,57.3,1.1,666748,-2030987,2.6766436930290842,-0.33133263160971,False,1.617471101161665
GOLD,10,5.0,D,0.1@0.3,0,True,10.67,35.9,1.22,376502,-355969,10.78,53.6,1.28,606390,-547179,10.71,43.6,1.25,982892,-547179,1.0576819891619775,1.1082113896914902,False,1.0140427228896316
GOLD,10,5.0,D,0.1@0.3,5,False,15.92,47.1,1.35,1401464,-1025087,17.0,68.0,1.22,1244756,-1540670,16.38,56.4,1.27,2646220,-1540670,1.3671659088448103,0.8079316141678621,False,1.9014014936121708
GOLD,10,5.0,D,0.1@0.3,5,True,38.08,29.3,0.95,-230257,-1304164,33.22,43.8,1.13,745925,-1675078,36.0,35.1,1.05,515668,-1675078,-0.17655524918645202,0.4453076214958348,False,0.43217253503741954
GOLD,10,5.0,D,0.1@0.3,10,False,15.25,48.6,1.46,1727524,-873311,17.0,69.9,1.31,1610947,-1540670,16.0,58.3,1.37,3338471,-1540670,1.9781315018361156,1.045614570284357,False,2.2221033075893253
GOLD,10,5.0,D,0.1@0.3,10,True,34.0,30.9,1.06,244356,-928067,30.56,46.2,1.29,1450507,-1622415,32.52,37.0,1.19,1694864,-1622415,0.26329564568075364,0.8940419066638314,False,0.8119841989752035
GOLD,10,5.0,D,0.15@0.3,0,False,10.67,69.5,1.45,1018874,-456534,10.78,74.2,0.6,-1677915,-1993493,10.71,71.6,0.9,-659042,-1993493,2.231759299416911,-0.8416959577986981,False,1.369106055405853
GOLD,10,5.0,D,0.15@0.3,0,True,10.67,48.4,1.17,283351,-497550,10.78,58.8,1.08,164806,-492593,10.71,52.9,1.12,448158,-497550,0.5694925133152448,0.33456829471795174,False,0.7151759463626753
GOLD,10,5.0,D,0.15@0.3,5,False,17.25,67.1,1.49,1773736,-671288,19.44,75.4,1.06,393483,-1593297,18.19,70.9,1.22,2167219,-1593297,2.6422876619275186,0.2469614892891909,False,1.7703029672527606
GOLD,10,5.0,D,0.15@0.3,5,True,38.5,34.8,0.96,-160958,-1261555,34.0,47.4,1.07,443163,-1851002,36.57,39.8,1.03,282205,-1851002,-0.12758698590231896,0.23941789365975832,False,0.4322187403490188
GOLD,10,5.0,D,0.15@0.3,10,False,16.67,67.0,1.6,2022962,-573764,20.0,76.1,1.12,695969,-1593297,18.1,71.3,1.3,2718931,-1593297,3.525773663039159,0.4368105883586048,False,2.070726842531566
GOLD,10,5.0,D,0.15@0.3,10,True,34.5,36.7,1.06,249470,-932049,31.78,50.3,1.2,1085344,-1509126,33.33,42.3,1.14,1334814,-1509126,0.2676576016926149,0.7191871321546378,False,0.8708139529065229
GOLD,10,5.0,D,0.2@0.4,0,False,10.58,66.1,1.38,1025102,-581139,10.89,73.5,0.88,-493076,-1819066,10.71,69.3,1.08,532026,-1831865,1.7639532022459343,-0.2710599835300094,False,1.5508851272490585
GOLD,10,5.0,D,0.2@0.4,0,True,10.67,46.1,1.1,202729,-432118,10.78,57.7,1.33,766102,-435739,10.71,51.1,1.23,968831,-514859,0.4691519446077229,1.7581671596988104,False,0.6721789070938338
GOLD,10,5.0,D,0.2@0.4,5,False,15.58,67.9,1.39,1608014,-850614,16.22,74.7,1.37,2163606,-1371211,15.86,70.9,1.38,3771621,-1371211,1.8904156291808034,1.577879699039754,False,2.2000030782241304
GOLD,10,5.0,D,0.2@0.4,5,True,37.5,34.9,0.97,-120222,-1121870,32.11,45.0,1.25,1466233,-1213209,35.19,38.8,1.13,1346011,-1213209,-0.10716214891208428,1.2085576351642626,False,0.48777391144593163
GOLD,10,5.0,D,0.2@0.4,10,False,15.42,69.7,1.45,1793247,-850614,16.11,75.2,1.48,2584026,-1371211,15.71,72.1,1.47,4377273,-1371211,2.1081795032764568,1.884484590628284,False,2.5456463451165465
GOLD,10,5.0,D,0.2@0.4,10,True,33.67,37.4,1.08,347508,-851725,29.56,47.4,1.42,2115902,-1038933,31.9,41.3,1.26,2463410,-1038933,0.40800493116909803,2.0366106380295936,False,0.9265834069064833
GOLD,10,5.0,D,0.25@0.5,0,False,10.58,63.0,1.5,1636467,-642657,10.89,67.3,1.05,243246,-1676002,10.71,64.9,1.23,1879712,-1676002,2.546408115059822,0.14513467167700278,False,2.1086778748221047
GOLD,10,5.0,D,0.25@0.5,0,True,10.67,45.3,1.26,545502,-622889,10.78,53.6,1.58,1621265,-549981,10.71,48.9,1.44,2166767,-622889,0.8757611709309363,2.9478563804931444,False,1.2690834308449606
GOLD,10,5.0,D+1h,0.1@0.3,0,False,5.83,48.6,1.59,735897,-242109,5.78,71.2,1.9,1126028,-351469,5.81,58.2,1.75,1861926,-351469,3.0395276507688687,3.2037761509549916,False,2.350684470750612
GOLD,10,5.0,D+1h,0.1@0.3,0,True,5.83,48.6,1.59,735897,-242109,5.78,71.2,1.9,1126028,-351469,5.81,58.2,1.75,1861926,-351469,3.0395276507688687,3.2037761509549916,False,2.2829766546935155
GOLD,10,5.0,D+1h,0.1@0.3,5,False,10.67,48.4,1.82,1654708,-504266,11.33,68.6,1.75,2137122,-963933,10.95,57.4,1.78,3791830,-963933,3.2814189336580295,2.217085627320571,False,2.6872295708350946
GOLD,10,5.0,D+1h,0.1@0.3,5,True,10.67,48.4,1.82,1654708,-504266,11.33,68.6,1.75,2137122,-963933,10.95,57.4,1.78,3791830,-963933,3.2814189336580295,2.217085627320571,False,2.5116795340364404
GOLD,10,5.0,D,0.25@0.5,5,False,13.5,65.4,1.6,2343041,-718773,14.78,68.4,1.31,2003447,-1403105,14.05,66.8,1.42,4346488,-1403105,3.2597788175126223,1.4278667669205085,False,2.501156349490254
GOLD,10,5.0,D,0.25@0.5,5,True,36.67,34.1,1.07,338037,-1143444,31.11,41.4,1.22,1416397,-1578306,34.29,36.9,1.16,1754434,-1578306,0.295630568702971,0.8974159636977874,False,0.9615632143167681
GOLD,10,5.0,D,0.25@0.5,10,False,13.42,65.8,1.61,2365692,-714000,14.56,69.5,1.46,2692915,-1403105,13.9,67.5,1.52,5058607,-1403105,3.3132941176470587,1.9192540829089768,False,2.630193460938234
GOLD,10,5.0,D,0.25@0.5,10,True,33.0,36.4,1.15,644622,-957081,28.44,43.8,1.44,2345925,-1233038,31.05,39.3,1.31,2990548,-1233038,0.6735291997229075,1.902556936606982,False,1.3374327081380686
GOLD,10,5.0,D+1h,0.1@0.3,10,False,10.25,49.6,2.07,1892519,-362216,11.22,70.3,2.09,2611729,-963933,10.67,58.9,2.08,4504248,-963933,5.224835457296199,2.7094507605819076,False,3.421606343427519
GOLD,10,5.0,D+1h,0.1@0.3,10,True,10.25,49.6,2.07,1892519,-362216,11.22,70.3,2.09,2611729,-963933,10.67,58.9,2.08,4504248,-963933,5.224835457296199,2.7094507605819076,False,3.2262089389977566
GOLD,10,5.0,D+1h,0.15@0.3,0,False,5.83,71.4,1.54,642746,-368491,5.78,80.8,1.54,676099,-312733,5.81,75.4,1.54,1318845,-368491,1.7442651245213587,2.1619048837186994,False,2.026048303733304
GOLD,10,5.0,D+1h,0.15@0.3,0,True,5.83,71.4,1.54,642746,-368491,5.78,80.8,1.54,676099,-312733,5.81,75.4,1.54,1318845,-368491,1.7442651245213587,2.1619048837186994,False,1.9507335798107457
GOLD,10,5.0,D+1h,0.15@0.3,5,False,11.17,67.9,1.91,1735107,-539527,12.11,77.1,1.6,1891607,-858511,11.57,72.0,1.72,3626714,-858511,3.2159780696795526,2.203357906887623,False,2.7640223496159027
GOLD,10,5.0,D+1h,0.15@0.3,5,True,11.17,67.9,1.91,1735107,-539527,12.11,77.1,1.6,1891607,-858511,11.57,72.0,1.72,3626714,-858511,3.2159780696795526,2.203357906887623,False,2.474912194278358
GOLD,10,5.0,D+1h,0.15@0.3,10,False,10.83,68.5,2.11,1903807,-401557,12.44,78.6,1.85,2303812,-858511,11.52,73.1,1.95,4207619,-858511,4.741062912612655,2.6834973576343226,False,3.8155691260305598
GOLD,10,5.0,D+1h,0.15@0.3,10,True,10.83,68.5,2.11,1903807,-401557,12.44,78.6,1.85,2303812,-858511,11.52,73.1,1.95,4207619,-858511,4.741062912612655,2.6834973576343226,False,3.4503844602321423
GOLD,10,5.0,D+1h,0.2@0.4,0,False,5.83,67.1,1.37,562124,-323708,5.78,78.8,1.92,1269049,-284673,5.81,72.1,1.63,1831172,-451372,1.7365156251930753,4.457918383548844,False,1.8198945573229892
GOLD,10,5.0,D+1h,0.2@0.4,0,True,5.83,67.1,1.37,562124,-323708,5.78,78.8,1.92,1269049,-284673,5.81,72.1,1.63,1831172,-451372,1.7365156251930753,4.457918383548844,False,1.72238718013146
GOLD,10,5.0,D+1h,0.2@0.4,5,False,10.17,71.3,1.78,1730728,-518284,9.89,76.4,2.04,3028906,-804464,10.05,73.5,1.93,4759634,-804464,3.3393429085211968,3.7651231130292966,True,3.118059448223832
GOLD,10,5.0,D+1h,0.2@0.4,5,True,10.17,71.3,1.78,1730728,-518284,9.89,76.4,2.04,3028906,-804464,10.05,73.5,1.93,4759634,-804464,3.3393429085211968,3.7651231130292966,True,2.920960925201719
GOLD,10,5.0,D+1h,0.2@0.4,10,False,9.92,73.9,2.0,1967216,-376234,9.89,77.5,2.4,3448599,-367563,9.9,75.5,2.22,5415815,-376234,5.228703413301297,9.382334456950238,False,3.900650896584712
GOLD,10,5.0,D+1h,0.2@0.4,10,True,9.92,73.9,2.0,1967216,-376234,9.89,77.5,2.4,3448599,-367563,9.9,75.5,2.22,5415815,-376234,5.228703413301297,9.382334456950238,False,3.7365475065441616
GOLD,10,5.0,D+1h,0.25@0.5,0,False,5.83,65.7,1.56,904897,-529594,5.78,71.2,2.14,2115866,-434064,5.81,68.0,1.87,3020763,-529594,1.7086617295513167,4.874548453684249,False,2.411709155678565
GOLD,10,5.0,D+1h,0.25@0.5,0,True,5.83,65.7,1.56,904897,-529594,5.78,71.2,2.14,2115866,-434064,5.81,68.0,1.87,3020763,-529594,1.7086617295513167,4.874548453684249,False,2.2590304767954703
GOLD,10,5.0,D+1h,0.25@0.5,5,False,9.25,69.4,1.97,2118287,-530529,8.89,68.8,1.89,2985238,-826243,9.1,69.1,1.92,5103525,-826243,3.9927826754051146,3.613026676171538,False,3.619004600714864
GOLD,10,5.0,D+1h,0.25@0.5,5,True,9.25,69.4,1.97,2118287,-530529,8.89,68.8,1.89,2985238,-826243,9.1,69.1,1.92,5103525,-826243,3.9927826754051146,3.613026676171538,False,3.375214243187799
GOLD,10,5.0,D+1h,0.25@0.5,10,False,9.17,70.9,2.05,2194434,-472260,8.78,70.9,2.36,3684791,-561668,9.0,70.9,2.23,5879225,-561668,4.646664972684539,6.560443179956843,False,4.367572272845823
GOLD,10,5.0,D+1h,0.25@0.5,10,True,9.17,70.9,2.05,2194434,-472260,8.78,70.9,2.36,3684791,-561668,9.0,70.9,2.23,5879225,-561668,4.646664972684539,6.560443179956843,False,4.153792455335821
GOLD,10,5.0,D+4h,0.1@0.3,0,False,6.33,43.4,1.23,357069,-502496,7.67,71.0,0.85,-403215,-1286138,6.9,56.6,0.99,-46146,-1286138,0.7105907310704961,-0.31350834824878826,False,1.1045686017829486
GOLD,10,5.0,D+4h,0.1@0.3,0,True,6.33,36.8,1.4,411904,-249265,7.67,58.0,1.52,664123,-376928,6.9,46.9,1.47,1076027,-376928,1.6524742743666379,1.7619359665506409,False,1.4699715256811459
GOLD,10,5.0,D+4h,0.1@0.3,5,False,10.08,43.8,1.45,1047449,-689635,13.0,69.2,1.22,916315,-1042911,11.33,56.3,1.3,1963764,-1042911,1.5188454762301797,0.8786128442407837,False,1.751676840583029
GOLD,10,5.0,D+4h,0.1@0.3,5,True,16.92,28.1,1.31,737322,-651623,23.44,45.0,1.31,1282516,-1084337,19.71,36.7,1.31,2019838,-1084337,1.1315162294762462,1.1827651366687664,False,1.6046921340077915
GOLD,10,5.0,D+4h,0.1@0.3,10,False,9.58,46.1,1.62,1297096,-554963,13.11,71.2,1.35,1282378,-873369,11.1,58.8,1.45,2579474,-873369,2.337265727625085,1.4683117903200136,False,2.5644206428123932
GOLD,10,5.0,D+4h,0.1@0.3,10,True,15.17,30.8,1.51,1036368,-493949,21.44,48.2,1.58,1965156,-1035529,17.86,39.7,1.56,3001524,-1035529,2.098127539482821,1.8977314976210227,False,2.3436239202102453
GOLD,10,5.0,D+4h,0.15@0.3,0,False,6.33,64.5,1.19,293552,-550704,7.67,76.8,0.8,-521255,-1078228,6.9,70.3,0.95,-227703,-1078228,0.5330486068741103,-0.48343671282882655,False,0.7970489521121803
GOLD,10,5.0,D+4h,0.15@0.3,0,True,6.33,50.0,1.41,421554,-308412,7.67,62.3,1.72,904897,-354958,6.9,55.9,1.58,1326451,-354958,1.3668534298276331,2.5493072419835587,False,1.1016369705979123
GOLD,10,5.0,D+4h,0.15@0.3,5,False,10.42,64.0,1.67,1374285,-718230,14.44,76.9,1.13,579494,-1234480,12.14,70.6,1.3,1953779,-1234480,1.9134330228478342,0.46942356295768256,False,1.5369029816382855
GOLD,10,5.0,D+4h,0.15@0.3,5,True,17.17,36.9,1.35,794249,-654249,24.11,48.8,1.29,1251411,-1316997,20.14,43.0,1.31,2045660,-1316997,1.2139858066271405,0.9502003421420094,False,1.4016297927676626
GOLD,10,5.0,D+4h,0.15@0.3,10,False,10.0,65.8,1.84,1557656,-583909,14.67,77.3,1.24,952157,-910889,12.0,71.8,1.43,2509813,-910889,2.6676348540611636,1.045305190862992,False,2.212456800792061
GOLD,10,5.0,D+4h,0.15@0.3,10,True,15.5,39.8,1.51,1027145,-538133,22.11,52.3,1.55,1941954,-983157,18.33,46.2,1.54,2969099,-983157,1.9087195916251187,1.9752226755238482,False,2.0518558453750297
GOLD,10,5.0,D+4h,0.2@0.4,0,False,6.25,62.7,1.0,3110,-748956,7.78,75.7,1.06,157265,-918850,6.9,69.0,1.04,160375,-918850,0.004152446872713484,0.17115416009141862,False,0.43831244730022756
GOLD,10,5.0,D+4h,0.2@0.4,0,True,6.33,47.4,1.08,100808,-445319,7.67,60.9,1.78,1085247,-319666,6.9,53.8,1.45,1186055,-445319,0.2263725554041036,3.3949403439840333,False,0.7081312699651758
GOLD,10,5.0,D+4h,0.2@0.4,5,False,9.92,65.5,1.31,795801,-831555,12.22,75.5,1.5,2079532,-1119441,10.9,70.3,1.42,2875333,-1119441,0.957003445352382,1.8576521674657263,False,1.1514578303711125
GOLD,10,5.0,D+4h,0.2@0.4,5,True,16.83,36.6,1.19,483804,-820843,22.78,45.9,1.5,2069588,-1107742,19.38,41.3,1.38,2553392,-1107742,0.5893989471799114,1.868294241799986,False,1.0884812076998458
GOLD,10,5.0,D+4h,0.2@0.4,10,False,9.75,68.4,1.41,978396,-764238,12.11,76.1,1.69,2559945,-635173,10.76,72.1,1.58,3538341,-764238,1.2802242233440368,4.030311426965567,False,1.6811603191799944
GOLD,10,5.0,D+4h,0.2@0.4,10,True,15.25,40.4,1.34,773905,-658496,20.78,49.2,1.81,2757437,-628133,17.62,44.9,1.62,3531342,-658496,1.1752615050053454,4.389893541654395,False,1.6704834401140807
GOLD,10,5.0,D+4h,0.25@0.5,0,False,6.25,58.7,1.12,259511,-1067615,7.78,67.1,1.22,718717,-788987,6.9,62.8,1.18,978228,-1067615,0.24307545322986282,0.9109364286103573,False,0.5402839210278472
GOLD,10,5.0,D+4h,0.25@0.5,0,True,6.33,44.7,1.15,203763,-526607,7.67,55.1,1.99,1800017,-461821,6.9,49.7,1.64,2003780,-526607,0.38693560852780157,3.8976508214221526,False,1.177853733078004
GOLD,10,5.0,D+4h,0.25@0.5,5,False,9.0,61.1,1.29,844357,-1131980,11.22,67.3,1.35,1738207,-1259155,9.95,64.1,1.33,2582564,-1259155,0.7459115885439672,1.3804551465069828,False,1.211696217407514
GOLD,10,5.0,D+4h,0.25@0.5,5,True,16.0,33.9,1.32,810159,-787812,21.78,41.3,1.45,1997131,-1425093,18.48,37.6,1.4,2807290,-1425093,1.0283659045559093,1.4014039785473649,False,1.3667408849288276
GOLD,10,5.0,D+4h,0.25@0.5,10,False,8.92,61.7,1.3,867009,-1143549,11.0,68.7,1.58,2427674,-750337,9.81,65.0,1.47,3294683,-1143549,0.7581738954780249,3.235444873436869,False,1.438866100022984
GOLD,10,5.0,D+4h,0.25@0.5,10,True,14.58,37.1,1.39,939920,-745885,19.67,44.6,1.82,2904845,-789301,16.76,40.9,1.65,3844765,-789301,1.2601406383021512,3.680275332224335,False,1.7569062983375645
GOLD,10,5.0,D+1h+4h,0.1@0.3,0,False,4.17,50.0,1.73,602651,-200932,4.22,76.3,1.84,727667,-327472,4.19,61.4,1.79,1330318,-327472,2.999278362829216,2.2220739483070306,False,2.5917362138549516
GOLD,10,5.0,D+1h+4h,0.1@0.3,0,True,4.17,50.0,1.73,602651,-200932,4.22,76.3,1.84,727667,-327472,4.19,61.4,1.79,1330318,-327472,2.999278362829216,2.2220739483070306,False,2.685924568184565
GOLD,10,5.0,D+1h+4h,0.1@0.3,5,False,7.58,49.5,2.15,1564055,-282961,8.78,72.2,1.83,1895118,-779065,8.1,60.0,1.95,3459173,-779065,5.527457847547895,2.4325544081687664,False,3.6080163999100447
GOLD,10,5.0,D+1h+4h,0.1@0.3,5,True,7.58,49.5,2.15,1564055,-282961,8.78,72.2,1.83,1895118,-779065,8.1,60.0,1.95,3459173,-779065,5.527457847547895,2.4325544081687664,False,3.5728046502051414
GOLD,10,5.0,D+1h+4h,0.1@0.3,10,False,7.25,51.7,2.5,1751219,-216393,8.78,73.4,2.29,2369597,-779065,7.9,62.0,2.37,4120816,-779065,8.092771023092244,3.041590881377035,False,4.347921095966212
GOLD,10,5.0,D+1h+4h,0.1@0.3,10,True,7.25,51.7,2.5,1751219,-216393,8.78,73.4,2.29,2369597,-779065,7.9,62.0,2.37,4120816,-779065,8.092771023092244,3.041590881377035,False,4.324007277151987
GOLD,10,5.0,D+1h+4h,0.15@0.3,0,False,4.17,70.0,1.75,612301,-222122,4.22,84.2,2.13,968441,-312733,4.19,76.1,1.94,1580742,-312733,2.7565977255742338,3.09670229876604,False,2.1912500685810548
GOLD,10,5.0,D+1h+4h,0.15@0.3,0,True,4.17,70.0,1.75,612301,-222122,4.22,84.2,2.13,968441,-312733,4.19,76.1,1.94,1580742,-312733,2.7565977255742338,3.09670229876604,False,2.267050507031375
GOLD,10,5.0,D+1h+4h,0.15@0.3,5,False,7.83,68.1,2.28,1621004,-333119,9.44,80.0,1.79,1935623,-734562,8.52,73.7,1.96,3556627,-734562,4.866140928617101,2.6350709674608814,False,3.28075405837229
GOLD,10,5.0,D+1h+4h,0.15@0.3,5,True,7.83,68.1,2.28,1621004,-333119,9.44,80.0,1.79,1935623,-734562,8.52,73.7,1.96,3556627,-734562,4.866140928617101,2.6350709674608814,False,3.222466790353899
GOLD,10,5.0,D+1h+4h,0.15@0.3,10,False,7.58,69.2,2.53,1742018,-250822,9.44,81.2,2.22,2418004,-734562,8.38,75.0,2.33,4160022,-734562,6.945236063822152,3.291762982566482,False,3.9871501077115825
GOLD,10,5.0,D+1h+4h,0.15@0.3,10,True,7.58,69.2,2.53,1742018,-250822,9.44,81.2,2.22,2418004,-734562,8.38,75.0,2.33,4160022,-734562,6.945236063822152,3.291762982566482,False,3.918157811126488
GOLD,10,5.0,D+1h+4h,0.2@0.4,0,False,4.17,66.0,1.29,291555,-363137,4.22,81.6,2.16,1148791,-284673,4.19,72.7,1.72,1440346,-363137,0.8028788033166546,4.035475791522202,False,1.453516613866691
GOLD,10,5.0,D+1h+4h,0.2@0.4,0,True,4.17,66.0,1.29,291555,-363137,4.22,81.6,2.16,1148791,-284673,4.19,72.7,1.72,1440346,-363137,0.8028788033166546,4.035475791522202,False,1.4737184419149991
GOLD,10,5.0,D+1h+4h,0.2@0.4,5,False,7.5,68.9,1.82,1310375,-434126,7.78,78.6,2.24,2882392,-804464,7.62,73.1,2.07,4192767,-804464,3.018420919272285,3.5829968774239744,False,2.8565562305652983
GOLD,10,5.0,D+1h+4h,0.2@0.4,5,True,7.5,68.9,1.82,1310375,-434126,7.78,78.6,2.24,2882392,-804464,7.62,73.1,2.07,4192767,-804464,3.018420919272285,3.5829968774239744,False,2.8259225223842592
GOLD,10,5.0,D+1h+4h,0.2@0.4,10,False,7.33,71.6,2.06,1488594,-371184,7.78,80.0,2.8,3362079,-358783,7.52,75.3,2.48,4850673,-371184,4.010393766972714,9.370786798705625,False,3.5382671663763814
GOLD,10,5.0,D+1h+4h,0.2@0.4,10,True,7.33,71.6,2.06,1488594,-371184,7.78,80.0,2.8,3362079,-358783,7.52,75.3,2.48,4850673,-371184,4.010393766972714,9.370786798705625,False,3.528725101072864
GOLD,10,5.0,D+1h+4h,0.25@0.5,0,False,4.17,62.0,1.35,394510,-447955,4.22,71.1,2.33,1863561,-434064,4.19,65.9,1.9,2258071,-447955,0.8806911408512016,4.293286243503262,False,2.190527195081069
GOLD,10,5.0,D+1h+4h,0.25@0.5,0,True,4.17,62.0,1.35,394510,-447955,4.22,71.1,2.33,1863561,-434064,4.19,65.9,1.9,2258071,-447955,0.8806911408512016,4.293286243503262,False,2.204913210610863
GOLD,10,5.0,D+1h+4h,0.25@0.5,5,False,6.75,65.4,2.0,1604048,-451230,6.78,70.5,2.07,2831780,-826243,6.76,67.6,2.04,4435828,-826243,3.5548345633047447,3.427296812196896,False,3.0018867254167265
GOLD,10,5.0,D+1h+4h,0.25@0.5,5,True,6.75,65.4,2.0,1604048,-451230,6.78,70.5,2.07,2831780,-826243,6.76,67.6,2.04,4435828,-826243,3.5548345633047447,3.427296812196896,False,3.0275643905087217
GOLD,10,5.0,D+1h+4h,0.25@0.5,10,False,6.75,66.7,2.03,1621927,-467572,6.67,73.3,2.79,3531333,-519951,6.71,69.5,2.45,5153259,-519951,3.4688283301823035,6.7916649838157825,False,3.4888018450430835
GOLD,10,5.0,D+1h+4h,0.25@0.5,10,True,6.75,66.7,2.03,1621927,-467572,6.67,73.3,2.79,3531333,-519951,6.71,69.5,2.45,5153259,-519951,3.4688283301823035,6.7916649838157825,False,3.538998519325496
GOLD,10,5.0,1h,0.1@0.3,10,False,18.5,46.8,1.39,1486875,-826001,17.11,65.6,1.48,2862068,-1048725,17.9,54.5,1.44,4348944,-1048725,1.8000886197474337,2.729092946196572,False,2.049499459011682
GOLD,10,5.0,1h,0.1@0.3,10,True,18.5,46.8,1.39,1486875,-826001,17.11,65.6,1.48,2862068,-1048725,17.9,54.5,1.44,4348944,-1048725,1.8000886197474337,2.729092946196572,False,2.049499459011682
GOLD,10,5.0,1h,0.15@0.3,0,False,10.17,65.6,1.46,938896,-654045,9.56,74.4,1.48,1216738,-440627,9.9,69.2,1.47,2155634,-654045,1.435522020656071,2.7613786717563835,False,1.0701390097795707
GOLD,10,5.0,1h,0.15@0.3,0,True,10.17,65.6,1.46,938896,-654045,9.56,74.4,1.48,1216738,-440627,9.9,69.2,1.47,2155634,-654045,1.435522020656071,2.7613786717563835,False,1.0701390097795707
GOLD,10,5.0,1h,0.1@0.3,0,False,10.17,46.7,1.4,878723,-627854,9.56,67.4,2.17,3000676,-480196,9.9,55.3,1.81,3879400,-627854,1.3995658226275536,6.248856716840623,False,1.0887696003432499
GOLD,10,5.0,1h,0.1@0.3,0,True,10.17,46.7,1.4,878723,-627854,9.56,67.4,2.17,3000676,-480196,9.9,55.3,1.81,3879400,-627854,1.3995658226275536,6.248856716840623,False,1.0887696003432499
GOLD,10,5.0,1h,0.1@0.3,5,False,19.33,47.4,1.39,1489735,-772605,17.11,64.9,1.66,3720942,-1534805,18.38,54.4,1.55,5210677,-1534805,1.9281974618336666,2.424374431931092,False,1.8084374066218407
GOLD,10,5.0,1h,0.1@0.3,5,True,19.33,47.4,1.39,1489735,-772605,17.11,64.9,1.66,3720942,-1534805,18.38,54.4,1.55,5210677,-1534805,1.9281974618336666,2.424374431931092,False,1.8084374066218407
GOLD,10,5.0,1h,0.15@0.3,5,False,20.67,64.9,1.46,1697553,-818797,18.44,72.3,1.55,3279735,-1607910,19.71,67.9,1.51,4977288,-1607910,2.073228162780274,2.0397503591618933,False,1.8699215052676674
GOLD,10,5.0,1h,0.15@0.3,5,True,20.67,64.9,1.46,1697553,-818797,18.44,72.3,1.55,3279735,-1607910,19.71,67.9,1.51,4977288,-1607910,2.073228162780274,2.0397503591618933,False,1.8699215052676674
GOLD,10,5.0,1h,0.15@0.3,10,False,19.92,63.6,1.39,1503589,-870663,18.89,72.9,1.28,1798020,-1113927,19.48,67.5,1.32,3301610,-1113927,1.7269471655508504,1.6141273171401718,False,1.9910283490279712
GOLD,10,5.0,1h,0.15@0.3,10,True,19.92,63.6,1.39,1503589,-870663,18.89,72.9,1.28,1798020,-1113927,19.48,67.5,1.32,3301610,-1113927,1.7269471655508504,1.6141273171401718,False,1.9910283490279712
GOLD,10,5.0,1h,0.2@0.4,0,False,10.17,64.8,1.25,663850,-730930,9.56,73.3,2.0,2777956,-601938,9.9,68.3,1.63,3441807,-730930,0.9082265059581629,4.615020151577073,False,0.6591731548270867
GOLD,10,5.0,1h,0.2@0.4,0,True,10.17,64.8,1.25,663850,-730930,9.56,73.3,2.0,2777956,-601938,9.9,68.3,1.63,3441807,-730930,0.9082265059581629,4.615020151577073,False,0.6591731548270867
GOLD,10,5.0,1h,0.2@0.4,5,False,17.92,67.4,1.37,1549955,-768728,16.11,69.0,1.65,4119431,-1778368,17.14,68.1,1.54,5669386,-1778368,2.01625932709619,2.316410889084824,False,1.6652703328972527
GOLD,10,5.0,1h,0.2@0.4,5,True,17.92,67.4,1.37,1549955,-768728,16.11,69.0,1.65,4119431,-1778368,17.14,68.1,1.54,5669386,-1778368,2.01625932709619,2.316410889084824,False,1.6652703328972527
GOLD,10,5.0,1h,0.2@0.4,10,False,17.42,68.4,1.37,1518883,-816715,16.11,69.7,1.52,3439051,-1276482,16.86,68.9,1.46,4957934,-1276482,1.8597466680543397,2.6941633332863293,False,1.7559734127334843
GOLD,10,5.0,1h,0.2@0.4,10,True,17.42,68.4,1.37,1518883,-816715,16.11,69.7,1.52,3439051,-1276482,16.86,68.9,1.46,4957934,-1276482,1.8597466680543397,2.6941633332863293,False,1.7559734127334843
GOLD,10,5.0,1h,0.25@0.5,0,False,10.17,61.5,1.21,660832,-1051729,9.56,66.3,2.06,3590437,-524644,9.9,63.5,1.65,4251269,-1051729,0.6283291608389614,6.843568210062442,False,0.6857132999428683
GOLD,10,5.0,1h,0.25@0.5,0,True,10.17,61.5,1.21,660832,-1051729,9.56,66.3,2.06,3590437,-524644,9.9,63.5,1.65,4251269,-1051729,0.6283291608389614,6.843568210062442,False,0.6857132999428683
GOLD,10,5.0,1h,0.25@0.5,5,False,16.83,64.4,1.33,1533178,-915191,14.67,62.1,1.65,4299635,-1485934,15.9,63.5,1.52,5832813,-1485934,1.6752546736145788,2.8935571835626615,False,1.629404213280755
GOLD,10,5.0,1h,0.25@0.5,5,True,16.83,64.4,1.33,1533178,-915191,14.67,62.1,1.65,4299635,-1485934,15.9,63.5,1.52,5832813,-1485934,1.6752546736145788,2.8935571835626615,False,1.629404213280755
GOLD,10,5.0,1h,0.25@0.5,10,False,16.5,64.6,1.28,1319992,-1041910,14.67,62.9,1.57,3856547,-976144,15.71,63.9,1.45,5176539,-1041910,1.2668963730072655,3.9507972184431805,False,1.5837402872023818
GOLD,10,5.0,1h,0.25@0.5,10,True,16.5,64.6,1.28,1319992,-1041910,14.67,62.9,1.57,3856547,-976144,15.71,63.9,1.45,5176539,-1041910,1.2668963730072655,3.9507972184431805,False,1.5837402872023818
GOLD,10,5.0,1h+4h,0.1@0.3,10,False,10.58,50.4,1.67,1426907,-663924,10.78,76.3,2.65,3188809,-659008,10.67,61.6,2.13,4615716,-663924,2.149202318337641,4.838801653394192,False,1.7528632157105315
GOLD,10,5.0,1h+4h,0.1@0.3,10,True,10.58,50.4,1.67,1426907,-663924,10.78,76.3,2.65,3188809,-659008,10.67,61.6,2.13,4615716,-663924,2.149202318337641,4.838801653394192,False,1.7528632157105315
GOLD,10,5.0,1h+4h,0.15@0.3,0,False,6.08,68.5,1.48,609142,-434976,5.22,83.0,2.37,1382266,-312733,5.71,74.2,1.87,1991408,-434976,1.4004037004340468,4.419955681044214,False,1.1431390683752216
GOLD,10,5.0,1h+4h,0.15@0.3,0,True,6.08,68.5,1.48,609142,-434976,5.22,83.0,2.37,1382266,-312733,5.71,74.2,1.87,1991408,-434976,1.4004037004340468,4.419955681044214,False,1.1431390683752216
GOLD,10,5.0,1h+4h,0.1@0.3,0,False,6.08,52.1,1.42,535930,-506872,5.22,76.6,2.11,1125187,-327472,5.71,61.7,1.72,1661117,-506872,1.0573280828295901,3.435979259295451,False,1.164997309125764
GOLD,10,5.0,1h+4h,0.1@0.3,0,True,6.08,52.1,1.42,535930,-506872,5.22,76.6,2.11,1125187,-327472,5.71,61.7,1.72,1661117,-506872,1.0573280828295901,3.435979259295451,False,1.164997309125764
GOLD,10,5.0,1h+4h,0.1@0.3,5,False,11.17,50.0,1.65,1406824,-615658,10.89,74.5,2.08,2722433,-659008,11.05,60.3,1.88,4129257,-659008,2.285073855939499,4.1311076648538405,False,1.7267160435047781
GOLD,10,5.0,1h+4h,0.1@0.3,5,True,11.17,50.0,1.65,1406824,-615658,10.89,74.5,2.08,2722433,-659008,11.05,60.3,1.88,4129257,-659008,2.285073855939499,4.1311076648538405,False,1.7267160435047781
GOLD,10,5.0,1h+4h,0.2@0.4,0,False,6.08,64.4,1.07,115912,-538433,5.22,80.9,2.32,1615446,-284673,5.71,70.8,1.6,1731358,-666097,0.21527655251442612,5.674742599403526,False,0.6996678842280409
GOLD,10,5.0,1h+4h,0.2@0.4,0,True,6.08,64.4,1.07,115912,-538433,5.22,80.9,2.32,1615446,-284673,5.71,70.8,1.6,1731358,-666097,0.21527655251442612,5.674742599403526,False,0.6996678842280409
GOLD,10,5.0,1h+4h,0.2@0.4,5,False,10.75,65.1,1.43,1097404,-671238,9.67,75.9,1.85,2869874,-804464,10.29,69.4,1.67,3967278,-804464,1.6348955214096936,3.5674362059706834,False,1.5012951906623058
GOLD,10,5.0,1h+4h,0.2@0.4,5,True,10.75,65.1,1.43,1097404,-671238,9.67,75.9,1.85,2869874,-804464,10.29,69.4,1.67,3967278,-804464,1.6348955214096936,3.5674362059706834,False,1.5012951906623058
GOLD,10,5.0,1h+4h,0.15@0.3,5,False,11.75,68.8,1.84,1621538,-467753,11.67,80.0,2.01,2789611,-739870,11.71,73.6,1.94,4411149,-739870,3.466654409485348,3.7704069633854598,False,1.7918002646873246
GOLD,10,5.0,1h+4h,0.15@0.3,5,True,11.75,68.8,1.84,1621538,-467753,11.67,80.0,2.01,2789611,-739870,11.71,73.6,1.94,4411149,-739870,3.466654409485348,3.7704069633854598,False,1.7918002646873246
GOLD,10,5.0,1h+4h,0.15@0.3,10,False,11.25,67.4,1.71,1468100,-640588,11.56,81.7,2.49,3257022,-690134,11.38,73.6,2.11,4725122,-690134,2.291800658145329,4.719405216957866,False,1.7732713110265776
GOLD,10,5.0,1h+4h,0.15@0.3,10,True,11.25,67.4,1.71,1468100,-640588,11.56,81.7,2.49,3257022,-690134,11.38,73.6,2.11,4725122,-690134,2.291800658145329,4.719405216957866,False,1.7732713110265776
GOLD,10,5.0,1h+4h,0.2@0.4,10,False,10.5,66.7,1.43,1063448,-782512,9.33,78.6,2.37,3612119,-499461,10.0,71.4,1.92,4675567,-797557,1.359018136463083,7.232034132795153,False,1.4690026884649465
GOLD,10,5.0,1h+4h,0.2@0.4,10,True,10.5,66.7,1.43,1063448,-782512,9.33,78.6,2.37,3612119,-499461,10.0,71.4,1.92,4675567,-797557,1.359018136463083,7.232034132795153,False,1.4690026884649465
GOLD,10,5.0,1h+4h,0.25@0.5,0,False,6.08,60.3,1.05,88711,-672706,5.22,72.3,2.44,2359132,-434064,5.71,65.0,1.68,2447843,-672706,0.13187187270516393,5.434986545762837,False,0.7912880699860866
GOLD,10,5.0,1h+4h,0.25@0.5,0,True,6.08,60.3,1.05,88711,-672706,5.22,72.3,2.44,2359132,-434064,5.71,65.0,1.68,2447843,-672706,0.13187187270516393,5.434986545762837,False,0.7912880699860866
GOLD,10,5.0,1h+4h,0.25@0.5,5,False,9.83,61.9,1.4,1155060,-875434,8.56,67.5,1.71,2698581,-826243,9.29,64.1,1.58,3853641,-875434,1.3194141420141323,3.266086369264248,False,1.2707750494932104
GOLD,10,5.0,1h+4h,0.25@0.5,5,True,9.83,61.9,1.4,1155060,-875434,8.56,67.5,1.71,2698581,-826243,9.29,64.1,1.58,3853641,-875434,1.3194141420141323,3.266086369264248,False,1.2707750494932104
GOLD,10,5.0,1h+4h,0.25@0.5,10,False,9.75,62.4,1.34,992528,-985266,8.22,71.6,2.27,3659849,-499461,9.1,66.0,1.81,4652377,-985266,1.0073705983967782,7.327597149727406,False,1.2511366742991465
GOLD,10,5.0,1h+4h,0.25@0.5,10,True,9.75,62.4,1.34,992528,-985266,8.22,71.6,2.27,3659849,-499461,9.1,66.0,1.81,4652377,-985266,1.0073705983967782,7.327597149727406,False,1.2511366742991465
GOLD,10,6.0,D,0.1@0.3,0,False,8.75,43.8,1.04,139657,-567655,7.78,70.0,1.74,2711419,-1492255,8.33,54.3,1.42,2851076,-1492255,0.24602443385507042,1.8169944144935015,False,1.421713792087505
GOLD,10,6.0,D,0.1@0.3,0,True,8.75,36.2,1.17,282643,-321032,7.78,54.3,3.33,2669019,-348053,8.33,43.4,2.06,2951662,-348053,0.8804200204341001,7.668426934978293,False,0.6386253142628172
GOLD,10,6.0,D,0.1@0.3,5,False,11.75,46.8,1.37,1513208,-545673,11.56,69.2,1.52,2794721,-1739603,11.67,56.3,1.46,4307929,-1739603,2.773104038499248,1.6065280411680136,False,2.031666361524931
GOLD,10,6.0,D,0.1@0.3,5,True,31.25,29.3,0.98,-72384,-1332997,26.44,42.0,1.49,2322737,-1359451,29.19,34.3,1.25,2250353,-1359451,-0.054301697603220414,1.7085845683294212,False,0.6756583010573964
GOLD,10,6.0,D,0.1@0.3,10,False,11.58,48.9,1.4,1550185,-545673,11.11,71.0,1.4,2293157,-2629042,11.38,58.2,1.4,3843342,-2629042,2.8408680656730314,0.872240534765135,False,2.479789844968405
GOLD,10,6.0,D,0.1@0.3,10,True,29.0,31.9,1.06,216260,-959575,23.89,43.7,1.39,1919690,-1338496,26.81,36.4,1.24,2135950,-1338496,0.2253706067790428,1.4342142225303625,False,0.8965967498732024
GOLD,10,6.0,D,0.15@0.3,0,False,8.75,61.9,0.98,-54293,-643835,7.78,77.1,1.58,2076896,-1492255,8.33,68.0,1.31,2022603,-1492255,-0.08432750627101664,1.3917835758633745,False,0.8834046946936962
GOLD,10,6.0,D,0.15@0.3,0,True,8.75,45.7,1.0,-1439,-532128,7.78,55.7,3.09,2379094,-337069,8.33,49.7,1.86,2377655,-532128,-0.0027042365746587286,7.058180965914991,False,0.22491410415835433
GOLD,10,6.0,D,0.2@0.4,0,False,8.67,63.5,1.22,719863,-550967,7.89,80.3,1.91,3230949,-1492255,8.33,70.3,1.58,3950812,-1492255,1.3065446750894336,2.1651453672462146,False,1.25358335143009
GOLD,10,6.0,D,0.2@0.4,0,True,8.75,45.7,0.99,-13961,-366871,7.78,58.6,3.3,2562571,-326085,8.33,50.9,1.87,2548610,-366871,-0.038054247950914624,7.858598218255977,False,0.562485274506985
GOLD,10,6.0,D,0.2@0.4,5,False,11.75,65.2,1.28,1246208,-608297,12.67,73.7,1.47,2783921,-1596815,12.14,69.0,1.39,4030129,-1596815,2.048683455614609,1.7434211226723195,False,2.229281248273545
GOLD,10,6.0,D,0.2@0.4,5,True,32.0,35.4,0.95,-232299,-1100430,27.44,43.3,1.36,1892893,-1343987,30.05,38.5,1.17,1660594,-1343987,-0.21109838881164636,1.4084161528348116,False,0.5172769774055612
GOLD,10,6.0,D,0.15@0.3,5,False,13.67,63.4,1.24,1043851,-625117,14.11,73.2,1.36,2204179,-2055061,13.86,67.7,1.31,3248030,-2055061,1.6698490042664014,1.0725613497604207,False,1.9773090664620816
GOLD,10,6.0,D,0.15@0.3,5,True,32.25,34.1,0.92,-358664,-1375857,27.78,44.4,1.36,1825381,-1642354,30.33,38.1,1.15,1466718,-1642354,-0.2606840681844116,1.1114418694142676,False,0.34147259866661794
GOLD,10,6.0,D,0.15@0.3,10,False,13.42,65.8,1.27,1109446,-625117,13.56,75.4,1.25,1619896,-2629042,13.48,70.0,1.26,2729343,-2629042,1.774781360929234,0.6161544775625494,False,2.5056896203567356
GOLD,10,6.0,D,0.15@0.3,10,True,29.92,37.0,0.99,-37725,-983449,25.22,46.3,1.25,1341300,-1301759,27.9,40.6,1.14,1303575,-1301759,-0.03835989461578587,1.030375054061466,False,0.6616176024428962
GOLD,10,6.0,D,0.2@0.4,10,False,11.75,66.0,1.29,1276529,-608297,12.11,76.1,1.37,2281128,-2629042,11.9,70.4,1.34,3557658,-2629042,2.0985291724272845,0.8676651038667317,False,2.559978878924097
GOLD,10,6.0,D,0.2@0.4,10,True,29.75,38.1,1.03,121830,-788996,24.78,45.3,1.28,1456478,-1191646,27.62,40.9,1.17,1578308,-1191646,0.15441142920876658,1.2222404975974408,False,0.9055017748262588
GOLD,10,6.0,D,0.25@0.5,0,False,8.67,54.8,1.22,829384,-623039,7.89,78.9,2.21,4425055,-1492255,8.33,64.6,1.71,5254439,-1492255,1.3311911453376113,2.965347745526066,False,2.1083333107754934
GOLD,10,6.0,D,0.25@0.5,0,True,8.75,41.9,1.28,556966,-538300,7.78,57.1,3.57,3194413,-315099,8.33,48.0,2.15,3751379,-538300,1.0346758313208249,10.13780748272765,False,0.9796831200151119
GOLD,10,6.0,D,0.25@0.5,5,False,10.67,58.6,1.34,1455869,-577268,10.89,73.5,1.82,4130014,-1492255,10.76,65.0,1.6,5585883,-1492255,2.5219984478613053,2.767632877758828,False,2.9765468258914303
GOLD,10,6.0,D,0.25@0.5,5,True,30.75,33.1,1.09,385051,-877069,26.33,40.5,1.44,2247086,-1204943,28.86,36.0,1.28,2632137,-1204943,0.439020191113812,1.8648898744587918,False,1.319479443185157
GOLD,10,6.0,D,0.25@0.5,10,False,10.5,58.7,1.35,1510155,-577268,10.67,74.0,1.53,3096381,-2629042,10.57,65.3,1.45,4606536,-2629042,2.6160379581061135,1.1777601879315736,False,3.3588104853223815
GOLD,10,6.0,D,0.25@0.5,10,True,28.33,35.3,1.19,763080,-656801,23.67,42.3,1.38,1945116,-1260223,26.33,38.0,1.3,2708196,-1260223,1.1618130910275715,1.5434696875076872,False,1.6668557298441913
GOLD,10,6.0,D+1h,0.1@0.3,0,False,4.42,49.1,1.47,572216,-276281,4.0,77.8,5.01,2877816,-273596,4.24,60.7,2.78,3450032,-276281,2.07113771848227,10.518487112384683,False,1.5065934772572964
GOLD,10,6.0,D+1h,0.1@0.3,0,True,4.42,49.1,1.47,572216,-276281,4.0,77.8,5.01,2877816,-273596,4.24,60.7,2.78,3450032,-276281,2.07113771848227,10.518487112384683,False,1.721455043047528
GOLD,10,6.0,D+1h,0.1@0.3,5,False,8.0,53.1,1.79,1621964,-590676,7.22,72.3,2.48,3498883,-1014456,7.67,60.9,2.16,5120847,-1014456,2.745945323663057,3.449023910351952,False,2.615949755819022
GOLD,10,6.0,D+1h,0.1@0.3,5,True,8.0,53.1,1.79,1621964,-590676,7.22,72.3,2.48,3498883,-1014456,7.67,60.9,2.16,5120847,-1014456,2.745945323663057,3.449023910351952,False,2.300415135663086
GOLD,10,6.0,D+1h,0.1@0.3,10,False,7.83,56.4,1.92,1697796,-495844,7.11,73.4,1.99,2887501,-1175630,7.52,63.3,1.96,4585297,-1175630,3.424052726260679,2.456130755424751,False,3.178776418343661
GOLD,10,6.0,D+1h,0.1@0.3,10,True,7.83,56.4,1.92,1697796,-495844,7.11,73.4,1.99,2887501,-1175630,7.52,63.3,1.96,4585297,-1175630,3.424052726260679,2.456130755424751,False,2.853610240730143
GOLD,10,6.0,D+1h,0.15@0.3,0,False,4.42,67.9,1.24,288134,-500943,4.0,80.6,4.69,2633152,-273596,4.24,73.0,2.53,2921286,-500943,0.5751832044763576,9.624234272430883,False,0.9867383440912615
GOLD,10,6.0,D+1h,0.15@0.3,0,True,4.42,67.9,1.24,288134,-500943,4.0,80.6,4.69,2633152,-273596,4.24,73.0,2.53,2921286,-500943,0.5751832044763576,9.624234272430883,False,1.0450215455189968
GOLD,10,6.0,D+1h,0.15@0.3,5,False,9.25,64.9,1.57,1282745,-558914,8.33,74.7,2.16,3161849,-1158955,8.86,68.8,1.9,4444593,-1158955,2.2950668618070043,2.7281896190965136,False,2.365902216484003
GOLD,10,6.0,D+1h,0.15@0.3,5,True,9.25,64.9,1.57,1282745,-558914,8.33,74.7,2.16,3161849,-1158955,8.86,68.8,1.9,4444593,-1158955,2.2950668618070043,2.7281896190965136,False,2.1675179846129717
GOLD,10,6.0,D+1h,0.15@0.3,10,False,9.0,68.5,1.69,1390872,-466879,8.22,75.7,1.76,2469432,-1138893,8.67,71.4,1.73,3860304,-1138893,2.979084516544972,2.168273929157524,False,3.0049804707099352
GOLD,10,6.0,D+1h,0.15@0.3,10,True,9.0,68.5,1.69,1390872,-466879,8.22,75.7,1.76,2469432,-1138893,8.67,71.4,1.73,3860304,-1138893,2.979084516544972,2.168273929157524,False,2.799528043405667
GOLD,10,6.0,D+1h,0.2@0.4,0,False,4.42,67.9,1.2,275612,-332564,4.0,86.1,5.01,2757147,-273596,4.24,75.3,2.46,3032760,-332564,0.8287487521198927,10.077438997646164,False,1.358808684825809
GOLD,10,6.0,D+1h,0.2@0.4,0,True,4.42,67.9,1.2,275612,-332564,4.0,86.1,5.01,2757147,-273596,4.24,75.3,2.46,3032760,-332564,0.8287487521198927,10.077438997646164,False,1.225934290467135
GOLD,10,6.0,D+1h,0.2@0.4,5,False,8.83,71.7,1.54,1296130,-437852,8.0,75.0,2.11,3193433,-715792,8.48,73.0,1.85,4489563,-715792,2.9602011638635886,4.461398003889398,False,3.1444870640907117
GOLD,10,6.0,D+1h,0.2@0.4,5,True,8.83,71.7,1.54,1296130,-437852,8.0,75.0,2.11,3193433,-715792,8.48,73.0,1.85,4489563,-715792,2.9602011638635886,4.461398003889398,False,2.94851248327833
GOLD,10,6.0,D+1h,0.2@0.4,10,False,8.67,74.0,1.64,1438162,-405718,7.78,77.1,1.79,2548683,-1136787,8.29,75.3,1.73,3986845,-1136787,3.5447330411763835,2.242005758334675,False,3.8158879003287183
GOLD,10,6.0,D+1h,0.2@0.4,10,True,8.67,74.0,1.64,1438162,-405718,7.78,77.1,1.79,2548683,-1136787,8.29,75.3,1.73,3986845,-1136787,3.5447330411763835,2.242005758334675,False,3.642766914658202
GOLD,10,6.0,D+1h,0.25@0.5,0,False,4.42,60.4,1.53,846539,-502686,4.0,83.3,5.15,3386032,-273596,4.24,69.7,2.76,4232571,-502686,1.6840313834083305,12.376028889311247,False,1.936979204756614
GOLD,10,6.0,D+1h,0.25@0.5,0,True,4.42,60.4,1.53,846539,-502686,4.0,83.3,5.15,3386032,-273596,4.24,69.7,2.76,4232571,-502686,1.6840313834083305,12.376028889311247,False,2.0120335459421677
GOLD,10,6.0,D+1h,0.25@0.5,5,False,7.5,68.9,1.93,1993387,-345005,6.89,69.4,2.27,3501924,-785967,7.24,69.1,2.12,5495311,-785967,5.777849596382661,4.45556111134437,False,4.3057429487233465
GOLD,10,6.0,D+1h,0.25@0.5,5,True,7.5,68.9,1.93,1993387,-345005,6.89,69.4,2.27,3501924,-785967,7.24,69.1,2.12,5495311,-785967,5.777849596382661,4.45556111134437,False,4.194549775632006
GOLD,10,6.0,D+1h,0.25@0.5,10,False,7.17,70.9,2.09,2159383,-329553,6.67,71.7,1.96,2991619,-1136787,6.95,71.2,2.01,5151002,-1136787,6.552460454008915,2.6316442746090516,False,4.997720731833579
GOLD,10,6.0,D+1h,0.25@0.5,10,True,7.17,70.9,2.09,2159383,-329553,6.67,71.7,1.96,2991619,-1136787,6.95,71.2,2.01,5151002,-1136787,6.552460454008915,2.6316442746090516,False,4.975909773024921
GOLD,10,6.0,D+4h,0.1@0.3,10,False,7.42,47.2,1.26,665814,-839321,8.11,69.9,1.37,1843690,-2629042,7.71,57.4,1.33,2509504,-2629042,0.7932769464841223,0.7012782602940539,False,1.553485797417624
GOLD,10,6.0,D+4h,0.1@0.3,10,True,12.75,30.7,1.18,410304,-850761,16.67,44.0,1.5,2041617,-1345582,14.43,37.3,1.38,2451921,-1345582,0.4822788068564497,1.5172743095552705,False,1.3692219703972273
GOLD,10,6.0,D+4h,0.15@0.3,0,False,5.0,58.3,0.67,-673647,-916109,5.44,79.6,1.82,2366274,-1492255,5.19,67.9,1.34,1692628,-1492255,-0.735334987430535,1.5857035158200175,False,0.12468652493246793
GOLD,10,6.0,D+4h,0.15@0.3,0,True,5.0,46.7,0.94,-66427,-283723,5.44,59.2,3.94,2469741,-337069,5.19,52.3,2.23,2403314,-337069,-0.23412624284953987,7.3271080995285836,False,0.3719951785962833
GOLD,10,6.0,D+4h,0.1@0.3,0,False,5.0,41.7,0.86,-287886,-847278,5.44,71.4,1.97,2874574,-1492255,5.19,55.0,1.52,2586687,-1492255,-0.3397774992387386,1.9263289451199694,False,0.6508495096195097
GOLD,10,6.0,D+4h,0.1@0.3,0,True,5.0,36.7,1.24,265114,-276281,5.44,57.1,4.04,2567276,-348053,5.19,45.9,2.44,2832389,-348053,0.9595810062943163,7.376106512513899,False,0.9354080890914571
GOLD,10,6.0,D+4h,0.1@0.3,5,False,7.58,44.0,1.23,628837,-957951,8.44,68.4,1.54,2420532,-1924610,7.95,55.1,1.42,3049369,-1924610,0.656439630001952,1.2576740222694467,False,1.1287493282339267
GOLD,10,6.0,D+4h,0.1@0.3,5,True,13.58,27.6,1.14,344638,-1049129,18.78,41.4,1.68,2492537,-1359451,15.81,34.6,1.46,2837175,-1359451,0.3284991645450655,1.8334879300541174,False,1.0443889431339457
GOLD,10,6.0,D+4h,0.15@0.3,5,False,8.67,60.6,1.12,331608,-969179,10.56,72.6,1.36,1833395,-2304351,9.48,66.3,1.27,2165003,-2304351,0.3421535134376622,0.7956231494247187,False,0.8533897005399165
GOLD,10,6.0,D+4h,0.15@0.3,5,True,14.42,35.3,1.04,101510,-1122153,20.0,44.4,1.49,1975879,-1586925,16.81,39.9,1.31,2077389,-1586925,0.09046003530712834,1.2450991697780298,False,0.7236837207190874
GOLD,10,6.0,D+4h,0.15@0.3,10,False,8.42,64.4,1.15,397203,-875316,10.11,74.7,1.21,1173834,-2917159,9.14,69.3,1.19,1571037,-2917159,0.453782405439864,0.40238944808973387,False,1.28840188874243
GOLD,10,6.0,D+4h,0.15@0.3,10,True,13.5,38.9,1.08,199470,-939127,17.89,47.2,1.33,1443925,-1298844,15.38,43.0,1.24,1643395,-1298844,0.2123993879422059,1.1117000963934083,False,1.0970366937821943
GOLD,10,6.0,D+4h,0.2@0.4,0,False,4.92,57.6,0.88,-265242,-1013295,5.56,80.0,1.95,2745532,-1492255,5.19,67.9,1.48,2480290,-1492255,-0.26176187586043553,1.8398544484689279,False,0.08896476249201797
GOLD,10,6.0,D+4h,0.2@0.4,0,True,5.0,45.0,0.91,-111190,-452163,5.44,59.2,4.01,2529355,-326085,5.19,51.4,2.13,2418165,-452163,-0.24590689640682675,7.756735207077909,False,0.3525042512677937
GOLD,10,6.0,D+4h,0.2@0.4,5,False,8.0,60.4,0.94,-211727,-1373707,9.22,73.5,1.55,2549013,-1884869,8.52,66.5,1.29,2337286,-1884869,-0.15412820929062748,1.352355521789578,False,0.6489503872726163
GOLD,10,6.0,D+4h,0.2@0.4,5,True,14.17,36.5,0.98,-53514,-1068853,19.33,42.5,1.68,2514548,-1200556,16.38,39.5,1.37,2461035,-1200556,-0.050066753800569394,2.0944862213840922,False,0.6897433764328471
GOLD,10,6.0,D+4h,0.2@0.4,10,False,8.0,61.5,0.95,-181405,-1391003,8.78,75.9,1.4,1970941,-2629042,8.33,68.0,1.21,1789536,-2629042,-0.13041309041030105,0.7496803017981455,False,1.038581016657138
GOLD,10,6.0,D+4h,0.2@0.4,10,True,13.33,39.4,1.03,78351,-949769,17.11,45.5,1.53,2030260,-1159067,14.95,42.4,1.32,2108612,-1159067,0.08249479610305242,1.7516329944688271,False,1.0255514913127686
GOLD,10,6.0,D+4h,0.25@0.5,0,False,4.92,52.5,1.03,80230,-1122513,5.56,78.0,2.18,3566724,-1492255,5.19,64.2,1.67,3646955,-1492255,0.07147355977169084,2.3901571782302624,False,0.8446967037487854
GOLD,10,6.0,D+4h,0.25@0.5,0,True,5.0,43.3,1.32,430155,-412232,5.44,57.1,3.91,2817473,-315099,5.19,49.5,2.4,3247628,-412232,1.0434779444584603,8.941548529192412,False,1.1141610329989018
GOLD,10,6.0,D+4h,0.25@0.5,5,False,6.75,55.6,1.1,324746,-1351800,7.78,74.3,1.95,3685077,-1492255,7.19,64.2,1.57,4009823,-1492255,0.24023228288208315,2.469468690002714,False,1.5531664494994242
GOLD,10,6.0,D+4h,0.25@0.5,5,True,12.67,32.2,1.34,840596,-693974,18.56,38.9,1.66,2536784,-1151634,15.19,35.7,1.53,3377380,-1151634,1.2112788087161768,2.202769282601938,False,1.8411169875631828
GOLD,10,6.0,D+4h,0.25@0.5,10,False,6.58,55.7,1.12,379032,-1350132,7.67,73.9,1.52,2516172,-2629042,7.05,64.2,1.37,2895204,-2629042,0.280736994604972,0.9570680118461401,False,1.8730042561667912
GOLD,10,6.0,D+4h,0.25@0.5,10,True,11.67,34.3,1.43,996426,-647592,16.33,41.5,1.53,2126948,-1159067,13.67,38.0,1.49,3123374,-1159067,1.5386632324055887,1.8350518132256375,False,2.1587952888116115
GOLD,10,6.0,D+1h+4h,0.1@0.3,0,False,3.17,47.4,1.42,400423,-276281,2.89,80.8,5.85,2687085,-273596,3.05,60.9,3.04,3087509,-276281,1.4493323826104583,9.821360692407783,False,1.3496719520279965
GOLD,10,6.0,D+1h+4h,0.1@0.3,0,True,3.17,47.4,1.42,400423,-276281,2.89,80.8,5.85,2687085,-273596,3.05,60.9,3.04,3087509,-276281,1.4493323826104583,9.821360692407783,False,1.494045119309447
GOLD,10,6.0,D+1h+4h,0.1@0.3,5,False,5.83,50.0,1.63,1049835,-456284,5.67,74.5,2.72,3361573,-1014456,5.76,60.3,2.22,4411408,-1014456,2.3008367595620274,3.3136705781226587,False,2.550168411400469
GOLD,10,6.0,D+1h+4h,0.1@0.3,5,True,5.83,50.0,1.63,1049835,-456284,5.67,74.5,2.72,3361573,-1014456,5.76,60.3,2.22,4411408,-1014456,2.3008367595620274,3.3136705781226587,False,2.5173743648547804
GOLD,10,6.0,D+1h+4h,0.1@0.3,10,False,5.83,52.9,1.65,1013957,-399297,5.67,74.5,2.01,2674912,-1137622,5.76,62.0,1.88,3688868,-1137622,2.5393554171456336,2.351318803609635,False,2.980162301065177
GOLD,10,6.0,D+1h+4h,0.1@0.3,10,True,5.83,52.9,1.65,1013957,-399297,5.67,74.5,2.01,2674912,-1137622,5.76,62.0,1.88,3688868,-1137622,2.5393554171456336,2.351318803609635,False,2.945606952217658
GOLD,10,6.0,D+1h+4h,0.15@0.3,0,False,3.17,63.2,1.07,68882,-268439,2.89,84.6,5.81,2641922,-273596,3.05,71.9,2.81,2710804,-273596,0.2566020585682408,9.656288834632086,False,0.8525515244289039
GOLD,10,6.0,D+1h+4h,0.15@0.3,0,True,3.17,63.2,1.07,68882,-268439,2.89,84.6,5.81,2641922,-273596,3.05,71.9,2.81,2710804,-273596,0.2566020585682408,9.656288834632086,False,0.9026723988870033
GOLD,10,6.0,D+1h+4h,0.2@0.4,0,False,3.17,60.5,1.02,24120,-332564,2.89,84.6,5.82,2649164,-273596,3.05,70.3,2.58,2673284,-332564,0.07252739322355997,9.682758519861402,False,0.7183565431728836
GOLD,10,6.0,D+1h+4h,0.2@0.4,0,True,3.17,60.5,1.02,24120,-332564,2.89,84.6,5.82,2649164,-273596,3.05,70.3,2.58,2673284,-332564,0.07252739322355997,9.682758519861402,False,0.7199420411182444
GOLD,10,6.0,D+1h+4h,0.2@0.4,5,False,6.5,66.7,1.28,596006,-596991,6.0,77.8,2.81,3522198,-715792,6.29,71.2,2.0,4118205,-715792,0.9983500588786096,4.9207004269396695,False,1.8878840257313982
GOLD,10,6.0,D+1h+4h,0.2@0.4,5,True,6.5,66.7,1.28,596006,-596991,6.0,77.8,2.81,3522198,-715792,6.29,71.2,2.0,4118205,-715792,0.9983500588786096,4.9207004269396695,False,1.8973441580486763
GOLD,10,6.0,D+1h+4h,0.15@0.3,5,False,6.67,63.8,1.45,806731,-494664,6.67,76.7,2.3,3012347,-1158955,6.67,69.3,1.93,3819078,-1158955,1.6308666084453285,2.5991923758903495,False,2.1432903344505068
GOLD,10,6.0,D+1h+4h,0.15@0.3,5,True,6.67,63.8,1.45,806731,-494664,6.67,76.7,2.3,3012347,-1158955,6.67,69.3,1.93,3819078,-1158955,1.6308666084453285,2.5991923758903495,False,2.1204091091659127
GOLD,10,6.0,D+1h+4h,0.15@0.3,10,False,6.58,67.1,1.48,803147,-451760,6.67,76.7,1.75,2244651,-1136787,6.62,71.2,1.65,3047799,-1136787,1.7778178678944572,1.974557238955055,False,2.5715324700462237
GOLD,10,6.0,D+1h+4h,0.15@0.3,10,True,6.58,67.1,1.48,803147,-451760,6.67,76.7,1.75,2244651,-1136787,6.62,71.2,1.65,3047799,-1136787,1.7778178678944572,1.974557238955055,False,2.5473941682964574
GOLD,10,6.0,D+1h+4h,0.2@0.4,10,False,6.5,67.9,1.3,626328,-614287,5.89,79.2,2.15,2802170,-1136787,6.24,72.5,1.76,3428497,-1136787,1.0196015868803996,2.4649912428625593,False,2.171141876526744
GOLD,10,6.0,D+1h+4h,0.2@0.4,10,True,6.5,67.9,1.3,626328,-614287,5.89,79.2,2.15,2802170,-1136787,6.24,72.5,1.76,3428497,-1136787,1.0196015868803996,2.4649912428625593,False,2.1924326651780794
GOLD,10,6.0,D+1h+4h,0.25@0.5,0,False,3.17,57.9,1.48,565464,-294601,2.89,80.8,5.34,2937283,-273596,3.05,67.2,2.88,3502747,-294601,1.9194232198804484,10.735840436263688,False,1.665657284626463
GOLD,10,6.0,D+1h+4h,0.25@0.5,0,True,3.17,57.9,1.48,565464,-294601,2.89,80.8,5.34,2937283,-273596,3.05,67.2,2.88,3502747,-294601,1.9194232198804484,10.735840436263688,False,1.7736577718138817
GOLD,10,6.0,D+1h+4h,0.25@0.5,5,False,5.0,65.0,1.89,1490142,-389691,5.22,70.2,2.65,3501690,-785967,5.1,67.3,2.32,4991833,-785967,3.823906633717484,4.455263388920909,False,3.1702277665355245
GOLD,10,6.0,D+1h+4h,0.25@0.5,5,True,5.0,65.0,1.89,1490142,-389691,5.22,70.2,2.65,3501690,-785967,5.1,67.3,2.32,4991833,-785967,3.823906633717484,4.455263388920909,False,3.267332419118934
GOLD,10,6.0,D+1h+4h,0.25@0.5,10,False,4.83,65.5,1.96,1544428,-388024,5.11,71.7,2.1,2856113,-1136787,4.95,68.3,2.04,4400541,-1136787,3.980238335773045,2.512443404085374,False,3.309482309003636
GOLD,10,6.0,D+1h+4h,0.25@0.5,10,True,4.83,65.5,1.96,1544428,-388024,5.11,71.7,2.1,2856113,-1136787,4.95,68.3,2.04,4400541,-1136787,3.980238335773045,2.512443404085374,False,3.4492518909814818
GOLD,10,6.0,1h,0.1@0.3,0,False,8.0,49.0,1.1,231076,-568349,6.67,71.7,3.25,3823531,-497198,7.43,57.7,1.99,4054606,-568349,0.40657412962809825,7.690157643433803,False,0.841677512026012
GOLD,10,6.0,1h,0.1@0.3,0,True,8.0,49.0,1.1,231076,-568349,6.67,71.7,3.25,3823531,-497198,7.43,57.7,1.99,4054606,-568349,0.40657412962809825,7.690157643433803,False,0.841677512026012
GOLD,10,6.0,1h,0.1@0.3,5,False,14.75,53.7,1.43,1537928,-836876,12.0,65.7,1.77,3993618,-2050502,13.57,58.2,1.63,5531546,-2050502,1.8377011648081676,1.9476294097738018,False,1.5464141962047693
GOLD,10,6.0,1h,0.1@0.3,5,True,14.75,53.7,1.43,1537928,-836876,12.0,65.7,1.77,3993618,-2050502,13.57,58.2,1.63,5531546,-2050502,1.8377011648081676,1.9476294097738018,False,1.5464141962047693
GOLD,10,6.0,1h,0.1@0.3,10,False,14.25,53.8,1.31,1165112,-824519,11.78,66.0,1.56,3138016,-1579534,13.19,58.5,1.46,4303129,-1579534,1.4130808386465321,1.9866720184560762,False,1.5109385358027145
GOLD,10,6.0,1h,0.1@0.3,10,True,14.25,53.8,1.31,1165112,-824519,11.78,66.0,1.56,3138016,-1579534,13.19,58.5,1.46,4303129,-1579534,1.4130808386465321,1.9866720184560762,False,1.5109385358027145
GOLD,10,6.0,1h,0.15@0.3,0,False,8.0,64.6,1.03,63418,-637902,6.67,76.7,3.02,3139912,-632199,7.43,69.2,1.82,3203330,-637902,0.09941652479534474,4.966651323396588,False,0.4510618676318533
GOLD,10,6.0,1h,0.15@0.3,0,True,8.0,64.6,1.03,63418,-637902,6.67,76.7,3.02,3139912,-632199,7.43,69.2,1.82,3203330,-637902,0.09941652479534474,4.966651323396588,False,0.4510618676318533
GOLD,10,6.0,1h,0.2@0.4,0,False,8.0,62.5,1.02,51679,-636871,6.67,81.7,3.88,4408800,-579875,7.43,69.9,2.07,4460478,-636871,0.08114516126499716,7.603017891787023,False,0.4739235368625708
GOLD,10,6.0,1h,0.2@0.4,0,True,8.0,62.5,1.02,51679,-636871,6.67,81.7,3.88,4408800,-579875,7.43,69.9,2.07,4460478,-636871,0.08114516126499716,7.603017891787023,False,0.4739235368625708
GOLD,10,6.0,1h,0.2@0.4,5,False,15.75,68.8,1.2,902770,-760290,13.22,68.9,1.54,3230666,-1893907,14.67,68.8,1.39,4133435,-1893907,1.1874021754856698,1.7058208243593798,False,1.5966210430534757
GOLD,10,6.0,1h,0.2@0.4,5,True,15.75,68.8,1.2,902770,-760290,13.22,68.9,1.54,3230666,-1893907,14.67,68.8,1.39,4133435,-1893907,1.1874021754856698,1.7058208243593798,False,1.5966210430534757
GOLD,10,6.0,1h,0.15@0.3,5,False,16.92,66.0,1.25,984642,-895555,13.44,68.6,1.62,3536583,-2312643,15.43,67.0,1.47,4521225,-2312643,1.0994768607176555,1.5292386243791194,False,1.2662560219331533
GOLD,10,6.0,1h,0.15@0.3,5,True,16.92,66.0,1.25,984642,-895555,13.44,68.6,1.62,3536583,-2312643,15.43,67.0,1.47,4521225,-2312643,1.0994768607176555,1.5292386243791194,False,1.2662560219331533
GOLD,10,6.0,1h,0.15@0.3,10,False,16.17,67.5,1.15,613212,-932465,13.22,68.9,1.42,2603012,-1832493,14.9,68.1,1.31,3216224,-1832493,0.6576246829639718,1.4204758217357447,False,1.246658235039654
GOLD,10,6.0,1h,0.15@0.3,10,True,16.17,67.5,1.15,613212,-932465,13.22,68.9,1.42,2603012,-1832493,14.9,68.1,1.31,3216224,-1832493,0.6576246829639718,1.4204758217357447,False,1.246658235039654
GOLD,10,6.0,1h,0.2@0.4,10,False,15.42,68.6,1.12,582823,-825873,13.11,69.5,1.41,2576876,-1368581,14.43,69.0,1.29,3159700,-1368581,0.7057053566347368,1.8828816124146104,False,1.577872397276064
GOLD,10,6.0,1h,0.2@0.4,10,True,15.42,68.6,1.12,582823,-825873,13.11,69.5,1.41,2576876,-1368581,14.43,69.0,1.29,3159700,-1368581,0.7057053566347368,1.8828816124146104,False,1.577872397276064
GOLD,10,6.0,1h,0.25@0.5,0,False,8.0,56.2,1.16,498559,-755997,6.67,76.7,3.75,5121108,-640604,7.43,64.1,2.14,5619667,-755997,0.6594721936727262,7.994186736267648,False,0.9317257164783572
GOLD,10,6.0,1h,0.25@0.5,0,True,8.0,56.2,1.16,498559,-755997,6.67,76.7,3.75,5121108,-640604,7.43,64.1,2.14,5619667,-755997,0.6594721936727262,7.994186736267648,False,0.9317257164783572
GOLD,10,6.0,1h+4h,0.1@0.3,10,False,8.58,53.4,1.24,630172,-770587,7.11,76.6,2.16,3402561,-1137622,7.95,62.3,1.73,4032733,-1137622,0.817781768963141,2.9909416308756334,False,1.539790028113646
GOLD,10,6.0,1h+4h,0.1@0.3,10,True,8.58,53.4,1.24,630172,-770587,7.11,76.6,2.16,3402561,-1137622,7.95,62.3,1.73,4032733,-1137622,0.817781768963141,2.9909416308756334,False,1.539790028113646
GOLD,10,6.0,1h+4h,0.15@0.3,0,False,4.92,64.4,0.99,-21530,-527640,3.67,84.8,5.37,3099924,-273596,4.38,71.7,2.4,3078394,-527640,-0.040804336289894626,11.33029722656764,False,0.4557919947870846
GOLD,10,6.0,1h+4h,0.15@0.3,0,True,4.92,64.4,0.99,-21530,-527640,3.67,84.8,5.37,3099924,-273596,4.38,71.7,2.4,3078394,-527640,-0.040804336289894626,11.33029722656764,False,0.4557919947870846
GOLD,10,6.0,1h+4h,0.1@0.3,0,False,4.92,52.5,1.15,224202,-287419,3.67,81.8,5.39,3132782,-273596,4.38,63.0,2.49,3356985,-287419,0.7800528148800183,11.450394011608356,False,0.7728914173812546
GOLD,10,6.0,1h+4h,0.1@0.3,0,True,4.92,52.5,1.15,224202,-287419,3.67,81.8,5.39,3132782,-273596,4.38,63.0,2.49,3356985,-287419,0.7800528148800183,11.450394011608356,False,0.7728914173812546
GOLD,10,6.0,1h+4h,0.1@0.3,5,False,8.75,52.4,1.3,795221,-636365,7.44,74.6,2.42,3721039,-1126400,8.19,61.0,1.86,4516260,-1126400,1.249630322220738,3.3034792258522727,False,1.4825544987600776
GOLD,10,6.0,1h+4h,0.1@0.3,5,True,8.75,52.4,1.3,795221,-636365,7.44,74.6,2.42,3721039,-1126400,8.19,61.0,1.86,4516260,-1126400,1.249630322220738,3.3034792258522727,False,1.4825544987600776
GOLD,10,6.0,1h,0.25@0.5,5,False,14.0,65.5,1.31,1364068,-709498,11.11,64.0,1.72,4017633,-1862914,12.76,64.9,1.54,5381701,-1862914,1.9225818818375808,2.1566390074904156,False,2.1133531930606297
GOLD,10,6.0,1h,0.25@0.5,5,True,14.0,65.5,1.31,1364068,-709498,11.11,64.0,1.72,4017633,-1862914,12.76,64.9,1.54,5381701,-1862914,1.9225818818375808,2.1566390074904156,False,2.1133531930606297
GOLD,10,6.0,1h,0.25@0.5,10,False,13.5,65.4,1.29,1278711,-721398,10.89,66.3,1.65,3710423,-1364398,12.38,65.8,1.49,4989135,-1364398,1.7725458068916187,2.7194579587481074,False,2.1044556777470826
GOLD,10,6.0,1h,0.25@0.5,10,True,13.5,65.4,1.29,1278711,-721398,10.89,66.3,1.65,3710423,-1364398,12.38,65.8,1.49,4989135,-1364398,1.7725458068916187,2.7194579587481074,False,2.1044556777470826
GOLD,10,6.0,1h+4h,0.15@0.3,5,False,10.08,63.6,1.15,414581,-704847,8.44,76.3,2.17,3485957,-1388732,9.38,68.5,1.68,3900538,-1388732,0.5881858048626156,2.510172589095664,False,1.323698475586731
GOLD,10,6.0,1h+4h,0.15@0.3,5,True,10.08,63.6,1.15,414581,-704847,8.44,76.3,2.17,3485957,-1388732,9.38,68.5,1.68,3900538,-1388732,0.5881858048626156,2.510172589095664,False,1.323698475586731
GOLD,10,6.0,1h+4h,0.15@0.3,10,False,9.67,66.4,1.14,381776,-739120,8.11,78.1,1.94,3080209,-1136787,9.0,70.9,1.58,3461985,-1136787,0.5165277627448858,2.709574440946281,False,1.3504621491888824
GOLD,10,6.0,1h+4h,0.15@0.3,10,True,9.67,66.4,1.14,381776,-739120,8.11,78.1,1.94,3080209,-1136787,9.0,70.9,1.58,3461985,-1136787,0.5165277627448858,2.709574440946281,False,1.3504621491888824
GOLD,10,6.0,1h+4h,0.2@0.4,10,False,9.33,64.3,1.04,126524,-866793,7.78,78.6,3.18,4284945,-419454,8.67,69.8,1.83,4411469,-866793,0.1459679531329856,10.215530189246019,False,1.01602984458729
GOLD,10,6.0,1h+4h,0.2@0.4,10,True,9.33,64.3,1.04,126524,-866793,7.78,78.6,3.18,4284945,-419454,8.67,69.8,1.83,4411469,-866793,0.1459679531329856,10.215530189246019,False,1.01602984458729
GOLD,10,6.0,1h+4h,0.25@0.5,0,False,4.92,55.9,1.2,392771,-619147,3.67,81.8,5.09,3422347,-273596,4.38,65.2,2.36,3815118,-619147,0.6343743892807362,12.508761092998435,False,0.6389000606538469
GOLD,10,6.0,1h+4h,0.25@0.5,0,True,4.92,55.9,1.2,392771,-619147,3.67,81.8,5.09,3422347,-273596,4.38,65.2,2.36,3815118,-619147,0.6343743892807362,12.508761092998435,False,0.6389000606538469
GOLD,10,6.0,1h+4h,0.2@0.4,0,False,4.92,59.3,0.92,-145123,-532889,3.67,84.8,5.01,2844005,-273596,4.38,68.5,2.08,2698883,-532889,-0.27233251202408004,10.394907089284931,False,0.1818493720620589
GOLD,10,6.0,1h+4h,0.2@0.4,0,True,4.92,59.3,0.92,-145123,-532889,3.67,84.8,5.01,2844005,-273596,4.38,68.5,2.08,2698883,-532889,-0.27233251202408004,10.394907089284931,False,0.1818493720620589
GOLD,10,6.0,1h+4h,0.2@0.4,5,False,9.42,63.7,1.06,189234,-745873,8.11,75.3,2.19,3447670,-967326,8.86,68.3,1.59,3636904,-967326,0.25370807094505365,3.564124193911877,False,1.027360761544716
GOLD,10,6.0,1h+4h,0.2@0.4,5,True,9.42,63.7,1.06,189234,-745873,8.11,75.3,2.19,3447670,-967326,8.86,68.3,1.59,3636904,-967326,0.25370807094505365,3.564124193911877,False,1.027360761544716
GOLD,10,6.0,1h+4h,0.25@0.5,5,False,7.92,60.0,1.32,946341,-826214,6.67,66.7,1.88,2984384,-972421,7.38,62.6,1.62,3930724,-972421,1.1453945345878913,3.069024630278449,False,1.310534133998985
GOLD,10,6.0,1h+4h,0.25@0.5,5,True,7.92,60.0,1.32,946341,-826214,6.67,66.7,1.88,2984384,-972421,7.38,62.6,1.62,3930724,-972421,1.1453945345878913,3.069024630278449,False,1.310534133998985
GOLD,10,6.0,1h+4h,0.25@0.5,10,False,7.67,59.8,1.31,917031,-949664,6.33,71.9,2.7,4032154,-482841,7.1,64.4,1.92,4949186,-949664,0.9656373201469152,8.350893979591625,False,1.3558925569035485
GOLD,10,6.0,1h+4h,0.25@0.5,10,True,7.67,59.8,1.31,917031,-949664,6.33,71.9,2.7,4032154,-482841,7.1,64.4,1.92,4949186,-949664,0.9656373201469152,8.350893979591625,False,1.3558925569035485
GOLD,15,4.0,D,0.1@0.3,0,False,10.0,43.3,1.25,650375,-525424,9.78,70.5,0.96,-164987,-1543432,9.9,54.8,1.07,485388,-1543432,1.2378098450013704,-0.10689618979002638,False,1.4892993839955646
GOLD,15,4.0,D,0.1@0.3,0,True,10.0,37.5,1.32,446655,-437429,9.78,51.1,1.4,1103864,-693622,9.9,43.3,1.37,1550518,-693622,1.0210914228366204,1.5914489448143225,False,0.9283612707872326
GOLD,15,4.0,D,0.1@0.3,5,False,15.33,44.6,1.36,1345695,-862084,14.44,71.5,1.58,3113331,-1578093,14.95,55.7,1.49,4459026,-1578093,1.5609789765266493,1.9728438057833093,False,1.8148940424719429
GOLD,15,4.0,D,0.1@0.3,5,True,33.75,31.9,1.02,70651,-1270526,27.44,46.6,1.5,2809030,-1193669,31.05,37.4,1.3,2879681,-1270526,0.05560767745012696,2.3532738137624416,False,0.8446232654391472
GOLD,15,4.0,D,0.1@0.3,10,False,14.58,46.3,1.44,1574213,-862084,14.44,70.0,1.33,2036944,-2598840,14.52,56.4,1.37,3611158,-2598840,1.8260552335967262,0.7837896907851195,False,2.2408955118079716
GOLD,15,4.0,D,0.1@0.3,10,True,29.92,33.1,1.15,524363,-937742,25.44,47.2,1.33,2054674,-1320386,28.0,38.6,1.26,2579036,-1320386,0.5591761913191475,1.5561161660302365,False,1.2077348549483113
GOLD,15,4.0,D,0.15@0.3,0,False,10.0,64.2,1.24,594753,-601358,9.78,73.9,0.96,-177223,-1498459,9.9,68.3,1.06,417530,-1498459,0.989016525929646,-0.11827016955418868,False,1.4838380325652367
GOLD,15,4.0,D,0.15@0.3,0,True,10.0,50.0,1.36,486419,-397461,9.78,53.4,1.35,975229,-817402,9.9,51.4,1.35,1461648,-817402,1.2238156699651035,1.1930836968835408,False,1.0034905257585398
GOLD,15,4.0,D,0.15@0.3,5,False,16.42,63.5,1.42,1580653,-695345,16.44,75.0,1.38,2321796,-1429369,16.43,68.4,1.4,3902449,-1429369,2.2731924440385707,1.6243503252134333,False,2.04311772961088
GOLD,15,4.0,D,0.15@0.3,5,True,34.67,38.0,1.03,115711,-1282617,28.56,49.8,1.42,2437639,-1249599,32.05,42.5,1.26,2553350,-1282617,0.0902147718297824,1.9507369964284542,False,0.9342190406211126
GOLD,15,4.0,D,0.15@0.3,10,False,15.67,63.8,1.48,1737680,-695345,16.33,74.8,1.18,1214434,-2480739,15.95,68.7,1.28,2952114,-2480739,2.4990184728444156,0.48954525244292124,False,2.4356643925074284
GOLD,15,4.0,D,0.15@0.3,10,True,30.75,39.0,1.13,487981,-927986,26.56,50.6,1.26,1647719,-1249599,28.95,43.6,1.21,2135700,-1249599,0.5258495279023606,1.3185982063045825,False,1.3296855785054236
GOLD,15,4.0,D,0.2@0.4,0,False,9.92,68.1,1.39,1098830,-620126,9.89,71.9,1.01,65188,-1364781,9.9,69.7,1.16,1164018,-1364781,1.7719463463876697,0.04776443986251274,False,1.8172759822773612
GOLD,15,4.0,D,0.2@0.4,0,True,10.0,54.2,1.34,466565,-385743,9.78,51.1,1.34,998331,-871645,9.9,52.9,1.34,1464896,-871645,1.2095229207010885,1.1453412799935754,False,1.0877563521061582
GOLD,15,4.0,D,0.2@0.4,5,False,14.33,72.7,1.65,2204581,-537000,15.67,71.6,1.49,3100001,-1343401,14.9,72.2,1.55,5304582,-1343401,4.105364990689013,2.307576814368904,True,2.9928935128680387
GOLD,15,4.0,D,0.2@0.4,5,True,33.42,40.1,1.12,465094,-939092,27.89,47.8,1.51,2926121,-1384883,31.05,43.1,1.35,3391215,-1384883,0.4952592504248785,2.11290123425589,False,1.533779127576721
GOLD,15,4.0,D,0.2@0.4,10,False,14.25,71.9,1.6,2069104,-540900,15.33,71.7,1.31,2171363,-2253087,14.71,71.8,1.4,4240467,-2253087,3.825298576446663,0.9637279874234772,True,3.51467956895702
GOLD,15,4.0,D,0.2@0.4,10,True,30.0,42.2,1.22,783066,-673331,25.89,48.5,1.33,2059267,-1384883,28.24,44.7,1.29,2842333,-1384883,1.1629733370363164,1.4869609923726408,False,1.9912180047684902
GOLD,15,4.0,D,0.25@0.5,0,False,9.92,63.0,1.07,253291,-614319,9.89,65.2,1.28,1488833,-1506353,9.9,63.9,1.2,1742124,-1506353,0.4123118444977284,0.9883692600605568,False,1.521861770406965
GOLD,15,4.0,D,0.25@0.5,0,True,10.0,50.0,0.99,-15746,-577431,9.78,46.6,1.47,1606100,-1272127,9.9,48.6,1.3,1590355,-1272127,-0.027269058987134394,1.2625311780977844,False,0.6793773742230265
GOLD,15,4.0,D+1h,0.1@0.3,0,False,5.17,45.2,1.92,821091,-346366,5.44,69.4,1.77,1576560,-550915,5.29,55.9,1.81,2397651,-550915,2.3705877597685685,2.861711879328027,False,2.2601223042032146
GOLD,15,4.0,D+1h,0.1@0.3,0,True,5.17,45.2,1.92,821091,-346366,5.44,69.4,1.77,1576560,-550915,5.29,55.9,1.81,2397651,-550915,2.3705877597685685,2.861711879328027,False,2.5394587912040425
GOLD,15,4.0,D+1h,0.1@0.3,5,False,10.17,48.4,2.26,1961628,-487231,9.33,67.9,2.17,3757998,-810954,9.81,56.3,2.2,5719627,-810954,4.026073874609785,4.634045827506863,False,3.190132268521143
GOLD,15,4.0,D+1h,0.1@0.3,5,True,10.17,48.4,2.26,1961628,-487231,9.33,67.9,2.17,3757998,-810954,9.81,56.3,2.2,5719627,-810954,4.026073874609785,4.634045827506863,False,3.1250247142658507
GOLD,15,4.0,D,0.25@0.5,5,False,13.5,64.8,1.26,1170472,-726766,13.33,66.7,1.53,3432264,-1593948,13.43,65.6,1.42,4602736,-1593948,1.610521130597744,2.1533098946766143,False,1.975108789017158
GOLD,15,4.0,D,0.25@0.5,5,True,33.17,37.7,0.96,-191647,-1344504,26.89,44.6,1.43,2650167,-1777839,30.48,40.3,1.23,2458520,-1777839,-0.1425410411571851,1.4906676026344343,False,0.6654769462289234
GOLD,15,4.0,D,0.25@0.5,10,False,13.42,65.8,1.29,1277414,-703689,13.22,66.4,1.33,2419975,-2393421,13.33,66.1,1.32,3697389,-2393421,1.81531045675007,1.0110945796832234,False,2.4807414995775745
GOLD,15,4.0,D,0.25@0.5,10,True,29.75,40.1,1.07,290759,-997452,25.0,45.3,1.27,1790945,-1777839,27.71,42.1,1.19,2081704,-1777839,0.29150174644995447,1.0073718711311879,False,1.337897026917587
GOLD,15,4.0,D+1h,0.1@0.3,10,False,9.5,50.0,2.52,2151464,-399764,9.11,67.1,1.7,2850574,-1237616,9.33,57.1,1.92,5002038,-1237616,5.381835282816862,2.3032782381611097,False,3.9566047840399357
GOLD,15,4.0,D+1h,0.1@0.3,10,True,9.5,50.0,2.52,2151464,-399764,9.11,67.1,1.7,2850574,-1237616,9.33,57.1,1.92,5002038,-1237616,5.381835282816862,2.3032782381611097,False,4.004434229048146
GOLD,15,4.0,D+1h,0.15@0.3,0,False,5.17,69.4,2.0,860855,-310849,5.44,73.5,1.7,1437877,-534202,5.29,71.2,1.79,2298733,-534202,2.7693671203703407,2.691635373884785,False,2.445983528703403
GOLD,15,4.0,D+1h,0.15@0.3,0,True,5.17,69.4,2.0,860855,-310849,5.44,73.5,1.7,1437877,-534202,5.29,71.2,1.79,2298733,-534202,2.7693671203703407,2.691635373884785,False,2.663288617020798
GOLD,15,4.0,D+1h,0.15@0.3,5,False,11.08,66.9,2.25,1999927,-469665,10.44,74.5,1.97,3346098,-783223,10.81,70.0,2.06,5346025,-783223,4.258198929023878,4.272216214283799,False,3.8627399871813166
GOLD,15,4.0,D+1h,0.15@0.3,5,True,11.08,66.9,2.25,1999927,-469665,10.44,74.5,1.97,3346098,-783223,10.81,70.0,2.06,5346025,-783223,4.258198929023878,4.272216214283799,False,3.6409889596462444
GOLD,15,4.0,D+1h,0.15@0.3,10,False,10.33,66.9,2.4,2108322,-382198,10.22,73.9,1.56,2403110,-1178387,10.29,69.9,1.78,4511432,-1178387,5.516308300933024,2.0393215471657444,False,4.827260335824657
GOLD,15,4.0,D+1h,0.15@0.3,10,True,10.33,66.9,2.4,2108322,-382198,10.22,73.9,1.56,2403110,-1178387,10.29,69.9,1.78,4511432,-1178387,5.516308300933024,2.0393215471657444,False,4.686667477744389
GOLD,15,4.0,D+1h,0.2@0.4,0,False,5.17,77.4,1.95,841001,-287078,5.44,69.4,1.65,1452443,-588444,5.29,73.9,1.74,2293444,-588444,2.9295208967597657,2.468277355194377,False,2.621183310921365
GOLD,15,4.0,D+1h,0.2@0.4,0,True,5.17,77.4,1.95,841001,-287078,5.44,69.4,1.65,1452443,-588444,5.29,73.9,1.74,2293444,-588444,2.9295208967597657,2.468277355194377,False,2.678360760761448
GOLD,15,4.0,D+1h,0.2@0.4,5,False,10.0,78.3,2.61,2323065,-340355,9.44,71.8,2.23,4110754,-744403,9.76,75.6,2.35,6433819,-744403,6.825417578704588,5.522215789028255,True,4.5728946435996445
GOLD,15,4.0,D+1h,0.2@0.4,5,True,10.0,78.3,2.61,2323065,-340355,9.44,71.8,2.23,4110754,-744403,9.76,75.6,2.35,6433819,-744403,6.825417578704588,5.522215789028255,True,4.288224443142481
GOLD,15,4.0,D+1h,0.2@0.4,10,False,9.67,80.2,2.76,2376361,-276517,9.22,71.1,1.74,3090832,-1128754,9.48,76.4,1.99,5467193,-1128754,8.593905618822712,2.7382689230780133,False,5.580580489843948
GOLD,15,4.0,D+1h,0.2@0.4,10,True,9.67,80.2,2.76,2376361,-276517,9.22,71.1,1.74,3090832,-1128754,9.48,76.4,1.99,5467193,-1128754,8.593905618822712,2.7382689230780133,False,5.4118384766579535
GOLD,15,4.0,D+1h,0.25@0.5,0,False,5.17,69.4,1.27,358691,-453966,5.44,61.2,1.75,2050920,-988927,5.29,65.8,1.59,2409611,-988927,0.7901274544789698,2.073884118848004,False,1.7005476922421012
GOLD,15,4.0,D+1h,0.25@0.5,0,True,5.17,69.4,1.27,358691,-453966,5.44,61.2,1.75,2050920,-988927,5.29,65.8,1.59,2409611,-988927,0.7901274544789698,2.073884118848004,False,1.7146201237759748
GOLD,15,4.0,D+1h,0.25@0.5,5,False,9.75,71.8,1.78,1645298,-686825,8.44,63.2,1.99,3761508,-1130482,9.19,68.4,1.91,5406806,-1130482,2.395512685181815,3.3273488653512397,False,3.1036099539330735
GOLD,15,4.0,D+1h,0.25@0.5,5,True,9.75,71.8,1.78,1645298,-686825,8.44,63.2,1.99,3761508,-1130482,9.19,68.4,1.91,5406806,-1130482,2.395512685181815,3.3273488653512397,False,2.990153731792661
GOLD,15,4.0,D+1h,0.25@0.5,10,False,9.5,74.6,2.0,1863411,-419699,8.33,62.7,1.59,2749219,-1285065,9.0,69.8,1.71,4612630,-1285065,4.439874767392822,2.1393618221646378,False,4.123820415865726
GOLD,15,4.0,D+1h,0.25@0.5,10,True,9.5,74.6,2.0,1863411,-419699,8.33,62.7,1.59,2749219,-1285065,9.0,69.8,1.71,4612630,-1285065,4.439874767392822,2.1393618221646378,False,4.062316666034902
GOLD,15,4.0,D+4h,0.1@0.3,0,False,5.83,41.4,1.22,341897,-502299,6.78,67.2,0.92,-299612,-1370466,6.24,53.4,1.01,42286,-1370466,0.6806643055232043,-0.21862052761615391,False,2.154633429287792
GOLD,15,4.0,D+4h,0.1@0.3,0,True,5.83,38.6,2.08,766569,-244748,6.78,50.8,1.65,1346515,-652802,6.24,44.3,1.76,2113084,-652802,3.132074623694576,2.062669844761505,False,2.6209226193682174
GOLD,15,4.0,D+4h,0.1@0.3,5,False,9.75,44.4,1.53,1118815,-532377,10.22,71.7,1.86,3450084,-1260056,9.95,56.5,1.75,4568899,-1260056,2.1015464604969787,2.738040214085723,False,2.987522620866261
GOLD,15,4.0,D+4h,0.1@0.3,5,True,15.33,33.2,1.78,1333991,-441580,18.89,47.1,2.07,3861831,-1016453,16.86,39.8,1.98,5195822,-1016453,3.020949771275873,3.799320775284248,False,3.361196821596297
GOLD,15,4.0,D+4h,0.1@0.3,10,False,9.08,46.8,1.62,1260567,-493033,10.56,68.4,1.43,2169091,-2280803,9.71,56.9,1.49,3429658,-2280803,2.556759892339864,0.9510207589169253,False,3.8110485469340962
GOLD,15,4.0,D+4h,0.1@0.3,10,True,13.5,35.2,1.99,1527252,-363089,17.56,47.5,1.68,2978890,-1016453,15.24,41.2,1.76,4506142,-1016453,4.206274494683122,2.9306716591913253,False,3.9609977416921147
GOLD,15,4.0,D+4h,0.15@0.3,0,False,5.83,67.1,1.26,385401,-521432,6.78,72.1,0.93,-260075,-1343255,6.24,69.5,1.02,125326,-1343255,0.7391203455100569,-0.19361550859665513,False,1.6365939473449669
GOLD,15,4.0,D+4h,0.15@0.3,0,True,5.83,52.9,2.13,771108,-313450,6.78,54.1,1.62,1286362,-697110,6.24,53.4,1.75,2057469,-697110,2.4600669963311534,1.8452783635294285,False,2.203393845823351
GOLD,15,4.0,D+4h,0.2@0.4,0,False,5.75,66.7,1.19,329909,-796760,6.89,71.0,1.06,209322,-1231023,6.24,68.7,1.1,539231,-1231023,0.4140632059842362,0.17003906507027083,False,1.2072002577766574
GOLD,15,4.0,D+4h,0.2@0.4,0,True,5.83,55.7,1.71,516158,-346163,6.78,52.5,1.65,1395012,-648982,6.24,54.2,1.66,1911170,-648982,1.4910836802315672,2.1495388161767197,False,1.7028087305197492
GOLD,15,4.0,D+4h,0.2@0.4,5,False,9.25,69.4,1.45,1073598,-646472,11.0,71.7,1.59,2965165,-1291783,10.0,70.5,1.54,4038763,-1291783,1.660703015753196,2.295404878373535,False,2.4666762684774604
GOLD,15,4.0,D+4h,0.2@0.4,5,True,15.25,45.4,1.68,1271827,-524658,19.44,48.0,1.87,3579155,-1169362,17.05,46.6,1.81,4850982,-1169362,2.4241067514457035,3.060775876076014,False,2.7207612177384615
GOLD,15,4.0,D+4h,0.15@0.3,5,False,10.33,65.3,1.6,1263228,-490581,11.78,78.3,1.71,3061429,-1156856,10.95,71.3,1.67,4324658,-1156856,2.5749631559314365,2.6463354125318967,False,2.588916981500809
GOLD,15,4.0,D+4h,0.15@0.3,5,True,16.08,43.0,1.79,1352134,-532246,19.89,52.0,2.0,3673472,-1030829,17.71,47.3,1.93,5025606,-1030829,2.5404305527894997,3.5636094832411582,False,2.9699979345127683
GOLD,15,4.0,D+4h,0.15@0.3,10,False,9.67,65.5,1.64,1332096,-476849,12.0,76.9,1.33,1754400,-2208226,10.67,71.0,1.41,3086497,-2208226,2.793538415724894,0.79448389793436,False,3.3322518120036535
GOLD,15,4.0,D+4h,0.15@0.3,10,True,14.25,44.4,1.92,1475457,-421394,18.56,52.7,1.62,2759908,-1030829,16.1,48.5,1.7,4235365,-1030829,3.5013716379445365,2.6773674392163977,False,3.6214518522838364
GOLD,15,4.0,D+4h,0.2@0.4,10,False,9.25,68.5,1.39,959060,-659792,10.89,70.4,1.32,1886363,-2362953,9.95,69.4,1.34,2845423,-2362953,1.453579309843102,0.7983074568135718,False,2.9508655723519985
GOLD,15,4.0,D+4h,0.2@0.4,10,True,13.92,47.9,1.71,1294320,-498347,18.0,48.1,1.54,2638157,-1169362,15.67,48.0,1.59,3932477,-1169362,2.5972264305794956,2.256065273200258,False,3.240442537396527
GOLD,15,4.0,D+4h,0.25@0.5,0,False,5.75,60.9,0.94,-127285,-987510,6.89,64.5,1.43,1803981,-1391374,6.24,62.6,1.26,1676697,-1391374,-0.12889489726686312,1.296546435394078,False,0.43187063465004033
GOLD,15,4.0,D+4h,0.25@0.5,0,True,5.83,51.4,1.15,155338,-366999,6.78,47.5,1.86,2157530,-870198,6.24,49.6,1.65,2312868,-870198,0.4232654584889877,2.479355273167716,False,1.016089368716501
GOLD,15,4.0,D+1h+4h,0.1@0.3,0,False,3.67,50.0,3.19,974191,-125130,3.78,70.6,2.13,1726606,-518026,3.71,59.0,2.37,2700797,-518026,7.785431151602333,3.3330489203244626,False,4.71409398597563
GOLD,15,4.0,D+1h+4h,0.1@0.3,0,True,3.67,50.0,3.19,974191,-125130,3.78,70.6,2.13,1726606,-518026,3.71,59.0,2.37,2700797,-518026,7.785431151602333,3.3330489203244626,False,5.020520275747051
GOLD,15,4.0,D+1h+4h,0.1@0.3,5,False,7.25,50.6,3.76,2080448,-200603,6.67,73.3,3.37,4537798,-601925,7.0,59.9,3.48,6618247,-601925,10.370971520864593,7.538809652365328,False,6.2510978416015845
GOLD,15,4.0,D+1h+4h,0.1@0.3,5,True,7.25,50.6,3.76,2080448,-200603,6.67,73.3,3.37,4537798,-601925,7.0,59.9,3.48,6618247,-601925,10.370971520864593,7.538809652365328,False,6.353253765021461
GOLD,15,4.0,D+4h,0.25@0.5,5,False,8.75,61.9,1.11,327708,-1046467,9.44,64.7,1.59,3092980,-1508007,9.05,63.2,1.41,3420688,-1508007,0.31315655438728596,2.0510382246236256,False,1.2086802847102602
GOLD,15,4.0,D+4h,0.25@0.5,5,True,14.83,41.6,1.3,713372,-682579,18.56,44.3,1.77,3369933,-1453542,16.43,42.9,1.6,4083305,-1453542,1.0451127268785005,2.3184283632671088,False,1.5296638528178303
GOLD,15,4.0,D+4h,0.25@0.5,10,False,8.75,62.9,1.12,348894,-991678,9.44,63.5,1.32,2021810,-2485060,9.05,63.2,1.26,2370704,-2485060,0.3518218615316665,0.813585989875496,False,1.7625190445682368
GOLD,15,4.0,D+4h,0.25@0.5,10,True,13.5,44.4,1.36,804305,-581313,17.22,44.5,1.47,2436569,-1453542,15.1,44.5,1.44,3240873,-1453542,1.383600573185186,1.67629762332289,False,2.1555079207678576
GOLD,15,4.0,D+1h+4h,0.1@0.3,10,False,6.75,53.1,4.27,2203962,-195327,6.67,71.7,2.23,3517052,-948160,6.71,61.0,2.62,5721014,-948160,11.283447756838532,3.7093444144448195,False,6.596991974514656
GOLD,15,4.0,D+1h+4h,0.1@0.3,10,True,6.75,53.1,4.27,2203962,-195327,6.67,71.7,2.23,3517052,-948160,6.71,61.0,2.62,5721014,-948160,11.283447756838532,3.7093444144448195,False,6.803181299807562
GOLD,15,4.0,D+1h+4h,0.15@0.3,0,False,3.67,72.7,3.34,978730,-183685,3.78,76.5,2.09,1665697,-518026,3.71,74.4,2.36,2644427,-518026,5.3283066118627,3.2154698798901986,False,4.007897047375472
GOLD,15,4.0,D+1h+4h,0.15@0.3,0,True,3.67,72.7,3.34,978730,-183685,3.78,76.5,2.09,1665697,-518026,3.71,74.4,2.36,2644427,-518026,5.3283066118627,3.2154698798901986,False,4.19911334191115
GOLD,15,4.0,D+1h+4h,0.2@0.4,0,False,3.67,77.3,2.56,723780,-222595,3.78,73.5,2.1,1775103,-518026,3.71,75.6,2.2,2498883,-518026,3.251555515622543,3.4266677734322215,False,2.856065851539389
GOLD,15,4.0,D+1h+4h,0.2@0.4,0,True,3.67,77.3,2.56,723780,-222595,3.78,73.5,2.1,1775103,-518026,3.71,75.6,2.2,2498883,-518026,3.251555515622543,3.4266677734322215,False,2.9757347931224256
GOLD,15,4.0,D+1h+4h,0.2@0.4,5,False,7.17,76.7,3.19,2018285,-276517,6.89,74.2,2.84,4478411,-744403,7.05,75.7,2.93,6496696,-744403,7.298954494660364,6.0161108969200825,False,4.907940610254933
GOLD,15,4.0,D+1h+4h,0.2@0.4,5,True,7.17,76.7,3.19,2018285,-276517,6.89,74.2,2.84,4478411,-744403,7.05,75.7,2.93,6496696,-744403,7.298954494660364,6.0161108969200825,False,4.984280983824183
GOLD,15,4.0,D+1h+4h,0.2@0.4,10,False,7.17,76.7,3.09,1971030,-276517,6.78,72.1,2.0,3399608,-948160,7.0,74.8,2.24,5370639,-948160,7.128060842552176,3.58547924400945,False,5.5923556679368325
GOLD,15,4.0,D+1h+4h,0.2@0.4,10,True,7.17,76.7,3.09,1971030,-276517,6.78,72.1,2.0,3399608,-948160,7.0,74.8,2.24,5370639,-948160,7.128060842552176,3.58547924400945,False,5.719427570240876
GOLD,15,4.0,D+1h+4h,0.25@0.5,0,False,3.67,70.5,1.48,362959,-309380,3.78,64.7,2.29,2537622,-656001,3.71,67.9,2.06,2900581,-656001,1.1731818475661,3.8683203226824348,False,2.2179863294404742
GOLD,15,4.0,D+1h+4h,0.25@0.5,0,True,3.67,70.5,1.48,362959,-309380,3.78,64.7,2.29,2537622,-656001,3.71,67.9,2.06,2900581,-656001,1.1731818475661,3.8683203226824348,False,2.2870063739099558
GOLD,15,4.0,D+1h+4h,0.15@0.3,5,False,8.0,68.8,3.8,2098591,-250159,7.67,82.6,3.18,4347165,-562132,7.86,74.5,3.35,6445756,-562132,8.389028577824504,7.73335266449873,False,5.748083587240449
GOLD,15,4.0,D+1h+4h,0.15@0.3,5,True,8.0,68.8,3.8,2098591,-250159,7.67,82.6,3.18,4347165,-562132,7.86,74.5,3.35,6445756,-562132,8.389028577824504,7.73335266449873,False,5.744630326926255
GOLD,15,4.0,D+1h+4h,0.15@0.3,10,False,7.5,68.9,3.95,2152167,-211506,7.67,81.2,2.12,3295795,-948160,7.57,74.2,2.48,5447962,-948160,10.175441831437405,3.47599033918326,False,6.189607235522157
GOLD,15,4.0,D+1h+4h,0.15@0.3,10,True,7.5,68.9,3.95,2152167,-211506,7.67,81.2,2.12,3295795,-948160,7.57,74.2,2.48,5447962,-948160,10.175441831437405,3.47599033918326,False,6.268255371324339
GOLD,15,4.0,D+1h+4h,0.25@0.5,5,False,6.75,70.4,2.04,1459829,-355137,6.0,66.7,2.58,4294863,-950684,6.43,68.9,2.4,5754693,-950684,4.110608018877222,4.517655708942193,False,3.357481342738461
GOLD,15,4.0,D+1h+4h,0.25@0.5,5,True,6.75,70.4,2.04,1459829,-355137,6.0,66.7,2.58,4294863,-950684,6.43,68.9,2.4,5754693,-950684,4.110608018877222,4.517655708942193,False,3.438809806348596
GOLD,15,4.0,D+1h+4h,0.25@0.5,10,False,6.75,71.6,2.09,1481015,-300348,6.0,64.8,1.88,3223693,-1035166,6.43,68.9,1.94,4704709,-1035166,4.930996710482507,3.1141797547446495,False,3.9900196108320065
GOLD,15,4.0,D+1h+4h,0.25@0.5,10,True,6.75,71.6,2.09,1481015,-300348,6.0,64.8,1.88,3223693,-1035166,6.43,68.9,1.94,4704709,-1035166,4.930996710482507,3.1141797547446495,False,4.118991949788696
GOLD,15,4.0,1h,0.1@0.3,0,False,9.42,43.4,1.17,388185,-732519,8.78,69.6,2.2,3599742,-771867,9.14,54.2,1.75,3987926,-771867,0.5299316468241779,4.6636816964580685,False,1.6193697271220673
GOLD,15,4.0,1h,0.1@0.3,0,True,9.42,43.4,1.17,388185,-732519,8.78,69.6,2.13,3498362,-873247,9.14,54.2,1.72,3886546,-873247,0.5299316468241779,4.006154043472236,False,1.6193697271220673
GOLD,15,4.0,1h,0.1@0.3,5,False,18.0,46.3,1.35,1320289,-945885,15.11,64.7,1.89,5195250,-1542528,16.76,53.4,1.68,6515538,-1542528,1.395824016661645,3.3680101755041076,False,2.515474897965518
GOLD,15,4.0,1h,0.1@0.3,5,True,18.0,46.3,1.35,1320289,-945885,15.11,64.7,1.86,5093870,-1643908,16.76,53.4,1.66,6414159,-1643908,1.395824016661645,3.0986344734620186,False,2.515474897965518
GOLD,15,4.0,1h,0.1@0.3,10,False,17.25,46.9,1.38,1360627,-985994,14.56,65.6,1.89,5179999,-1859992,16.1,54.1,1.69,6540626,-1859992,1.3799546447544306,2.7849576772373212,False,2.939574358625625
GOLD,15,4.0,1h,0.1@0.3,10,True,17.25,46.9,1.38,1360627,-985994,14.56,65.6,1.86,5078619,-1961372,16.1,54.1,1.67,6439246,-1961372,1.3799546447544306,2.5893196191237564,False,2.939574358625625
GOLD,15,4.0,1h,0.15@0.3,0,False,9.42,61.1,1.24,516122,-586374,8.78,73.4,2.05,3151505,-900278,9.14,66.1,1.71,3667626,-900278,0.8801925051247156,3.5005909285798387,False,1.257360181079897
GOLD,15,4.0,1h,0.15@0.3,0,True,9.42,61.1,1.24,516122,-586374,8.78,72.2,1.98,3041991,-1002043,9.14,65.6,1.68,3558113,-1002043,0.8801925051247156,3.035788883311395,False,1.257360181079897
GOLD,15,4.0,1h,0.2@0.4,0,False,9.42,66.4,1.17,406061,-732915,8.78,70.9,2.36,4253519,-940401,9.14,68.2,1.85,4659580,-940401,0.5540355975795284,4.523090681528412,False,1.1617952843289094
GOLD,15,4.0,1h,0.2@0.4,0,True,9.42,66.4,1.17,406061,-732915,8.78,69.6,2.28,4136757,-1042166,9.14,67.7,1.81,4542818,-1042166,0.5540355975795284,3.9693839561068005,False,1.1617952843289094
GOLD,15,4.0,1h,0.2@0.4,5,False,17.42,70.8,1.52,1909602,-613458,15.44,66.9,1.81,5347386,-1924012,16.57,69.3,1.71,7256987,-1924012,3.112848801384936,2.77928931836184,True,2.6937633588452865
GOLD,15,4.0,1h,0.2@0.4,5,True,17.42,70.8,1.52,1909602,-613458,15.44,66.2,1.78,5230624,-2040773,16.57,69.0,1.69,7140226,-2040773,3.112848801384936,2.563060173767489,True,2.6937633588452865
GOLD,15,4.0,1h,0.15@0.3,5,False,19.92,62.8,1.3,1218643,-1159171,16.78,69.5,1.71,4457103,-1654632,18.57,65.4,1.55,5675746,-1654632,1.051305631352061,2.693712559650726,False,2.5049025949078088
GOLD,15,4.0,1h,0.15@0.3,5,True,19.92,62.8,1.3,1218643,-1159171,16.78,68.9,1.68,4347589,-1764146,18.57,65.1,1.53,5566233,-1764146,1.051305631352061,2.4644156436031937,False,2.5049025949078088
GOLD,15,4.0,1h,0.15@0.3,10,False,19.0,62.7,1.3,1192212,-1165679,16.22,70.5,1.71,4441936,-1940926,17.81,65.8,1.55,5634148,-1940926,1.0227618409527837,2.2885653548873064,False,3.036229048714582
GOLD,15,4.0,1h,0.15@0.3,10,True,19.0,62.7,1.3,1192212,-1165679,16.22,69.9,1.68,4332423,-2050439,17.81,65.5,1.53,5524635,-2050439,1.0227618409527837,2.1129245980982607,False,3.036229048714582
GOLD,15,4.0,1h,0.2@0.4,10,False,16.75,71.6,1.55,1969668,-538853,14.89,67.9,1.8,5272984,-2160127,15.95,70.1,1.71,7242652,-2160127,3.6552974558924234,2.441052771434272,True,3.1454524586398094
GOLD,15,4.0,1h,0.2@0.4,10,True,16.75,71.6,1.55,1969668,-538853,14.89,67.2,1.77,5156223,-2276888,15.95,69.9,1.7,7125891,-2276888,3.6552974558924234,2.2645922856108864,True,3.1454524586398094
GOLD,15,4.0,1h,0.25@0.5,0,False,9.42,64.6,1.08,233255,-839358,8.78,65.8,2.25,4625214,-1310758,9.14,65.1,1.75,4858469,-1310758,0.2778969164528127,3.5286559380144924,False,0.670608934796088
GOLD,15,4.0,1h,0.25@0.5,0,True,9.42,64.6,1.08,233255,-839358,8.78,64.6,2.18,4501213,-1412523,9.14,64.6,1.72,4734468,-1412523,0.2778969164528127,3.1866475802517904,False,0.670608934796088
GOLD,15,4.0,1h+4h,0.1@0.3,10,False,9.75,54.7,2.53,2130671,-420542,8.44,75.0,2.39,4360715,-948160,9.19,62.7,2.44,6491386,-948160,5.066488008332104,4.599134112386095,False,3.713316953530863
GOLD,15,4.0,1h+4h,0.1@0.3,10,True,9.75,54.7,2.53,2130671,-420542,8.44,75.0,2.39,4360715,-948160,9.19,62.7,2.44,6491386,-948160,5.066488008332104,4.599134112386095,False,3.713316953530863
GOLD,15,4.0,1h+4h,0.15@0.3,0,False,5.58,67.2,1.72,766815,-478968,4.67,78.6,2.63,2682176,-518026,5.19,71.6,2.27,3448991,-518026,1.6009733426867765,5.177686062089547,False,1.8257710616027185
GOLD,15,4.0,1h+4h,0.15@0.3,0,True,5.58,67.2,1.72,766815,-478968,4.67,78.6,2.63,2682176,-518026,5.19,71.6,2.27,3448991,-518026,1.6009733426867765,5.177686062089547,False,1.8257710616027185
GOLD,15,4.0,1h+4h,0.1@0.3,0,False,5.58,50.7,1.64,704127,-530142,4.67,73.8,2.66,2721661,-518026,5.19,59.6,2.25,3425788,-530142,1.328185655918603,5.253908104998591,False,1.686173231043913
GOLD,15,4.0,1h+4h,0.1@0.3,0,True,5.58,50.7,1.64,704127,-530142,4.67,73.8,2.66,2721661,-518026,5.19,59.6,2.25,3425788,-530142,1.328185655918603,5.253908104998591,False,1.686173231043913
GOLD,15,4.0,1h+4h,0.1@0.3,5,False,10.25,52.0,2.44,2117338,-418939,8.89,76.2,3.2,5235955,-608854,9.67,61.6,2.91,7353293,-608854,5.054048441419873,8.599688923781398,False,3.274866598852043
GOLD,15,4.0,1h+4h,0.1@0.3,5,True,10.25,52.0,2.44,2117338,-418939,8.89,76.2,3.2,5235955,-608854,9.67,61.6,2.91,7353293,-608854,5.054048441419873,8.599688923781398,False,3.274866598852043
GOLD,15,4.0,1h,0.25@0.5,5,False,16.58,68.8,1.29,1245258,-922247,14.67,58.3,1.4,3407785,-2772806,15.76,64.7,1.36,4653043,-2772806,1.3502434814100779,1.2290023175079685,False,1.9818561769168594
GOLD,15,4.0,1h,0.25@0.5,5,True,16.58,68.8,1.29,1245258,-922247,14.67,57.6,1.39,3283784,-2896807,15.76,64.4,1.35,4529042,-2896807,1.3502434814100779,1.1335874291935915,False,1.9818561769168594
GOLD,15,4.0,1h,0.25@0.5,10,False,16.08,69.9,1.34,1402993,-688151,14.44,60.0,1.43,3532363,-2722467,15.38,65.9,1.4,4935356,-2722467,2.0387865453948333,1.2974860668650896,False,2.3946552515465056
GOLD,15,4.0,1h,0.25@0.5,10,True,16.08,69.9,1.34,1402993,-688151,14.44,59.2,1.41,3408362,-2846468,15.38,65.6,1.39,4811355,-2846468,2.0387865453948333,1.1974004274771402,False,2.3946552515465056
GOLD,15,4.0,1h+4h,0.15@0.3,5,False,11.0,68.2,2.53,2227231,-371114,10.11,82.4,2.96,5020336,-670308,10.62,74.0,2.8,7247567,-670308,6.001473940622019,7.489595827589705,False,3.4767009234776607
GOLD,15,4.0,1h+4h,0.15@0.3,5,True,11.0,68.2,2.53,2227231,-371114,10.11,82.4,2.96,5020336,-670308,10.62,74.0,2.8,7247567,-670308,6.001473940622019,7.489595827589705,False,3.4767009234776607
GOLD,15,4.0,1h+4h,0.15@0.3,10,False,10.5,69.0,2.52,2181503,-374016,9.67,81.6,2.24,4096480,-948160,10.14,74.2,2.32,6277983,-948160,5.832646196954141,4.320452244346946,False,3.8090618578102493
GOLD,15,4.0,1h+4h,0.15@0.3,10,True,10.5,69.0,2.52,2181503,-374016,9.67,81.6,2.24,4096480,-948160,10.14,74.2,2.32,6277983,-948160,5.832646196954141,4.320452244346946,False,3.8090618578102493
GOLD,15,4.0,1h+4h,0.2@0.4,0,False,5.58,70.1,1.4,477603,-436358,4.67,76.2,2.71,2969373,-518026,5.19,72.5,2.18,3446976,-611521,1.0945210125630789,5.732092597668843,False,1.407798844613134
GOLD,15,4.0,1h+4h,0.2@0.4,0,True,5.58,70.1,1.4,477603,-436358,4.67,76.2,2.71,2969373,-518026,5.19,72.5,2.18,3446976,-611521,1.0945210125630789,5.732092597668843,False,1.407798844613134
GOLD,15,4.0,1h+4h,0.2@0.4,5,False,10.08,70.2,1.99,1894900,-538797,8.67,71.8,2.53,4958353,-744636,9.48,70.9,2.33,6853253,-744636,3.51690896571436,6.658760790507039,True,2.968508671654642
GOLD,15,4.0,1h+4h,0.2@0.4,5,True,10.08,70.2,1.99,1894900,-538797,8.67,71.8,2.53,4958353,-744636,9.48,70.9,2.33,6853253,-744636,3.51690896571436,6.658760790507039,True,2.968508671654642
GOLD,15,4.0,1h+4h,0.2@0.4,10,False,9.92,70.6,1.96,1843033,-544672,8.22,71.6,2.68,5121591,-744403,9.19,71.0,2.4,6964624,-744403,3.3837483843487455,6.88013213272918,False,3.2994440999193264
GOLD,15,4.0,1h+4h,0.2@0.4,10,True,9.92,70.6,1.96,1843033,-544672,8.22,71.6,2.68,5121591,-744403,9.19,71.0,2.4,6964624,-744403,3.3837483843487455,6.88013213272918,False,3.2994440999193264
GOLD,15,4.0,1h+4h,0.25@0.5,0,False,5.58,67.2,1.23,344493,-482735,4.67,69.0,2.73,3600148,-656001,5.19,67.9,2.1,3944641,-656001,0.7136275596341678,5.488022121917497,False,1.172710240645745
GOLD,15,4.0,1h+4h,0.25@0.5,0,True,5.58,67.2,1.23,344493,-482735,4.67,69.0,2.73,3600148,-656001,5.19,67.9,2.1,3944641,-656001,0.7136275596341678,5.488022121917497,False,1.172710240645745
GOLD,15,4.0,1h+4h,0.25@0.5,5,False,9.42,68.1,1.6,1397064,-550345,7.89,64.8,2.29,4636490,-1070842,8.76,66.8,2.02,6033554,-1070842,2.5385240167531276,4.32976106652522,False,2.0117739180696668
GOLD,15,4.0,1h+4h,0.25@0.5,5,True,9.42,68.1,1.6,1397064,-550345,7.89,64.8,2.29,4636490,-1070842,8.76,66.8,2.02,6033554,-1070842,2.5385240167531276,4.32976106652522,False,2.0117739180696668
GOLD,15,4.0,1h+4h,0.25@0.5,10,False,9.25,69.4,1.64,1441657,-559291,7.67,65.2,2.41,4802700,-950684,8.57,67.8,2.11,6244358,-950684,2.5776509902716116,5.0518363620298645,False,2.256117196614121
GOLD,15,4.0,1h+4h,0.25@0.5,10,True,9.25,69.4,1.64,1441657,-559291,7.67,65.2,2.41,4802700,-950684,8.57,67.8,2.11,6244358,-950684,2.5776509902716116,5.0518363620298645,False,2.256117196614121
GOLD,15,5.0,D,0.1@0.3,0,False,7.67,48.9,0.9,-280179,-963170,7.0,81.0,1.75,2339427,-2045975,7.38,61.9,1.34,2059248,-2045975,-0.2908925734813169,1.14342892752844,False,0.5656805197058274
GOLD,15,5.0,D,0.1@0.3,0,True,7.75,43.0,0.65,-597074,-671979,6.89,59.7,3.14,1789269,-232462,7.38,49.7,1.47,1192195,-683857,-0.8885307427761879,7.697038655780299,False,-0.10792668874196376
GOLD,15,5.0,D,0.1@0.3,5,False,11.33,52.9,1.25,974025,-983964,11.67,78.1,1.66,2926269,-1908159,11.48,63.9,1.47,3900294,-1908159,0.9898990206958791,1.5335561659169912,False,1.1296018798621283
GOLD,15,5.0,D,0.1@0.3,5,True,26.67,35.6,0.9,-386967,-1408524,22.56,49.8,1.64,2522603,-1086264,24.9,41.1,1.27,2135636,-1408524,-0.2747322729325166,2.3222743274194855,False,0.22259064723214136
GOLD,15,5.0,D,0.1@0.3,10,False,11.0,53.8,1.25,974944,-1045036,11.33,76.5,1.22,1297463,-3137075,11.14,63.7,1.23,2272407,-3137075,0.932928626382249,0.4135900480543181,False,1.5305861573003752
GOLD,15,5.0,D,0.1@0.3,10,True,24.75,37.0,0.98,-65200,-1187033,21.0,50.3,1.33,1531590,-1567939,23.14,42.2,1.18,1466390,-1567939,-0.05492686386983344,0.9768173379193961,False,0.7235751115559872
GOLD,15,5.0,D,0.15@0.3,0,False,7.67,62.0,0.71,-845182,-1080511,7.0,85.7,1.62,1877621,-2034016,7.38,71.6,1.17,1032439,-2034016,-0.782205826687558,0.9231102410207196,False,0.4229096869560326
GOLD,15,5.0,D,0.15@0.3,0,True,7.75,48.4,0.54,-769493,-804346,6.89,62.9,3.01,1650193,-232462,7.38,54.2,1.35,880701,-859388,-0.956669144870491,7.098764529256394,False,-0.3062437627273341
GOLD,15,5.0,D,0.15@0.3,5,False,12.5,68.0,1.2,808498,-918785,12.67,77.2,1.24,1430137,-2047976,12.57,72.0,1.22,2238635,-2047976,0.879964300679702,0.6983172654367044,False,1.7902383625092337
GOLD,15,5.0,D,0.15@0.3,5,True,27.08,40.3,0.96,-161822,-1145491,22.89,50.0,1.46,2125251,-1196072,25.29,44.1,1.23,1963429,-1196072,-0.14126867867141688,1.776858750978202,False,0.427152604062628
GOLD,15,5.0,D,0.15@0.3,10,False,12.17,68.5,1.22,883272,-984140,12.33,76.6,1.04,248175,-3332197,12.24,72.0,1.1,1131447,-3332197,0.8975064523340175,0.07447788951253483,False,2.480485281474205
GOLD,15,5.0,D,0.15@0.3,10,True,25.17,41.7,1.06,232706,-829104,21.44,50.8,1.21,1082377,-1580434,23.57,45.3,1.15,1315082,-1580434,0.28067166483336226,0.6848606142363427,False,1.029465912614072
GOLD,15,5.0,D,0.2@0.4,0,False,7.67,64.1,1.31,876677,-638865,7.0,76.2,1.28,1057061,-1981397,7.38,69.0,1.29,1933738,-1981397,1.3722413968522302,0.5334927831222113,False,1.0618547528115918
GOLD,15,5.0,D,0.2@0.4,0,True,7.75,49.5,0.96,-62014,-431795,6.89,54.8,1.27,369229,-588973,7.38,51.6,1.1,307216,-588973,-0.14361907849789832,0.6269031008212601,False,0.23842574211524406
GOLD,15,5.0,D,0.2@0.4,5,False,10.25,65.9,1.47,1727841,-459048,11.89,72.9,1.38,2235362,-2084938,10.95,69.1,1.42,3963202,-2084938,3.7639658597793693,1.072147948763944,False,2.3415017314801045
GOLD,15,5.0,D,0.2@0.4,5,True,26.08,38.0,1.06,256255,-947259,22.67,48.0,1.4,1976491,-1353043,24.62,42.0,1.25,2232745,-1353043,0.2705226342531451,1.4607747129987738,False,0.9371565775696535
GOLD,15,5.0,D,0.2@0.4,10,False,10.33,65.3,1.46,1678591,-459048,11.22,73.3,1.14,970270,-3379647,10.71,68.9,1.25,2648861,-3379647,3.6566786044160957,0.28709211346628805,False,2.529202116068491
GOLD,15,5.0,D,0.2@0.4,10,True,24.42,39.6,1.14,498573,-789997,21.0,48.7,1.23,1200710,-1727515,22.95,43.2,1.19,1699283,-1727515,0.6311074599017464,0.6950504047721727,False,1.3847142500208636
GOLD,15,5.0,D,0.25@0.5,0,False,7.67,56.5,1.18,591983,-812704,7.0,66.7,1.18,874845,-2295809,7.38,60.6,1.18,1466828,-2295809,0.7284115742016773,0.3810617520882617,False,1.3075522600194172
GOLD,15,5.0,D,0.25@0.5,0,True,7.75,46.2,1.03,58348,-481322,6.89,50.0,1.45,819039,-625837,7.38,47.7,1.24,877387,-625837,0.1212244609637623,1.3087097758681574,False,0.3788660541298088
GOLD,15,5.0,D,0.25@0.5,5,False,10.0,59.2,1.31,1261690,-852704,10.33,65.6,1.29,1862167,-2230154,10.14,62.0,1.3,3123856,-2230154,1.4796341989717416,0.8349948030494755,False,2.288608948692593
GOLD,15,5.0,D,0.25@0.5,5,True,25.5,36.3,1.11,426372,-884966,22.22,43.5,1.17,1027117,-1853015,24.1,39.1,1.15,1453489,-1853015,0.4817947808164382,0.554295027293357,False,1.0190350317320904
GOLD,15,5.0,D,0.25@0.5,10,False,9.83,57.6,1.3,1215076,-852704,10.33,64.5,1.02,132403,-3414060,10.05,60.7,1.11,1347479,-3414060,1.4249681014748377,0.038781685149060066,False,2.5879659189535396
GOLD,15,5.0,D,0.25@0.5,10,True,23.67,37.3,1.19,681903,-712721,20.78,44.4,0.99,-41375,-2223470,22.43,40.1,1.06,640528,-2223470,0.9567600786282431,-0.018608301438742147,False,1.365308772314005
GOLD,15,5.0,D+1h,0.1@0.3,0,False,3.92,51.1,0.76,-307345,-545077,3.33,86.7,6.46,2105226,-232462,3.67,64.9,2.07,1797881,-545077,-0.5638561157414457,9.056215639545387,False,0.5544426468243062
GOLD,15,5.0,D+1h,0.1@0.3,0,True,3.92,51.1,0.76,-307345,-545077,3.33,86.7,6.46,2105226,-232462,3.67,64.9,2.07,1797881,-545077,-0.5638561157414457,9.056215639545387,False,0.47512494231778096
GOLD,15,5.0,D+1h,0.1@0.3,5,False,8.08,60.8,1.58,1169036,-598556,7.11,82.8,3.02,3583311,-611472,7.67,69.6,2.25,4752347,-611472,1.9530937790281946,5.860139139649894,False,2.193975651259371
GOLD,15,5.0,D+1h,0.1@0.3,5,True,8.08,60.8,1.58,1169036,-598556,7.11,82.8,3.02,3583311,-611472,7.67,69.6,2.25,4752347,-611472,1.9530937790281946,5.860139139649894,False,2.0484444403933395
GOLD,15,5.0,D+1h,0.1@0.3,10,False,7.75,63.4,1.71,1345474,-422118,7.0,81.0,1.93,2474327,-1413850,7.43,70.5,1.84,3819801,-1413850,3.1874357407170506,1.7500633023305159,False,3.296405146072328
GOLD,15,5.0,D+1h,0.1@0.3,10,True,7.75,63.4,1.71,1345474,-422118,7.0,81.0,1.93,2474327,-1413850,7.43,70.5,1.84,3819801,-1413850,3.1874357407170506,1.7500633023305159,False,3.1716624203047212
GOLD,15,5.0,D+1h,0.15@0.3,0,False,3.92,61.7,0.62,-482375,-575548,3.33,93.3,6.31,1957968,-232462,3.67,74.0,1.89,1475594,-575548,-0.8381142841257375,8.422744362519465,False,0.43051995790337455
GOLD,15,5.0,D+1h,0.15@0.3,0,True,3.92,61.7,0.62,-482375,-575548,3.33,93.3,6.31,1957968,-232462,3.67,74.0,1.89,1475594,-575548,-0.8381142841257375,8.422744362519465,False,0.39643103309227734
GOLD,15,5.0,D+1h,0.15@0.3,5,False,8.5,73.5,1.68,1370936,-386813,7.44,82.1,2.33,3215558,-580808,8.05,76.9,2.03,4586494,-580808,3.5441828480428526,5.536352805057781,False,2.6963946918704083
GOLD,15,5.0,D+1h,0.15@0.3,5,True,8.5,73.5,1.68,1370936,-386813,7.44,82.1,2.33,3215558,-580808,8.05,76.9,2.03,4586494,-580808,3.5441828480428526,5.536352805057781,False,2.6035211989714586
GOLD,15,5.0,D+1h,0.15@0.3,10,False,8.17,75.5,1.9,1620136,-286332,7.44,80.6,1.62,2054713,-1371169,7.86,77.6,1.72,3674849,-1371169,5.658242878895828,1.4985118537539865,False,3.766347676395136
GOLD,15,5.0,D+1h,0.15@0.3,10,True,8.17,75.5,1.9,1620136,-286332,7.44,80.6,1.62,2054713,-1371169,7.86,77.6,1.72,3674849,-1371169,5.658242878895828,1.4985118537539865,False,3.7093461453041896
GOLD,15,5.0,D+1h,0.2@0.4,0,False,3.92,63.8,1.18,227715,-371543,3.33,80.0,1.74,695152,-439168,3.67,70.1,1.42,922867,-439168,0.6128900288795645,1.5828839988341592,False,1.0405199405987664
GOLD,15,5.0,D+1h,0.2@0.4,0,True,3.92,63.8,1.18,227715,-371543,3.33,80.0,1.74,695152,-439168,3.67,70.1,1.42,922867,-439168,0.6128900288795645,1.5828839988341592,False,0.855031241415363
GOLD,15,5.0,D+1h,0.2@0.4,5,False,8.08,72.2,1.8,1595177,-430294,7.22,75.4,2.0,2945620,-705897,7.71,73.5,1.92,4540798,-705897,3.707179277424273,4.172875079508767,False,3.418376856178983
GOLD,15,5.0,D+1h,0.2@0.4,5,True,8.08,72.2,1.8,1595177,-430294,7.22,75.4,2.0,2945620,-705897,7.71,73.5,1.92,4540798,-705897,3.707179277424273,4.172875079508767,False,3.087946666093814
GOLD,15,5.0,D+1h,0.2@0.4,10,False,8.0,74.0,1.9,1691775,-390850,7.0,74.6,1.57,2051869,-1543260,7.57,74.2,1.69,3743644,-1543260,4.328450812332097,1.3295679276337105,False,4.383467380163097
GOLD,15,5.0,D+1h,0.2@0.4,10,True,8.0,74.0,1.9,1691775,-390850,7.0,74.6,1.57,2051869,-1543260,7.57,74.2,1.69,3743644,-1543260,4.328450812332097,1.3295679276337105,False,4.072977856325707
GOLD,15,5.0,D+1h,0.25@0.5,0,False,3.92,57.4,1.24,348076,-418290,3.33,70.0,1.83,1144962,-478045,3.67,62.3,1.53,1493038,-478045,0.8321403810753305,2.3950925122111935,False,1.1645677315235248
GOLD,15,5.0,D+1h,0.25@0.5,0,True,3.92,57.4,1.24,348076,-418290,3.33,70.0,1.83,1144962,-478045,3.67,62.3,1.53,1493038,-478045,0.8321403810753305,2.3950925122111935,False,1.1176445729681193
GOLD,15,5.0,D+1h,0.25@0.5,5,False,7.08,67.1,1.95,1906666,-417342,6.78,62.3,1.48,1888017,-1161398,6.95,65.1,1.64,3794684,-1161398,4.568593623455104,1.6256416835572303,False,3.222110552300046
GOLD,15,5.0,D+1h,0.25@0.5,5,True,7.08,67.1,1.95,1906666,-417342,6.78,62.3,1.48,1888017,-1161398,6.95,65.1,1.64,3794684,-1161398,4.568593623455104,1.6256416835572303,False,3.1448170857732958
GOLD,15,5.0,D+1h,0.25@0.5,10,False,7.25,70.1,2.0,1880689,-387387,6.78,62.3,1.14,701555,-1534153,7.05,66.9,1.38,2582244,-1534153,4.854806692015995,0.4572914174792214,False,3.920210294473315
GOLD,15,5.0,D+1h,0.25@0.5,10,True,7.25,70.1,2.0,1880689,-387387,6.78,62.3,1.14,701555,-1534153,7.05,66.9,1.38,2582244,-1534153,4.854806692015995,0.4572914174792214,False,3.898270618066042
GOLD,15,5.0,D+4h,0.1@0.3,0,False,4.33,46.2,0.73,-541081,-960861,4.78,83.7,1.76,1938373,-2045975,4.52,63.2,1.31,1397292,-2045975,-0.5631209925264945,0.9474079595302973,False,-0.1266807334294705
GOLD,15,5.0,D+4h,0.1@0.3,0,True,4.42,39.6,0.66,-455128,-669954,4.67,59.5,4.13,1753388,-232462,4.52,48.4,1.68,1298259,-669954,-0.6793421637903498,7.542686546618372,False,0.25146354667715415
GOLD,15,5.0,D+4h,0.1@0.3,5,False,7.42,53.9,1.16,399713,-987418,8.56,81.8,1.83,2840031,-2041723,7.9,66.9,1.55,3239744,-2041723,0.40480627252085744,1.3909972116687719,False,0.8603952621588157
GOLD,15,5.0,D+4h,0.1@0.3,5,True,11.83,38.0,1.1,228289,-1066146,16.0,51.4,2.09,2977528,-1014400,13.62,44.8,1.64,3205817,-1066146,0.2141254574889368,2.935260252365931,False,0.8871227955416217
GOLD,15,5.0,D+4h,0.1@0.3,10,False,7.17,55.8,1.18,458953,-994819,8.11,80.8,1.31,1434340,-3137075,7.57,67.3,1.27,1893293,-3137075,0.46134321921877247,0.457222093829443,False,1.3120473730789
GOLD,15,5.0,D+4h,0.1@0.3,10,True,10.83,40.0,1.14,319500,-978518,14.56,52.7,1.68,2227991,-1348633,12.43,46.4,1.46,2547490,-1348633,0.32651417756239537,1.6520365436705167,False,1.4867809962449128
GOLD,15,5.0,D+4h,0.15@0.3,0,False,4.33,55.8,0.59,-816194,-1088002,4.78,86.0,1.72,1838617,-2034016,4.52,69.5,1.22,1022423,-2034016,-0.7501769298218202,0.9039343839969793,False,-0.24343608635294417
GOLD,15,5.0,D+4h,0.15@0.3,0,True,4.42,45.3,0.5,-661999,-722231,4.67,61.9,3.74,1535194,-232462,4.52,52.6,1.46,873195,-774772,-0.9166028597498584,6.604064320189966,False,-0.08223770221194328
GOLD,15,5.0,D+4h,0.15@0.3,5,False,8.25,67.7,1.09,233489,-1105043,9.22,79.5,1.47,2109277,-2095062,8.67,73.1,1.33,2342766,-2095062,0.21129404014142436,1.0067850020667646,False,1.0372857590249998
GOLD,15,5.0,D+4h,0.15@0.3,5,True,12.42,47.0,1.1,225171,-1067573,16.22,51.4,1.9,2788717,-944585,14.05,49.2,1.56,3013888,-1067573,0.21091859760409826,2.9523198018177297,False,0.9217280102896944
GOLD,15,5.0,D+4h,0.15@0.3,10,False,8.08,68.0,1.1,272102,-1126127,8.78,79.7,1.22,1168254,-3256680,8.38,73.3,1.18,1440356,-3256680,0.24162638849792253,0.35872545045874943,False,1.5518317295403914
GOLD,15,5.0,D+4h,0.15@0.3,10,True,11.5,48.6,1.13,290210,-1006116,14.89,53.0,1.55,2005142,-1362533,12.95,50.7,1.39,2295352,-1362533,0.28844586508911496,1.471628210105737,False,1.529095284345692
GOLD,15,5.0,D+4h,0.2@0.4,0,False,4.33,57.7,1.05,87273,-748544,4.78,76.7,1.37,1137584,-1981397,4.52,66.3,1.25,1224858,-1981397,0.11659034071477428,0.5741322915094754,False,0.01567536325301455
GOLD,15,5.0,D+4h,0.2@0.4,0,True,4.42,45.3,0.92,-106044,-476739,4.67,54.8,1.5,434431,-297337,4.52,49.5,1.15,328386,-476739,-0.22243617576913155,1.4610727894611164,False,0.11751060079597034
GOLD,15,5.0,D+4h,0.2@0.4,5,False,6.75,60.5,1.17,474239,-923017,8.44,73.7,1.54,2481879,-2188574,7.48,66.9,1.4,2956118,-2188574,0.5137922703482167,1.1340164874479912,False,0.9673454044525381
GOLD,15,5.0,D+4h,0.2@0.4,5,True,11.25,40.7,1.14,345707,-928064,16.33,49.0,1.61,2265230,-1248321,13.43,45.0,1.42,2610937,-1248321,0.3725034049375905,1.8146213994637597,False,0.9903854117224317
GOLD,15,5.0,D+4h,0.2@0.4,10,False,6.83,61.0,1.16,444319,-949549,8.11,72.6,1.19,1061311,-3483284,7.38,66.5,1.18,1505629,-3483284,0.4679263524051945,0.304686898914932,False,1.1039049307569753
GOLD,15,5.0,D+4h,0.2@0.4,10,True,10.5,42.9,1.14,357469,-919884,14.89,50.0,1.36,1507810,-1600644,12.38,46.5,1.28,1865279,-1600644,0.38860225854564273,0.9420020941571018,False,1.2474308201647681
GOLD,15,5.0,D+4h,0.25@0.5,0,False,4.33,53.8,0.96,-81180,-919463,4.78,67.4,1.32,1224431,-2421814,4.52,60.0,1.19,1143251,-2421814,-0.08829066531225291,0.5055842438766974,False,0.22814563338477217
GOLD,15,5.0,D+4h,0.25@0.5,0,True,4.42,43.4,1.04,49404,-511492,4.67,50.0,1.97,1087986,-461955,4.52,46.3,1.46,1137390,-511492,0.09658802092701352,2.355177452349255,False,0.3175716918124937
GOLD,15,5.0,D+4h,0.25@0.5,5,False,6.83,57.3,1.02,59507,-1243744,7.89,64.8,1.29,1544428,-2293940,7.29,60.8,1.19,1603935,-2293940,0.04784505493091826,0.6732643399565813,False,0.8631852444537055
GOLD,15,5.0,D+4h,0.25@0.5,5,True,11.17,39.6,1.11,293781,-1077108,15.89,44.1,1.45,1896337,-1428296,13.19,41.9,1.32,2190118,-1428296,0.27274980781871455,1.32769187899427,False,1.1336726699637185
GOLD,15,5.0,D+4h,0.25@0.5,10,False,6.67,56.2,1.01,24104,-1279147,7.89,63.4,0.97,-185335,-3875274,7.19,59.6,0.98,-161231,-3875274,0.018843807631179217,-0.04782500540606935,False,0.986522692761619
GOLD,15,5.0,D+4h,0.25@0.5,10,True,10.25,40.7,1.12,308655,-1065817,14.67,45.5,1.17,846205,-1849176,12.14,43.1,1.15,1154861,-1849176,0.28959474281232145,0.4576119309357249,False,1.3380824926355341
GOLD,15,5.0,D+1h+4h,0.1@0.3,0,False,2.83,50.0,0.73,-302759,-592105,2.22,90.0,9.59,2000380,-232462,2.57,64.8,2.24,1697622,-592105,-0.5113265383673504,8.60519138611902,False,1.0819984702992513
GOLD,15,5.0,D+1h+4h,0.1@0.3,0,True,2.83,50.0,0.73,-302759,-592105,2.22,90.0,9.59,2000380,-232462,2.57,64.8,2.24,1697622,-592105,-0.5113265383673504,8.60519138611902,False,1.0690850068254896
GOLD,15,5.0,D+1h+4h,0.1@0.3,5,False,6.08,57.5,1.49,810106,-603181,5.56,86.0,3.78,3629127,-611472,5.86,69.1,2.49,4439233,-611472,1.3430562302194533,5.935066527984928,False,2.3906614292927038
GOLD,15,5.0,D+1h+4h,0.1@0.3,5,True,6.08,57.5,1.49,810106,-603181,5.56,86.0,3.78,3629127,-611472,5.86,69.1,2.49,4439233,-611472,1.3430562302194533,5.935066527984928,False,2.371593347789512
GOLD,15,5.0,D+1h+4h,0.1@0.3,10,False,5.92,59.2,1.52,859634,-553653,5.33,85.4,2.36,2743259,-1291248,5.67,69.7,1.98,3602892,-1291248,1.5526584340733276,2.1245020321425474,False,3.1457302511155225
GOLD,15,5.0,D+1h+4h,0.1@0.3,10,True,5.92,59.2,1.52,859634,-553653,5.33,85.4,2.36,2743259,-1291248,5.67,69.7,1.98,3602892,-1291248,1.5526584340733276,2.1245020321425474,False,3.130749246487036
GOLD,15,5.0,D+1h+4h,0.15@0.3,0,False,2.83,58.8,0.55,-509629,-644382,2.22,95.0,8.63,1774004,-232462,2.57,72.2,1.93,1264375,-644382,-0.7908802542591196,7.631372009188598,False,0.5362008794341661
GOLD,15,5.0,D+1h+4h,0.15@0.3,0,True,2.83,58.8,0.55,-509629,-644382,2.22,95.0,8.63,1774004,-232462,2.57,72.2,1.93,1264375,-644382,-0.7908802542591196,7.631372009188598,False,0.5195582864413624
GOLD,15,5.0,D+1h+4h,0.15@0.3,5,False,6.67,72.5,1.49,806988,-605001,5.78,84.6,3.07,3469881,-580808,6.29,77.3,2.28,4276869,-605001,1.3338622580789123,5.974230726849492,False,2.1734579430868943
GOLD,15,5.0,D+1h+4h,0.15@0.3,5,True,6.67,72.5,1.49,806988,-605001,5.78,84.6,3.07,3469881,-580808,6.29,77.3,2.28,4276869,-605001,1.3338622580789123,5.974230726849492,False,2.1734238119471376
GOLD,15,5.0,D+1h+4h,0.15@0.3,10,False,6.58,72.2,1.5,830344,-591932,5.67,84.3,2.07,2549975,-1305148,6.19,76.9,1.84,3380319,-1305148,1.4027692370069536,1.953782253047164,False,2.95840592375538
GOLD,15,5.0,D+1h+4h,0.15@0.3,10,True,6.58,72.2,1.5,830344,-591932,5.67,84.3,2.07,2549975,-1305148,6.19,76.9,1.84,3380319,-1305148,1.4027692370069536,1.953782253047164,False,2.963087871414499
GOLD,15,5.0,D+1h+4h,0.2@0.4,0,False,2.83,58.8,1.04,46325,-403375,2.22,85.0,2.26,691388,-232462,2.57,68.5,1.44,737713,-403375,0.11484350790207623,2.9741979334256783,False,0.5261991890700001
GOLD,15,5.0,D+1h+4h,0.2@0.4,0,True,2.83,58.8,1.04,46325,-403375,2.22,85.0,2.26,691388,-232462,2.57,68.5,1.44,737713,-403375,0.11484350790207623,2.9741979334256783,False,0.4922965374216096
GOLD,15,5.0,D+1h+4h,0.2@0.4,5,False,5.5,65.2,1.5,927524,-467533,5.78,78.8,2.33,3075162,-705897,5.62,71.2,1.96,4002686,-705897,1.983868518371965,4.356389104926072,False,2.0643882283047774
GOLD,15,5.0,D+1h+4h,0.2@0.4,5,True,5.5,65.2,1.5,927524,-467533,5.78,78.8,2.33,3075162,-705897,5.62,71.2,1.96,4002686,-705897,1.983868518371965,4.356389104926072,False,2.051543785994721
GOLD,15,5.0,D+1h+4h,0.2@0.4,10,False,5.58,65.7,1.48,897603,-497453,5.56,78.0,1.74,2181411,-1543260,5.57,70.9,1.64,3079014,-1543260,1.8043976013814371,1.413508417246608,False,2.3606557460043454
GOLD,15,5.0,D+1h+4h,0.2@0.4,10,True,5.58,65.7,1.48,897603,-497453,5.56,78.0,1.74,2181411,-1543260,5.57,70.9,1.64,3079014,-1543260,1.8043976013814371,1.413508417246608,False,2.35272333661839
GOLD,15,5.0,D+1h+4h,0.25@0.5,0,False,2.83,55.9,1.17,201773,-438128,2.22,75.0,2.7,1344944,-376081,2.57,63.0,1.79,1546716,-438128,0.46053436438666323,3.576208316825365,False,0.5639360158770869
GOLD,15,5.0,D+1h+4h,0.25@0.5,0,True,2.83,55.9,1.17,201773,-438128,2.22,75.0,2.7,1344944,-376081,2.57,63.0,1.79,1546716,-438128,0.46053436438666323,3.576208316825365,False,0.5844780921258943
GOLD,15,5.0,D+1h+4h,0.25@0.5,5,False,5.42,63.1,1.43,875598,-618619,5.33,64.6,1.87,2490281,-1018819,5.38,63.7,1.69,3365879,-1018819,1.4154075448701058,2.444282055988355,False,1.932710094549153
GOLD,15,5.0,D+1h+4h,0.25@0.5,5,True,5.42,63.1,1.43,875598,-618619,5.33,64.6,1.87,2490281,-1018819,5.38,63.7,1.69,3365879,-1018819,1.4154075448701058,2.444282055988355,False,1.9552005698379324
GOLD,15,5.0,D+1h+4h,0.25@0.5,10,False,5.33,62.5,1.42,848789,-645427,5.33,64.6,1.34,1303818,-1498078,5.33,63.4,1.37,2152608,-1498078,1.3150813337526939,0.8703271792256478,False,2.0671990734791663
GOLD,15,5.0,D+1h+4h,0.25@0.5,10,True,5.33,62.5,1.42,848789,-645427,5.33,64.6,1.34,1303818,-1498078,5.33,63.4,1.37,2152608,-1498078,1.3150813337526939,0.8703271792256478,False,2.097282510721515
GOLD,15,5.0,1h,0.1@0.3,0,False,6.92,50.6,0.72,-763863,-1085772,5.78,78.8,3.89,3574577,-400941,6.43,61.5,1.71,2810714,-1085772,-0.703520628640267,8.915468859508007,False,-0.07386730244530704
GOLD,15,5.0,1h,0.1@0.3,0,True,6.92,50.6,0.72,-763863,-1085772,5.78,78.8,3.89,3574577,-400941,6.43,61.5,1.71,2810714,-1085772,-0.703520628640267,8.915468859508007,False,-0.07386730244530704
GOLD,15,5.0,1h,0.1@0.3,5,False,14.33,58.7,1.13,552208,-951397,11.89,72.0,1.8,3691074,-1880713,13.29,63.8,1.48,4243282,-1880713,0.5804180589175707,1.9625929102420199,False,0.9182429088695591
GOLD,15,5.0,1h,0.1@0.3,5,True,14.33,58.7,1.13,552208,-951397,11.89,72.0,1.8,3691074,-1880713,13.29,63.8,1.48,4243282,-1880713,0.5804180589175707,1.9625929102420199,False,0.9182429088695591
GOLD,15,5.0,1h,0.1@0.3,10,False,13.92,58.1,1.14,569172,-906222,11.33,72.5,1.87,3747052,-1797210,12.81,63.6,1.51,4316224,-1797210,0.6280712673053622,2.084927192704247,False,1.1659175244694966
GOLD,15,5.0,1h,0.1@0.3,10,True,13.92,58.1,1.14,569172,-906222,11.33,72.5,1.87,3747052,-1797210,12.81,63.6,1.51,4316224,-1797210,0.6280712673053622,2.084927192704247,False,1.1659175244694966
GOLD,15,5.0,1h,0.15@0.3,0,False,6.92,60.2,0.69,-829304,-1114809,5.78,84.6,4.32,3630647,-381210,6.43,69.6,1.74,2801343,-1114809,-0.7438978336199296,9.524007764749088,False,-0.0887224816056524
GOLD,15,5.0,1h,0.15@0.3,0,True,6.92,60.2,0.69,-829304,-1114809,5.78,84.6,4.32,3630647,-381210,6.43,69.6,1.74,2801343,-1114809,-0.7438978336199296,9.524007764749088,False,-0.0887224816056524
GOLD,15,5.0,1h,0.15@0.3,5,False,15.08,72.4,1.22,933343,-764200,12.67,71.9,1.49,2879366,-2430213,14.05,72.2,1.38,3812709,-2430213,1.2213334205705313,1.1848204252055272,False,1.11574755329135
GOLD,15,5.0,1h,0.15@0.3,5,True,15.08,72.4,1.22,933343,-764200,12.67,71.9,1.49,2879366,-2430213,14.05,72.2,1.38,3812709,-2430213,1.2213334205705313,1.1848204252055272,False,1.11574755329135
GOLD,15,5.0,1h,0.15@0.3,10,False,14.5,73.0,1.27,1087371,-575888,12.22,72.7,1.53,2912364,-2324718,13.52,72.9,1.42,3999735,-2324718,1.8881640180035006,1.2527816277071024,False,1.3806331239746845
GOLD,15,5.0,1h,0.15@0.3,10,True,14.5,73.0,1.27,1087371,-575888,12.22,72.7,1.53,2912364,-2324718,13.52,72.9,1.42,3999735,-2324718,1.8881640180035006,1.2527816277071024,False,1.3806331239746845
GOLD,15,5.0,1h,0.2@0.4,0,False,6.92,61.4,0.96,-95727,-886455,5.78,76.9,2.28,2307357,-860585,6.43,67.4,1.49,2211630,-890025,-0.10798856117907847,2.681149450664374,False,0.07352485965828925
GOLD,15,5.0,1h,0.2@0.4,0,True,6.92,61.4,0.96,-95727,-886455,5.78,76.9,2.28,2307357,-860585,6.43,67.4,1.49,2211630,-890025,-0.10798856117907847,2.681149450664374,False,0.07352485965828925
GOLD,15,5.0,1h,0.2@0.4,5,False,14.17,71.2,1.23,987619,-688266,12.33,65.8,1.22,1614397,-2944643,13.38,69.0,1.22,2602015,-2944643,1.434937945503628,0.548248802995813,False,1.4540404796518018
GOLD,15,5.0,1h,0.2@0.4,5,True,14.17,71.2,1.23,987619,-688266,12.33,65.8,1.22,1614397,-2944643,13.38,69.0,1.22,2602015,-2944643,1.434937945503628,0.548248802995813,False,1.4540404796518018
GOLD,15,5.0,1h,0.2@0.4,10,False,13.83,71.7,1.25,1056491,-618845,11.89,67.3,1.32,2114491,-2275946,13.0,70.0,1.29,3170981,-2275946,1.7071980867583967,0.9290602676864916,False,1.6422202859363668
GOLD,15,5.0,1h,0.2@0.4,10,True,13.83,71.7,1.25,1056491,-618845,11.89,67.3,1.32,2114491,-2275946,13.0,70.0,1.29,3170981,-2275946,1.7071980867583967,0.9290602676864916,False,1.6422202859363668
GOLD,15,5.0,1h,0.25@0.5,0,False,6.92,54.2,0.95,-158518,-1000444,5.78,63.5,2.36,3647917,-749601,6.43,57.8,1.6,3489399,-1000444,-0.15844764924373578,4.866478299788821,False,0.25607785179923376
GOLD,15,5.0,1h,0.25@0.5,0,True,6.92,54.2,0.95,-158518,-1000444,5.78,63.5,2.36,3647917,-749601,6.43,57.8,1.6,3489399,-1000444,-0.15844764924373578,4.866478299788821,False,0.25607785179923376
GOLD,15,5.0,1h,0.25@0.5,5,False,12.75,65.4,1.22,1001634,-693911,11.11,56.0,1.24,1845490,-1988049,12.05,61.7,1.23,2847124,-1988049,1.4434617695929306,0.9282920088991771,False,1.1664445683224385
GOLD,15,5.0,1h,0.25@0.5,5,True,12.75,65.4,1.22,1001634,-693911,11.11,56.0,1.24,1845490,-1988049,12.05,61.7,1.23,2847124,-1988049,1.4434617695929306,0.9282920088991771,False,1.1664445683224385
GOLD,15,5.0,1h,0.25@0.5,10,False,12.67,64.5,1.16,741541,-820918,10.67,58.3,1.33,2362746,-1921756,11.81,62.1,1.26,3104287,-1921756,0.903307029447521,1.2294724200158604,False,1.2447196576146449
GOLD,15,5.0,1h,0.25@0.5,10,True,12.67,64.5,1.16,741541,-820918,10.67,58.3,1.33,2362746,-1921756,11.81,62.1,1.26,3104287,-1921756,0.903307029447521,1.2294724200158604,False,1.2447196576146449
GOLD,15,5.0,1h+4h,0.1@0.3,0,False,4.33,53.8,0.63,-714284,-1105811,2.89,88.5,9.21,3091219,-232462,3.71,65.4,2.03,2376935,-1105811,-0.6459367830488212,13.297738985296522,False,0.05209265422459747
GOLD,15,5.0,1h+4h,0.1@0.3,0,True,4.33,53.8,0.63,-714284,-1105811,2.89,88.5,9.21,3091219,-232462,3.71,65.4,2.03,2376935,-1105811,-0.6459367830488212,13.297738985296522,False,0.05209265422459747
GOLD,15,5.0,1h+4h,0.1@0.3,5,False,8.5,58.8,1.15,406933,-884096,7.22,84.6,3.42,4362917,-928169,7.95,68.9,2.05,4769851,-928169,0.4602814626465904,4.700563151753614,False,1.180334893954939
GOLD,15,5.0,1h+4h,0.1@0.3,5,True,8.5,58.8,1.15,406933,-884096,7.22,84.6,3.42,4362917,-928169,7.95,68.9,2.05,4769851,-928169,0.4602814626465904,4.700563151753614,False,1.180334893954939
GOLD,15,5.0,1h+4h,0.1@0.3,10,False,8.17,60.2,1.21,559511,-729306,6.67,85.0,2.59,3662127,-1291248,7.52,69.6,1.85,4221637,-1291248,0.7671827737602598,2.8361143637782984,False,1.435325680962635
GOLD,15,5.0,1h+4h,0.1@0.3,10,True,8.17,60.2,1.21,559511,-729306,6.67,85.0,2.59,3662127,-1291248,7.52,69.6,1.85,4221637,-1291248,0.7671827737602598,2.8361143637782984,False,1.435325680962635
GOLD,15,5.0,1h+4h,0.15@0.3,0,False,4.33,61.5,0.56,-834874,-1178808,2.89,92.3,8.65,2877115,-232462,3.71,71.8,1.9,2042241,-1178808,-0.7082357771579426,12.37671103234077,False,-0.02302270463631549
GOLD,15,5.0,1h+4h,0.15@0.3,0,True,4.33,61.5,0.56,-834874,-1178808,2.89,92.3,8.65,2877115,-232462,3.71,71.8,1.9,2042241,-1178808,-0.7082357771579426,12.37671103234077,False,-0.02302270463631549
GOLD,15,5.0,1h+4h,0.15@0.3,5,False,9.08,70.6,1.19,513037,-867332,7.44,83.6,3.0,4332878,-859260,8.38,75.6,2.0,4845915,-867332,0.5915116702715915,5.042569187440356,False,1.4504698263894378
GOLD,15,5.0,1h+4h,0.15@0.3,5,True,9.08,70.6,1.19,513037,-867332,7.44,83.6,3.0,4332878,-859260,8.38,75.6,2.0,4845915,-867332,0.5915116702715915,5.042569187440356,False,1.4504698263894378
GOLD,15,5.0,1h+4h,0.15@0.3,10,False,8.83,70.8,1.25,635142,-749001,7.0,84.1,2.34,3585440,-1305148,8.05,75.7,1.8,4220582,-1305148,0.8479855167082554,2.7471520471241577,False,1.6317651592900615
GOLD,15,5.0,1h+4h,0.15@0.3,10,True,8.83,70.8,1.25,635142,-749001,7.0,84.1,2.34,3585440,-1305148,8.05,75.7,1.8,4220582,-1305148,0.8479855167082554,2.7471520471241577,False,1.6317651592900615
GOLD,15,5.0,1h+4h,0.2@0.4,10,False,7.92,65.3,1.21,610977,-806305,6.78,75.4,2.5,3889902,-726984,7.43,69.2,1.83,4500879,-806305,0.7577492388116159,5.350739493578951,False,1.105580211944225
GOLD,15,5.0,1h+4h,0.2@0.4,10,True,7.92,65.3,1.21,610977,-806305,6.78,75.4,2.5,3889902,-726984,7.43,69.2,1.83,4500879,-806305,0.7577492388116159,5.350739493578951,False,1.105580211944225
GOLD,15,5.0,1h+4h,0.25@0.5,0,False,4.33,51.9,0.85,-338348,-978919,2.89,73.1,3.14,2302234,-505341,3.71,59.0,1.59,1963886,-978919,-0.34563431703746683,4.555802913280339,False,-0.005532285502830983
GOLD,15,5.0,1h+4h,0.25@0.5,0,True,4.33,51.9,0.85,-338348,-978919,2.89,73.1,3.14,2302234,-505341,3.71,59.0,1.59,1963886,-978919,-0.34563431703746683,4.555802913280339,False,-0.005532285502830983
GOLD,15,5.0,1h+4h,0.2@0.4,0,False,4.33,59.6,0.85,-281006,-800268,2.89,84.6,3.62,1806769,-369337,3.71,67.9,1.58,1525763,-800268,-0.3511398681441717,4.891925260669795,False,-0.06496160546122916
GOLD,15,5.0,1h+4h,0.2@0.4,0,True,4.33,59.6,0.85,-281006,-800268,2.89,84.6,3.62,1806769,-369337,3.71,67.9,1.58,1525763,-800268,-0.3511398681441717,4.891925260669795,False,-0.06496160546122916
GOLD,15,5.0,1h+4h,0.2@0.4,5,False,8.0,64.6,1.19,546457,-796475,7.22,73.8,2.03,3358152,-1014073,7.67,68.3,1.63,3904609,-1014073,0.6860943532439813,3.3115485768776014,False,0.9665993387923775
GOLD,15,5.0,1h+4h,0.2@0.4,5,True,8.0,64.6,1.19,546457,-796475,7.22,73.8,2.03,3358152,-1014073,7.67,68.3,1.63,3904609,-1014073,0.6860943532439813,3.3115485768776014,False,0.9665993387923775
GOLD,15,5.0,1h+4h,0.25@0.5,5,False,7.83,58.5,1.02,79449,-1039861,6.67,60.0,1.46,1950560,-1408671,7.33,59.1,1.26,2030009,-1408671,0.07640348084984436,1.3846810220413426,False,0.7741571068358097
GOLD,15,5.0,1h+4h,0.25@0.5,5,True,7.83,58.5,1.02,79449,-1039861,6.67,60.0,1.46,1950560,-1408671,7.33,59.1,1.26,2030009,-1408671,0.07640348084984436,1.3846810220413426,False,0.7741571068358097
GOLD,15,5.0,1h+4h,0.25@0.5,10,False,7.67,57.6,1.0,15165,-1168200,6.44,62.1,1.58,2291924,-1137224,7.14,59.3,1.31,2307090,-1204113,0.01298151001540832,2.015367245151351,False,0.8614881818821875
GOLD,15,5.0,1h+4h,0.25@0.5,10,True,7.67,57.6,1.0,15165,-1168200,6.44,62.1,1.58,2291924,-1137224,7.14,59.3,1.31,2307090,-1204113,0.01298151001540832,2.015367245151351,False,0.8614881818821875
GOLD,15,6.0,D,0.1@0.3,0,False,5.75,60.9,1.34,820939,-382441,6.0,79.6,2.68,3280726,-716897,5.86,69.1,1.94,4101664,-716897,2.146576857606794,4.576286412134519,False,0.9757022858891677
GOLD,15,6.0,D,0.1@0.3,0,True,5.75,43.5,1.01,14181,-436420,6.0,59.3,2.09,1571276,-734607,5.86,50.4,1.56,1585457,-734607,0.03249392786765043,2.1389341511856,False,0.337029948536619
GOLD,15,6.0,D,0.1@0.3,5,False,8.5,61.8,1.56,1891169,-620460,9.11,74.4,2.08,3516144,-664997,8.76,67.4,1.82,5407314,-664997,3.0480111530155045,5.287458439662134,False,2.3730559618584266
GOLD,15,6.0,D,0.1@0.3,5,True,22.08,34.7,1.17,587393,-1086298,19.22,46.2,1.3,1429416,-1255183,20.86,39.3,1.24,2016809,-1255183,0.5407291553514781,1.1388108347547727,False,1.0070984636768843
GOLD,15,6.0,D,0.1@0.3,10,False,8.5,59.8,1.51,1754300,-705201,8.44,75.0,1.66,2650885,-1423479,8.48,66.3,1.59,4405184,-1423479,2.487659546710796,1.862257890702989,False,2.5540425730744323
GOLD,15,6.0,D,0.1@0.3,10,True,20.25,36.2,1.27,863868,-965483,17.89,47.2,1.18,928237,-1526204,19.24,40.6,1.22,1792105,-1526204,0.8947521603176856,0.608199821255874,False,1.2820619093394119
GOLD,15,6.0,D,0.15@0.3,0,False,5.75,71.0,1.3,674383,-561477,6.0,79.6,2.41,2755998,-686144,5.86,74.8,1.82,3430382,-686144,1.2010874888909073,4.01664665143177,False,0.6741209292700908
GOLD,15,6.0,D,0.15@0.3,0,True,5.75,46.4,0.7,-424733,-531518,6.0,59.3,1.6,862853,-633921,5.86,52.0,1.15,438120,-739132,-0.7990942921970657,1.361136482306155,False,-0.15264136745618484
GOLD,15,6.0,D,0.15@0.3,5,False,9.0,72.2,1.63,2067089,-539026,9.22,77.1,2.5,4539938,-635685,9.1,74.3,2.05,6607026,-635685,3.834859542953401,7.141804510095409,False,2.349863401034383
GOLD,15,6.0,D,0.15@0.3,5,True,22.83,39.4,1.21,701361,-993110,20.22,50.0,1.3,1444826,-1307544,21.71,43.6,1.26,2146187,-1307544,0.7062269033641791,1.1049922602986975,False,1.0023385640048765
GOLD,15,6.0,D,0.15@0.3,10,False,8.83,71.7,1.66,2152645,-539026,8.78,77.2,1.84,3343222,-1399250,8.81,74.1,1.76,5495868,-1399250,3.993582869843013,2.389295694121851,False,2.5257280210779562
GOLD,15,6.0,D,0.15@0.3,10,True,20.92,40.6,1.34,1046828,-872100,18.78,50.3,1.16,835285,-1490231,20.0,44.5,1.23,1882113,-1490231,1.2003531705079693,0.560507062327921,False,1.4618628940697722
GOLD,15,6.0,D,0.2@0.4,0,False,5.75,63.8,1.12,338141,-720815,6.0,68.5,1.86,2576465,-1406051,5.86,65.9,1.5,2914606,-1406051,0.46910927214333775,1.8324121955746981,False,1.0149989493183154
GOLD,15,6.0,D,0.2@0.4,0,True,5.75,43.5,0.64,-584190,-721727,6.0,51.9,1.51,1071921,-1341732,5.86,47.2,1.13,487731,-1341732,-0.8094334838519274,0.7989084258257237,False,-0.1776844367882751
GOLD,15,6.0,D,0.2@0.4,5,False,8.67,66.3,1.4,1491076,-651395,9.11,65.9,1.66,3014429,-1281182,8.86,66.1,1.54,4505505,-1281182,2.2890504225546713,2.352849946377642,False,2.3241202257066313
GOLD,15,6.0,D,0.2@0.4,5,True,22.42,37.2,1.13,471755,-1140093,19.33,44.8,1.12,699971,-1737545,21.1,40.2,1.12,1171725,-1737545,0.4137864191780846,0.4028505736542075,False,0.8063511275906714
GOLD,15,6.0,D,0.2@0.4,10,False,8.5,64.7,1.37,1402607,-659534,8.67,65.4,1.35,1904358,-1671970,8.57,65.0,1.36,3306966,-1671970,2.1266636746551355,1.1389905321267726,False,2.64304598911544
GOLD,15,6.0,D,0.2@0.4,10,True,20.42,38.4,1.22,745754,-971972,18.11,44.8,0.99,-60488,-1739669,19.43,40.9,1.07,685266,-1739669,0.767258727617668,-0.03476983265207347,False,1.238989042532083
GOLD,15,6.0,D,0.25@0.5,0,False,5.75,63.8,1.51,1400710,-471930,6.0,61.1,1.53,1955660,-1863250,5.86,62.6,1.52,3356370,-1863250,2.968046108533045,1.049596135784248,False,1.3479271186402162
GOLD,15,6.0,D,0.25@0.5,0,True,5.75,43.5,1.04,75341,-463682,6.0,50.0,1.5,1082918,-1412816,5.86,46.3,1.3,1158258,-1412816,0.16248420253535828,0.7664961325466303,False,0.7304468823946196
GOLD,15,6.0,D,0.25@0.5,5,False,7.75,64.5,1.55,1936949,-590567,8.11,64.4,1.38,1971168,-1631327,7.9,64.5,1.45,3908117,-1631327,3.279812451423801,1.2083218140814196,False,2.8318162528885624
GOLD,15,6.0,D,0.25@0.5,5,True,21.42,35.4,1.29,1050329,-921587,18.89,43.5,0.93,-434993,-2544412,20.33,38.6,1.06,615336,-2544412,1.1396959809545926,-0.17096012752651693,False,1.662326682076134
GOLD,15,6.0,D,0.25@0.5,10,False,7.67,63.0,1.53,1891158,-590567,7.56,66.2,1.35,1869699,-1914299,7.62,64.4,1.42,3760857,-1914299,3.202275101724275,0.9767016542347877,False,2.9146632268776207
GOLD,15,6.0,D,0.25@0.5,10,True,19.58,36.6,1.39,1286704,-800188,17.67,44.0,0.93,-489510,-2684438,18.76,39.6,1.08,797194,-2684438,1.608002119501917,-0.1823510172334023,False,2.140098325815932
GOLD,15,6.0,D+1h,0.1@0.3,0,False,2.92,60.0,1.15,165339,-370205,2.89,76.9,2.45,1674668,-609978,2.9,67.2,1.81,1840007,-609978,0.44661471346956416,2.745456393509274,False,0.906161624413832
GOLD,15,6.0,D+1h,0.1@0.3,0,True,2.92,60.0,1.15,165339,-370205,2.89,76.9,2.45,1674668,-609978,2.9,67.2,1.81,1840007,-609978,0.44661471346956416,2.745456393509274,False,0.6877901837529474
GOLD,15,6.0,D+1h,0.1@0.3,5,False,6.42,64.9,2.04,1827335,-577611,6.22,67.9,1.71,2169427,-793915,6.33,66.2,1.83,3996762,-793915,3.1636083800343138,2.732568347996952,False,2.5207198801483575
GOLD,15,6.0,D+1h,0.1@0.3,5,True,6.42,64.9,2.04,1827335,-577611,6.22,67.9,1.71,2169427,-793915,6.33,66.2,1.83,3996762,-793915,3.1636083800343138,2.732568347996952,False,2.2406470943257615
GOLD,15,6.0,D+1h,0.1@0.3,10,False,6.25,66.7,2.17,1941881,-527614,5.67,70.6,1.46,1606001,-1470510,6.0,68.3,1.69,3547882,-1470510,3.680495589578745,1.092138781783191,False,3.031772703590655
GOLD,15,6.0,D+1h,0.1@0.3,10,True,6.25,66.7,2.17,1941881,-527614,5.67,70.6,1.46,1606001,-1470510,6.0,68.3,1.69,3547882,-1470510,3.680495589578745,1.092138781783191,False,2.870920221883247
GOLD,15,6.0,D+1h,0.15@0.3,0,False,2.92,65.7,0.75,-273575,-461311,2.89,76.9,1.83,962799,-550978,2.9,70.5,1.3,689224,-592563,-0.5930381022780727,1.7474363767700343,False,0.31918451999385167
GOLD,15,6.0,D+1h,0.15@0.3,0,True,2.92,65.7,0.75,-273575,-461311,2.89,76.9,1.83,962799,-550978,2.9,70.5,1.3,689224,-592563,-0.5930381022780727,1.7474363767700343,False,0.04281493297524091
GOLD,15,6.0,D+1h,0.15@0.3,5,False,7.67,79.3,2.04,1773327,-502909,7.11,75.0,1.75,2272495,-791010,7.43,77.6,1.85,4045822,-791010,3.526138923741671,2.872902997433661,False,2.708996728687347
GOLD,15,6.0,D+1h,0.15@0.3,5,True,7.67,79.3,2.04,1773327,-502909,7.11,75.0,1.75,2272495,-791010,7.43,77.6,1.85,4045822,-791010,3.526138923741671,2.872902997433661,False,2.3875755364337907
GOLD,15,6.0,D+1h,0.15@0.3,10,False,7.42,79.8,2.22,1956526,-502909,6.44,75.9,1.46,1600706,-1437983,7.0,78.2,1.7,3557232,-1437983,3.890417550690085,1.113160586738508,False,3.5504672515591578
GOLD,15,6.0,D+1h,0.15@0.3,10,True,7.42,79.8,2.22,1956526,-502909,6.44,75.9,1.46,1600706,-1437983,7.0,78.2,1.7,3557232,-1437983,3.890417550690085,1.113160586738508,False,3.244357970113338
GOLD,15,6.0,D+1h,0.2@0.4,0,False,2.92,60.0,0.68,-433031,-639959,2.89,61.5,1.65,1156884,-1195420,2.9,60.7,1.23,723853,-1195420,-0.6766542856651754,0.9677636311923843,False,0.28814588795889967
GOLD,15,6.0,D+1h,0.2@0.4,0,True,2.92,60.0,0.68,-433031,-639959,2.89,61.5,1.65,1156884,-1195420,2.9,60.7,1.23,723853,-1195420,-0.6766542856651754,0.9677636311923843,False,0.12852423748722958
GOLD,15,6.0,D+1h,0.2@0.4,5,False,6.83,73.2,1.86,1684534,-625953,6.22,60.7,1.31,1320592,-1159832,6.57,68.1,1.48,3005126,-1159832,2.6911509330572745,1.1386062809096489,False,2.6574657747402006
GOLD,15,6.0,D+1h,0.2@0.4,5,True,6.83,73.2,1.86,1684534,-625953,6.22,60.7,1.31,1320592,-1159832,6.57,68.1,1.48,3005126,-1159832,2.6911509330572745,1.1386062809096489,False,2.47508558864672
GOLD,15,6.0,D+1h,0.2@0.4,10,False,6.92,75.9,1.9,1656807,-550374,5.78,59.6,1.1,497886,-1702403,6.43,69.6,1.33,2154693,-1702403,3.0103293396853776,0.2924607158234566,False,3.2542849061977686
GOLD,15,6.0,D+1h,0.2@0.4,10,True,6.92,75.9,1.9,1656807,-550374,5.78,59.6,1.1,497886,-1702403,6.43,69.6,1.33,2154693,-1702403,3.0103293396853776,0.2924607158234566,False,3.127716906006773
GOLD,15,6.0,D+1h,0.25@0.5,0,False,2.92,60.0,1.16,226499,-456251,2.89,57.7,1.61,1152899,-1266504,2.9,59.0,1.42,1379398,-1266504,0.49643507630668204,0.9103003227782936,False,1.5060217123534332
GOLD,15,6.0,D+1h,0.25@0.5,0,True,2.92,60.0,1.16,226499,-456251,2.89,57.7,1.61,1152899,-1266504,2.9,59.0,1.42,1379398,-1266504,0.49643507630668204,0.9103003227782936,False,1.183193446402699
GOLD,15,6.0,D+1h,0.25@0.5,5,False,5.75,72.5,2.21,2300790,-398473,5.78,57.7,1.04,208667,-1932374,5.76,66.1,1.37,2509457,-1932374,5.774017311085068,0.10798478969392053,False,3.9256224824351924
GOLD,15,6.0,D+1h,0.25@0.5,5,True,5.75,72.5,2.21,2300790,-398473,5.78,57.7,1.04,208667,-1932374,5.76,66.1,1.37,2509457,-1932374,5.774017311085068,0.10798478969392053,False,3.84073432022608
GOLD,15,6.0,D+1h,0.25@0.5,10,False,5.58,73.1,2.31,2375237,-386539,5.33,58.3,1.02,91903,-2049138,5.48,67.0,1.36,2467140,-2049138,6.14488318125726,0.04484959041313957,False,4.557283219416341
GOLD,15,6.0,D+1h,0.25@0.5,10,True,5.58,73.1,2.31,2375237,-386539,5.33,58.3,1.02,91903,-2049138,5.48,67.0,1.36,2467140,-2049138,6.14488318125726,0.04484959041313957,False,4.543588107308465
GOLD,15,6.0,D+4h,0.1@0.3,0,False,3.17,55.3,1.07,104140,-791128,4.22,84.2,4.58,3637957,-381904,3.62,69.7,2.47,3742097,-791128,0.13163483026766845,9.525841572751267,False,0.2059920661722066
GOLD,15,6.0,D+4h,0.1@0.3,0,True,3.17,47.4,1.19,187761,-376466,4.22,68.4,4.08,1887045,-266958,3.62,57.9,2.29,2074806,-376466,0.49874623471973567,7.0686961994021535,False,0.2913195358534984
GOLD,15,6.0,D+4h,0.1@0.3,5,False,5.5,56.1,1.37,867329,-904445,6.56,74.6,2.76,3793581,-592819,5.95,64.8,2.03,4660910,-904445,0.9589626787698533,6.399223034349439,False,1.1304614783017304
GOLD,15,6.0,D+4h,0.1@0.3,5,True,9.42,38.9,1.35,747742,-790768,13.22,48.7,1.63,2038196,-1182968,11.05,44.0,1.52,2785938,-1182968,0.9455896040305121,1.722951085743655,False,1.1381279642740383
GOLD,15,6.0,D+4h,0.1@0.3,10,False,5.58,53.7,1.3,731715,-988782,6.22,73.2,1.8,2569227,-1594036,5.86,62.6,1.58,3300942,-1594036,0.7400165051548269,1.6117747654381709,False,1.3750614599586712
GOLD,15,6.0,D+4h,0.1@0.3,10,True,8.67,40.4,1.38,804885,-769412,12.22,50.0,1.39,1450129,-1423479,10.19,45.3,1.39,2255014,-1423479,1.0461040378886735,1.0187217373772286,False,1.3224421987460802
GOLD,15,6.0,D+4h,0.15@0.3,0,False,3.17,68.4,0.9,-131679,-750227,4.22,84.2,3.97,3012929,-326305,3.62,76.3,2.21,2881251,-750227,-0.1755188762867772,9.23347481650603,False,-0.30186332387219195
GOLD,15,6.0,D+4h,0.15@0.3,0,True,3.17,50.0,0.72,-274338,-413993,4.22,68.4,2.88,1149619,-266958,3.62,59.2,1.55,875281,-621606,-0.6626633783663008,4.306366544550079,False,-0.25094523077120046
GOLD,15,6.0,D+4h,0.15@0.3,5,False,6.08,71.2,1.47,1014117,-837116,7.0,77.8,2.93,4114213,-536699,6.48,74.3,2.2,5128330,-837116,1.2114414250832621,7.665773552773529,False,1.1741625779289853
GOLD,15,6.0,D+4h,0.15@0.3,5,True,9.83,46.6,1.37,769332,-683327,13.78,51.6,1.67,2154834,-1152707,11.52,49.2,1.55,2924166,-1152707,1.125862142136927,1.8693683650745592,False,1.1078747590567566
GOLD,15,6.0,D+4h,0.15@0.3,10,False,6.0,70.8,1.51,1104793,-833494,6.67,76.7,1.86,2770823,-1549791,6.29,73.5,1.72,3875616,-1549791,1.325496044362647,1.787868815859687,False,1.4005847757111196
GOLD,15,6.0,D+4h,0.15@0.3,10,True,9.0,48.1,1.44,898372,-658755,12.78,53.0,1.4,1464850,-1399250,10.62,50.7,1.42,2363222,-1399250,1.3637422106853079,1.0468822583526889,False,1.4279445150666263
GOLD,15,6.0,D+4h,0.2@0.4,0,False,3.17,65.8,0.74,-411638,-736812,4.22,71.1,2.54,2937361,-1096940,3.62,68.4,1.72,2525723,-1096940,-0.5586743972682312,2.6777772713183947,False,-0.20902034062076746
GOLD,15,6.0,D+4h,0.2@0.4,0,True,3.17,50.0,0.63,-381950,-532909,4.22,60.5,2.38,1518342,-651491,3.62,55.3,1.53,1136393,-651491,-0.7167264955179965,2.330564812100244,False,-0.2685667982070151
GOLD,15,6.0,D+4h,0.2@0.4,5,False,6.08,69.9,1.2,492320,-817680,6.89,66.1,1.89,2958247,-1155566,6.43,68.1,1.6,3450567,-1155566,0.6020937285979845,2.559998303861484,False,0.8130597695263978
GOLD,15,6.0,D+4h,0.2@0.4,5,True,9.92,46.2,1.25,538615,-824130,13.44,47.1,1.41,1608800,-1391636,11.43,46.7,1.35,2147414,-1391636,0.6535558710397631,1.1560494267179062,False,0.9446154860053015
GOLD,15,6.0,D+4h,0.2@0.4,10,False,5.92,69.0,1.19,450715,-832182,6.56,64.4,1.4,1701501,-1789589,6.19,66.9,1.32,2152217,-1789589,0.5416062832409256,0.950777524895381,False,1.037334722244259
GOLD,15,6.0,D+4h,0.2@0.4,10,True,9.0,48.1,1.28,590110,-774525,12.44,48.2,1.24,1017068,-1671970,10.48,48.2,1.25,1607177,-1671970,0.7618992285594397,0.6083051729397059,False,1.2271129652195463
GOLD,15,6.0,D+4h,0.25@0.5,0,False,3.17,65.8,1.16,258816,-546345,4.22,60.5,1.99,2603675,-1653426,3.62,63.2,1.68,2862491,-1653426,0.4737226477775032,1.574715167174098,False,0.3415171490994356
GOLD,15,6.0,D+4h,0.25@0.5,0,True,3.17,50.0,1.25,267149,-383472,4.22,57.9,2.57,1872021,-740256,3.62,53.9,1.94,2139170,-740256,0.6966584261693162,2.528883251199585,False,0.6383863970073687
GOLD,15,6.0,D+4h,0.25@0.5,5,False,5.33,65.6,1.27,669299,-812411,5.78,61.5,1.43,1833302,-2233102,5.52,63.8,1.37,2502601,-2233102,0.8238428578638153,0.8209665299659398,False,1.6129313864910158
GOLD,15,6.0,D+4h,0.25@0.5,5,True,8.92,43.0,1.56,1173090,-533231,12.89,44.8,1.16,758542,-1862506,10.62,43.9,1.29,1931632,-1862506,2.199965868451009,0.4072695604738991,False,1.9412715292593299
GOLD,15,6.0,D+4h,0.25@0.5,10,False,5.25,65.1,1.25,636633,-821875,5.44,63.3,1.38,1660468,-2509885,5.33,64.3,1.33,2297101,-2509885,0.7746104942965779,0.6615713468943796,False,1.7845867710453387
GOLD,15,6.0,D+4h,0.25@0.5,10,True,8.08,44.3,1.57,1178788,-521744,11.89,46.7,1.17,775457,-2069023,9.71,45.6,1.29,1954245,-2069023,2.2593225796559233,0.3747938036454887,False,2.1752234121562717
GOLD,15,6.0,D+1h+4h,0.1@0.3,0,False,2.17,61.5,1.28,233897,-338787,2.11,89.5,5.73,1983345,-266958,2.14,73.3,2.75,2217242,-338787,0.6903954402028413,7.429427100892275,False,0.49514089961992924
GOLD,15,6.0,D+1h+4h,0.1@0.3,0,True,2.17,61.5,1.28,233897,-338787,2.11,89.5,5.73,1983345,-266958,2.14,73.3,2.75,2217242,-338787,0.6903954402028413,7.429427100892275,False,0.5410298251764376
GOLD,15,6.0,D+1h+4h,0.1@0.3,5,False,4.75,59.6,1.71,1159312,-590987,4.67,73.8,2.28,2589426,-778114,4.71,65.7,2.03,3748738,-778114,1.9616539788523266,3.327823429471774,False,1.7303786249154696
GOLD,15,6.0,D+1h+4h,0.1@0.3,5,True,4.75,59.6,1.71,1159312,-590987,4.67,73.8,2.28,2589426,-778114,4.71,65.7,2.03,3748738,-778114,1.9616539788523266,3.327823429471774,False,1.7288927277222093
GOLD,15,6.0,D+1h+4h,0.1@0.3,10,False,4.75,59.6,1.73,1178091,-590582,4.33,74.4,1.72,1877773,-1423479,4.57,65.6,1.73,3055864,-1423479,1.99479665821173,1.3191434506585626,False,1.861132557031629
GOLD,15,6.0,D+1h+4h,0.1@0.3,10,True,4.75,59.6,1.73,1178091,-590582,4.33,74.4,1.72,1877773,-1423479,4.57,65.6,1.73,3055864,-1423479,1.99479665821173,1.3191434506585626,False,1.8993934986233598
GOLD,15,6.0,D+1h+4h,0.15@0.3,0,False,2.17,65.4,0.73,-228202,-390463,2.11,89.5,3.97,1245920,-266958,2.14,75.6,1.8,1017718,-521716,-0.5844394987489212,4.667101191947797,False,0.012812867113601363
GOLD,15,6.0,D+1h+4h,0.15@0.3,0,True,2.17,65.4,0.73,-228202,-390463,2.11,89.5,3.97,1245920,-266958,2.14,75.6,1.8,1017718,-521716,-0.5844394987489212,4.667101191947797,False,-0.04131429978412347
GOLD,15,6.0,D+1h+4h,0.15@0.3,5,False,5.17,72.6,1.76,1180902,-451812,5.11,78.3,2.4,2797114,-760085,5.14,75.0,2.12,3978016,-760085,2.613702159305198,3.6800015787707956,False,1.7044866524934315
GOLD,15,6.0,D+1h+4h,0.15@0.3,5,True,5.17,72.6,1.76,1180902,-451812,5.11,78.3,2.4,2797114,-760085,5.14,75.0,2.12,3978016,-760085,2.613702159305198,3.6800015787707956,False,1.6959287241987977
GOLD,15,6.0,D+1h+4h,0.15@0.3,10,False,5.08,72.1,1.82,1271578,-448191,4.78,79.1,1.77,1983544,-1399250,4.95,75.0,1.79,3255121,-1399250,2.837134168245235,1.4175765588708236,False,2.02713901017985
GOLD,15,6.0,D+1h+4h,0.15@0.3,10,True,5.08,72.1,1.82,1271578,-448191,4.78,79.1,1.77,1983544,-1399250,4.95,75.0,1.79,3255121,-1399250,2.837134168245235,1.4175765588708236,False,2.0313885842157013
GOLD,15,6.0,D+1h+4h,0.2@0.4,0,False,2.17,65.4,0.62,-335814,-490774,2.11,73.7,2.79,1614643,-538369,2.14,68.9,1.71,1278829,-538369,-0.6842538520785535,2.999138137597076,False,-0.05652184066273071
GOLD,15,6.0,D+1h+4h,0.2@0.4,0,True,2.17,65.4,0.62,-335814,-490774,2.11,73.7,2.79,1614643,-538369,2.14,68.9,1.71,1278829,-538369,-0.6842538520785535,2.999138137597076,False,-0.07408318491270463
GOLD,15,6.0,D+1h+4h,0.2@0.4,5,False,5.25,71.4,1.58,950185,-526151,4.78,65.1,1.72,2066167,-976380,5.05,68.9,1.67,3016352,-976380,1.8059169325915945,2.1161504742006185,False,1.5749604499575773
GOLD,15,6.0,D+1h+4h,0.2@0.4,5,True,5.25,71.4,1.58,950185,-526151,4.78,65.1,1.72,2066167,-976380,5.05,68.9,1.67,3016352,-976380,1.8059169325915945,2.1161504742006185,False,1.5801066642017552
GOLD,15,6.0,D+1h+4h,0.2@0.4,10,False,5.08,72.1,1.6,963315,-485918,4.44,65.0,1.41,1350849,-1671970,4.81,69.3,1.47,2314164,-1671970,1.982464119460485,0.8079385395670975,False,1.7900710566472258
GOLD,15,6.0,D+1h+4h,0.2@0.4,10,True,5.08,72.1,1.6,963315,-485918,4.44,65.0,1.41,1350849,-1671970,4.81,69.3,1.47,2314164,-1671970,1.982464119460485,0.8079385395670975,False,1.8145480505715048
GOLD,15,6.0,D+1h+4h,0.25@0.5,0,False,2.17,65.4,1.33,313285,-383472,2.11,68.4,2.97,1968322,-627134,2.14,66.7,2.17,2281606,-627134,0.8169696874869612,3.1385987683652936,False,0.9560518273874898
GOLD,15,6.0,D+1h+4h,0.25@0.5,0,True,2.17,65.4,1.33,313285,-383472,2.11,68.4,2.97,1968322,-627134,2.14,66.7,2.17,2281606,-627134,0.8169696874869612,3.1385987683652936,False,0.9839187996864664
GOLD,15,6.0,D+1h+4h,0.25@0.5,5,False,4.25,70.6,2.01,1584660,-442636,4.22,60.5,1.35,1253931,-1501992,4.24,66.3,1.55,2838591,-1501992,3.5800522325341815,0.8348453254078584,False,2.3732679698885426
GOLD,15,6.0,D+1h+4h,0.25@0.5,5,True,4.25,70.6,2.01,1584660,-442636,4.22,60.5,1.35,1253931,-1501992,4.24,66.3,1.55,2838591,-1501992,3.5800522325341815,0.8348453254078584,False,2.5261705266204526
GOLD,15,6.0,D+1h+4h,0.25@0.5,10,False,4.17,70.0,1.98,1551994,-452101,3.89,62.9,1.31,1147258,-1738868,4.05,67.1,1.52,2699252,-1738868,3.4328479698120553,0.6597729097320786,False,2.5136999620695413
GOLD,15,6.0,D+1h+4h,0.25@0.5,10,True,4.17,70.0,1.98,1551994,-452101,3.89,62.9,1.31,1147258,-1738868,4.05,67.1,1.52,2699252,-1738868,3.4328479698120553,0.6597729097320786,False,2.699288972739459
GOLD,15,6.0,1h,0.1@0.3,0,False,4.83,58.6,1.04,79399,-594833,4.78,72.1,1.96,1978254,-1109680,4.81,64.4,1.49,2057653,-1109680,0.1334811619395696,1.7827247494773268,False,0.2571856419624441
GOLD,15,6.0,1h,0.1@0.3,0,True,4.83,58.6,1.04,79399,-594833,4.78,72.1,1.96,1978254,-1109680,4.81,64.4,1.49,2057653,-1109680,0.1334811619395696,1.7827247494773268,False,0.2571856419624441
GOLD,15,6.0,1h,0.1@0.3,5,False,11.58,65.5,1.43,1462026,-836232,11.11,62.0,1.3,1921827,-2395651,11.38,64.0,1.34,3383853,-2395651,1.7483497402634676,0.8022149303049567,False,1.3299757686911409
GOLD,15,6.0,1h,0.1@0.3,5,True,11.58,65.5,1.43,1462026,-836232,11.11,62.0,1.3,1921827,-2395651,11.38,64.0,1.34,3383853,-2395651,1.7483497402634676,0.8022149303049567,False,1.3299757686911409
GOLD,15,6.0,1h,0.1@0.3,10,False,11.25,63.7,1.32,1171715,-923593,10.11,65.9,1.46,2404119,-1909564,10.76,64.6,1.4,3575833,-1909564,1.2686486363582228,1.2589884392458173,False,1.3238429716101068
GOLD,15,6.0,1h,0.1@0.3,10,True,11.25,63.7,1.32,1171715,-923593,10.11,65.9,1.46,2404119,-1909564,10.76,64.6,1.4,3575833,-1909564,1.2686486363582228,1.2589884392458173,False,1.3238429716101068
GOLD,15,6.0,1h,0.15@0.3,0,False,4.83,63.8,0.77,-491315,-785034,4.78,76.7,1.72,1291357,-1011754,4.81,69.3,1.2,800042,-1011754,-0.6258518739315749,1.2763547265441995,False,-0.24178850696731816
GOLD,15,6.0,1h,0.15@0.3,0,True,4.83,63.8,0.77,-491315,-785034,4.78,76.7,1.72,1291357,-1011754,4.81,69.3,1.2,800042,-1011754,-0.6258518739315749,1.2763547265441995,False,-0.24178850696731816
GOLD,15,6.0,1h,0.2@0.4,0,False,4.83,60.3,0.74,-637213,-789282,4.78,60.5,1.83,2403238,-757914,4.81,60.4,1.33,1766026,-813420,-0.8073324869945089,3.170858435125885,False,-0.26017019719716433
GOLD,15,6.0,1h,0.2@0.4,0,True,4.83,60.3,0.74,-637213,-789282,4.78,60.5,1.83,2403238,-757914,4.81,60.4,1.33,1766026,-813420,-0.8073324869945089,3.170858435125885,False,-0.26017019719716433
GOLD,15,6.0,1h,0.2@0.4,5,False,12.0,72.2,1.25,1048553,-987809,10.11,57.1,1.37,2724796,-1903228,11.19,66.4,1.33,3773348,-1903228,1.0614936693227133,1.4316708245149818,False,1.0782098332366155
GOLD,15,6.0,1h,0.2@0.4,5,True,12.0,72.2,1.25,1048553,-987809,10.11,57.1,1.37,2724796,-1903228,11.19,66.4,1.33,3773348,-1903228,1.0614936693227133,1.4316708245149818,False,1.0782098332366155
GOLD,15,6.0,1h,0.15@0.3,5,False,13.67,76.8,1.37,1306792,-806151,12.33,69.4,1.3,1963366,-2539952,13.1,73.8,1.32,3270158,-2539952,1.6210263337761783,0.7729933479057872,False,1.3179580909919468
GOLD,15,6.0,1h,0.15@0.3,5,True,13.67,76.8,1.37,1306792,-806151,12.33,69.4,1.3,1963366,-2539952,13.1,73.8,1.32,3270158,-2539952,1.6210263337761783,0.7729933479057872,False,1.3179580909919468
GOLD,15,6.0,1h,0.15@0.3,10,False,13.0,75.6,1.32,1180980,-801786,11.22,71.3,1.43,2342266,-2057077,12.24,73.9,1.39,3523246,-2057077,1.4729366688867105,1.1386379800075543,False,1.4203931944578383
GOLD,15,6.0,1h,0.15@0.3,10,True,13.0,75.6,1.32,1180980,-801786,11.22,71.3,1.43,2342266,-2057077,12.24,73.9,1.39,3523246,-2057077,1.4729366688867105,1.1386379800075543,False,1.4203931944578383
GOLD,15,6.0,1h,0.2@0.4,10,False,11.67,71.4,1.14,629508,-893925,9.44,57.6,1.54,3434959,-1385735,10.71,66.2,1.38,4064466,-1385735,0.7042067287524121,2.478799337535676,False,1.1541517824466694
GOLD,15,6.0,1h,0.2@0.4,10,True,11.67,71.4,1.14,629508,-893925,9.44,57.6,1.54,3434959,-1385735,10.71,66.2,1.38,4064466,-1385735,0.7042067287524121,2.478799337535676,False,1.1541517824466694
GOLD,15,6.0,1h,0.25@0.5,0,False,4.83,58.6,1.08,197860,-746651,4.78,55.8,1.86,2654244,-937899,4.81,57.4,1.5,2852104,-937899,0.2649966316257529,2.829989156614945,False,0.4194707000013085
GOLD,15,6.0,1h,0.25@0.5,0,True,4.83,58.6,1.08,197860,-746651,4.78,55.8,1.86,2654244,-937899,4.81,57.4,1.5,2852104,-937899,0.2649966316257529,2.829989156614945,False,0.4194707000013085
GOLD,15,6.0,1h,0.25@0.5,5,False,10.25,67.5,1.38,1658576,-797233,9.0,53.1,1.39,2824421,-2041904,9.71,61.8,1.39,4482997,-2041904,2.080415637586502,1.3832290842272703,False,1.689404469604654
GOLD,15,6.0,1h,0.25@0.5,5,True,10.25,67.5,1.38,1658576,-797233,9.0,53.1,1.39,2824421,-2041904,9.71,61.8,1.39,4482997,-2041904,2.080415637586502,1.3832290842272703,False,1.689404469604654
GOLD,15,6.0,1h,0.25@0.5,10,False,9.83,66.9,1.31,1350912,-838317,8.44,53.9,1.5,3305547,-1999959,9.24,61.9,1.42,4656458,-1999959,1.6114572411152344,1.6528073825513423,False,1.707462343996236
GOLD,15,6.0,1h,0.25@0.5,10,True,9.83,66.9,1.31,1350912,-838317,8.44,53.9,1.5,3305547,-1999959,9.24,61.9,1.42,4656458,-1999959,1.6114572411152344,1.6528073825513423,False,1.707462343996236
GOLD,15,6.0,1h+4h,0.1@0.3,0,False,3.25,64.1,1.08,118574,-431844,2.67,87.5,4.9,2197609,-270133,3.0,73.0,2.18,2316183,-431844,0.2745760042978483,8.135285211358848,False,0.1777507556310449
GOLD,15,6.0,1h+4h,0.1@0.3,0,True,3.25,64.1,1.08,118574,-431844,2.67,87.5,4.9,2197609,-270133,3.0,73.0,2.18,2316183,-431844,0.2745760042978483,8.135285211358848,False,0.1777507556310449
GOLD,15,6.0,1h+4h,0.1@0.3,5,False,6.75,61.7,1.31,783412,-732056,6.56,69.5,1.77,2306941,-1085562,6.67,65.0,1.56,3090354,-1085562,1.0701531030412974,2.1251121538889532,False,1.001930332449282
GOLD,15,6.0,1h+4h,0.1@0.3,5,True,6.75,61.7,1.31,783412,-732056,6.56,69.5,1.77,2306941,-1085562,6.67,65.0,1.56,3090354,-1085562,1.0701531030412974,2.1251121538889532,False,1.001930332449282
GOLD,15,6.0,1h+4h,0.1@0.3,10,False,6.58,59.5,1.25,654551,-822082,5.89,73.6,2.41,3061334,-487765,6.29,65.2,1.77,3715884,-912952,0.7962113268506061,6.276247783256281,False,0.9110071114388195
GOLD,15,6.0,1h+4h,0.1@0.3,10,True,6.58,59.5,1.25,654551,-822082,5.89,73.6,2.41,3061334,-487765,6.29,65.2,1.77,3715884,-912952,0.7962113268506061,6.276247783256281,False,0.9110071114388195
GOLD,15,6.0,1h+4h,0.15@0.3,0,False,3.25,64.1,0.65,-485408,-755326,2.67,87.5,3.1,1180947,-266958,3.0,73.0,1.35,695538,-886579,-0.6426470159904465,4.423718337716045,False,-0.21949129920497043
GOLD,15,6.0,1h+4h,0.15@0.3,0,True,3.25,64.1,0.65,-485408,-755326,2.67,87.5,3.1,1180947,-266958,3.0,73.0,1.35,695538,-886579,-0.6426470159904465,4.423718337716045,False,-0.21949129920497043
GOLD,15,6.0,1h+4h,0.15@0.3,5,False,7.42,69.7,1.34,833064,-618878,7.11,75.0,1.83,2476938,-1032964,7.29,71.9,1.61,3310002,-1032964,1.346087597232411,2.397893827858473,False,0.8237559624103237
GOLD,15,6.0,1h+4h,0.15@0.3,5,True,7.42,69.7,1.34,833064,-618878,7.11,75.0,1.83,2476938,-1032964,7.29,71.9,1.61,3310002,-1032964,1.346087597232411,2.397893827858473,False,0.8237559624103237
GOLD,15,6.0,1h+4h,0.15@0.3,10,False,7.08,67.1,1.28,726174,-843544,6.44,77.6,2.46,3131876,-479467,6.81,71.3,1.81,3858050,-907664,0.860860844247603,6.531994902673176,False,0.8923960004068748
GOLD,15,6.0,1h+4h,0.15@0.3,10,True,7.08,67.1,1.28,726174,-843544,6.44,77.6,2.46,3131876,-479467,6.81,71.3,1.81,3858050,-907664,0.860860844247603,6.531994902673176,False,0.8923960004068748
GOLD,15,6.0,1h+4h,0.2@0.4,0,False,3.25,64.1,0.62,-590889,-824794,2.67,70.8,2.76,2091416,-682555,3.0,66.7,1.55,1500527,-824794,-0.7164079758097174,3.0640988638278235,False,-0.32987939418779655
GOLD,15,6.0,1h+4h,0.2@0.4,0,True,3.25,64.1,0.62,-590889,-824794,2.67,70.8,2.76,2091416,-682555,3.0,66.7,1.55,1500527,-824794,-0.7164079758097174,3.0640988638278235,False,-0.32987939418779655
GOLD,15,6.0,1h+4h,0.2@0.4,5,False,7.33,69.3,1.19,514973,-814138,6.11,61.8,1.53,2032489,-1419782,6.81,66.4,1.39,2547462,-1419782,0.6325377270192523,1.4315500548675784,False,0.6103904596167063
GOLD,15,6.0,1h+4h,0.2@0.4,5,True,7.33,69.3,1.19,514973,-814138,6.11,61.8,1.53,2032489,-1419782,6.81,66.4,1.39,2547462,-1419782,0.6325377270192523,1.4315500548675784,False,0.6103904596167063
GOLD,15,6.0,1h+4h,0.2@0.4,10,False,7.0,69.0,1.14,397368,-907860,5.56,64.0,1.99,2896817,-871728,6.38,67.2,1.58,3294185,-965883,0.4376974423369242,3.323074399353927,False,0.6900223092358786
GOLD,15,6.0,1h+4h,0.2@0.4,10,True,7.0,69.0,1.14,397368,-907860,5.56,64.0,1.99,2896817,-871728,6.38,67.2,1.58,3294185,-965883,0.4376974423369242,3.323074399353927,False,0.6900223092358786
GOLD,15,6.0,1h+4h,0.25@0.5,0,False,3.25,61.5,1.1,171267,-729743,2.67,66.7,2.9,2453568,-771321,3.0,63.5,1.89,2624835,-771321,0.23469495425101713,3.180994683147483,False,0.20949773740026087
GOLD,15,6.0,1h+4h,0.25@0.5,0,True,3.25,61.5,1.1,171267,-729743,2.67,66.7,2.9,2453568,-771321,3.0,63.5,1.89,2624835,-771321,0.23469495425101713,3.180994683147483,False,0.20949773740026087
GOLD,15,6.0,1h+4h,0.25@0.5,5,False,6.08,63.0,1.3,871921,-751808,5.11,56.5,1.38,1606277,-1858142,5.67,60.5,1.35,2478198,-1858142,1.159765525240487,0.864453308735285,False,1.004054810253099
GOLD,15,6.0,1h+4h,0.25@0.5,5,True,6.08,63.0,1.3,871921,-751808,5.11,56.5,1.38,1606277,-1858142,5.67,60.5,1.35,2478198,-1858142,1.159765525240487,0.864453308735285,False,1.004054810253099
GOLD,15,6.0,1h+4h,0.25@0.5,10,False,5.83,64.3,1.42,1122124,-727018,4.67,59.5,1.6,2163569,-1345605,5.33,62.5,1.52,3285693,-1345605,1.5434610972493115,1.6078782406426848,False,1.0392087476219418
GOLD,15,6.0,1h+4h,0.25@0.5,10,True,5.83,64.3,1.42,1122124,-727018,4.67,59.5,1.6,2163569,-1345605,5.33,62.5,1.52,3285693,-1345605,1.5434610972493115,1.6078782406426848,False,1.0392087476219418
SILVER,3,4.0,D,0.1@0.3,0,False,56.08,29.3,1.02,78889,-824990,57.89,58.5,0.85,-1446790,-2389426,56.86,42.0,0.9,-1367901,-2389426,0.09562418938411375,-0.6054968850259435,False,0.23592658718079815
SILVER,3,4.0,D,0.1@0.3,0,True,56.08,26.3,0.84,-432284,-836375,57.89,48.9,0.68,-2539624,-3276106,56.86,36.2,0.72,-2971908,-3276106,-0.5168542818711702,-0.7751959185691794,False,0.1487651874928054
SILVER,3,4.0,D,0.1@0.3,5,False,72.83,30.1,1.19,815606,-980883,82.33,59.0,1.0,-13266,-2399404,76.9,43.3,1.05,802340,-2399404,0.8315018202986493,-0.005528873003462526,False,0.8000423256928594
SILVER,3,4.0,D,0.1@0.3,5,True,114.83,27.6,0.9,-505109,-1475277,122.22,47.8,0.83,-2213971,-3950377,118.0,36.6,0.85,-2719080,-3950377,-0.3423824813916302,-0.5604454967209459,False,0.25735662799778775
SILVER,3,4.0,D,0.1@0.3,10,False,68.83,30.4,1.23,925945,-987036,72.89,60.1,0.97,-407719,-2132004,70.57,43.5,1.03,518226,-2132004,0.938106614145786,-0.19123744608359083,False,0.929532969696709
SILVER,3,4.0,D,0.1@0.3,10,True,95.58,28.2,0.98,-106335,-1286646,97.33,49.4,0.82,-1976413,-3563876,96.33,37.4,0.86,-2082748,-3563876,-0.08264510984373324,-0.5545683968802506,False,0.5199226769576936
SILVER,3,4.0,D,0.15@0.3,0,False,56.08,40.0,1.08,251935,-772679,57.89,67.8,0.74,-2466753,-3573419,56.86,52.1,0.83,-2214818,-3573419,0.32605389819058106,-0.6903061185939852,False,0.21707159613630694
SILVER,3,4.0,D,0.15@0.3,0,True,56.08,32.7,0.89,-287178,-805925,57.89,54.9,0.53,-3748049,-4281688,56.86,42.4,0.62,-4035227,-4281688,-0.3563334057139312,-0.8753671449204146,False,0.07332358639304648
SILVER,3,4.0,D,0.2@0.4,0,False,56.08,48.1,1.0,7257,-1019790,57.89,67.9,0.89,-1203251,-2993653,56.86,56.8,0.92,-1195994,-2993653,0.007116170976377489,-0.4019340250857397,False,0.15794601655065893
SILVER,3,4.0,D,0.2@0.4,0,True,56.08,36.6,0.95,-162098,-940339,57.89,53.7,0.7,-2759615,-3438582,56.86,44.1,0.76,-2921713,-3438582,-0.1723825131149511,-0.8025444790905089,False,0.12203147938545836
SILVER,3,4.0,D,0.2@0.4,5,False,73.08,49.5,1.14,688289,-1242898,77.33,67.7,1.1,1463717,-2270046,74.9,57.5,1.11,2152007,-2270046,0.5537775424853849,0.644796184746917,False,0.6987153203244475
SILVER,3,4.0,D,0.2@0.4,5,True,114.08,35.4,0.97,-176022,-1578568,119.22,50.2,0.92,-1202906,-3518143,116.29,41.9,0.93,-1378928,-3518143,-0.11150739150926663,-0.34191503870081463,False,0.21359926150631414
SILVER,3,4.0,D,0.15@0.3,5,False,76.25,41.5,1.2,882062,-1000788,85.56,67.5,1.01,130699,-2449333,80.24,53.4,1.06,1012761,-2449333,0.88136748242385,0.05336105788800461,False,0.799727979511586
SILVER,3,4.0,D,0.15@0.3,5,True,116.75,32.3,0.93,-346050,-1461901,124.11,51.7,0.84,-2170160,-3641990,119.9,40.9,0.86,-2516210,-3641990,-0.23671233551382753,-0.5958720369907661,False,0.2550623603860356
SILVER,3,4.0,D,0.15@0.3,10,False,71.42,41.9,1.24,986150,-982338,77.11,69.2,0.9,-1162893,-2475700,73.86,54.1,0.99,-176743,-2475700,1.0038805380632736,-0.4697229066526639,False,0.9451766357242856
SILVER,3,4.0,D,0.15@0.3,10,True,97.0,33.2,1.01,34440,-1272577,100.33,54.2,0.75,-2890736,-3580046,98.43,42.4,0.82,-2856297,-3580046,0.02706319539014142,-0.8074577812687324,False,0.49268608543489967
SILVER,3,4.0,D+1h,0.1@0.3,0,False,32.5,29.2,1.06,115721,-427687,35.67,58.6,0.79,-1348131,-2276837,33.86,42.5,0.85,-1232410,-2276837,0.27057404129655566,-0.5921069448537598,False,0.942874014528895
SILVER,3,4.0,D+1h,0.1@0.3,0,True,32.5,29.2,1.06,115721,-427687,35.67,58.6,0.79,-1348131,-2276837,33.86,42.5,0.85,-1232410,-2276837,0.27057404129655566,-0.5921069448537598,False,0.8113791991547541
SILVER,3,4.0,D+1h,0.1@0.3,5,False,43.0,30.4,1.38,988408,-465545,52.67,59.7,0.97,-244145,-2163175,47.14,44.4,1.06,744263,-2163175,2.1231202139427983,-0.11286419267974158,False,1.8078031809225656
SILVER,3,4.0,D+1h,0.1@0.3,5,True,43.0,30.4,1.38,988408,-465545,52.67,59.7,0.97,-244145,-2163175,47.14,44.4,1.06,744263,-2163175,2.1231202139427983,-0.11286419267974158,False,1.5207277906757786
SILVER,3,4.0,D,0.2@0.4,10,False,68.58,49.8,1.2,947941,-1217279,72.78,68.9,1.02,226205,-2592611,70.38,58.3,1.06,1174146,-2592611,0.7787376599777044,0.08724988052584827,False,0.7909092959777433
SILVER,3,4.0,D,0.2@0.4,10,True,95.5,36.6,1.05,218223,-1398059,98.0,52.8,0.87,-1603483,-3536241,96.57,43.6,0.92,-1385260,-3536241,0.15608997903521954,-0.45344279419869854,False,0.3907013381978388
SILVER,3,4.0,D,0.25@0.5,0,False,56.08,52.3,1.11,479411,-1024852,57.89,63.7,0.99,-153090,-2881463,56.86,57.3,1.02,326321,-2881463,0.4677855924562766,-0.05312926107328118,False,0.5328872029066761
SILVER,3,4.0,D,0.25@0.5,0,True,56.08,39.7,1.06,195812,-905520,57.89,51.4,0.85,-1505630,-2887279,56.86,44.8,0.9,-1309818,-2887279,0.21624260093647849,-0.5214702146900247,False,0.4592404264493118
SILVER,3,4.0,D,0.25@0.5,5,False,68.33,53.0,1.25,1292451,-1138168,73.78,63.6,1.07,1138400,-2298484,70.67,57.7,1.12,2430851,-2298484,1.1355538022506344,0.4952829778236438,False,0.9247806632033367
SILVER,3,4.0,D,0.25@0.5,5,True,111.42,35.5,0.97,-150322,-1656918,116.33,47.7,0.9,-1545406,-3573742,113.52,40.9,0.92,-1695729,-3573742,-0.09072386201369048,-0.4324335668327484,False,0.45541329390347896
SILVER,3,4.0,D,0.25@0.5,10,False,65.08,53.0,1.28,1378748,-1155067,70.33,63.8,1.0,-37922,-2484767,67.33,57.9,1.07,1340826,-2484767,1.1936519699723047,-0.015261793158070757,False,1.005520244532925
SILVER,3,4.0,D,0.25@0.5,10,True,93.08,37.0,1.05,257001,-1419510,95.22,49.5,0.88,-1655891,-3444345,94.0,42.4,0.92,-1398889,-3444345,0.1810490944058161,-0.4807564282904297,False,0.606849616312102
SILVER,3,4.0,D+1h,0.1@0.3,10,False,40.67,31.1,1.41,1044936,-493602,46.67,60.7,0.95,-420965,-2256692,43.24,44.8,1.06,623971,-2256692,2.1169606281984272,-0.18654074193554104,False,2.037864399532004
SILVER,3,4.0,D+1h,0.1@0.3,10,True,40.67,31.1,1.41,1044936,-493602,46.67,60.7,0.95,-420965,-2256692,43.24,44.8,1.06,623971,-2256692,2.1169606281984272,-0.18654074193554104,False,1.7861522564248689
SILVER,3,4.0,D+1h,0.15@0.3,0,False,32.5,39.7,1.13,257340,-399653,35.67,67.9,0.59,-2565154,-3121285,33.86,52.5,0.72,-2307814,-3121285,0.6439085907024343,-0.8218262670662884,False,0.8901773637439846
SILVER,3,4.0,D+1h,0.15@0.3,0,True,32.5,39.7,1.13,257340,-399653,35.67,67.9,0.59,-2565154,-3121285,33.86,52.5,0.72,-2307814,-3121285,0.6439085907024343,-0.8218262670662884,False,0.7401719693889272
SILVER,3,4.0,D+1h,0.2@0.4,0,False,32.5,46.7,1.18,389031,-600092,35.67,66.7,0.79,-1543490,-2249695,33.86,55.7,0.88,-1154459,-2249695,0.6482855962085814,-0.6860885586712866,False,0.8488895730941802
SILVER,3,4.0,D+1h,0.2@0.4,0,True,32.5,46.7,1.18,389031,-600092,35.67,66.7,0.79,-1543490,-2249695,33.86,55.7,0.88,-1154459,-2249695,0.6482855962085814,-0.6860885586712866,False,0.8067842386473427
SILVER,3,4.0,D+1h,0.2@0.4,5,False,42.42,49.3,1.44,1275624,-637745,49.67,67.1,1.08,778227,-2168660,45.52,57.6,1.16,2053851,-2168660,2.000210115328227,0.3588515488827202,False,1.6483162448198623
SILVER,3,4.0,D+1h,0.2@0.4,5,True,42.42,49.3,1.44,1275624,-637745,49.67,67.1,1.08,778227,-2168660,45.52,57.6,1.16,2053851,-2168660,2.000210115328227,0.3588515488827202,False,1.5109398869540691
SILVER,3,4.0,D+1h,0.2@0.4,10,False,40.75,48.9,1.47,1330683,-698059,47.33,68.5,1.0,-32718,-2334473,43.57,58.0,1.11,1297965,-2334473,1.9062615051163296,-0.014015154598061318,False,1.7542817951511234
SILVER,3,4.0,D+1h,0.2@0.4,10,True,40.75,48.9,1.47,1330683,-698059,47.33,68.5,1.0,-32718,-2334473,43.57,58.0,1.11,1297965,-2334473,1.9062615051163296,-0.014015154598061318,False,1.6321813209400715
SILVER,3,4.0,D+1h,0.25@0.5,0,False,32.5,51.8,1.29,743632,-543882,35.67,63.2,0.97,-282185,-2146892,33.86,57.0,1.04,461447,-2146892,1.367267164568785,-0.13143884275501516,False,1.1696677807471856
SILVER,3,4.0,D+1h,0.25@0.5,0,True,32.5,51.8,1.29,743632,-543882,35.67,63.2,0.97,-282185,-2146892,33.86,57.0,1.04,461447,-2146892,1.367267164568785,-0.13143884275501516,False,1.100223101146464
SILVER,3,4.0,D+1h,0.15@0.3,5,False,44.92,41.7,1.44,1145437,-454772,54.56,67.8,0.97,-244569,-1953516,49.05,54.2,1.08,900867,-1953516,2.5187060768912772,-0.12519426510967915,False,1.8646946221636842
SILVER,3,4.0,D+1h,0.15@0.3,5,True,44.92,41.7,1.44,1145437,-454772,54.56,67.8,0.97,-244569,-1953516,49.05,54.2,1.08,900867,-1953516,2.5187060768912772,-0.12519426510967915,False,1.5973398152232716
SILVER,3,4.0,D+1h,0.15@0.3,10,False,42.08,42.0,1.47,1183997,-486609,49.67,69.4,0.84,-1366815,-2163206,45.33,54.8,0.98,-182818,-2163206,2.4331588606047156,-0.6318468976140044,False,2.041590426848705
SILVER,3,4.0,D+1h,0.15@0.3,10,True,42.08,42.0,1.47,1183997,-486609,49.67,69.4,0.84,-1366815,-2163206,45.33,54.8,0.98,-182818,-2163206,2.4331588606047156,-0.6318468976140044,False,1.8091139000528018
SILVER,3,4.0,D+1h,0.25@0.5,5,False,39.75,51.6,1.41,1324486,-659039,46.89,62.8,1.04,445323,-1980468,42.81,56.8,1.13,1769809,-1980468,2.009723248548265,0.22485745793418524,False,1.9235928001115081
SILVER,3,4.0,D+1h,0.25@0.5,5,True,39.75,51.6,1.41,1324486,-659039,46.89,62.8,1.04,445323,-1980468,42.81,56.8,1.13,1769809,-1980468,2.009723248548265,0.22485745793418524,False,1.635432216846729
SILVER,3,4.0,D+1h,0.25@0.5,10,False,38.33,51.3,1.45,1384361,-674237,44.67,63.2,0.99,-79996,-2161475,41.05,56.8,1.1,1304365,-2161475,2.0532260911222613,-0.03700991221272511,False,1.9782018559183465
SILVER,3,4.0,D+1h,0.25@0.5,10,True,38.33,51.3,1.45,1384361,-674237,44.67,63.2,0.99,-79996,-2161475,41.05,56.8,1.1,1304365,-2161475,2.0532260911222613,-0.03700991221272511,False,1.715898305759875
SILVER,3,4.0,D+4h,0.1@0.3,0,False,29.83,32.1,0.92,-174253,-522273,41.44,59.2,0.91,-630726,-1633144,34.81,46.0,0.91,-804979,-1633144,-0.3336435159389821,-0.38620354359444115,False,0.08637694237499241
SILVER,3,4.0,D+4h,0.1@0.3,0,True,29.83,28.5,0.76,-434514,-562024,41.44,52.3,0.81,-1192705,-2047567,34.81,40.6,0.8,-1627220,-2047567,-0.7731235676768252,-0.5824986435120316,False,-0.019690615701071473
SILVER,3,4.0,D+4h,0.1@0.3,5,False,39.33,34.7,1.26,722755,-454719,58.78,59.0,1.08,832672,-2070731,47.67,47.6,1.12,1555427,-2070731,1.5894541464069019,0.4021150019002951,False,1.378871949672749
SILVER,3,4.0,D+4h,0.1@0.3,5,True,57.5,30.4,1.04,116049,-645937,83.56,49.7,0.99,-141830,-1996616,68.67,40.5,1.0,-25781,-1996616,0.17965993587609938,-0.0710351915440926,False,1.0659164586462406
SILVER,3,4.0,D+4h,0.1@0.3,10,False,37.17,35.0,1.29,779182,-504451,52.22,60.2,1.03,277442,-1915085,43.62,47.9,1.09,1056624,-1915085,1.5446138475292943,0.14487189863635297,False,1.574003557297447
SILVER,3,4.0,D+4h,0.1@0.3,10,True,47.83,32.1,1.13,340092,-616479,67.67,52.1,0.97,-218111,-2103213,56.33,42.3,1.01,121981,-2103213,0.5516684266617354,-0.10370371426954854,False,1.4969962736779039
SILVER,3,4.0,D+4h,0.15@0.3,0,False,29.83,45.3,1.0,4220,-477614,41.44,68.9,0.74,-1807705,-2914371,34.81,57.3,0.8,-1803484,-2914371,0.008835586896531508,-0.6202727792720968,False,0.08923669081103835
SILVER,3,4.0,D+4h,0.15@0.3,0,True,29.83,37.7,0.84,-294893,-447604,41.44,59.0,0.59,-2489196,-3022835,34.81,48.6,0.65,-2784089,-3022835,-0.6588256583944737,-0.8234640660174968,False,-0.08904099010147613
SILVER,3,4.0,D+4h,0.2@0.4,0,False,29.83,49.4,0.98,-51490,-580479,41.44,68.6,0.9,-831750,-2607069,34.81,59.2,0.92,-883240,-2607069,-0.08870260595129195,-0.3190364351691497,False,0.10617952694111506
SILVER,3,4.0,D+4h,0.2@0.4,0,True,29.83,40.5,0.93,-136008,-472001,41.44,57.1,0.75,-1784127,-2463094,34.81,49.0,0.79,-1920135,-2463094,-0.28815193188150023,-0.7243438537059487,False,0.0587776162497753
SILVER,3,4.0,D+4h,0.2@0.4,5,False,39.58,49.5,1.24,780485,-593908,55.44,67.9,1.17,1901663,-2020815,46.38,58.9,1.18,2682148,-2020815,1.3141513500407471,0.9410376506508513,False,1.4177855691201677
SILVER,3,4.0,D+4h,0.2@0.4,5,True,57.0,38.3,1.14,426502,-704179,81.67,52.4,1.04,465014,-2360442,67.57,45.6,1.06,891516,-2360442,0.605672705377468,0.19700293419622258,False,1.0131497751303051
SILVER,3,4.0,D+4h,0.15@0.3,5,False,41.5,46.2,1.29,813123,-441628,60.89,67.7,1.07,768100,-2035423,49.81,57.5,1.12,1581223,-2035423,1.8411943989058666,0.3773662771816964,False,1.442170576136235
SILVER,3,4.0,D+4h,0.15@0.3,5,True,59.08,36.5,1.06,178940,-626264,85.11,54.2,0.98,-226713,-1847208,70.24,45.7,1.0,-47773,-1847208,0.28572614743941854,-0.12273279457429807,False,1.0559578512366985
SILVER,3,4.0,D+4h,0.15@0.3,10,False,38.67,47.4,1.32,855238,-483069,55.67,69.7,0.92,-695622,-2265184,45.95,59.0,1.01,159616,-2265184,1.7704261710024862,-0.3070929337307698,False,1.6443575055486805
SILVER,3,4.0,D+4h,0.15@0.3,10,True,49.0,39.3,1.15,388100,-592560,70.67,57.5,0.85,-1277834,-2117873,58.29,48.8,0.92,-889734,-2117873,0.6549547725124882,-0.6033572362459884,False,1.4710031567464807
SILVER,3,4.0,D+4h,0.2@0.4,10,False,36.92,50.6,1.32,972878,-617242,53.22,69.7,1.06,604139,-2142431,43.9,60.5,1.12,1577017,-2142431,1.5761694764776215,0.28198761126962785,False,1.5504701729800852
SILVER,3,4.0,D+4h,0.2@0.4,10,True,47.5,41.2,1.25,699516,-635974,69.0,56.0,0.98,-177705,-2468934,56.71,49.0,1.04,521811,-2468934,1.0999128895206407,-0.07197640763179575,False,1.3189031805166438
SILVER,3,4.0,D+4h,0.25@0.5,0,False,29.83,51.1,1.01,30452,-644513,41.44,63.3,0.98,-172894,-2486371,34.81,57.3,0.99,-142442,-2486371,0.04724807723040497,-0.06953668619847964,False,0.4067312745860796
SILVER,3,4.0,D+4h,0.25@0.5,0,True,29.83,42.2,0.94,-126716,-493507,41.44,53.9,0.9,-750052,-2249543,34.81,48.2,0.91,-876768,-2249543,-0.2567663680555696,-0.3334241665973933,False,0.32720190855930226
SILVER,3,4.0,D+1h+4h,0.1@0.3,0,False,19.75,33.8,0.89,-164482,-397819,27.67,59.4,0.89,-578107,-1523411,23.14,46.9,0.89,-742589,-1523411,-0.413459387309304,-0.3794819651426962,False,0.4205101010655054
SILVER,3,4.0,D+1h+4h,0.1@0.3,0,True,19.75,33.8,0.89,-164482,-397819,27.67,59.4,0.89,-578107,-1523411,23.14,46.9,0.89,-742589,-1523411,-0.413459387309304,-0.3794819651426962,False,0.36557509459827503
SILVER,3,4.0,D+1h+4h,0.1@0.3,5,False,26.83,37.9,1.46,840917,-294447,40.0,60.3,1.09,643202,-1199315,32.48,49.7,1.17,1484119,-1199315,2.8559197410739454,0.5363078090409943,False,2.184950281767048
SILVER,3,4.0,D+1h+4h,0.1@0.3,5,True,26.83,37.9,1.46,840917,-294447,40.0,60.3,1.09,643202,-1199315,32.48,49.7,1.17,1484119,-1199315,2.8559197410739454,0.5363078090409943,False,2.0283064805969584
SILVER,3,4.0,D+1h+4h,0.1@0.3,10,False,25.58,38.1,1.47,842742,-361867,36.0,61.1,1.05,296310,-1582780,30.05,49.9,1.14,1139052,-1582780,2.3288722099555916,0.18720858236773272,False,2.474384317308365
SILVER,3,4.0,D+1h+4h,0.1@0.3,10,True,25.58,38.1,1.47,842742,-361867,36.0,61.1,1.05,296310,-1582780,30.05,49.9,1.14,1139052,-1582780,2.3288722099555916,0.18720858236773272,False,2.3502661396999205
SILVER,3,4.0,D+1h+4h,0.15@0.3,0,False,19.75,47.3,0.98,-26414,-288230,27.67,69.1,0.63,-1880470,-2436600,23.14,58.4,0.71,-1906884,-2436600,-0.09164209138535198,-0.7717598292702946,False,0.3468108656045783
SILVER,3,4.0,D+1h+4h,0.15@0.3,0,True,19.75,47.3,0.98,-26414,-288230,27.67,69.1,0.63,-1880470,-2436600,23.14,58.4,0.71,-1906884,-2436600,-0.09164209138535198,-0.7717598292702946,False,0.2726262827944666
SILVER,3,4.0,D+4h,0.25@0.5,5,False,36.75,51.9,1.32,1109665,-606937,53.22,63.0,1.12,1388874,-2159774,43.81,57.7,1.16,2498538,-2159774,1.8283034318224132,0.6430645058232944,False,1.591986335623497
SILVER,3,4.0,D+4h,0.25@0.5,5,True,55.42,38.2,1.11,367570,-797097,79.44,49.5,1.01,129067,-2222165,65.71,44.1,1.03,496637,-2222165,0.46113584670372615,0.05808164560237426,False,1.2321094902375285
SILVER,3,4.0,D+4h,0.25@0.5,10,False,35.17,53.1,1.37,1216530,-593493,51.22,63.8,1.02,199640,-2102354,42.05,58.7,1.1,1416170,-2102354,2.0497798626100057,0.09496022078108635,False,1.7696292067534654
SILVER,3,4.0,D+4h,0.25@0.5,10,True,46.25,41.4,1.21,648588,-672841,66.78,52.2,0.97,-348594,-2322919,55.05,47.1,1.02,299994,-2322919,0.9639543369087199,-0.15006722145714077,False,1.646766235291287
SILVER,3,4.0,D+1h+4h,0.15@0.3,5,False,28.42,49.9,1.49,898922,-271506,41.56,68.7,1.07,536859,-1187598,34.05,59.7,1.15,1435781,-1187598,3.3108734245283715,0.4520544830826593,False,2.209617775632183
SILVER,3,4.0,D+1h+4h,0.15@0.3,5,True,28.42,49.9,1.49,898922,-271506,41.56,68.7,1.07,536859,-1187598,34.05,59.7,1.15,1435781,-1187598,3.3108734245283715,0.4520544830826593,False,2.0540709504855386
SILVER,3,4.0,D+1h+4h,0.15@0.3,10,False,26.75,50.8,1.49,889054,-332902,39.0,70.1,0.89,-778755,-1511088,32.0,60.9,1.01,110299,-1511088,2.670617779406552,-0.515360455512849,False,2.477447596642068
SILVER,3,4.0,D+1h+4h,0.15@0.3,10,True,26.75,50.8,1.49,889054,-332902,39.0,70.1,0.89,-778755,-1511088,32.0,60.9,1.01,110299,-1511088,2.670617779406552,-0.515360455512849,False,2.353506330143179
SILVER,3,4.0,D+1h+4h,0.2@0.4,0,False,19.75,51.9,1.08,137150,-367755,27.67,67.1,0.81,-1151849,-1858054,23.14,59.7,0.87,-1014698,-1858054,0.37293850525485717,-0.6199222412265736,False,0.45561052150326337
SILVER,3,4.0,D+1h+4h,0.2@0.4,0,True,19.75,51.9,1.08,137150,-367755,27.67,67.1,0.81,-1151849,-1858054,23.14,59.7,0.87,-1014698,-1858054,0.37293850525485717,-0.6199222412265736,False,0.43344948528879573
SILVER,3,4.0,D+1h+4h,0.2@0.4,5,False,26.33,54.4,1.55,1143628,-395647,38.11,67.1,1.15,1240826,-1545802,31.38,61.0,1.23,2384453,-1545802,2.890526150836478,0.8027069443563923,False,2.142385835073479
SILVER,3,4.0,D+1h+4h,0.2@0.4,5,True,26.33,54.4,1.55,1143628,-395647,38.11,67.1,1.15,1240826,-1545802,31.38,61.0,1.23,2384453,-1545802,2.890526150836478,0.8027069443563923,False,2.0715379706071504
SILVER,3,4.0,D+1h+4h,0.2@0.4,10,False,25.25,54.8,1.59,1196685,-449254,37.33,68.8,1.04,334911,-1851617,30.43,62.1,1.16,1531596,-1851617,2.6637158489406882,0.18087487855209797,False,2.221857026135036
SILVER,3,4.0,D+1h+4h,0.2@0.4,10,True,25.25,54.8,1.59,1196685,-449254,37.33,68.8,1.04,334911,-1851617,30.43,62.1,1.16,1531596,-1851617,2.6637158489406882,0.18087487855209797,False,2.1689396275842605
SILVER,3,4.0,D+1h+4h,0.25@0.5,0,False,19.75,54.0,1.08,143796,-389030,27.67,62.7,0.98,-110454,-1716012,23.14,58.4,1.0,33341,-1716012,0.369627021052361,-0.06436668275047028,False,0.6237710273313923
SILVER,3,4.0,D+1h+4h,0.25@0.5,0,True,19.75,54.0,1.08,143796,-389030,27.67,62.7,0.98,-110454,-1716012,23.14,58.4,1.0,33341,-1716012,0.369627021052361,-0.06436668275047028,False,0.5857692216706454
SILVER,3,4.0,D+1h+4h,0.25@0.5,5,False,24.75,55.2,1.47,1086247,-433853,35.89,62.2,1.1,912062,-1413693,29.52,58.9,1.18,1998309,-1413693,2.503721306525482,0.6451627050568971,False,2.240664592220514
SILVER,3,4.0,D+1h+4h,0.25@0.5,5,True,24.75,55.2,1.47,1086247,-433853,35.89,62.2,1.1,912062,-1413693,29.52,58.9,1.18,1998309,-1413693,2.503721306525482,0.6451627050568971,False,2.0887570827628825
SILVER,3,4.0,D+1h+4h,0.25@0.5,10,False,24.0,55.9,1.51,1146155,-433696,35.11,63.0,1.02,186738,-1696239,28.76,59.6,1.13,1332893,-1696239,2.6427612890135026,0.11008943904720973,False,2.386897647101695
SILVER,3,4.0,D+1h+4h,0.25@0.5,10,True,24.0,55.9,1.51,1146155,-433696,35.11,63.0,1.02,186738,-1696239,28.76,59.6,1.13,1332893,-1696239,2.6427612890135026,0.11008943904720973,False,2.2511694563890345
SILVER,3,4.0,1h,0.1@0.3,0,False,59.25,26.9,0.77,-876711,-1213466,56.11,58.4,1.11,963643,-2652258,57.9,40.0,1.01,86932,-2652258,-0.7224850140012163,0.3633292839535219,False,-0.352790850903441
SILVER,3,4.0,1h,0.1@0.3,0,True,59.25,26.9,0.77,-876711,-1213466,56.11,58.4,1.11,963643,-2652258,57.9,40.0,1.01,86932,-2652258,-0.7224850140012163,0.3633292839535219,False,-0.352790850903441
SILVER,3,4.0,1h,0.1@0.3,5,False,79.17,28.1,0.96,-218737,-1156551,80.78,59.1,1.15,1953164,-1861167,79.86,41.6,1.1,1734427,-1861167,-0.18912871114200758,1.049429739512897,False,0.21585160953170948
SILVER,3,4.0,1h,0.1@0.3,5,True,79.17,28.1,0.96,-218737,-1156551,80.78,59.1,1.15,1953164,-1861167,79.86,41.6,1.1,1734427,-1861167,-0.18912871114200758,1.049429739512897,False,0.21585160953170948
SILVER,3,4.0,1h,0.1@0.3,10,False,73.92,28.6,1.02,79193,-1092995,72.44,60.0,1.15,1723650,-2104770,73.29,41.9,1.11,1802844,-2104770,0.07245504325271387,0.8189255833178922,False,0.40319243085352163
SILVER,3,4.0,1h,0.1@0.3,10,True,73.92,28.6,1.02,79193,-1092995,72.44,60.0,1.15,1723650,-2104770,73.29,41.9,1.11,1802844,-2104770,0.07245504325271387,0.8189255833178922,False,0.40319243085352163
SILVER,3,4.0,1h,0.15@0.3,0,False,59.25,37.0,0.82,-679506,-1113347,56.11,67.1,0.98,-211563,-3253796,57.9,49.5,0.93,-891069,-3253796,-0.6103272384979705,-0.06502036390726401,False,-0.3800967155678403
SILVER,3,4.0,1h,0.15@0.3,0,True,59.25,37.0,0.82,-679506,-1113347,56.11,67.1,0.98,-211563,-3253796,57.9,49.5,0.93,-891069,-3253796,-0.6103272384979705,-0.06502036390726401,False,-0.3800967155678403
SILVER,3,4.0,1h,0.15@0.3,5,False,83.17,39.5,0.93,-385528,-1178501,84.11,67.1,1.15,2019028,-1593809,83.57,51.4,1.09,1633500,-1593809,-0.3271342154143272,1.2667942018146465,False,0.1850231633718593
SILVER,3,4.0,1h,0.15@0.3,5,True,83.17,39.5,0.93,-385528,-1178501,84.11,67.1,1.15,2019028,-1593809,83.57,51.4,1.09,1633500,-1593809,-0.3271342154143272,1.2667942018146465,False,0.1850231633718593
SILVER,3,4.0,1h,0.15@0.3,10,False,77.25,40.0,0.98,-121180,-1107279,76.67,68.3,1.06,735385,-2134018,77.0,52.1,1.04,614205,-2134018,-0.10943944570428953,0.34460112332698223,False,0.37811777533587054
SILVER,3,4.0,1h,0.15@0.3,10,True,77.25,40.0,0.98,-121180,-1107279,76.67,68.3,1.06,735385,-2134018,77.0,52.1,1.04,614205,-2134018,-0.10943944570428953,0.34460112332698223,False,0.37811777533587054
SILVER,3,4.0,1h,0.2@0.4,0,False,59.25,44.9,0.9,-434869,-1117460,56.11,63.8,1.13,1460813,-2173306,57.9,52.7,1.07,1025944,-2173306,-0.3891584486245593,0.6721616744259667,False,-0.17795264698857657
SILVER,3,4.0,1h,0.2@0.4,0,True,59.25,44.9,0.9,-434869,-1117460,56.11,63.8,1.13,1460813,-2173306,57.9,52.7,1.07,1025944,-2173306,-0.3891584486245593,0.6721616744259667,False,-0.17795264698857657
SILVER,3,4.0,1h,0.2@0.4,5,False,78.25,47.0,1.01,40412,-1326514,76.89,64.7,1.24,3539490,-1788983,77.67,54.5,1.18,3579902,-1788983,0.03046481228241843,1.9784928084839264,False,0.31057459452756353
SILVER,3,4.0,1h,0.2@0.4,5,True,78.25,47.0,1.01,40412,-1326514,76.89,64.7,1.24,3539490,-1788983,77.67,54.5,1.18,3579902,-1788983,0.03046481228241843,1.9784928084839264,False,0.31057459452756353
SILVER,3,4.0,1h,0.2@0.4,10,False,74.08,46.8,1.07,350958,-1256398,73.22,65.7,1.18,2475832,-2455943,73.71,54.8,1.15,2826791,-2455943,0.2793366433248063,1.0080983149853233,False,0.45970198753002667
SILVER,3,4.0,1h,0.2@0.4,10,True,74.08,46.8,1.07,350958,-1256398,73.22,65.7,1.18,2475832,-2455943,73.71,54.8,1.15,2826791,-2455943,0.2793366433248063,1.0080983149853233,False,0.45970198753002667
SILVER,3,4.0,1h,0.25@0.5,0,False,59.25,50.2,0.97,-133559,-1145948,56.11,60.4,1.25,3037933,-2208074,57.9,54.4,1.17,2904374,-2208074,-0.11654891845005183,1.3758293426760153,False,-0.0841718957325994
SILVER,3,4.0,1h,0.25@0.5,0,True,59.25,50.2,0.97,-133559,-1145948,56.11,60.4,1.25,3037933,-2208074,57.9,54.4,1.17,2904374,-2208074,-0.11654891845005183,1.3758293426760153,False,-0.0841718957325994
SILVER,3,4.0,1h,0.25@0.5,5,False,74.5,50.4,1.0,15302,-1501187,73.22,60.2,1.21,3355040,-1333468,73.95,54.6,1.15,3370341,-1501187,0.010193267061332133,2.51602588138598,False,0.36812987240039563
SILVER,3,4.0,1h,0.25@0.5,5,True,74.5,50.4,1.0,15302,-1501187,73.22,60.2,1.21,3355040,-1333468,73.95,54.6,1.15,3370341,-1501187,0.010193267061332133,2.51602588138598,False,0.36812987240039563
SILVER,3,4.0,1h,0.25@0.5,10,False,70.83,50.6,1.04,236033,-1367193,69.33,60.7,1.19,2819807,-1781740,70.19,54.9,1.15,3055840,-1781740,0.1726405854915875,1.5826141861326568,False,0.5204050932268364
SILVER,3,4.0,1h,0.25@0.5,10,True,70.83,50.6,1.04,236033,-1367193,69.33,60.7,1.19,2819807,-1781740,70.19,54.9,1.15,3055840,-1781740,0.1726405854915875,1.5826141861326568,False,0.5204050932268364
SILVER,3,4.0,1h+4h,0.1@0.3,0,False,33.25,29.6,0.72,-688318,-886309,35.33,57.5,1.02,107569,-2544308,34.14,42.0,0.94,-580749,-2544308,-0.7766117685818377,0.042278293351276655,False,-0.2707207788336227
SILVER,3,4.0,1h+4h,0.1@0.3,0,True,33.25,29.6,0.72,-688318,-886309,35.33,57.5,1.02,107569,-2544308,34.14,42.0,0.94,-580749,-2544308,-0.7766117685818377,0.042278293351276655,False,-0.2707207788336227
SILVER,3,4.0,1h+4h,0.1@0.3,5,False,44.75,33.3,1.04,134632,-474955,51.56,59.1,1.15,1343637,-2072418,47.67,45.3,1.12,1478269,-2072418,0.28346264382941544,0.648342660602253,False,0.5086678846512985
SILVER,3,4.0,1h+4h,0.1@0.3,5,True,44.75,33.3,1.04,134632,-474955,51.56,59.1,1.15,1343637,-2072418,47.67,45.3,1.12,1478269,-2072418,0.28346264382941544,0.648342660602253,False,0.5086678846512985
SILVER,3,4.0,1h+4h,0.1@0.3,10,False,42.25,33.3,1.07,225318,-481347,46.22,59.6,1.14,1131519,-2216936,43.95,45.2,1.12,1356837,-2216936,0.4680988974689777,0.5103976840107247,False,0.8555721338269933
SILVER,3,4.0,1h+4h,0.1@0.3,10,True,42.25,33.3,1.07,225318,-481347,46.22,59.6,1.14,1131519,-2216936,43.95,45.2,1.12,1356837,-2216936,0.4680988974689777,0.5103976840107247,False,0.8555721338269933
SILVER,3,4.0,1h+4h,0.15@0.3,0,False,33.25,42.4,0.79,-499289,-722728,35.33,67.0,0.81,-1233465,-3271468,34.14,53.3,0.8,-1732754,-3271468,-0.6908394306018308,-0.3770371588534566,False,-0.36034302188257944
SILVER,3,4.0,1h+4h,0.15@0.3,0,True,33.25,42.4,0.79,-499289,-722728,35.33,67.0,0.81,-1233465,-3271468,34.14,53.3,0.8,-1732754,-3271468,-0.6908394306018308,-0.3770371588534566,False,-0.36034302188257944
SILVER,3,4.0,1h+4h,0.15@0.3,5,False,47.08,45.7,1.07,212835,-481121,53.56,67.4,1.14,1298465,-1852397,49.86,55.7,1.12,1511300,-1852397,0.44237312443231536,0.700964749996896,False,0.4148948731096392
SILVER,3,4.0,1h+4h,0.15@0.3,5,True,47.08,45.7,1.07,212835,-481121,53.56,67.4,1.14,1298465,-1852397,49.86,55.7,1.12,1511300,-1852397,0.44237312443231536,0.700964749996896,False,0.4148948731096392
SILVER,3,4.0,1h+4h,0.15@0.3,10,False,44.17,46.0,1.09,280840,-489242,49.67,68.7,1.01,106858,-2301914,46.52,56.4,1.03,387699,-2301914,0.5740308477195335,0.04642136934742132,False,0.8042613116099437
SILVER,3,4.0,1h+4h,0.15@0.3,10,True,44.17,46.0,1.09,280840,-489242,49.67,68.7,1.01,106858,-2301914,46.52,56.4,1.03,387699,-2301914,0.5740308477195335,0.04642136934742132,False,0.8042613116099437
SILVER,3,4.0,1h+4h,0.2@0.4,0,False,33.25,48.1,0.87,-339107,-713319,35.33,63.5,0.99,-61314,-2480817,34.14,55.0,0.96,-400421,-2480817,-0.4753931971530269,-0.024715245018072676,False,-0.1565808013609112
SILVER,3,4.0,1h+4h,0.2@0.4,0,True,33.25,48.1,0.87,-339107,-713319,35.33,63.5,0.99,-61314,-2480817,34.14,55.0,0.96,-400421,-2480817,-0.4753931971530269,-0.024715245018072676,False,-0.1565808013609112
SILVER,3,4.0,1h+4h,0.2@0.4,5,False,43.75,50.5,1.13,465628,-596626,48.78,64.9,1.22,2257272,-2053772,45.9,57.1,1.2,2722900,-2053772,0.7804353145856868,1.0990859744898656,False,0.6946591329526126
SILVER,3,4.0,1h+4h,0.2@0.4,5,True,43.75,50.5,1.13,465628,-596626,48.78,64.9,1.22,2257272,-2053772,45.9,57.1,1.2,2722900,-2053772,0.7804353145856868,1.0990859744898656,False,0.6946591329526126
SILVER,3,4.0,1h+4h,0.2@0.4,10,False,41.83,50.4,1.18,608658,-629243,47.22,66.1,1.14,1338623,-2489135,44.14,57.6,1.15,1947281,-2489135,0.967286088204398,0.5377864197803655,False,0.9461593291021753
SILVER,3,4.0,1h+4h,0.2@0.4,10,True,41.83,50.4,1.18,608658,-629243,47.22,66.1,1.14,1338623,-2489135,44.14,57.6,1.15,1947281,-2489135,0.967286088204398,0.5377864197803655,False,0.9461593291021753
SILVER,3,4.0,1h+4h,0.25@0.5,0,False,33.25,51.1,0.88,-348248,-727494,35.33,59.7,1.13,1169907,-2371335,34.14,55.0,1.07,821659,-2371335,-0.4786953569376517,0.4933537437772394,False,-0.1306149424647868
SILVER,3,4.0,1h+4h,0.25@0.5,0,True,33.25,51.1,0.88,-348248,-727494,35.33,59.7,1.13,1169907,-2371335,34.14,55.0,1.07,821659,-2371335,-0.4786953569376517,0.4933537437772394,False,-0.1306149424647868
SILVER,3,5.0,D,0.1@0.3,0,False,39.0,33.1,0.92,-273977,-1102193,40.33,66.4,0.87,-1170153,-3034796,39.57,47.7,0.89,-1444130,-3034796,-0.248574432971358,-0.38557880002477923,False,0.5100362106331245
SILVER,3,5.0,D,0.1@0.3,0,True,39.0,28.6,1.05,130267,-698044,40.33,53.4,0.9,-642815,-2279875,39.57,39.5,0.94,-512548,-2279875,0.18661717599463645,-0.2819518613959099,False,0.5395238466513712
SILVER,3,5.0,D,0.1@0.3,5,False,52.0,34.0,1.07,314257,-805611,58.78,67.3,1.15,1712842,-1952630,54.9,49.3,1.13,2027099,-1952630,0.390085289302157,0.8771974209143565,False,0.6770523068396419
SILVER,3,5.0,D,0.1@0.3,5,True,94.92,29.0,0.94,-268538,-1291346,100.0,49.2,1.06,611975,-2818222,97.1,37.9,1.02,343438,-2818222,-0.2079520128609993,0.2171493232257785,False,0.23760480050183286
SILVER,3,4.0,1h+4h,0.25@0.5,5,False,42.08,52.3,1.11,410278,-781242,46.22,59.6,1.16,1819231,-1957869,43.86,55.6,1.15,2229510,-1957869,0.5251612176508688,0.9291893379996312,False,0.6979748759505148
SILVER,3,4.0,1h+4h,0.25@0.5,5,True,42.08,52.3,1.11,410278,-781242,46.22,59.6,1.16,1819231,-1957869,43.86,55.6,1.15,2229510,-1957869,0.5251612176508688,0.9291893379996312,False,0.6979748759505148
SILVER,3,4.0,1h+4h,0.25@0.5,10,False,40.33,52.9,1.16,564858,-667888,44.56,60.3,1.11,1202988,-2340684,42.14,56.3,1.12,1767846,-2340684,0.84573760870086,0.513947205175923,False,0.9729466485560438
SILVER,3,4.0,1h+4h,0.25@0.5,10,True,40.33,52.9,1.16,564858,-667888,44.56,60.3,1.11,1202988,-2340684,42.14,56.3,1.12,1767846,-2340684,0.84573760870086,0.513947205175923,False,0.9729466485560438
SILVER,3,5.0,D,0.1@0.3,10,False,49.33,34.8,1.09,399058,-794989,53.56,67.4,1.03,381141,-2605662,51.14,49.4,1.05,780199,-2605662,0.5019666938787832,0.1462741522116069,False,0.9175333630267566
SILVER,3,5.0,D,0.1@0.3,10,True,76.75,30.0,1.04,155421,-1041854,78.22,51.4,1.04,324885,-2343951,77.38,39.3,1.04,480307,-2343951,0.14917733194862237,0.1386057131740382,False,0.5000010776468922
SILVER,3,5.0,D,0.15@0.3,0,False,39.0,47.0,0.85,-502357,-1028288,40.33,69.4,0.87,-1223427,-3014751,39.57,56.8,0.86,-1725784,-3014751,-0.4885372580444389,-0.4058136144577114,False,0.1370639490250216
SILVER,3,5.0,D,0.15@0.3,0,True,39.0,35.9,0.93,-157112,-663575,40.33,54.8,0.86,-874593,-2469015,39.57,44.2,0.88,-1031706,-2469015,-0.23676600233583242,-0.35422749558022126,False,0.16744763710528918
SILVER,3,5.0,D,0.15@0.3,5,False,55.42,50.1,1.01,30782,-876906,62.44,71.0,1.11,1336906,-2504244,58.43,59.7,1.08,1367688,-2504244,0.03510296428579574,0.5338561258407727,False,0.5192313068479808
SILVER,3,5.0,D,0.15@0.3,5,True,96.92,35.1,0.89,-508489,-1291766,102.56,51.0,1.03,295894,-3026725,99.33,42.1,0.99,-212594,-3026725,-0.39363863114526937,0.09776045065210748,False,-0.008780086827090156
SILVER,3,5.0,D,0.15@0.3,10,False,52.0,51.1,1.06,248468,-834762,57.44,71.2,0.96,-441047,-2823501,54.33,60.2,0.99,-192579,-2823501,0.297651306599965,-0.15620571765336722,False,0.7660435626890899
SILVER,3,5.0,D,0.15@0.3,10,True,78.33,36.8,0.99,-27554,-1032577,81.44,53.9,0.97,-326659,-2872821,79.67,44.3,0.97,-354213,-2872821,-0.026684692763832625,-0.11370670153135194,False,0.2798371888127046
SILVER,3,5.0,D,0.2@0.4,0,False,39.0,58.1,0.83,-669558,-973581,40.33,65.6,0.98,-242345,-2305415,39.57,61.4,0.94,-911903,-2305415,-0.6877270612306526,-0.10511990249044098,False,0.25612205432854107
SILVER,3,5.0,D,0.2@0.4,0,True,39.0,42.7,0.89,-288650,-680744,40.33,51.0,1.02,120491,-1828731,39.57,46.3,0.98,-168158,-1828731,-0.42402136485962416,0.06588776588792994,False,0.1976946781470299
SILVER,3,5.0,D,0.2@0.4,5,False,52.33,60.4,1.04,177792,-809962,56.78,66.9,1.13,1731406,-1648445,54.24,63.3,1.11,1909199,-1648445,0.21950659413651505,1.0503268231575817,False,0.6084493683826007
SILVER,3,5.0,D,0.2@0.4,5,True,95.25,38.0,0.88,-571851,-1448573,98.56,47.4,1.04,522031,-2769480,96.67,42.1,1.0,-49820,-2769480,-0.3947685066613833,0.1884942299637477,False,0.0152798179049594
SILVER,3,5.0,D,0.2@0.4,10,False,50.0,59.7,1.02,77618,-818310,53.67,66.0,1.04,502234,-1740802,51.57,62.5,1.03,579852,-1740802,0.09485158436289426,0.28850725125545584,False,0.8120190114930383
SILVER,3,5.0,D,0.2@0.4,10,True,77.42,39.8,0.92,-340708,-1183210,77.67,48.9,1.08,815170,-2155142,77.52,43.7,1.03,474462,-2155142,-0.28795226544738467,0.37824421778240136,False,0.23267506332794616
SILVER,3,5.0,D,0.25@0.5,0,False,39.0,58.3,0.86,-602326,-952792,40.33,61.2,1.16,1881162,-1937202,39.57,59.6,1.08,1278836,-1937202,-0.6321694556629359,0.971071679669957,False,0.7633729138043425
SILVER,3,5.0,D,0.25@0.5,0,True,39.0,42.3,0.93,-213570,-635204,40.33,49.3,1.31,2390761,-1330698,39.57,45.4,1.21,2177191,-1330698,-0.3362226938117518,1.7966217729342044,False,0.5016896701213305
SILVER,3,5.0,D,0.25@0.5,5,False,48.75,59.3,1.08,416825,-890728,52.11,62.0,1.19,2559961,-1888204,50.19,60.5,1.16,2976785,-1888204,0.4679599159339327,1.3557650550470182,False,0.9615733596273977
SILVER,3,5.0,D,0.25@0.5,5,True,92.92,36.6,0.95,-222683,-1290560,95.22,45.3,1.17,1958291,-1417717,93.9,40.4,1.1,1735608,-1417717,-0.17254757624597075,1.3812989475332524,False,0.33392552328826686
SILVER,3,5.0,D,0.25@0.5,10,False,47.17,59.4,1.07,337550,-848969,49.33,61.3,1.13,1739292,-2028806,48.1,60.2,1.11,2076841,-2028806,0.39759991236429126,0.8572983321224404,False,1.1632158754415598
SILVER,3,5.0,D,0.25@0.5,10,True,75.08,38.6,1.01,38878,-1049065,75.0,46.8,1.17,1782730,-1689691,75.05,42.1,1.12,1821608,-1689691,0.03705966741812948,1.0550627304045532,False,0.579969287813259
SILVER,3,5.0,D+1h,0.1@0.3,0,False,22.42,34.9,1.31,574877,-360300,24.44,69.1,1.02,76291,-1833308,23.29,50.3,1.09,651168,-1833308,1.5955509297807382,0.04161384775498716,False,1.23229665529007
SILVER,3,5.0,D+1h,0.1@0.3,0,True,22.42,34.9,1.31,574877,-360300,24.44,69.1,1.02,76291,-1833308,23.29,50.3,1.09,651168,-1833308,1.5955509297807382,0.04161384775498716,False,1.3159780765255074
SILVER,3,5.0,D+1h,0.1@0.3,5,False,30.83,34.9,1.44,1090682,-484219,37.0,68.8,1.3,2072199,-1724394,33.48,50.9,1.34,3162881,-1724394,2.2524560168023147,1.2016969439698817,False,1.8795744240012744
SILVER,3,5.0,D+1h,0.1@0.3,5,True,30.83,34.9,1.44,1090682,-484219,37.0,68.8,1.3,2072199,-1724394,33.48,50.9,1.34,3162881,-1724394,2.2524560168023147,1.2016969439698817,False,1.8283706108123645
SILVER,3,5.0,D+1h,0.1@0.3,10,False,29.42,36.0,1.48,1165940,-429954,33.78,69.4,1.21,1372783,-1828892,31.29,51.4,1.29,2538723,-1828892,2.7117784693246256,0.7506091119650586,False,2.07522425204459
SILVER,3,5.0,D+1h,0.1@0.3,10,True,29.42,36.0,1.48,1165940,-429954,33.78,69.4,1.21,1372783,-1828892,31.29,51.4,1.29,2538723,-1828892,2.7117784693246256,0.7506091119650586,False,2.1329795208480875
SILVER,3,5.0,D+1h,0.15@0.3,0,False,22.42,47.2,1.16,285637,-333958,24.44,71.4,0.97,-155252,-2073616,23.29,58.1,1.02,130385,-2073616,0.8553081525221734,-0.07487017847084514,False,0.8520098095124171
SILVER,3,5.0,D+1h,0.15@0.3,0,True,22.42,47.2,1.16,285637,-333958,24.44,71.4,0.97,-155252,-2073616,23.29,58.1,1.02,130385,-2073616,0.8553081525221734,-0.07487017847084514,False,0.8831142490110349
SILVER,3,5.0,D+1h,0.15@0.3,5,False,32.83,51.5,1.33,846453,-500497,39.44,72.1,1.24,1751827,-2027618,35.67,61.3,1.26,2598280,-2027618,1.6912249224271074,0.8639827620390034,False,1.5332171729485367
SILVER,3,5.0,D+1h,0.15@0.3,5,True,32.83,51.5,1.33,846453,-500497,39.44,72.1,1.24,1751827,-2027618,35.67,61.3,1.26,2598280,-2027618,1.6912249224271074,0.8639827620390034,False,1.5017103930328324
SILVER,3,5.0,D+1h,0.15@0.3,10,False,31.0,52.2,1.4,979763,-445522,36.89,73.2,1.1,697905,-2028049,33.52,62.1,1.18,1677668,-2028049,2.199134947320222,0.3441263006958905,False,1.8108476473140158
SILVER,3,5.0,D+1h,0.15@0.3,10,True,31.0,52.2,1.4,979763,-445522,36.89,73.2,1.1,697905,-2028049,33.52,62.1,1.18,1677668,-2028049,2.199134947320222,0.3441263006958905,False,1.8501113424274223
SILVER,3,5.0,D+1h,0.2@0.4,0,False,22.42,59.1,1.07,154266,-408740,24.44,65.9,1.14,855350,-1194755,23.29,62.2,1.13,1009616,-1194755,0.377418407789793,0.7159208373264812,False,0.832365955140762
SILVER,3,5.0,D+1h,0.2@0.4,0,True,22.42,59.1,1.07,154266,-408740,24.44,65.9,1.14,855350,-1194755,23.29,62.2,1.13,1009616,-1194755,0.377418407789793,0.7159208373264812,False,0.8664269402874398
SILVER,3,5.0,D+1h,0.2@0.4,5,False,31.17,61.2,1.28,784869,-510564,35.56,66.2,1.25,2032662,-1465462,33.05,63.5,1.26,2817532,-1465462,1.5372587961548405,1.3870451775617518,False,1.560211229951929
SILVER,3,5.0,D+1h,0.2@0.4,5,True,31.17,61.2,1.28,784869,-510564,35.56,66.2,1.25,2032662,-1465462,33.05,63.5,1.26,2817532,-1465462,1.5372587961548405,1.3870451775617518,False,1.460205572468517
SILVER,3,5.0,D+1h,0.2@0.4,10,False,30.08,59.8,1.23,659727,-479342,33.22,65.6,1.25,1894048,-1383532,31.43,62.4,1.24,2553775,-1383532,1.3763179525265885,1.3689947178670243,False,1.661764417966663
SILVER,3,5.0,D+1h,0.2@0.4,10,True,30.08,59.8,1.23,659727,-479342,33.22,65.6,1.25,1894048,-1383532,31.43,62.4,1.24,2553775,-1383532,1.3763179525265885,1.3689947178670243,False,1.6235940039659749
SILVER,3,5.0,D+1h,0.25@0.5,0,False,22.42,58.4,1.1,228669,-409377,24.44,63.2,1.49,3120775,-1098161,23.29,60.5,1.38,3349445,-1098161,0.5585780344279234,2.8418191868041207,False,1.1603118136220263
SILVER,3,5.0,D+1h,0.25@0.5,0,True,22.42,58.4,1.1,228669,-409377,24.44,63.2,1.49,3120775,-1098161,23.29,60.5,1.38,3349445,-1098161,0.5585780344279234,2.8418191868041207,False,1.203114887703066
SILVER,3,5.0,D+1h,0.25@0.5,5,False,28.83,59.2,1.4,1135556,-498609,32.22,62.4,1.38,3074528,-1419982,30.29,60.7,1.38,4210084,-1419982,2.277447859946371,2.1651880094254716,False,1.9432237711213176
SILVER,3,5.0,D+1h,0.25@0.5,5,True,28.83,59.2,1.4,1135556,-498609,32.22,62.4,1.38,3074528,-1419982,30.29,60.7,1.38,4210084,-1419982,2.277447859946371,2.1651880094254716,False,1.8605396227816577
SILVER,3,5.0,D+1h,0.25@0.5,10,False,27.75,58.6,1.36,1040875,-464470,30.44,62.0,1.37,2905781,-1398145,28.9,60.1,1.37,3946655,-1398145,2.2409951127091094,2.0783116200394094,False,2.077024966172724
SILVER,3,5.0,D+1h,0.25@0.5,10,True,27.75,58.6,1.36,1040875,-464470,30.44,62.0,1.37,2905781,-1398145,28.9,60.1,1.37,3946655,-1398145,2.2409951127091094,2.0783116200394094,False,2.1121325454099473
SILVER,3,5.0,D+4h,0.1@0.3,0,False,20.08,38.2,0.8,-463506,-866026,29.11,64.5,0.84,-1152070,-2723137,23.95,51.9,0.83,-1615576,-2723137,-0.5352102592762804,-0.42306721990116547,False,0.30102158407390855
SILVER,3,5.0,D+4h,0.1@0.3,0,True,20.08,33.2,0.93,-106655,-490889,29.11,52.3,0.97,-157260,-1820875,23.95,43.1,0.96,-263915,-1820875,-0.21726907712334154,-0.08636507173748885,False,0.3190967491778498
SILVER,3,5.0,D+4h,0.1@0.3,5,False,27.67,38.9,1.1,294112,-477811,41.67,64.8,1.19,1769234,-1987915,33.67,52.6,1.17,2063347,-1987915,0.6155404542800396,0.8899947935399652,False,1.3024527561403947
SILVER,3,5.0,D+4h,0.1@0.3,5,True,45.67,32.3,1.12,326660,-465633,68.11,49.3,1.26,1962684,-1589518,55.29,41.3,1.22,2289344,-1589518,0.7015396245541016,1.2347667657742787,False,1.2567892521301793
SILVER,3,5.0,D+4h,0.1@0.3,10,False,25.67,41.2,1.15,422159,-428571,38.78,65.3,1.03,298148,-2428250,31.29,54.0,1.06,720306,-2428250,0.9850386517053183,0.12278307423041285,False,1.8396083820305071
SILVER,3,5.0,D+4h,0.1@0.3,10,True,36.33,35.3,1.26,612604,-329778,54.67,51.8,1.18,1242003,-1631753,44.19,44.1,1.2,1854607,-1631753,1.857625432866959,0.7611464480224642,False,1.9509546584633226
SILVER,3,5.0,D+4h,0.15@0.3,0,False,20.08,51.9,0.69,-724732,-820774,29.11,67.6,0.8,-1452996,-3033457,23.95,60.0,0.77,-2177728,-3033457,-0.8829860594999355,-0.47899014227002396,False,-0.18396676459727787
SILVER,3,5.0,D+4h,0.15@0.3,0,True,20.08,41.9,0.76,-363320,-441076,29.11,53.8,0.9,-486161,-2127693,23.95,48.1,0.87,-849481,-2127693,-0.8237129202223653,-0.2284920803894171,False,-0.15763748416427953
SILVER,3,5.0,D+4h,0.2@0.4,0,False,20.08,58.9,0.71,-750564,-766715,29.11,63.7,0.92,-683671,-2720334,23.95,61.4,0.87,-1434236,-2720334,-0.9789348062839517,-0.2513187718860993,False,0.015122151285590735
SILVER,3,5.0,D+4h,0.2@0.4,0,True,20.08,46.5,0.74,-452381,-501514,29.11,49.2,1.05,258742,-1717036,23.95,47.9,0.97,-193638,-1717036,-0.9020306511882021,0.1506910746192858,False,-0.07074392993042758
SILVER,3,5.0,D+4h,0.2@0.4,5,False,27.92,61.2,1.1,302980,-437230,41.33,66.4,1.16,1649792,-1770604,33.67,63.9,1.15,1952771,-1770604,0.6929533655055692,0.9317679164849961,False,1.2062818095855077
SILVER,3,5.0,D+4h,0.2@0.4,5,True,46.17,41.7,1.03,95520,-461079,67.56,48.4,1.21,1837817,-1480249,55.33,45.2,1.17,1933336,-1480249,0.207166233985933,1.2415593592699607,False,1.0013593040039002
SILVER,3,5.0,D+4h,0.15@0.3,5,False,29.5,54.2,1.03,98384,-478594,44.78,68.7,1.11,1047943,-2756305,36.05,62.0,1.09,1146327,-2756305,0.2055688119784201,0.3801984903702602,False,1.0337483957285185
SILVER,3,5.0,D+4h,0.15@0.3,5,True,47.0,39.5,1.05,131009,-455310,70.33,51.5,1.19,1474267,-2049718,57.0,45.9,1.15,1605276,-2049718,0.2877358283367376,0.7192535753698801,False,0.8002177444616965
SILVER,3,5.0,D+4h,0.15@0.3,10,False,27.17,56.1,1.12,319029,-421410,42.44,69.9,0.92,-731216,-3019852,33.71,63.6,0.97,-412188,-3019852,0.7570513276856268,-0.24213636959692064,False,1.5519108366354653
SILVER,3,5.0,D+4h,0.15@0.3,10,True,37.5,43.1,1.2,457176,-310155,57.56,54.8,1.06,440190,-2105516,46.1,49.4,1.1,897366,-2105516,1.474024278183489,0.2090651412765327,False,1.552425532412164
SILVER,3,5.0,D+4h,0.2@0.4,10,False,26.67,61.2,1.07,207356,-437230,39.67,65.8,1.05,441062,-1945364,32.24,63.7,1.05,648418,-1945364,0.47424925096631065,0.2267246643815759,False,1.4259933651882273
SILVER,3,5.0,D+4h,0.2@0.4,10,True,37.33,45.3,1.06,164620,-346314,54.56,50.1,1.22,1663947,-1332920,44.71,47.8,1.18,1828567,-1332920,0.4753489607697061,1.2483472376436695,False,1.4875892069236643
SILVER,3,5.0,D+4h,0.25@0.5,0,False,20.08,57.7,0.71,-792780,-813627,29.11,58.8,1.14,1251853,-1562986,23.95,58.3,1.04,459073,-1562986,-0.974377693955584,0.8009367966187797,False,0.46224922581667904
SILVER,3,5.0,D+4h,0.25@0.5,0,True,20.08,45.2,0.78,-422023,-476810,29.11,46.9,1.36,2221139,-1019346,23.95,46.1,1.22,1799116,-1019346,-0.8850967890774103,2.178984368408764,False,0.25807714298739304
SILVER,3,5.0,D+4h,0.25@0.5,5,False,25.08,60.1,1.18,570908,-471494,37.89,61.6,1.22,2361940,-1631305,30.57,60.9,1.21,2932848,-1631305,1.2108489185440323,1.4478837495134265,False,1.8783880631110257
SILVER,3,5.0,D+4h,0.25@0.5,5,True,44.25,39.7,1.16,449927,-439161,65.0,45.6,1.28,2412938,-1252959,53.14,42.8,1.25,2862865,-1252959,1.0245149273273355,1.9257916659683199,False,1.6011016752682508
SILVER,3,5.0,D+4h,0.25@0.5,10,False,24.58,60.3,1.12,402531,-471494,36.11,60.3,1.13,1377928,-1654590,29.52,60.3,1.13,1780459,-1654590,0.8537351482733608,0.8327912050719514,False,2.1863719714318535
SILVER,3,5.0,D+4h,0.25@0.5,10,True,35.5,43.7,1.19,524390,-342684,52.11,46.9,1.27,2229073,-1162237,42.62,45.4,1.25,2753463,-1162237,1.5302436063545424,1.9179160532662443,False,2.061574502728623
SILVER,3,5.0,D+1h+4h,0.1@0.3,0,False,13.17,41.8,1.1,128543,-318766,18.78,66.9,1.08,348327,-1442277,15.57,54.7,1.09,476870,-1442277,0.4032519151979822,0.24151185937236744,False,0.6054390321607487
SILVER,3,5.0,D+1h+4h,0.1@0.3,0,True,13.17,41.8,1.1,128543,-318766,18.78,66.9,1.08,348327,-1442277,15.57,54.7,1.09,476870,-1442277,0.4032519151979822,0.24151185937236744,False,0.6407658301777418
SILVER,3,5.0,D+1h+4h,0.1@0.3,5,False,18.58,43.9,1.57,980812,-294572,28.11,66.8,1.47,2583681,-1096582,22.67,56.1,1.5,3564493,-1096582,3.3296172073381043,2.356122022794465,False,2.1912810137855727
SILVER,3,5.0,D+1h+4h,0.1@0.3,5,True,18.58,43.9,1.57,980812,-294572,28.11,66.8,1.47,2583681,-1096582,22.67,56.1,1.5,3564493,-1096582,3.3296172073381043,2.356122022794465,False,2.1998809308129785
SILVER,3,5.0,D+1h+4h,0.1@0.3,10,False,17.5,45.7,1.65,1059283,-254506,26.44,67.2,1.31,1617130,-1402753,21.33,57.1,1.39,2676413,-1402753,4.1621140562501475,1.1528259073407792,False,2.6374012823607074
SILVER,3,5.0,D+1h+4h,0.1@0.3,10,True,17.5,45.7,1.65,1059283,-254506,26.44,67.2,1.31,1617130,-1402753,21.33,57.1,1.39,2676413,-1402753,4.1621140562501475,1.1528259073407792,False,2.734355369156445
SILVER,3,5.0,D+1h+4h,0.15@0.3,0,False,13.17,55.1,0.9,-128121,-270680,18.78,69.2,1.0,14242,-1772140,15.57,62.4,0.98,-113879,-1772140,-0.47333013152061476,0.008036611102960263,False,0.1670006858094138
SILVER,3,5.0,D+1h+4h,0.15@0.3,0,True,13.17,55.1,0.9,-128121,-270680,18.78,69.2,1.0,14242,-1772140,15.57,62.4,0.98,-113879,-1772140,-0.47333013152061476,0.008036611102960263,False,0.1729279997371708
SILVER,3,5.0,D+1h+4h,0.15@0.3,5,False,19.92,59.4,1.45,783140,-292053,30.33,70.7,1.36,2095963,-1429959,24.38,65.4,1.38,2879103,-1429959,2.681499590827692,1.4657504166203366,False,1.9020576795656878
SILVER,3,5.0,D+1h+4h,0.15@0.3,5,True,19.92,59.4,1.45,783140,-292053,30.33,70.7,1.36,2095963,-1429959,24.38,65.4,1.38,2879103,-1429959,2.681499590827692,1.4657504166203366,False,1.909527408325535
SILVER,3,5.0,D+1h+4h,0.15@0.3,10,False,18.67,60.3,1.55,902553,-235490,29.33,71.6,1.15,803443,-1685276,23.24,66.4,1.24,1705996,-1685276,3.8326595609155376,0.47674268191085617,False,2.3710318938801125
SILVER,3,5.0,D+1h+4h,0.15@0.3,10,True,18.67,60.3,1.55,902553,-235490,29.33,71.6,1.15,803443,-1685276,23.24,66.4,1.24,1705996,-1685276,3.8326595609155376,0.47674268191085617,False,2.4427291889298988
SILVER,3,5.0,D+1h+4h,0.2@0.4,0,False,13.17,62.0,0.85,-217182,-344047,18.78,63.3,1.16,780997,-1167794,15.57,62.7,1.09,563815,-1167794,-0.6312567759637492,0.6687797676645024,False,0.22184316106641058
SILVER,3,5.0,D+1h+4h,0.2@0.4,0,True,13.17,62.0,0.85,-217182,-344047,18.78,63.3,1.16,780997,-1167794,15.57,62.7,1.09,563815,-1167794,-0.6312567759637492,0.6687797676645024,False,0.22953357657598553
SILVER,3,5.0,D+1h+4h,0.2@0.4,5,False,19.08,65.5,1.39,744865,-316760,27.56,66.1,1.39,2490611,-962138,22.71,65.8,1.39,3235476,-962138,2.351512185882056,2.588621382795399,False,1.9408330626850114
SILVER,3,5.0,D+1h+4h,0.2@0.4,5,True,19.08,65.5,1.39,744865,-316760,27.56,66.1,1.39,2490611,-962138,22.71,65.8,1.39,3235476,-962138,2.351512185882056,2.588621382795399,False,1.8966705961832262
SILVER,3,5.0,D+1h+4h,0.2@0.4,10,False,18.5,64.4,1.31,605505,-311752,26.33,65.0,1.34,2074912,-991199,21.86,64.7,1.33,2680417,-991199,1.942265005517206,2.0933354452536777,False,2.1917332466464687
SILVER,3,5.0,D+1h+4h,0.2@0.4,10,True,18.5,64.4,1.31,605505,-311752,26.33,65.0,1.34,2074912,-991199,21.86,64.7,1.33,2680417,-991199,1.942265005517206,2.0933354452536777,False,2.1918432176268077
SILVER,3,5.0,D+1h+4h,0.25@0.5,0,False,13.17,60.1,0.88,-186825,-296214,18.78,59.8,1.51,2741804,-898996,15.57,59.9,1.36,2554979,-898996,-0.6307095545787843,3.0498511673021906,False,0.5822104835759832
SILVER,3,5.0,D+1h+4h,0.25@0.5,0,True,13.17,60.1,0.88,-186825,-296214,18.78,59.8,1.51,2741804,-898996,15.57,59.9,1.36,2554979,-898996,-0.6307095545787843,3.0498511673021906,False,0.5921305841180025
SILVER,3,5.0,1h,0.1@0.3,0,False,40.67,30.1,0.88,-406448,-1015261,38.78,65.0,1.41,3211811,-1636315,39.86,44.7,1.25,2805363,-1636315,-0.4003384351413085,1.9628317286097114,False,0.10312239166807592
SILVER,3,5.0,1h,0.1@0.3,0,True,40.67,30.1,0.88,-406448,-1015261,38.78,65.0,1.41,3211811,-1636315,39.86,44.7,1.25,2805363,-1636315,-0.4003384351413085,1.9628317286097114,False,0.10312239166807592
SILVER,3,5.0,1h,0.1@0.3,5,False,58.5,31.5,0.9,-486289,-1102946,57.67,65.7,1.37,4232379,-1338962,58.14,46.0,1.23,3746090,-1338962,-0.44090009846356937,3.160940340353199,False,0.21079788328055687
SILVER,3,5.0,1h,0.1@0.3,5,True,58.5,31.5,0.9,-486289,-1102946,57.67,65.7,1.37,4232379,-1338962,58.14,46.0,1.23,3746090,-1338962,-0.44090009846356937,3.160940340353199,False,0.21079788328055687
SILVER,3,5.0,D+1h+4h,0.25@0.5,5,False,17.17,63.6,1.57,1098734,-298834,25.0,61.8,1.48,3139231,-955074,20.52,62.6,1.5,4237965,-955074,3.6767369174859623,3.2868981879938097,False,2.3047614167450847
SILVER,3,5.0,D+1h+4h,0.25@0.5,5,True,17.17,63.6,1.57,1098734,-298834,25.0,61.8,1.48,3139231,-955074,20.52,62.6,1.5,4237965,-955074,3.6767369174859623,3.2868981879938097,False,2.2861280176234153
SILVER,3,5.0,D+1h+4h,0.25@0.5,10,False,16.67,63.0,1.48,965254,-307056,23.89,60.0,1.42,2706475,-933237,19.76,61.4,1.43,3671729,-933237,3.143576416028347,2.900093973985172,False,2.5155204057726093
SILVER,3,5.0,D+1h+4h,0.25@0.5,10,True,16.67,63.0,1.48,965254,-307056,23.89,60.0,1.42,2706475,-933237,19.76,61.4,1.43,3671729,-933237,3.143576416028347,2.900093973985172,False,2.5906880122260736
SILVER,3,5.0,1h,0.1@0.3,10,False,55.08,32.4,0.96,-168910,-949092,53.44,65.5,1.32,3424395,-1571676,54.38,46.3,1.21,3255485,-1571676,-0.1779701019500744,2.1788173898437084,False,0.5554790649321937
SILVER,3,5.0,1h,0.1@0.3,10,True,55.08,32.4,0.96,-168910,-949092,53.44,65.5,1.32,3424395,-1571676,54.38,46.3,1.21,3255485,-1571676,-0.1779701019500744,2.1788173898437084,False,0.5554790649321937
SILVER,3,5.0,1h,0.15@0.3,0,False,40.67,43.9,0.81,-618886,-929503,38.78,68.5,1.41,3178783,-1665194,39.86,54.1,1.23,2559898,-1665194,-0.6658246396192373,1.9089565540111242,False,-0.33741352165095784
SILVER,3,5.0,1h,0.15@0.3,0,True,40.67,43.9,0.81,-618886,-929503,38.78,68.5,1.41,3178783,-1665194,39.86,54.1,1.23,2559898,-1665194,-0.6658246396192373,1.9089565540111242,False,-0.33741352165095784
SILVER,3,5.0,1h,0.15@0.3,5,False,61.75,47.1,0.86,-735822,-1065517,61.89,69.7,1.34,4028429,-1442581,61.81,56.8,1.19,3292607,-1442581,-0.6905774379948889,2.7925149437016015,False,-0.07552314930168
SILVER,3,5.0,1h,0.15@0.3,5,True,61.75,47.1,0.86,-735822,-1065517,61.89,69.7,1.34,4028429,-1442581,61.81,56.8,1.19,3292607,-1442581,-0.6905774379948889,2.7925149437016015,False,-0.07552314930168
SILVER,3,5.0,1h,0.15@0.3,10,False,57.42,47.8,0.94,-299145,-909051,57.44,70.2,1.27,2977481,-1733404,57.43,57.4,1.17,2678336,-1733404,-0.3290739463462446,1.7177074703877457,False,0.30202868818391915
SILVER,3,5.0,1h,0.15@0.3,10,True,57.42,47.8,0.94,-299145,-909051,57.44,70.2,1.27,2977481,-1733404,57.43,57.4,1.17,2678336,-1733404,-0.3290739463462446,1.7177074703877457,False,0.30202868818391915
SILVER,3,5.0,1h,0.2@0.4,0,False,40.67,56.6,0.75,-1003397,-1019547,38.78,63.3,1.46,4101800,-1000326,39.86,59.4,1.24,3098404,-1116878,-0.9841596316795597,4.100463248980832,False,-0.32077400107065607
SILVER,3,5.0,1h,0.2@0.4,0,True,40.67,56.6,0.75,-1003397,-1019547,38.78,63.3,1.46,4101800,-1000326,39.86,59.4,1.24,3098404,-1116878,-0.9841596316795597,4.100463248980832,False,-0.32077400107065607
SILVER,3,5.0,1h,0.2@0.4,5,False,58.42,58.1,0.88,-630071,-950813,55.44,63.7,1.35,4536713,-1345776,57.14,60.4,1.21,3906641,-1345776,-0.6626655293943183,3.3710758699813343,False,-0.04716092080759766
SILVER,3,5.0,1h,0.2@0.4,5,True,58.42,58.1,0.88,-630071,-950813,55.44,63.7,1.35,4536713,-1345776,57.14,60.4,1.21,3906641,-1345776,-0.6626655293943183,3.3710758699813343,False,-0.04716092080759766
SILVER,3,5.0,1h,0.2@0.4,10,False,54.67,57.5,0.89,-579610,-923468,52.11,63.5,1.35,4287240,-1438802,53.57,60.0,1.21,3707630,-1438802,-0.6276449211017598,2.9797289689616777,False,0.12251913856568808
SILVER,3,5.0,1h,0.2@0.4,10,True,54.67,57.5,0.89,-579610,-923468,52.11,63.5,1.35,4287240,-1438802,53.57,60.0,1.21,3707630,-1438802,-0.6276449211017598,2.9797289689616777,False,0.12251913856568808
SILVER,3,5.0,1h,0.25@0.5,0,False,40.67,57.4,0.78,-938033,-958879,38.78,59.9,1.68,6621522,-1016030,39.86,58.4,1.41,5683489,-1016030,-0.978260030723376,6.517053630306192,False,-0.0001855508301879342
SILVER,3,5.0,1h,0.25@0.5,0,True,40.67,57.4,0.78,-938033,-958879,38.78,59.9,1.68,6621522,-1016030,39.86,58.4,1.41,5683489,-1016030,-0.978260030723376,6.517053630306192,False,-0.0001855508301879342
SILVER,3,5.0,1h,0.25@0.5,5,False,53.58,58.3,0.91,-531084,-886799,50.89,59.8,1.43,5625298,-1165898,52.43,58.9,1.27,5094214,-1165898,-0.5988775359467027,4.824862895381929,False,0.40723877787144325
SILVER,3,5.0,1h,0.25@0.5,5,True,53.58,58.3,0.91,-531084,-886799,50.89,59.8,1.43,5625298,-1165898,52.43,58.9,1.27,5094214,-1165898,-0.5988775359467027,4.824862895381929,False,0.40723877787144325
SILVER,3,5.0,1h,0.25@0.5,10,False,50.75,58.1,0.93,-393469,-759437,48.33,59.5,1.45,5586178,-1154959,49.71,58.7,1.29,5192709,-1154959,-0.5181061760225009,4.836689440923877,False,0.5730850622606799
SILVER,3,5.0,1h,0.25@0.5,10,True,50.75,58.1,0.93,-393469,-759437,48.33,59.5,1.45,5586178,-1154959,49.71,58.7,1.29,5192709,-1154959,-0.5181061760225009,4.836689440923877,False,0.5730850622606799
SILVER,3,5.0,1h+4h,0.1@0.3,10,False,30.67,38.6,1.16,423611,-472549,33.11,65.4,1.51,3432686,-1420782,31.71,50.6,1.41,3856297,-1420782,0.8964382529642428,2.416053975909042,False,0.9166114039507367
SILVER,3,5.0,1h+4h,0.1@0.3,10,True,30.67,38.6,1.16,423611,-472549,33.11,65.4,1.51,3432686,-1420782,31.71,50.6,1.41,3856297,-1420782,0.8964382529642428,2.416053975909042,False,0.9166114039507367
SILVER,3,5.0,1h+4h,0.15@0.3,0,False,22.58,50.6,0.73,-530992,-630043,23.78,67.8,1.4,2129622,-1643903,23.1,58.1,1.22,1598630,-1643903,-0.842786920892701,1.2954669466507451,False,-0.36821375651542093
SILVER,3,5.0,1h+4h,0.15@0.3,0,True,22.58,50.6,0.73,-530992,-630043,23.78,67.8,1.4,2129622,-1643903,23.1,58.1,1.22,1598630,-1643903,-0.842786920892701,1.2954669466507451,False,-0.36821375651542093
SILVER,3,5.0,1h+4h,0.1@0.3,0,False,22.58,35.1,0.84,-331999,-737528,23.78,65.0,1.45,2402748,-1542032,23.1,48.2,1.28,2070749,-1542032,-0.4501510451128635,1.5581699990661673,False,0.025785508989445344
SILVER,3,5.0,1h+4h,0.1@0.3,0,True,22.58,35.1,0.84,-331999,-737528,23.78,65.0,1.45,2402748,-1542032,23.1,48.2,1.28,2070749,-1542032,-0.4501510451128635,1.5581699990661673,False,0.025785508989445344
SILVER,3,5.0,1h+4h,0.1@0.3,5,False,32.42,37.8,1.11,314278,-517225,35.33,65.4,1.61,4329234,-1114612,33.67,50.2,1.47,4643512,-1114612,0.6076233747402001,3.884072663850739,False,0.5657736546076482
SILVER,3,5.0,1h+4h,0.1@0.3,5,True,32.42,37.8,1.11,314278,-517225,35.33,65.4,1.61,4329234,-1114612,33.67,50.2,1.47,4643512,-1114612,0.6076233747402001,3.884072663850739,False,0.5657736546076482
SILVER,3,5.0,1h+4h,0.15@0.3,5,False,34.25,53.5,1.05,132276,-525808,38.0,69.3,1.53,3902206,-1350399,35.86,60.7,1.39,4034481,-1350399,0.25156711194960896,2.889668905264296,False,0.3108265892818594
SILVER,3,5.0,1h+4h,0.15@0.3,5,True,34.25,53.5,1.05,132276,-525808,38.0,69.3,1.53,3902206,-1350399,35.86,60.7,1.39,4034481,-1350399,0.25156711194960896,2.889668905264296,False,0.3108265892818594
SILVER,3,5.0,1h+4h,0.15@0.3,10,False,32.0,53.9,1.13,338169,-468552,36.11,70.2,1.39,2700990,-1542299,33.76,61.4,1.31,3039158,-1542299,0.7217320596219843,1.7512752066881974,False,0.7323569178900109
SILVER,3,5.0,1h+4h,0.15@0.3,10,True,32.0,53.9,1.13,338169,-468552,36.11,70.2,1.39,2700990,-1542299,33.76,61.4,1.31,3039158,-1542299,0.7217320596219843,1.7512752066881974,False,0.7323569178900109
SILVER,3,5.0,1h+4h,0.2@0.4,0,False,22.58,59.0,0.71,-647061,-663212,23.78,62.1,1.45,2780452,-894182,23.1,60.4,1.25,2133390,-894182,-0.9756473043310435,3.109492251018249,False,-0.23448070428563458
SILVER,3,5.0,1h+4h,0.2@0.4,0,True,22.58,59.0,0.71,-647061,-663212,23.78,62.1,1.45,2780452,-894182,23.1,60.4,1.25,2133390,-894182,-0.9756473043310435,3.109492251018249,False,-0.23448070428563458
SILVER,3,5.0,1h+4h,0.2@0.4,5,False,32.58,60.1,1.04,113355,-516229,34.89,64.3,1.47,3959079,-1058040,33.57,62.0,1.35,4072434,-1058040,0.21958278205989978,3.7418991720539867,False,0.6300158787836035
SILVER,3,5.0,1h+4h,0.2@0.4,5,True,32.58,60.1,1.04,113355,-516229,34.89,64.3,1.47,3959079,-1058040,33.57,62.0,1.35,4072434,-1058040,0.21958278205989978,3.7418991720539867,False,0.6300158787836035
SILVER,3,5.0,1h+4h,0.2@0.4,10,False,30.67,59.8,1.05,142706,-378518,33.0,63.6,1.47,3712231,-1097975,31.67,61.5,1.35,3854938,-1097975,0.377012453833107,3.3809795304993284,False,0.9636715512655929
SILVER,3,5.0,1h+4h,0.2@0.4,10,True,30.67,59.8,1.05,142706,-378518,33.0,63.6,1.47,3712231,-1097975,31.67,61.5,1.35,3854938,-1097975,0.377012453833107,3.3809795304993284,False,0.9636715512655929
SILVER,3,5.0,1h+4h,0.25@0.5,0,False,22.58,58.7,0.75,-620733,-641580,23.78,57.9,1.7,4721346,-898996,23.1,58.4,1.44,4100612,-898996,-0.9675067801365379,5.251798673186532,False,0.15602580847201497
SILVER,3,5.0,1h+4h,0.25@0.5,0,True,22.58,58.7,0.75,-620733,-641580,23.78,57.9,1.7,4721346,-898996,23.1,58.4,1.44,4100612,-898996,-0.9675067801365379,5.251798673186532,False,0.15602580847201497
SILVER,3,5.0,1h+4h,0.25@0.5,5,False,29.42,60.9,1.17,542852,-461993,32.0,59.7,1.56,4736538,-1050976,30.52,60.4,1.46,5279390,-1050976,1.175022132369971,4.50679939408702,False,1.0461410022283937
SILVER,3,5.0,1h+4h,0.25@0.5,5,True,29.42,60.9,1.17,542852,-461993,32.0,59.7,1.56,4736538,-1050976,30.52,60.4,1.46,5279390,-1050976,1.175022132369971,4.50679939408702,False,1.0461410022283937
SILVER,3,5.0,1h+4h,0.25@0.5,10,False,28.08,60.8,1.17,512919,-373429,30.44,58.8,1.54,4468040,-1029139,29.1,59.9,1.44,4980958,-1029139,1.3735382094052684,4.3415320962474455,False,1.438173961796357
SILVER,3,5.0,1h+4h,0.25@0.5,10,True,28.08,60.8,1.17,512919,-373429,30.44,58.8,1.54,4468040,-1029139,29.1,59.9,1.44,4980958,-1029139,1.3735382094052684,4.3415320962474455,False,1.438173961796357
SILVER,3,6.0,D,0.1@0.3,0,False,28.58,39.7,0.97,-87986,-710851,28.44,69.5,1.4,2373402,-1177232,28.52,52.4,1.25,2285416,-1177232,-0.12377558728903806,2.01608688856572,False,1.2193797621731781
SILVER,3,6.0,D,0.1@0.3,0,True,28.58,34.1,1.24,524037,-381148,28.44,56.6,1.22,834911,-736979,28.52,43.7,1.23,1358948,-736979,1.374891118410696,1.1328830265177163,False,1.4506114693347463
SILVER,3,6.0,D,0.1@0.3,5,False,39.5,42.2,1.09,373419,-609017,42.78,67.3,1.4,3737723,-1451230,40.9,53.4,1.31,4111142,-1451230,0.613150371828701,2.575555218676571,False,1.195248985905258
SILVER,3,6.0,D,0.1@0.3,5,True,83.25,31.6,0.92,-337916,-995807,86.11,48.4,1.1,912492,-1610283,84.48,39.0,1.04,574576,-1610283,-0.3393388477887784,0.5666656109516154,False,0.5918671327098133
SILVER,3,6.0,D,0.1@0.3,10,False,37.75,42.4,1.12,455089,-662107,40.11,68.1,1.39,3260399,-1412318,38.76,53.8,1.3,3715488,-1412318,0.6873345244801822,2.3085445345878193,False,1.6544562674024448
SILVER,3,6.0,D,0.1@0.3,10,True,66.42,33.1,1.0,514,-856516,66.11,51.6,1.16,1218760,-1238516,66.29,41.0,1.11,1219274,-1238516,0.0006001055438544055,0.9840486517735741,False,0.7714930407507979
SILVER,3,6.0,D,0.15@0.3,0,False,28.58,58.3,1.0,12862,-591299,28.44,71.5,1.43,2532993,-1069286,28.52,63.9,1.28,2545856,-1069286,0.021752108493334168,2.368863896095151,False,0.9200982552358347
SILVER,3,6.0,D,0.15@0.3,0,True,28.58,43.1,1.21,447169,-381148,28.44,58.2,1.24,912537,-686501,28.52,49.6,1.23,1359707,-686501,1.1732161784923443,1.3292580782839354,False,1.2788920756421844
SILVER,3,6.0,D,0.15@0.3,5,False,42.75,60.0,1.1,391737,-605603,45.44,70.4,1.4,3788013,-1455670,43.9,64.6,1.31,4179750,-1455670,0.6468544574581038,2.602247075229963,False,1.0424173898757068
SILVER,3,6.0,D,0.15@0.3,5,True,85.83,37.2,0.87,-593417,-1248618,87.67,49.8,1.1,941483,-1722645,86.62,42.7,1.03,348065,-1722645,-0.47525904640170175,0.5465333832565619,False,0.330833699864438
SILVER,3,6.0,D,0.15@0.3,10,False,40.0,61.0,1.16,601242,-614949,42.44,70.7,1.37,3120852,-1468655,41.05,65.3,1.3,3722094,-1468655,0.9777103467116786,2.1249728493077,False,1.3442593815317658
SILVER,3,6.0,D,0.15@0.3,10,True,68.08,39.9,0.97,-103457,-866393,67.33,53.0,1.15,1133203,-1194056,67.76,45.5,1.09,1029746,-1194056,-0.11941116791109808,0.9490367285956438,False,0.6287539741204067
SILVER,3,6.0,D,0.2@0.4,10,False,37.0,62.6,1.22,916413,-664834,38.0,68.7,1.6,5202491,-1216211,37.43,65.3,1.48,6118904,-1216211,1.3784087456417693,4.277622057356824,False,1.620283305126205
SILVER,3,6.0,D,0.2@0.4,10,True,66.42,39.8,1.09,337258,-963120,64.44,51.2,1.34,2597091,-1266403,65.57,44.6,1.25,2934349,-1266403,0.3501723565080156,2.050761882276021,False,1.040600487523684
SILVER,3,6.0,D,0.25@0.5,0,False,28.58,57.4,1.2,749710,-657600,28.44,65.6,1.71,5152989,-1118421,28.52,60.9,1.53,5902699,-1118421,1.1400699513381995,4.607378616817817,False,1.6628784277822748
SILVER,3,6.0,D,0.25@0.5,0,True,28.58,42.0,1.39,959580,-554090,28.44,53.9,1.51,2451399,-662931,28.52,47.1,1.47,3410979,-662931,1.7318125214315363,3.6978192300556167,False,1.5401956189998258
SILVER,3,6.0,D,0.2@0.4,0,False,28.58,60.6,1.13,474555,-636840,28.44,69.9,1.71,4647715,-984002,28.52,64.6,1.51,5122270,-984002,0.7451714716412285,4.7232780014674765,False,1.2058090321143289
SILVER,3,6.0,D,0.2@0.4,0,True,28.58,44.9,1.31,725033,-497449,28.44,57.0,1.57,2426587,-648484,28.52,50.1,1.48,3151620,-648484,1.457502176102475,3.741938120292868,False,1.5462309914484471
SILVER,3,6.0,D,0.2@0.4,5,False,38.33,63.0,1.2,847219,-651892,40.22,70.7,1.63,5586218,-1214957,39.14,66.4,1.49,6433436,-1214957,1.2996309204592171,4.597873011143604,False,1.3703162271526386
SILVER,3,6.0,D,0.2@0.4,5,True,83.25,37.5,0.99,-32138,-1120515,83.67,48.9,1.32,2699107,-939233,83.43,42.4,1.21,2666969,-1120515,-0.028681454509756673,2.8737352712266286,False,0.7996783594561732
SILVER,3,6.0,D+1h,0.1@0.3,0,False,16.5,44.4,1.53,889884,-375670,17.33,71.2,1.42,1311944,-606077,16.86,56.2,1.46,2201829,-606077,2.3687917587244125,2.1646490462432992,False,2.6521548163172586
SILVER,3,6.0,D+1h,0.1@0.3,0,True,16.5,44.4,1.53,889884,-375670,17.33,71.2,1.47,1414911,-606077,16.86,56.2,1.49,2304795,-606077,2.3687917587244125,2.3345400006929813,False,2.9855813571186456
SILVER,3,6.0,D+1h,0.1@0.3,5,False,23.58,43.8,1.39,901102,-375670,28.11,68.0,1.4,2445628,-878756,25.52,55.2,1.4,3346730,-878756,2.3986530731759257,2.783056957790331,False,2.5012031799664025
SILVER,3,6.0,D+1h,0.1@0.3,5,True,23.58,43.8,1.39,901102,-375670,28.11,68.0,1.42,2548594,-878756,25.52,55.2,1.41,3449696,-878756,2.3986530731759257,2.9002294152187864,False,2.4020403104618935
SILVER,3,6.0,D,0.25@0.5,5,False,35.83,58.4,1.21,963429,-709142,37.78,65.6,1.56,5502899,-1369417,36.67,61.6,1.45,6466329,-1369417,1.3585840353554013,4.018424628874915,False,1.6934722545269145
SILVER,3,6.0,D,0.25@0.5,5,True,81.42,35.6,1.06,254748,-1207214,82.0,47.0,1.35,3092617,-910942,81.67,40.5,1.25,3347365,-1207214,0.21102140962579957,3.394965870494499,False,1.0513872905569
SILVER,3,6.0,D,0.25@0.5,10,False,34.92,59.2,1.24,1024472,-646610,35.89,65.3,1.64,5784862,-1414908,35.33,61.9,1.51,6809334,-1414908,1.5843738884335226,4.0885075213370765,False,1.9187368626102297
SILVER,3,6.0,D,0.25@0.5,10,True,64.92,38.1,1.16,631346,-974718,62.89,49.5,1.43,3334097,-1339621,64.05,42.9,1.34,3965443,-1339621,0.6477217000199031,2.488836021531463,False,1.309599263801892
SILVER,3,6.0,D+1h,0.1@0.3,10,False,22.83,44.5,1.39,911604,-375670,26.22,69.9,1.44,2302111,-928910,24.29,56.3,1.42,3213715,-928910,2.426608459552267,2.478292837842202,False,2.8000112594154793
SILVER,3,6.0,D+1h,0.1@0.3,10,True,22.83,44.5,1.39,911604,-375670,26.22,69.9,1.46,2405077,-928910,24.29,56.3,1.44,3316682,-928910,2.426608459552267,2.5891388832072,False,2.7811517748950587
SILVER,3,6.0,D+1h,0.15@0.3,0,False,16.5,59.6,1.49,812281,-375670,17.33,73.7,1.45,1389484,-566468,16.86,65.8,1.46,2201765,-566468,2.162219501157931,2.4528905428020646,False,2.4276736464844806
SILVER,3,6.0,D+1h,0.15@0.3,0,True,16.5,59.6,1.49,812281,-375670,17.33,73.7,1.5,1492450,-566468,16.86,65.8,1.49,2304731,-566468,2.162219501157931,2.634658974558139,False,2.683126364623242
SILVER,3,6.0,D+1h,0.15@0.3,5,False,26.17,58.9,1.24,630307,-392114,29.67,71.2,1.4,2488122,-852861,27.67,64.5,1.36,3118429,-852861,1.6074585452189925,2.9173827857059944,False,2.137910365257648
SILVER,3,6.0,D+1h,0.15@0.3,5,True,26.17,58.9,1.24,630307,-392114,29.67,71.2,1.43,2591088,-852861,27.67,64.5,1.37,3221396,-852861,1.6074585452189925,3.0381128929567653,False,1.9820752886644786
SILVER,3,6.0,D+1h,0.15@0.3,10,False,24.5,60.5,1.33,792856,-382914,27.44,72.5,1.42,2234878,-879648,25.76,66.0,1.39,3027735,-879648,2.070585039982868,2.5406503510495106,False,2.403849328974311
SILVER,3,6.0,D+1h,0.15@0.3,10,True,24.5,60.5,1.33,792856,-382914,27.44,72.5,1.45,2337845,-879648,25.76,66.0,1.41,3130701,-879648,2.070585039982868,2.657705127505548,False,2.304872201771105
SILVER,3,6.0,D+1h,0.2@0.4,10,False,22.83,62.4,1.5,1249783,-435354,24.67,70.7,1.7,3701472,-956797,23.62,66.1,1.64,4951254,-956797,2.870728189013998,3.8686074475567964,False,3.152182434304023
SILVER,3,6.0,D+1h,0.2@0.4,10,True,22.83,62.4,1.5,1249783,-435354,24.67,70.7,1.74,3804438,-956797,23.62,66.1,1.66,5054221,-956797,2.870728189013998,3.976222751534547,False,3.1129309452573084
SILVER,3,6.0,D+1h,0.25@0.5,0,False,16.5,58.1,1.66,1327318,-407706,17.33,66.7,1.72,2926151,-487384,16.86,61.9,1.7,4253469,-487384,3.2555763221537086,6.003789619683864,False,2.7014539031400004
SILVER,3,6.0,D+1h,0.25@0.5,0,True,16.5,58.1,1.66,1327318,-407706,17.33,66.7,1.76,3029118,-487384,16.86,61.9,1.73,4356435,-487384,3.2555763221537086,6.2150542488058695,False,2.8670435527197116
SILVER,3,6.0,D+1h,0.2@0.4,0,False,16.5,62.6,1.59,1089409,-375670,17.33,71.8,1.83,2901340,-493071,16.86,66.7,1.75,3990749,-493071,2.8999094950355366,5.884223570236335,False,2.9611086698469222
SILVER,3,6.0,D+1h,0.2@0.4,0,True,16.5,62.6,1.59,1089409,-375670,17.33,71.8,1.89,3004306,-493071,16.86,66.7,1.78,4093715,-493071,2.8999094950355366,6.093049479689538,False,3.1298635344687162
SILVER,3,6.0,D+1h,0.2@0.4,5,False,23.58,64.0,1.48,1219380,-400476,25.89,72.1,1.71,3846516,-896241,24.57,67.6,1.64,5065896,-896241,3.044826656279028,4.291832219235674,False,2.8743009159958133
SILVER,3,6.0,D+1h,0.2@0.4,5,True,23.58,64.0,1.48,1219380,-400476,25.89,72.1,1.74,3949482,-896241,24.57,67.6,1.66,5168862,-896241,3.044826656279028,4.40671872855627,False,2.7422828773661765
SILVER,3,6.0,D+1h,0.25@0.5,5,False,21.67,59.2,1.61,1503457,-489246,24.11,67.3,1.67,3969405,-910942,22.71,62.9,1.65,5472862,-910942,3.073008261692482,4.357472813856425,False,3.3491008810753358
SILVER,3,6.0,D+1h,0.25@0.5,5,True,21.67,59.2,1.61,1503457,-489246,24.11,67.3,1.7,4072371,-910942,22.71,62.9,1.67,5575829,-910942,3.073008261692482,4.470505257195299,False,3.246632522619881
SILVER,3,6.0,D+1h,0.25@0.5,10,False,21.25,59.2,1.64,1543069,-449098,23.0,67.1,1.77,4186911,-1030015,22.0,62.8,1.73,5729980,-1030015,3.4359293517227867,4.064902938306724,False,3.520583576549433
SILVER,3,6.0,D+1h,0.25@0.5,10,True,21.25,59.2,1.64,1543069,-449098,23.0,67.1,1.8,4289877,-1030015,22.0,62.8,1.75,5832946,-1030015,3.4359293517227867,4.164868472789231,False,3.5316056717888213
SILVER,3,6.0,D+4h,0.1@0.3,0,False,14.5,47.1,0.93,-157397,-569401,20.22,68.7,1.47,1991131,-1177232,16.95,58.1,1.29,1833734,-1177232,-0.27642557705378107,1.6913666974733952,False,2.2596552623346025
SILVER,3,6.0,D+4h,0.1@0.3,0,True,14.5,44.3,1.24,340106,-381148,20.22,59.3,1.3,866866,-654906,16.95,52.0,1.28,1206972,-654906,0.8923200436575819,1.323649500844396,False,1.896111780741742
SILVER,3,6.0,D+4h,0.1@0.3,5,False,20.08,48.5,1.16,409780,-506362,31.11,66.8,1.51,3585981,-1180138,24.81,58.3,1.42,3995762,-1180138,0.8092629383721527,3.0386115861026424,False,2.6616107968642395
SILVER,3,6.0,D+4h,0.1@0.3,5,True,38.5,37.0,1.12,307364,-353582,58.11,50.7,1.32,2107357,-912000,46.9,44.3,1.27,2414721,-912000,0.86928633244905,2.3106984649122806,False,1.6211683198259472
SILVER,3,6.0,D+4h,0.1@0.3,10,False,19.08,49.8,1.19,487118,-510954,29.44,67.9,1.49,3075274,-1273821,23.52,59.5,1.41,3562392,-1273821,0.9533500080242057,2.4142120439213985,False,3.3209375893741777
SILVER,3,6.0,D+4h,0.1@0.3,10,True,30.08,41.3,1.23,520739,-349675,45.44,54.5,1.39,2066372,-744590,36.67,48.3,1.35,2587111,-744590,1.4892085507971689,2.7751809720785934,False,2.672675200865846
SILVER,3,6.0,D+4h,0.15@0.3,0,False,14.5,60.3,0.92,-165359,-557279,20.22,71.4,1.5,2126225,-1069286,16.95,66.0,1.31,1960866,-1069286,-0.296725697541088,1.988453042497517,False,1.4658295135154615
SILVER,3,6.0,D+4h,0.15@0.3,0,True,14.5,50.6,1.23,324313,-381148,20.22,61.5,1.34,992017,-566468,16.95,56.2,1.3,1316330,-566468,0.8508846957087536,1.7512321966995488,False,1.349825754341559
SILVER,3,6.0,D+4h,0.15@0.3,5,False,22.58,58.7,1.09,263680,-488320,32.44,70.2,1.51,3623871,-1158447,26.81,64.7,1.39,3887551,-1158447,0.5399737876802096,3.128214756480012,False,1.6938648129185618
SILVER,3,6.0,D+4h,0.15@0.3,5,True,40.83,41.0,1.02,44576,-429704,59.0,52.2,1.33,2133597,-852805,48.62,46.8,1.23,2178173,-852805,0.10373652560832573,2.5018579862922943,False,1.2698205201988273
SILVER,3,6.0,D+4h,0.15@0.3,10,False,20.67,60.5,1.18,460468,-496278,31.0,71.0,1.48,2976863,-1258386,25.1,66.0,1.39,3437331,-1258386,0.9278428622667134,2.3656199290201894,False,2.27365085158296
SILVER,3,6.0,D+4h,0.15@0.3,10,True,31.5,46.0,1.16,390209,-344048,46.33,56.1,1.38,1998595,-685865,37.86,51.3,1.31,2388804,-685865,1.1341702320606426,2.9139772404190327,False,2.1069854669597885
SILVER,3,6.0,D+4h,0.2@0.4,0,False,14.5,63.8,1.22,490626,-551995,20.22,71.4,1.9,4097083,-984002,16.95,67.7,1.68,4587709,-984002,0.8888232683267059,4.163693772980136,False,2.250368571858101
SILVER,3,6.0,D+4h,0.2@0.4,0,True,14.5,51.7,1.43,646155,-381148,20.22,60.4,1.74,2363311,-493071,16.95,56.2,1.64,3009466,-493071,1.6952863454616054,4.7930440038047255,False,2.0260557819606198
SILVER,3,6.0,D+4h,0.2@0.4,5,False,19.08,65.5,1.41,1076276,-472104,28.89,72.3,1.81,5192135,-1155655,23.29,69.1,1.7,6268411,-1155655,2.279743446359277,4.492807109388182,False,2.853560027105954
SILVER,3,6.0,D+4h,0.2@0.4,5,True,38.5,41.8,1.31,796096,-347963,56.44,51.6,1.53,3152133,-693150,46.19,46.9,1.47,3948229,-693150,2.2878754350318857,4.547548149751136,False,2.314193566775795
SILVER,3,6.0,D+4h,0.2@0.4,10,False,18.75,65.3,1.42,1077232,-483428,27.56,70.2,1.78,4879654,-1216211,22.52,67.9,1.68,5956886,-1216211,2.22831941881728,4.012177163337611,False,3.2177440143865064
SILVER,3,6.0,D+4h,0.2@0.4,10,True,30.42,46.8,1.44,1006856,-346798,44.33,54.4,1.59,3143833,-695402,36.38,50.8,1.55,4150689,-695402,2.903292406530603,4.520885761041814,False,3.0321884445801954
SILVER,3,6.0,D+4h,0.25@0.5,0,False,14.5,57.5,1.28,660321,-539152,20.22,67.0,1.83,4330819,-1118421,16.95,62.4,1.66,4991140,-1118421,1.2247399620144226,3.8722618763417356,False,2.0442587969280326
SILVER,3,6.0,D+4h,0.25@0.5,0,True,14.5,47.1,1.45,746179,-381148,20.22,56.6,1.6,2218329,-487384,16.95,52.0,1.55,2964508,-487384,1.957714588558775,4.5515014854816735,False,1.8189965444144778
SILVER,3,6.0,D+4h,0.25@0.5,5,False,17.75,59.6,1.42,1120366,-470575,27.22,67.8,1.73,5138057,-1246366,21.81,64.0,1.64,6258423,-1246366,2.380844711257504,4.122430329453788,False,3.8260065393006917
SILVER,3,6.0,D+4h,0.25@0.5,5,True,37.33,39.5,1.41,1005925,-385975,54.89,49.4,1.55,3504005,-910942,44.86,44.7,1.52,4509929,-910942,2.606192110888011,3.8465731078378207,False,2.949967495096058
SILVER,3,6.0,D+4h,0.25@0.5,10,False,17.25,59.9,1.43,1125243,-470575,26.0,67.1,1.81,5252750,-1414908,21.0,63.7,1.7,6377993,-1414908,2.3912086277426554,3.712432186403639,False,4.23046705512713
SILVER,3,6.0,D+4h,0.25@0.5,10,True,29.17,44.3,1.54,1184675,-346798,42.89,52.3,1.7,3784154,-794732,35.05,48.5,1.65,4968829,-794732,3.4160375780713843,4.761547288897389,False,3.899224640021533
SILVER,3,6.0,D+1h+4h,0.1@0.3,0,False,9.83,54.2,1.4,497466,-375670,13.11,72.0,1.42,1063330,-606077,11.24,63.1,1.42,1560796,-606077,1.324210077993984,1.7544470422075082,False,2.1023094568417564
SILVER,3,6.0,D+1h+4h,0.1@0.3,0,True,9.83,54.2,1.4,497466,-375670,13.11,72.0,1.48,1166296,-606077,11.24,63.1,1.45,1663762,-606077,1.324210077993984,1.9243363467018217,False,2.2484026594306767
SILVER,3,6.0,D+1h+4h,0.1@0.3,5,False,13.58,55.2,1.52,839766,-375670,21.67,69.2,1.58,2740315,-720881,17.05,62.8,1.56,3580081,-720881,2.235382117283786,3.801341691624554,False,2.3523338435518433
SILVER,3,6.0,D+1h+4h,0.1@0.3,5,True,13.58,55.2,1.52,839766,-375670,21.67,69.2,1.62,2843282,-685573,17.05,62.8,1.59,3683047,-685573,2.235382117283786,4.147307434802713,False,2.359003109560388
SILVER,3,6.0,D+1h+4h,0.1@0.3,10,False,13.17,56.3,1.54,861269,-375670,20.33,71.0,1.61,2454076,-771130,16.24,64.2,1.59,3315345,-771130,2.292621183485506,3.1824413523011685,False,3.2850710319940233
SILVER,3,6.0,D+1h+4h,0.1@0.3,10,True,13.17,56.3,1.54,861269,-375670,20.33,71.0,1.65,2557042,-668164,16.24,64.2,1.62,3418311,-668164,2.292621183485506,3.8269676307014446,False,3.3520533498406437
SILVER,3,6.0,D+1h+4h,0.15@0.3,0,False,9.83,63.6,1.39,481673,-375670,13.11,75.4,1.47,1184012,-566468,11.24,69.5,1.44,1665685,-566468,1.282170522000692,2.0901657286907644,False,1.5405406909603656
SILVER,3,6.0,D+1h+4h,0.15@0.3,0,True,9.83,63.6,1.39,481673,-375670,13.11,75.4,1.53,1286978,-566468,11.24,69.5,1.48,1768651,-566468,1.282170522000692,2.271934160446839,False,1.6680529568770148
SILVER,3,6.0,D+1h+4h,0.15@0.3,5,False,15.92,61.3,1.29,564060,-375670,22.56,72.4,1.58,2756354,-729678,18.76,67.0,1.5,3320414,-729678,1.5014773604493306,3.777493634178364,False,1.9915541333179463
SILVER,3,6.0,D+1h+4h,0.15@0.3,5,True,15.92,61.3,1.29,564060,-375670,22.56,72.4,1.62,2859321,-633263,18.76,67.0,1.52,3423380,-633263,1.5014773604493306,4.515218795350431,False,1.9479304071107577
SILVER,3,6.0,D+1h+4h,0.15@0.3,10,False,14.58,63.4,1.41,717820,-375670,21.22,73.8,1.59,2378514,-744919,17.43,68.9,1.53,3096334,-744919,1.910772752681875,3.1929833981949716,False,2.633998551629915
SILVER,3,6.0,D+1h+4h,0.15@0.3,10,True,14.58,63.4,1.41,717820,-375670,21.22,73.8,1.63,2481480,-641953,17.43,68.9,1.56,3199301,-641953,1.910772752681875,3.865516634395353,False,2.6569238149403516
SILVER,3,6.0,D+1h+4h,0.2@0.4,0,False,9.83,65.3,1.62,803515,-375670,13.11,73.7,1.92,2557493,-493071,11.24,69.5,1.82,3361008,-493071,2.1388851917906675,5.186865583252716,False,2.1643514547770546
SILVER,3,6.0,D+1h+4h,0.2@0.4,0,True,9.83,65.3,1.62,803515,-375670,13.11,73.7,1.99,2660459,-493071,11.24,69.5,1.87,3463974,-493071,2.1388851917906675,5.395691492705919,False,2.2539584633475993
SILVER,3,6.0,D+1h+4h,0.2@0.4,5,False,13.58,68.1,1.79,1324081,-375670,20.0,74.4,1.93,3808017,-493071,16.33,71.4,1.89,5132098,-493071,3.5245854074054357,7.723060167805448,False,2.9696996809618548
SILVER,3,6.0,D+1h+4h,0.2@0.4,5,True,13.58,68.1,1.79,1324081,-375670,20.0,74.4,1.98,3910983,-493071,16.33,71.4,1.92,5235065,-493071,3.5245854074054357,7.931886077258651,False,2.9705128798291156
SILVER,3,6.0,D+1h+4h,0.2@0.4,10,False,13.5,67.3,1.81,1339281,-375670,19.22,72.3,1.86,3533097,-673454,15.95,69.9,1.84,4872378,-673454,3.5650464503420554,5.246233595761551,False,3.38819538518792
SILVER,3,6.0,D+1h+4h,0.2@0.4,10,True,13.5,67.3,1.81,1339281,-375670,19.22,72.3,1.91,3636063,-570488,15.95,69.9,1.88,4975344,-570488,3.5650464503420554,6.373601197571202,False,3.463192383822734
SILVER,3,6.0,D+1h+4h,0.25@0.5,0,False,9.83,58.5,1.62,903539,-375670,13.11,67.8,1.73,2412511,-487384,11.24,63.1,1.7,3316050,-487384,2.4051401495993825,4.949918339543358,False,2.0374022076096883
SILVER,3,6.0,D+1h+4h,0.25@0.5,0,True,9.83,58.5,1.62,903539,-375670,13.11,67.8,1.79,2515477,-487384,11.24,63.1,1.73,3419016,-487384,2.4051401495993825,5.1611809168950975,False,2.129024035927732
SILVER,3,6.0,D+1h+4h,0.25@0.5,5,False,12.42,63.8,1.97,1531707,-375670,18.44,69.9,1.86,3922851,-910942,15.0,67.0,1.89,5454558,-910942,4.077267282455346,4.306367474548325,False,3.753388536878345
SILVER,3,6.0,D+1h+4h,0.25@0.5,5,True,12.42,63.8,1.97,1531707,-375670,18.44,69.9,1.91,4025817,-910942,15.0,67.0,1.92,5557524,-910942,4.077267282455346,4.419399917887198,False,3.7784271368372893
SILVER,3,6.0,D+1h+4h,0.25@0.5,10,False,12.25,63.3,1.96,1516904,-375670,17.78,68.8,1.93,3945023,-589538,14.62,66.1,1.94,5461927,-589538,4.037863018074374,6.691719617734565,False,4.348499720185997
SILVER,3,6.0,D+1h+4h,0.25@0.5,10,True,12.25,63.3,1.96,1516904,-375670,17.78,68.8,1.98,4047989,-589538,14.62,66.1,1.97,5564894,-589538,4.037863018074374,6.866375025867713,False,4.476603338977089
SILVER,3,6.0,1h,0.1@0.3,0,False,29.42,38.5,1.09,250315,-519623,26.89,71.5,1.55,2558043,-696883,28.33,51.9,1.37,2808357,-696883,0.4817242500813089,3.670692210887624,False,0.7815718401097562
SILVER,3,6.0,1h,0.1@0.3,0,True,29.42,38.5,1.09,250315,-519623,26.89,71.5,1.58,2661009,-696883,28.33,51.9,1.39,2911324,-696883,0.4817242500813089,3.8184444160641027,False,0.7815718401097562
SILVER,3,6.0,1h,0.1@0.3,5,False,44.17,38.3,0.97,-139459,-718929,42.22,68.2,1.64,5709607,-926653,43.33,50.8,1.42,5570149,-926653,-0.19398160319030114,6.161537274470595,False,0.45311778178148593
SILVER,3,6.0,1h,0.1@0.3,5,True,44.17,38.3,0.97,-139459,-718929,42.22,68.2,1.66,5812574,-823687,43.33,50.8,1.43,5673115,-823687,-0.19398160319030114,7.056775207087158,False,0.45311778178148593
SILVER,3,6.0,1h,0.1@0.3,10,False,41.58,39.9,1.01,37115,-676824,39.56,69.4,1.63,4947240,-979417,40.71,52.2,1.42,4984355,-979417,0.054837003415954516,5.05120903557933,False,0.6819034499095478
SILVER,3,6.0,1h,0.1@0.3,10,True,41.58,39.9,1.01,37115,-676824,39.56,69.4,1.65,5050207,-876451,40.71,52.2,1.43,5087322,-876451,0.054837003415954516,5.762109918295489,False,0.6819034499095478
SILVER,3,6.0,1h,0.15@0.3,0,False,29.42,54.7,1.02,71140,-519623,26.89,73.6,1.57,2656944,-586680,28.33,62.4,1.36,2728085,-586680,0.1369069498463309,4.528778891388832,False,0.5848394635497357
SILVER,3,6.0,1h,0.15@0.3,0,True,29.42,54.7,1.02,71140,-519623,26.89,73.6,1.6,2759911,-586680,28.33,62.4,1.38,2831051,-586680,0.1369069498463309,4.704286834390127,False,0.5848394635497357
SILVER,3,6.0,1h,0.15@0.3,5,False,48.33,55.2,0.9,-475873,-910008,44.56,70.3,1.65,5913252,-913592,46.71,61.4,1.39,5437379,-913592,-0.522932765426238,6.4725304074466505,False,0.15624494072370032
SILVER,3,6.0,1h,0.15@0.3,5,True,48.33,55.2,0.9,-475873,-910008,44.56,70.3,1.67,6016218,-810626,46.71,61.4,1.4,5540345,-910008,-0.522932765426238,7.421693851418533,False,0.15624494072370032
SILVER,3,6.0,1h,0.15@0.3,10,False,44.33,57.1,0.98,-82173,-622101,41.56,71.7,1.63,5062581,-928805,43.14,63.1,1.41,4980409,-928805,-0.13208948386194524,5.450639262277873,False,0.48470645636176735
SILVER,3,6.0,1h,0.15@0.3,10,True,44.33,57.1,0.98,-82173,-622101,41.56,71.7,1.65,5165548,-825838,43.14,63.1,1.42,5083375,-825838,-0.13208948386194524,6.254916823880713,False,0.48470645636176735
SILVER,3,6.0,1h,0.2@0.4,0,False,29.42,62.3,1.12,393766,-627088,26.89,70.2,1.71,3884492,-512649,28.33,65.5,1.49,4278259,-627088,0.627927818743143,7.577293625853167,False,1.1076658591387072
SILVER,3,6.0,1h,0.2@0.4,0,True,29.42,62.3,1.12,393766,-627088,26.89,70.2,1.74,3987458,-503110,28.33,65.5,1.51,4381225,-627088,0.627927818743143,7.925618651984656,False,1.1076658591387072
SILVER,3,6.0,1h,0.2@0.4,5,False,42.83,63.8,1.05,230766,-760879,40.0,70.0,1.92,7710494,-658099,41.62,66.4,1.61,7941260,-760879,0.30328869636302225,11.71631319907795,False,1.034452030813179
SILVER,3,6.0,1h,0.2@0.4,5,True,42.83,63.8,1.05,230766,-760879,40.0,70.0,1.95,7813460,-658099,41.62,66.4,1.63,8044227,-760879,0.30328869636302225,11.872772941457136,False,1.034452030813179
SILVER,3,6.0,1h,0.2@0.4,10,False,40.83,63.3,1.09,395315,-760879,37.78,69.4,1.86,6920900,-718809,39.52,65.8,1.59,7316215,-760879,0.5195504147177147,9.62828790401901,False,1.2760349279486514
SILVER,3,6.0,1h,0.2@0.4,10,True,40.83,63.3,1.09,395315,-760879,37.78,69.4,1.88,7023866,-718809,39.52,65.8,1.6,7419181,-760879,0.5195504147177147,9.771533188927796,False,1.2760349279486514
SILVER,3,6.0,1h,0.25@0.5,0,False,29.42,60.3,1.23,782154,-539038,26.89,65.3,1.66,4097306,-533599,28.33,62.4,1.51,4879460,-539038,1.4510182955561575,7.6786238355019405,False,1.452448525674859
SILVER,3,6.0,1h,0.25@0.5,0,True,29.42,60.3,1.23,782154,-539038,26.89,65.3,1.68,4200272,-533599,28.33,62.4,1.52,4982426,-539038,1.4510182955561575,7.871588964746936,False,1.452448525674859
SILVER,3,6.0,1h,0.25@0.5,5,False,39.58,61.5,1.15,683909,-760879,37.78,65.0,1.75,6803011,-910942,38.81,62.9,1.55,7486920,-910942,0.8988406829469601,7.4681055434923405,False,1.6234696795057557
SILVER,3,6.0,1h,0.25@0.5,5,True,39.58,61.5,1.15,683909,-760879,37.78,65.0,1.77,6905977,-910942,38.81,62.9,1.56,7589886,-910942,0.8988406829469601,7.581137986831214,False,1.6234696795057557
SILVER,3,6.0,1h,0.25@0.5,10,False,38.17,61.1,1.19,825629,-760879,35.78,65.2,1.84,7050405,-808769,37.14,62.8,1.62,7876034,-808769,1.0850989447730848,8.717452078405577,False,1.726931284686747
SILVER,3,6.0,1h,0.25@0.5,10,True,38.17,61.1,1.19,825629,-760879,35.78,65.2,1.86,7153371,-808769,37.14,62.8,1.63,7979000,-808769,1.0850989447730848,8.844764079731048,False,1.726931284686747
SILVER,3,6.0,1h+4h,0.1@0.3,0,False,16.75,46.8,1.24,398561,-375670,16.33,72.8,1.61,1766143,-606077,16.57,57.8,1.47,2164703,-606077,1.0609337982804057,2.9140571247547755,False,1.5038018758077958
SILVER,3,6.0,1h+4h,0.1@0.3,0,True,16.75,46.8,1.24,398561,-375670,16.33,72.8,1.67,1869109,-606077,16.57,57.8,1.51,2267670,-606077,1.0609337982804057,3.083946429249089,False,1.5038018758077958
SILVER,3,6.0,1h+4h,0.1@0.3,5,False,23.92,46.0,1.2,495377,-407841,26.56,68.6,1.75,4524984,-858077,25.05,56.3,1.59,5020361,-858077,1.2146326632192448,5.27340087194972,False,1.5059696002318583
SILVER,3,6.0,1h+4h,0.1@0.3,5,True,23.92,46.0,1.2,495377,-407841,26.56,68.6,1.78,4627950,-858077,25.05,56.3,1.61,5123327,-858077,1.2146326632192448,5.393397096064805,False,1.5059696002318583
SILVER,3,6.0,1h+4h,0.1@0.3,10,False,22.67,47.8,1.25,595998,-377989,24.78,70.9,1.85,4401228,-951761,23.57,58.2,1.66,4997226,-951761,1.576760170269505,4.624299587816689,False,2.1343903983154267
SILVER,3,6.0,1h+4h,0.1@0.3,10,True,22.67,47.8,1.25,595998,-377989,24.78,70.9,1.89,4504194,-951761,23.57,58.2,1.69,5100192,-951761,1.576760170269505,4.732484310662025,False,2.1343903983154267
SILVER,3,6.0,1h+4h,0.15@0.3,0,False,16.75,57.7,1.15,246404,-375670,16.33,75.5,1.67,1937238,-566468,16.57,65.2,1.48,2183642,-566468,0.6559054489312428,3.4198542547857955,False,1.0979759608034882
SILVER,3,6.0,1h+4h,0.15@0.3,0,True,16.75,57.7,1.15,246404,-375670,16.33,75.5,1.73,2040204,-566468,16.57,65.2,1.51,2286608,-566468,0.6559054489312428,3.60162268654187,False,1.0979759608034882
SILVER,3,6.0,1h+4h,0.2@0.4,10,False,22.58,66.1,1.5,1154908,-375670,23.78,70.6,2.06,5644293,-906705,23.1,68.0,1.89,6799201,-906705,3.0742619852530146,6.225059969890979,False,2.892783811581187
SILVER,3,6.0,1h+4h,0.2@0.4,10,True,22.58,66.1,1.5,1154908,-375670,23.78,70.6,2.1,5747259,-906705,23.1,68.0,1.92,6902168,-906705,3.0742619852530146,6.338620609790395,False,2.892783811581187
SILVER,3,6.0,1h+4h,0.25@0.5,0,False,16.75,61.2,1.42,830969,-375670,16.33,66.7,1.78,3002819,-487384,16.57,63.5,1.66,3833788,-487384,2.2119652886842176,6.161094742543867,False,1.6176733326000043
SILVER,3,6.0,1h+4h,0.25@0.5,0,True,16.75,61.2,1.42,830969,-375670,16.33,66.7,1.83,3105786,-487384,16.57,63.5,1.69,3936754,-487384,2.2119652886842176,6.3723593716658735,False,1.6176733326000043
SILVER,3,6.0,1h+4h,0.2@0.4,0,False,16.75,63.7,1.36,642517,-375670,16.33,72.8,1.98,3187476,-493071,16.57,67.5,1.76,3829993,-493071,1.7103228897702771,6.46453756152765,False,1.7337129471431905
SILVER,3,6.0,1h+4h,0.2@0.4,0,True,16.75,63.7,1.36,642517,-375670,16.33,72.8,2.04,3290442,-493071,16.57,67.5,1.8,3932960,-493071,1.7103228897702771,6.673363470980853,False,1.7337129471431905
SILVER,3,6.0,1h+4h,0.2@0.4,5,False,23.08,65.7,1.45,1096001,-375670,25.0,71.6,2.05,5762747,-846148,23.9,68.3,1.87,6858748,-846148,2.917456810498576,6.8105662366394535,False,2.306070862597586
SILVER,3,6.0,1h+4h,0.2@0.4,5,True,23.08,65.7,1.45,1096001,-375670,25.0,71.6,2.09,5865714,-846148,23.9,68.3,1.89,6961714,-846148,2.917456810498576,6.932255350127874,False,2.306070862597586
SILVER,3,6.0,1h+4h,0.15@0.3,5,False,27.17,56.7,1.07,200739,-498510,27.44,71.3,1.76,4558125,-842663,27.29,63.0,1.54,4758864,-842663,0.40267798038153696,5.409190862776697,False,1.2181853650799972
SILVER,3,6.0,1h+4h,0.15@0.3,5,True,27.17,56.7,1.07,200739,-498510,27.44,71.3,1.79,4661091,-842663,27.29,63.0,1.56,4861830,-842663,0.40267798038153696,5.531382059020035,False,1.2181853650799972
SILVER,3,6.0,1h+4h,0.15@0.3,10,False,24.5,58.8,1.22,534735,-393714,25.67,73.2,1.84,4339818,-869450,25.0,65.1,1.64,4874553,-869450,1.3581813194349197,4.991452067398931,False,1.822103777421149
SILVER,3,6.0,1h+4h,0.15@0.3,10,True,24.5,58.8,1.22,534735,-393714,25.67,73.2,1.87,4442784,-869450,25.0,65.1,1.66,4977519,-869450,1.3581813194349197,5.109878658922307,False,1.822103777421149
SILVER,3,6.0,1h+4h,0.25@0.5,5,False,21.5,64.0,1.56,1322969,-375670,23.33,66.7,1.94,5676683,-910942,22.29,65.2,1.84,6999653,-910942,3.5216253626853353,6.2316623890434295,False,3.169433712776293
SILVER,3,6.0,1h+4h,0.25@0.5,5,True,21.5,64.0,1.56,1322969,-375670,23.33,66.7,1.98,5779649,-910942,22.29,65.2,1.86,7102619,-910942,3.5216253626853353,6.344694832382303,False,3.169433712776293
SILVER,3,6.0,1h+4h,0.25@0.5,10,False,20.83,63.6,1.6,1381294,-375670,22.22,67.0,2.09,5953447,-1006035,21.43,65.1,1.95,7334741,-1006035,3.6768813054010168,5.917733478457509,False,3.572474178418901
SILVER,3,6.0,1h+4h,0.25@0.5,10,True,20.83,63.6,1.6,1381294,-375670,22.22,67.0,2.13,6056413,-1006035,21.43,65.1,1.97,7437707,-1006035,3.6768813054010168,6.020081806298986,False,3.572474178418901
SILVER,5,4.0,D,0.1@0.3,0,False,31.33,38.6,1.21,606291,-678815,31.33,68.8,1.24,1588805,-1363603,31.33,51.5,1.23,2195096,-1363603,0.8931608759382159,1.1651521740565252,False,1.529546617051929
SILVER,5,4.0,D,0.1@0.3,0,True,31.33,35.6,1.47,911316,-534775,31.33,59.2,1.42,1854973,-633533,31.33,45.7,1.43,2766288,-633533,1.7041110747510635,2.9279816521002062,False,1.4835633415878986
SILVER,5,4.0,D,0.1@0.3,5,False,42.75,40.5,1.3,1083292,-730515,46.67,71.7,1.42,3703734,-1190971,44.43,54.6,1.38,4787026,-1190971,1.4829154774371505,3.1098439844463046,False,1.50945759605605
SILVER,5,4.0,D,0.1@0.3,5,True,76.92,33.3,1.14,555842,-1132575,78.67,53.8,1.32,2764182,-998879,77.67,42.2,1.27,3320024,-1132575,0.49077721122221485,2.7672841255046907,False,1.0186606136396923
SILVER,5,4.0,D,0.1@0.3,10,False,41.42,40.0,1.27,973820,-813578,42.67,70.1,1.39,3286049,-1190971,41.95,53.1,1.36,4259869,-1190971,1.196959603135778,2.759134353397354,False,1.5251808192359346
SILVER,5,4.0,D,0.1@0.3,10,True,63.33,34.9,1.25,846961,-1016542,62.0,55.4,1.36,2673454,-814864,62.76,43.6,1.32,3520415,-1016542,0.8331785602562413,3.280859137230262,False,1.1424922380946818
SILVER,5,4.0,D,0.15@0.3,0,False,31.33,56.4,1.14,406103,-647307,31.33,72.7,1.32,2050203,-1314084,31.33,63.4,1.26,2456306,-1314084,0.6273731011714688,1.5601765183960843,False,1.0717150350470361
SILVER,5,4.0,D,0.15@0.3,0,True,31.33,44.9,1.32,620527,-546395,31.33,61.0,1.49,2180677,-589769,31.33,51.8,1.44,2801204,-589769,1.1356747408010688,3.6975103811831413,False,1.2000998284292217
SILVER,5,4.0,D,0.15@0.3,5,False,45.67,57.5,1.25,955491,-744225,48.56,74.6,1.47,4319493,-1163836,46.9,65.1,1.41,5274984,-1163836,1.2838738284792905,3.7114275550850806,False,1.3767144786513457
SILVER,5,4.0,D,0.15@0.3,5,True,79.5,40.1,1.09,372959,-1206992,79.89,54.9,1.37,3270955,-822036,79.67,46.5,1.28,3643913,-1206992,0.30899873404297623,3.9790897235644183,False,0.8181921866339332
SILVER,5,4.0,D,0.15@0.3,10,False,43.42,58.0,1.28,985277,-820075,44.11,73.3,1.45,3834011,-1163836,43.71,64.6,1.4,4819288,-1163836,1.2014474285888486,3.294288026835396,False,1.439512736187446
SILVER,5,4.0,D,0.15@0.3,10,True,65.33,42.6,1.21,729362,-1092942,62.78,56.6,1.42,3172536,-712918,64.24,48.5,1.35,3901898,-1092942,0.6673382485072401,4.450071396710421,False,1.0694910319379591
SILVER,5,4.0,D,0.2@0.4,0,False,31.33,60.6,1.03,116706,-967239,31.33,66.3,1.43,3315224,-1264555,31.33,63.1,1.31,3431930,-1264555,0.12065890643367358,2.6216526762378862,False,1.2278398925346101
SILVER,5,4.0,D,0.2@0.4,0,True,31.33,47.1,1.32,731733,-626027,31.33,57.4,1.61,3031136,-578710,31.33,51.5,1.52,3762869,-626027,1.1688521421600027,5.237746021323288,False,1.7156465542591253
SILVER,5,4.0,D,0.2@0.4,5,False,43.58,63.9,1.17,694881,-843634,45.0,69.1,1.46,4736914,-1136691,44.19,66.2,1.38,5431795,-1136691,0.8236759068506011,4.167283808880338,False,1.458273225287833
SILVER,5,4.0,D,0.2@0.4,5,True,77.5,41.1,1.06,262223,-1200598,78.33,52.5,1.38,3548039,-1238943,77.86,46.0,1.28,3810262,-1238943,0.2184103255211153,2.8637629011181307,False,0.8949889661547965
SILVER,5,4.0,D,0.2@0.4,10,False,42.08,63.4,1.13,549162,-858034,41.22,68.5,1.53,4944564,-1136691,41.71,65.5,1.41,5493726,-1136691,0.640023588808835,4.349963182606355,False,1.5931833580937527
SILVER,5,4.0,D,0.2@0.4,10,True,64.17,44.2,1.13,505221,-1061681,61.22,53.9,1.5,3912554,-949622,62.9,48.2,1.38,4417775,-1061681,0.4758689286141506,4.120117267712837,False,1.0680082919672715
SILVER,5,4.0,D,0.25@0.5,0,False,31.33,61.7,1.23,818326,-700373,31.33,60.6,1.45,3922323,-1430262,31.33,61.2,1.39,4740650,-1430262,1.1684145448211167,2.7423807666008044,False,1.7795119860065705
SILVER,5,4.0,D,0.25@0.5,0,True,31.33,46.8,1.43,1051182,-596342,31.33,53.5,1.69,3897667,-563283,31.33,49.7,1.61,4948848,-596342,1.7627166961240361,6.919553758945326,False,1.6376684482641495
SILVER,5,4.0,D+1h,0.1@0.3,0,False,18.33,41.8,1.78,1170033,-406645,19.11,70.3,1.57,2031046,-754631,18.67,54.3,1.63,3201079,-754631,2.8772836257669465,2.691442572595083,False,2.3473759176663997
SILVER,5,4.0,D+1h,0.1@0.3,0,True,18.33,41.8,1.78,1170033,-406645,19.11,70.3,1.57,2031046,-754631,18.67,54.3,1.63,3201079,-754631,2.8772836257669465,2.691442572595083,False,2.5387008074300894
SILVER,5,4.0,D+1h,0.1@0.3,5,False,25.58,40.7,1.72,1502841,-614826,29.33,72.0,1.74,3866706,-1014806,27.19,55.2,1.74,5369548,-1014806,2.4443354705233675,3.8102908339130828,False,2.681782535683966
SILVER,5,4.0,D+1h,0.1@0.3,5,True,25.58,40.7,1.72,1502841,-614826,29.33,72.0,1.74,3866706,-1014806,27.19,55.2,1.74,5369548,-1014806,2.4443354705233675,3.8102908339130828,False,2.5910982225183936
SILVER,5,4.0,D,0.25@0.5,5,False,40.33,63.2,1.32,1360729,-819461,41.22,64.2,1.48,5008791,-1109535,40.71,63.6,1.43,6369520,-1109535,1.660517095993586,4.51431545647501,False,1.807818033767185
SILVER,5,4.0,D,0.25@0.5,5,True,75.75,40.5,1.12,544657,-1145401,76.11,49.9,1.39,3690965,-1264765,75.9,44.5,1.31,4235622,-1264765,0.4755164348555659,2.9183010282542607,False,1.160225129752823
SILVER,5,4.0,D,0.25@0.5,10,False,39.33,62.9,1.26,1133583,-872777,38.67,63.5,1.5,4931402,-1109535,39.05,63.2,1.43,6064984,-1109535,1.298823181637463,4.444566417463172,False,1.8192210313163284
SILVER,5,4.0,D,0.25@0.5,10,True,62.25,42.8,1.19,744004,-1036803,59.89,50.8,1.45,3783615,-954747,61.24,46.2,1.36,4527619,-1036803,0.7175943742446733,3.9629503941881987,False,1.1862575341256885
SILVER,5,4.0,D+1h,0.1@0.3,10,False,24.92,41.1,1.7,1439320,-620874,27.22,71.0,1.7,3509296,-875595,25.9,54.6,1.7,4948616,-875595,2.318215934311954,4.007898628932326,False,2.7651907786343712
SILVER,5,4.0,D+1h,0.1@0.3,10,True,24.92,41.1,1.7,1439320,-620874,27.22,71.0,1.7,3509296,-875595,25.9,54.6,1.7,4948616,-875595,2.318215934311954,4.007898628932326,False,2.83995072485918
SILVER,5,4.0,D+1h,0.15@0.3,0,False,18.33,55.9,1.6,873546,-416765,19.11,73.3,1.66,2328830,-589769,18.67,63.5,1.64,3202376,-589769,2.0960157402852926,3.948715514040243,False,2.0865827949800595
SILVER,5,4.0,D+1h,0.15@0.3,0,True,18.33,55.9,1.6,873546,-416765,19.11,73.3,1.66,2328830,-589769,18.67,63.5,1.64,3202376,-589769,2.0960157402852926,3.948715514040243,False,2.1904754951074494
SILVER,5,4.0,D+1h,0.2@0.4,0,False,18.33,60.9,1.56,991540,-486952,19.11,69.8,1.78,3190741,-722532,18.67,64.8,1.71,4182281,-722532,2.036217122016133,4.416054929055045,False,2.3757251780944615
SILVER,5,4.0,D+1h,0.2@0.4,0,True,18.33,60.9,1.56,991540,-486952,19.11,69.8,1.78,3190741,-722532,18.67,64.8,1.71,4182281,-722532,2.036217122016133,4.416054929055045,False,2.598207800059339
SILVER,5,4.0,D+1h,0.2@0.4,5,False,26.0,62.2,1.52,1251877,-627640,29.0,72.0,1.78,4637504,-1257729,27.29,66.7,1.7,5889382,-1257729,1.9945781020967435,3.6872044772761066,False,2.3939408393861212
SILVER,5,4.0,D+1h,0.2@0.4,5,True,26.0,62.2,1.52,1251877,-627640,29.0,72.0,1.78,4637504,-1257729,27.29,66.7,1.7,5889382,-1257729,1.9945781020967435,3.6872044772761066,False,2.3423504175464713
SILVER,5,4.0,D+1h,0.15@0.3,5,False,28.08,55.8,1.61,1321075,-662077,30.44,74.1,1.77,4266800,-945709,29.1,64.0,1.73,5587876,-945709,1.9953494835192886,4.51174727109502,False,2.5128611752798053
SILVER,5,4.0,D+1h,0.15@0.3,5,True,28.08,55.8,1.61,1321075,-662077,30.44,74.1,1.77,4266800,-945709,29.1,64.0,1.73,5587876,-945709,1.9953494835192886,4.51174727109502,False,2.4203371879329953
SILVER,5,4.0,D+1h,0.15@0.3,10,False,26.83,56.2,1.63,1328193,-666554,27.89,73.3,1.76,3919754,-807970,27.29,63.7,1.72,5247948,-807970,1.9926262538368984,4.851360817852148,False,2.6985201431510513
SILVER,5,4.0,D+1h,0.15@0.3,10,True,26.83,56.2,1.63,1328193,-666554,27.89,73.3,1.76,3919754,-807970,27.29,63.7,1.72,5247948,-807970,1.9926262538368984,4.851360817852148,False,2.7198600421002226
SILVER,5,4.0,D+1h,0.2@0.4,10,False,25.58,62.5,1.46,1139404,-648054,26.44,71.4,1.9,4752636,-1073048,25.95,66.4,1.76,5892040,-1073048,1.758192990090332,4.429099164249875,False,2.407657320634653
SILVER,5,4.0,D+1h,0.2@0.4,10,True,25.58,62.5,1.46,1139404,-648054,26.44,71.4,1.9,4752636,-1073048,25.95,66.4,1.76,5892040,-1073048,1.758192990090332,4.429099164249875,False,2.473699147303204
SILVER,5,4.0,D+1h,0.25@0.5,0,False,18.33,60.9,1.67,1317968,-455857,19.11,63.4,1.85,4050080,-769007,18.67,62.0,1.79,5368047,-769007,2.8911873679684637,5.266636064431143,False,2.385082519105671
SILVER,5,4.0,D+1h,0.25@0.5,0,True,18.33,60.9,1.67,1317968,-455857,19.11,63.4,1.85,4050080,-769007,18.67,62.0,1.79,5368047,-769007,2.8911873679684637,5.266636064431143,False,2.544571766801162
SILVER,5,4.0,D+1h,0.25@0.5,5,False,24.25,62.2,1.59,1520804,-578059,26.78,66.4,1.76,4704677,-1116058,25.33,64.1,1.71,6225481,-1116058,2.6308802388683508,4.215441312189868,False,2.8082247523877353
SILVER,5,4.0,D+1h,0.25@0.5,5,True,24.25,62.2,1.59,1520804,-578059,26.78,66.4,1.76,4704677,-1116058,25.33,64.1,1.71,6225481,-1116058,2.6308802388683508,4.215441312189868,False,2.594300786113285
SILVER,5,4.0,D+1h,0.25@0.5,10,False,23.67,61.3,1.52,1365000,-588679,25.11,65.0,1.76,4548411,-1133568,24.29,62.9,1.68,5913411,-1133568,2.318750966146236,4.012473005589431,False,2.622634710547837
SILVER,5,4.0,D+1h,0.25@0.5,10,True,23.67,61.3,1.52,1365000,-588679,25.11,65.0,1.76,4548411,-1133568,24.29,62.9,1.68,5913411,-1133568,2.318750966146236,4.012473005589431,False,2.5784995033149785
SILVER,5,4.0,D+4h,0.1@0.3,0,False,16.58,45.7,1.22,418665,-477063,22.11,67.3,1.24,1249673,-1363603,18.95,56.5,1.23,1668338,-1363603,0.8775884946013419,0.9164492891259406,False,1.687380639650476
SILVER,5,4.0,D+4h,0.1@0.3,0,True,16.58,45.7,1.44,581306,-325013,22.11,59.8,1.43,1520605,-1005341,18.95,52.8,1.43,2101911,-1005341,1.7885623036616998,1.512526595453682,False,2.021984536759224
SILVER,5,4.0,D+4h,0.1@0.3,5,False,21.42,46.7,1.42,996053,-499528,33.22,70.2,1.51,3531588,-1190971,26.48,59.4,1.49,4527640,-1190971,1.99398832497878,2.9653014221169114,False,2.4201439989153535
SILVER,5,4.0,D+4h,0.1@0.3,5,True,36.17,40.1,1.45,1019009,-490077,53.78,55.8,1.56,3415533,-781055,43.71,48.4,1.53,4434542,-781055,2.079283459537991,4.372973734244067,False,2.347872637820208
SILVER,5,4.0,D+4h,0.1@0.3,10,False,21.08,47.0,1.39,914189,-536183,31.0,69.9,1.52,3317781,-1190971,25.33,59.0,1.49,4231970,-1190971,1.7049943769198204,2.785778159165924,False,2.626793820318117
SILVER,5,4.0,D+4h,0.1@0.3,10,True,29.42,44.2,1.6,1174782,-428500,43.22,59.1,1.62,3260949,-603871,35.33,52.0,1.61,4435731,-603871,2.741614935822637,5.400075512816479,False,2.8024426487677863
SILVER,5,4.0,D+4h,0.15@0.3,0,False,16.58,59.3,1.09,167814,-459775,22.11,71.9,1.31,1609500,-1314084,18.95,65.6,1.25,1777314,-1314084,0.3649915719645479,1.2248075465495356,False,1.0180299159328468
SILVER,5,4.0,D+4h,0.15@0.3,0,True,16.58,52.3,1.22,290831,-324727,22.11,62.3,1.52,1820119,-874615,18.95,57.3,1.44,2110950,-874615,0.8956169336088469,2.081051662731602,False,1.4776099835677043
SILVER,5,4.0,D+4h,0.15@0.3,5,False,23.5,57.1,1.34,846257,-536703,34.33,73.1,1.56,3995681,-1163836,28.14,65.5,1.5,4841938,-1163836,1.5767696472723276,3.433199351111325,False,2.1095725471795572
SILVER,5,4.0,D+4h,0.15@0.3,5,True,38.17,44.3,1.36,836301,-545219,54.67,57.1,1.6,3807188,-766952,45.24,50.9,1.54,4643489,-766952,1.5338808808937325,4.96404990142799,False,1.9785139655952533
SILVER,5,4.0,D+4h,0.15@0.3,10,False,22.5,58.5,1.37,864571,-557417,31.78,73.1,1.58,3755304,-1163836,26.48,66.0,1.52,4619875,-1163836,1.5510309158134754,3.2266608010063274,False,2.32015281789315
SILVER,5,4.0,D+4h,0.15@0.3,10,True,30.83,49.5,1.54,1077277,-468679,43.67,60.6,1.69,3686397,-589769,36.33,55.2,1.65,4763674,-589769,2.2985390853867997,6.250577768583971,False,2.5022997852281863
SILVER,5,4.0,D+4h,0.2@0.4,0,False,16.58,59.3,0.98,-53637,-670010,22.11,64.8,1.45,2836924,-1264555,18.95,62.1,1.32,2783287,-1264555,-0.08005402904434263,2.2434168541502744,False,1.1454219759706468
SILVER,5,4.0,D+4h,0.2@0.4,0,True,16.58,50.3,1.27,422695,-385467,22.11,58.3,1.7,2790870,-698335,18.95,54.3,1.58,3213565,-698335,1.0965789548781089,3.9964630156013947,False,1.5212537614487425
SILVER,5,4.0,D+4h,0.2@0.4,5,False,22.5,63.3,1.27,725625,-478210,31.78,66.8,1.5,4161600,-1136691,26.48,65.1,1.45,4887224,-1136691,1.5173773028585769,3.661153294958788,False,2.0517735656338627
SILVER,5,4.0,D+4h,0.2@0.4,5,True,37.0,44.8,1.31,791191,-508756,53.11,53.8,1.56,3903975,-947351,43.9,49.5,1.5,4695166,-947351,1.555148243951914,4.120938279476139,False,2.101404294922355
SILVER,5,4.0,D+4h,0.2@0.4,10,False,22.0,62.9,1.21,564453,-513342,29.33,67.4,1.64,4671109,-1136691,25.14,65.2,1.52,5235562,-1136691,1.099565202145938,4.10939208632777,False,2.190889716767857
SILVER,5,4.0,D+4h,0.2@0.4,10,True,30.33,49.5,1.37,871294,-452823,42.11,56.7,1.74,4250914,-729972,35.38,53.2,1.63,5122208,-729972,1.9241381290261317,5.823393226041547,False,2.508512108091106
SILVER,5,4.0,D+4h,0.25@0.5,0,False,16.58,58.3,1.2,473446,-492531,22.11,60.3,1.58,4004164,-1430262,18.95,59.3,1.48,4477610,-1430262,0.9612511699771182,2.7996017512875264,False,1.764136380306614
SILVER,5,4.0,D+4h,0.25@0.5,0,True,16.58,48.2,1.38,679029,-376746,22.11,55.8,1.87,3862967,-644090,18.95,52.0,1.73,4541996,-644090,1.8023522479336211,5.997557794718129,False,1.6098776409886577
SILVER,5,4.0,D+4h,0.25@0.5,5,False,20.42,61.6,1.45,1234332,-425197,28.67,63.2,1.62,4895535,-1109535,23.95,62.4,1.57,6129867,-1109535,2.9029649785863962,4.4122402628128,False,2.6897237408817767
SILVER,5,4.0,D+4h,0.25@0.5,5,True,35.83,43.3,1.36,964709,-495046,51.44,52.5,1.68,4533881,-821619,42.52,48.0,1.59,5498590,-821619,1.948725976979917,5.518228035135507,False,2.5005737278809343
SILVER,5,4.0,D+4h,0.25@0.5,10,False,20.42,62.4,1.36,1023231,-467420,27.0,63.0,1.68,5110360,-1109535,23.24,62.7,1.6,6133591,-1109535,2.1891040177998375,4.605857408734289,False,2.8302771531240194
SILVER,5,4.0,D+4h,0.25@0.5,10,True,29.25,47.6,1.42,1037429,-437159,40.78,54.5,1.76,4526231,-651704,34.19,51.1,1.66,5563660,-651704,2.3731159600968983,6.945225132882413,False,2.678191603341655
SILVER,5,4.0,D+1h+4h,0.1@0.3,0,False,11.5,51.4,1.55,622245,-299214,14.44,68.5,1.64,1900433,-872722,12.76,59.7,1.62,2522678,-872722,2.0795985481962744,2.1775926354555057,False,2.4434388060702696
SILVER,5,4.0,D+1h+4h,0.1@0.3,0,True,11.5,51.4,1.55,622245,-299214,14.44,68.5,1.64,1900433,-872722,12.76,59.7,1.62,2522678,-872722,2.0795985481962744,2.1775926354555057,False,2.544658118188087
SILVER,5,4.0,D+1h+4h,0.1@0.3,5,False,14.92,53.1,1.94,1353821,-338753,22.22,69.5,1.93,3878186,-781055,18.05,61.7,1.93,5232007,-781055,3.9964841639778834,4.9653174232288375,False,3.528997678334136
SILVER,5,4.0,D+1h+4h,0.1@0.3,5,True,14.92,53.1,1.94,1353821,-338753,22.22,69.5,1.93,3878186,-781055,18.05,61.7,1.93,5232007,-781055,3.9964841639778834,4.9653174232288375,False,3.537527191790057
SILVER,5,4.0,D+1h+4h,0.1@0.3,10,False,14.67,54.5,1.92,1295222,-338036,21.22,70.2,1.93,3639112,-603871,17.48,62.7,1.93,4934334,-603871,3.831609651043084,6.026306943039159,False,3.6888652719070425
SILVER,5,4.0,D+1h+4h,0.1@0.3,10,True,14.67,54.5,1.92,1295222,-338036,21.22,70.2,1.93,3639112,-603871,17.48,62.7,1.93,4934334,-603871,3.831609651043084,6.026306943039159,False,3.8040453340073555
SILVER,5,4.0,D+1h+4h,0.15@0.3,0,False,11.5,60.9,1.3,330698,-298181,14.44,72.3,1.74,2180248,-755282,12.76,66.4,1.62,2510947,-755282,1.1090512138600381,2.886667496378836,False,1.8721191316219383
SILVER,5,4.0,D+1h+4h,0.15@0.3,0,True,11.5,60.9,1.3,330698,-298181,14.44,72.3,1.74,2180248,-755282,12.76,66.4,1.62,2510947,-755282,1.1090512138600381,2.886667496378836,False,1.925181667786368
SILVER,5,4.0,D+1h+4h,0.15@0.3,5,False,16.92,60.6,1.75,1164238,-394196,23.11,72.1,1.95,4194085,-766952,19.57,66.4,1.9,5358323,-766952,2.9534495530142366,5.468510415254149,False,3.2361908285800722
SILVER,5,4.0,D+1h+4h,0.15@0.3,5,True,16.92,60.6,1.75,1164238,-394196,23.11,72.1,1.95,4194085,-766952,19.57,66.4,1.9,5358323,-766952,2.9534495530142366,5.468510415254149,False,3.2322918498183815
SILVER,5,4.0,D+1h+4h,0.15@0.3,10,False,16.08,63.2,1.82,1194621,-378202,21.67,72.8,2.0,3994915,-589769,18.48,68.0,1.95,5189536,-589769,3.1586850413271215,6.77369444646972,False,3.408156569558142
SILVER,5,4.0,D+1h+4h,0.15@0.3,10,True,16.08,63.2,1.82,1194621,-378202,21.67,72.8,2.0,3994915,-589769,18.48,68.0,1.95,5189536,-589769,3.1586850413271215,6.77369444646972,False,3.4829073865154747
SILVER,5,4.0,D+1h+4h,0.2@0.4,0,False,11.5,58.7,1.34,466795,-360397,14.44,68.5,1.93,3153158,-671596,12.76,63.4,1.76,3619953,-671596,1.295224433055769,4.695022007278185,False,1.8888425603597245
SILVER,5,4.0,D+1h+4h,0.2@0.4,0,True,11.5,58.7,1.34,466795,-360397,14.44,68.5,1.93,3153158,-671596,12.76,63.4,1.76,3619953,-671596,1.295224433055769,4.695022007278185,False,2.0065058587519697
SILVER,5,4.0,D+1h+4h,0.2@0.4,5,False,15.75,63.5,1.64,1121059,-362166,21.56,68.6,1.89,4388682,-891996,18.24,66.1,1.82,5509740,-891996,3.095428615607208,4.920069148292145,False,3.192947708706042
SILVER,5,4.0,D+1h+4h,0.2@0.4,5,True,15.75,63.5,1.64,1121059,-362166,21.56,68.6,1.89,4388682,-891996,18.24,66.1,1.82,5509740,-891996,3.095428615607208,4.920069148292145,False,3.1963814306236173
SILVER,5,4.0,D+1h+4h,0.2@0.4,10,False,15.58,63.6,1.54,988185,-370439,20.11,69.1,2.08,4657223,-691283,17.52,66.3,1.92,5645408,-691283,2.667605192757782,6.73707150327724,False,3.479651525588621
SILVER,5,4.0,D+1h+4h,0.2@0.4,10,True,15.58,63.6,1.54,988185,-370439,20.11,69.1,2.08,4657223,-691283,17.52,66.3,1.92,5645408,-691283,2.667605192757782,6.73707150327724,False,3.5621088182766405
SILVER,5,4.0,D+1h+4h,0.25@0.5,0,False,11.5,55.8,1.46,725192,-349614,14.44,64.6,2.1,4219099,-623506,12.76,60.1,1.91,4944291,-623506,2.074264760564508,6.766733599997434,False,1.8445245573018125
SILVER,5,4.0,D+1h+4h,0.25@0.5,0,True,11.5,55.8,1.46,725192,-349614,14.44,64.6,2.1,4219099,-623506,12.76,60.1,1.91,4944291,-623506,2.074264760564508,6.766733599997434,False,1.9379802326303133
SILVER,5,4.0,D+1h+4h,0.25@0.5,5,False,14.58,60.6,1.69,1295503,-346355,19.89,67.0,2.1,5079679,-563283,16.86,63.8,1.98,6375182,-563283,3.740390639661619,9.017987405975326,False,3.5259865427857995
SILVER,5,4.0,D+1h+4h,0.25@0.5,5,True,14.58,60.6,1.69,1295503,-346355,19.89,67.0,2.1,5079679,-563283,16.86,63.8,1.98,6375182,-563283,3.740390639661619,9.017987405975326,False,3.4305626426251514
SILVER,5,4.0,D+1h+4h,0.25@0.5,10,False,14.5,60.9,1.6,1155567,-352713,18.78,65.7,2.11,4995982,-578737,16.33,63.3,1.96,6151549,-578737,3.2762245791904467,8.632560213015584,False,3.509008955831812
SILVER,5,4.0,D+1h+4h,0.25@0.5,10,True,14.5,60.9,1.6,1155567,-352713,18.78,65.7,2.11,4995982,-578737,16.33,63.3,1.96,6151549,-578737,3.2762245791904467,8.632560213015584,False,3.5294547271981522
SILVER,5,4.0,1h,0.1@0.3,0,False,32.42,37.3,1.28,704941,-696232,29.67,70.0,2.14,6843854,-792952,31.24,50.6,1.88,7548795,-792952,1.0125087614473336,8.630855335505807,False,1.1605146977110619
SILVER,5,4.0,1h,0.1@0.3,0,True,32.42,37.3,1.28,704941,-696232,29.67,70.0,2.14,6843854,-792952,31.24,50.6,1.88,7548795,-792952,1.0125087614473336,8.630855335505807,False,1.1605146977110619
SILVER,5,4.0,1h,0.1@0.3,5,False,47.17,36.9,1.15,606880,-1012135,45.22,70.8,1.77,6937388,-781055,46.33,51.1,1.58,7544268,-1012135,0.5996038077924387,8.88207360557195,False,1.2085184098107036
SILVER,5,4.0,1h,0.1@0.3,5,True,47.17,36.9,1.15,606880,-1012135,45.22,70.8,1.77,6937388,-781055,46.33,51.1,1.58,7544268,-1012135,0.5996038077924387,8.88207360557195,False,1.2085184098107036
SILVER,5,4.0,1h,0.1@0.3,10,False,44.42,38.1,1.19,716283,-942234,42.0,70.1,1.74,6495582,-919239,43.38,51.4,1.58,7211865,-942234,0.7601965116945472,7.066260243527527,False,1.370350467914115
SILVER,5,4.0,1h,0.1@0.3,10,True,44.42,38.1,1.19,716283,-942234,42.0,70.1,1.74,6495582,-919239,43.38,51.4,1.58,7211865,-942234,0.7601965116945472,7.066260243527527,False,1.370350467914115
SILVER,5,4.0,1h,0.15@0.3,0,False,32.42,54.2,1.19,470907,-685586,29.67,73.0,2.19,7140308,-778695,31.24,61.9,1.9,7611216,-778695,0.6868678765319012,9.169582442419689,False,0.8109970871990768
SILVER,5,4.0,1h,0.15@0.3,0,True,32.42,54.2,1.19,470907,-685586,29.67,73.0,2.19,7140308,-778695,31.24,61.9,1.9,7611216,-778695,0.6868678765319012,9.169582442419689,False,0.8109970871990768
SILVER,5,4.0,1h,0.15@0.3,5,False,51.33,53.7,1.09,360406,-1125349,48.22,73.0,1.76,7215490,-766952,50.0,61.7,1.56,7575896,-1125349,0.3202615366432991,9.40800728076855,False,0.8889281674097155
SILVER,5,4.0,1h,0.15@0.3,5,True,51.33,53.7,1.09,360406,-1125349,48.22,73.0,1.76,7215490,-766952,50.0,61.7,1.56,7575896,-1125349,0.3202615366432991,9.40800728076855,False,0.8889281674097155
SILVER,5,4.0,1h,0.15@0.3,10,False,47.25,55.6,1.18,672473,-986455,43.56,72.7,1.78,6985995,-904982,45.67,62.6,1.6,7658467,-986455,0.6817067174883801,7.719485028431505,False,1.1611018718539756
SILVER,5,4.0,1h,0.15@0.3,10,True,47.25,55.6,1.18,672473,-986455,43.56,72.7,1.78,6985995,-904982,45.67,62.6,1.6,7658467,-986455,0.6817067174883801,7.719485028431505,False,1.1611018718539756
SILVER,5,4.0,1h,0.2@0.4,0,False,32.42,62.2,1.22,627015,-653298,29.67,68.2,1.98,6788708,-750016,31.24,64.6,1.76,7415723,-750016,0.9597687425952628,9.051417569758511,False,1.217728183630681
SILVER,5,4.0,1h,0.2@0.4,0,True,32.42,62.2,1.22,627015,-653298,29.67,68.2,1.98,6788708,-750016,31.24,64.6,1.76,7415723,-750016,0.9597687425952628,9.051417569758511,False,1.217728183630681
SILVER,5,4.0,1h,0.2@0.4,5,False,47.08,63.2,1.09,418227,-902746,44.89,69.1,1.71,7363573,-781620,46.14,65.6,1.52,7781800,-902746,0.4632831383357002,9.42091169622067,False,1.189797550415797
SILVER,5,4.0,1h,0.2@0.4,5,True,47.08,63.2,1.09,418227,-902746,44.89,69.1,1.71,7363573,-781620,46.14,65.6,1.52,7781800,-902746,0.4632831383357002,9.42091169622067,False,1.189797550415797
SILVER,5,4.0,1h,0.2@0.4,10,False,44.83,63.6,1.09,388699,-807063,41.44,68.6,1.71,6862094,-888782,43.38,65.6,1.51,7250793,-888782,0.4816216330075843,7.720784174296959,False,1.2299971201973423
SILVER,5,4.0,1h,0.2@0.4,10,True,44.83,63.6,1.09,388699,-807063,41.44,68.6,1.71,6862094,-888782,43.38,65.6,1.51,7250793,-888782,0.4816216330075843,7.720784174296959,False,1.2299971201973423
SILVER,5,4.0,1h,0.25@0.5,0,False,32.42,60.9,1.24,774041,-754414,29.67,63.7,2.09,8329556,-734789,31.24,62.0,1.83,9103597,-754414,1.0260162192112023,11.335983527243876,False,1.3149766848581472
SILVER,5,4.0,1h,0.25@0.5,0,True,32.42,60.9,1.24,774041,-754414,29.67,63.7,2.09,8329556,-734789,31.24,62.0,1.83,9103597,-754414,1.0260162192112023,11.335983527243876,False,1.3149766848581472
SILVER,5,4.0,1h,0.25@0.5,5,False,43.33,62.5,1.16,703024,-905701,40.89,64.9,1.74,7743404,-881600,42.29,63.5,1.57,8446429,-905701,0.7762208499272939,8.783352994555354,False,1.353370779287439
SILVER,5,4.0,1h,0.25@0.5,5,True,43.33,62.5,1.16,703024,-905701,40.89,64.9,1.74,7743404,-881600,42.29,63.5,1.57,8446429,-905701,0.7762208499272939,8.783352994555354,False,1.353370779287439
SILVER,5,4.0,1h,0.25@0.5,10,False,42.0,61.9,1.11,517120,-926677,38.89,64.0,1.69,7085735,-881600,40.67,62.8,1.51,7602855,-926677,0.558036942753516,8.037358212341198,False,1.2681054774185376
SILVER,5,4.0,1h,0.25@0.5,10,True,42.0,61.9,1.11,517120,-926677,38.89,64.0,1.69,7085735,-881600,40.67,62.8,1.51,7602855,-926677,0.558036942753516,8.037358212341198,False,1.2681054774185376
SILVER,5,4.0,1h+4h,0.1@0.3,0,False,18.92,44.5,1.38,581031,-469258,18.33,66.1,2.13,4679579,-1073611,18.67,53.6,1.93,5260610,-1073611,1.2381909312148114,4.358728627035304,False,1.230232792791101
SILVER,5,4.0,1h+4h,0.1@0.3,0,True,18.92,44.5,1.38,581031,-469258,18.33,66.1,2.13,4679579,-1073611,18.67,53.6,1.93,5260610,-1073611,1.2381909312148114,4.358728627035304,False,1.230232792791101
SILVER,5,4.0,1h+4h,0.1@0.3,5,False,25.33,45.7,1.59,1234029,-418306,28.0,67.5,1.99,5682326,-950469,26.48,55.6,1.89,6916355,-950469,2.950062872633909,5.978444325906474,False,2.0781008524601825
SILVER,5,4.0,1h+4h,0.1@0.3,5,True,25.33,45.7,1.59,1234029,-418306,28.0,67.5,1.99,5682326,-950469,26.48,55.6,1.89,6916355,-950469,2.950062872633909,5.978444325906474,False,2.0781008524601825
SILVER,5,4.0,1h+4h,0.1@0.3,10,False,24.25,47.4,1.63,1249983,-387421,26.56,67.8,2.02,5484063,-850579,25.24,56.6,1.91,6734046,-850579,3.226420354085091,6.447446974355116,False,2.39274528969367
SILVER,5,4.0,1h+4h,0.1@0.3,10,True,24.25,47.4,1.63,1249983,-387421,26.56,67.8,2.02,5484063,-850579,25.24,56.6,1.91,6734046,-850579,3.226420354085091,6.447446974355116,False,2.39274528969367
SILVER,5,4.0,1h+4h,0.15@0.3,0,False,18.92,59.0,1.23,333933,-438416,18.33,70.3,2.21,5000913,-984743,18.67,63.8,1.95,5334846,-984743,0.7616806868362469,5.07839405814512,False,0.899877893509609
SILVER,5,4.0,1h+4h,0.15@0.3,0,True,18.92,59.0,1.23,333933,-438416,18.33,70.3,2.21,5000913,-984743,18.67,63.8,1.95,5334846,-984743,0.7616806868362469,5.07839405814512,False,0.899877893509609
SILVER,5,4.0,1h+4h,0.15@0.3,5,False,28.33,58.8,1.46,1029105,-520332,29.56,70.3,1.98,5922831,-905414,28.86,63.9,1.84,6951936,-905414,1.9777853370540348,6.5415721426883175,False,1.9705538217452272
SILVER,5,4.0,1h+4h,0.15@0.3,5,True,28.33,58.8,1.46,1029105,-520332,29.56,70.3,1.98,5922831,-905414,28.86,63.9,1.84,6951936,-905414,1.9777853370540348,6.5415721426883175,False,1.9705538217452272
SILVER,5,4.0,1h+4h,0.15@0.3,10,False,26.25,61.0,1.59,1180283,-422136,27.22,71.4,2.09,5913122,-774744,26.67,65.5,1.95,7093405,-774744,2.7959780734170976,7.63235597823281,False,2.2969502818280256
SILVER,5,4.0,1h+4h,0.15@0.3,10,True,26.25,61.0,1.59,1180283,-422136,27.22,71.4,2.09,5913122,-774744,26.67,65.5,1.95,7093405,-774744,2.7959780734170976,7.63235597823281,False,2.2969502818280256
SILVER,5,4.0,1h+4h,0.2@0.4,0,False,18.92,62.6,1.3,543698,-374436,18.33,66.1,2.29,6012332,-946074,18.67,64.0,2.01,6556031,-946074,1.4520452093281628,6.355033538602688,False,1.24552011067161
SILVER,5,4.0,1h+4h,0.2@0.4,0,True,18.92,62.6,1.3,543698,-374436,18.33,66.1,2.29,6012332,-946074,18.67,64.0,2.01,6556031,-946074,1.4520452093281628,6.355033538602688,False,1.24552011067161
SILVER,5,4.0,1h+4h,0.2@0.4,5,False,25.92,64.6,1.42,1038108,-348173,27.22,66.1,1.93,6211880,-1169622,26.48,65.3,1.8,7249988,-1169622,2.981586739925267,5.3110150116875365,False,2.1048528065660403
SILVER,5,4.0,1h+4h,0.2@0.4,5,True,25.92,64.6,1.42,1038108,-348173,27.22,66.1,1.93,6211880,-1169622,26.48,65.3,1.8,7249988,-1169622,2.981586739925267,5.3110150116875365,False,2.1048528065660403
SILVER,5,4.0,1h+4h,0.2@0.4,10,False,25.0,65.0,1.41,999581,-359801,25.33,66.7,2.11,6555138,-968909,25.14,65.7,1.91,7554719,-968909,2.778149588244613,6.765483652231531,False,2.29107252182985
SILVER,5,4.0,1h+4h,0.2@0.4,10,True,25.0,65.0,1.41,999581,-359801,25.33,66.7,2.11,6555138,-968909,25.14,65.7,1.91,7554719,-968909,2.778149588244613,6.765483652231531,False,2.29107252182985
SILVER,5,4.0,1h+4h,0.25@0.5,0,False,18.92,58.1,1.27,576994,-535556,18.33,63.0,2.41,7137653,-780027,18.67,60.2,2.07,7714647,-780027,1.0773737947105437,9.15052043070304,False,1.1042381152595178
SILVER,5,4.0,1h+4h,0.25@0.5,0,True,18.92,58.1,1.27,576994,-535556,18.33,63.0,2.41,7137653,-780027,18.67,60.2,2.07,7714647,-780027,1.0773737947105437,9.15052043070304,False,1.1042381152595178
SILVER,5,4.0,1h+4h,0.25@0.5,5,False,24.33,61.6,1.38,1025114,-465795,25.11,64.2,2.1,6948098,-838853,24.67,62.7,1.89,7973212,-838853,2.2007836065221826,8.282855279768922,False,2.093116841617586
SILVER,5,4.0,1h+4h,0.25@0.5,5,True,24.33,61.6,1.38,1025114,-465795,25.11,64.2,2.1,6948098,-838853,24.67,62.7,1.89,7973212,-838853,2.2007836065221826,8.282855279768922,False,2.093116841617586
SILVER,5,4.0,1h+4h,0.25@0.5,10,False,23.92,62.0,1.36,963847,-463271,23.78,63.6,2.14,6946319,-856363,23.86,62.7,1.9,7910166,-856363,2.080525221738464,8.111418872604258,False,2.1808091354644565
SILVER,5,4.0,1h+4h,0.25@0.5,10,True,23.92,62.0,1.36,963847,-463271,23.78,63.6,2.14,6946319,-856363,23.86,62.7,1.9,7910166,-856363,2.080525221738464,8.111418872604258,False,2.1808091354644565
SILVER,5,5.0,D,0.1@0.3,0,False,21.83,46.9,1.57,1267585,-474165,21.78,71.4,1.35,2332164,-1005573,21.81,57.4,1.41,3599749,-1005573,2.673299378908186,2.319238881712218,False,2.6226898655195168
SILVER,5,5.0,D,0.1@0.3,0,True,21.83,40.8,1.66,1080244,-455938,21.78,62.8,1.41,1693129,-899455,21.81,50.2,1.48,2773373,-899455,2.369278279064259,1.8823943387940476,False,2.816154886880144
SILVER,5,5.0,D,0.1@0.3,5,False,32.08,47.3,1.41,1240425,-644131,33.56,72.5,1.4,3687086,-1043585,32.71,58.4,1.4,4927511,-1043585,1.9257340509927328,3.5330960103872706,False,2.49631564397509
SILVER,5,5.0,D,0.1@0.3,5,True,65.58,35.3,1.1,363407,-819556,66.44,53.2,1.18,1588824,-1078743,65.95,43.0,1.16,1952231,-1078743,0.4434193636554427,1.4728475642483891,False,1.4777112651443889
SILVER,5,5.0,D,0.1@0.3,10,False,30.83,47.3,1.41,1233928,-741469,30.67,73.9,1.64,4881987,-832668,30.76,58.7,1.57,6115915,-832668,1.6641666745339319,5.8630654714724235,False,2.500714089820604
SILVER,5,5.0,D,0.1@0.3,10,True,53.67,37.6,1.24,742493,-778484,51.33,56.1,1.42,2893668,-904358,52.67,45.3,1.36,3636161,-904358,0.9537678359478166,3.199693041914817,False,1.5581217356910662
SILVER,5,5.0,D,0.15@0.3,0,False,21.83,64.9,1.35,768019,-463510,21.78,73.0,1.39,2548447,-939655,21.81,68.3,1.38,3316466,-939655,1.656963172315592,2.7121092315796753,False,2.1399513525468543
SILVER,5,5.0,D,0.15@0.3,0,True,21.83,50.8,1.33,543106,-455938,21.78,64.3,1.46,1934035,-847558,21.81,56.6,1.43,2477141,-847558,1.1911838890375446,2.281891032826072,False,2.242310960829536
SILVER,5,5.0,D,0.15@0.3,5,False,34.33,65.5,1.39,1197625,-626145,34.78,73.8,1.43,4102227,-1041751,34.52,69.1,1.42,5299853,-1041751,1.912695941036022,3.937819114164517,False,2.2430500888211538
SILVER,5,5.0,D,0.15@0.3,5,True,67.33,42.3,1.04,128745,-816638,67.11,53.8,1.21,1913773,-879167,67.24,47.2,1.16,2042518,-879167,0.15765247269904167,2.1768025869942798,False,1.0609040313065454
SILVER,5,5.0,D,0.15@0.3,10,False,32.58,65.2,1.42,1255371,-693277,32.33,75.6,1.63,4988065,-806809,32.48,69.6,1.57,6243436,-806809,1.8107783757430291,6.182460780680434,False,2.261377552466691
SILVER,5,5.0,D,0.15@0.3,10,True,55.17,45.3,1.16,514314,-763990,52.22,57.0,1.41,2923886,-816963,53.9,50.2,1.34,3438199,-816963,0.6731946753229754,3.578969916630251,False,1.307795112483919
SILVER,5,5.0,D,0.2@0.4,0,False,21.83,67.6,1.6,1453689,-455939,21.78,71.4,1.4,2824318,-1060348,21.81,69.2,1.45,4278007,-1060348,3.188340984210607,2.6635764862101876,False,2.295049832003289
SILVER,5,5.0,D,0.2@0.4,0,True,21.83,52.7,1.56,1001340,-455938,21.78,63.8,1.45,2005543,-795884,21.81,57.4,1.48,3006883,-795884,2.1962196614451965,2.5198936025853014,False,2.222495965820337
SILVER,5,5.0,D,0.2@0.4,5,False,30.42,68.2,1.54,1659254,-560767,31.44,72.1,1.56,5063847,-1012721,30.86,69.9,1.56,6723102,-1012721,2.9589009338994625,5.000238960187455,False,2.53522371155453
SILVER,5,5.0,D,0.2@0.4,5,True,65.25,42.0,1.05,176939,-845991,65.33,52.6,1.34,2996802,-1066601,65.29,46.5,1.25,3173742,-1066601,0.2091499791368939,2.8096748456076828,False,1.3994507978337436
SILVER,5,5.0,D,0.2@0.4,10,False,29.08,67.9,1.55,1672082,-547676,30.22,72.4,1.59,5041512,-1029567,29.57,69.9,1.58,6713594,-1029567,3.053049613275002,4.896730373059743,False,2.4980582340626856
SILVER,5,5.0,D,0.2@0.4,10,True,53.08,44.7,1.18,576588,-730793,51.11,55.2,1.45,3422381,-922193,52.24,49.1,1.37,3998969,-922193,0.7889894949732688,3.7111331359053907,False,1.6322242025060405
SILVER,5,5.0,D,0.25@0.5,0,False,21.83,63.0,1.72,1915301,-373447,21.78,66.8,1.8,6290523,-1380130,21.81,64.6,1.78,8205824,-1380130,5.128709026983748,4.557920630665227,False,2.902882361400445
SILVER,5,5.0,D,0.25@0.5,0,True,21.83,50.0,1.73,1400571,-455938,21.78,60.2,1.78,4015131,-1089772,21.81,54.4,1.77,5415702,-1089772,3.0718452947549886,3.684377099062923,False,2.7014762236510372
SILVER,5,5.0,D,0.25@0.5,5,False,27.25,63.0,1.68,2133670,-592320,27.78,65.6,1.66,6350425,-1254690,27.48,64.1,1.66,8484095,-1254690,3.6022251485683414,5.061349815492273,False,3.109552730105527
SILVER,5,5.0,D,0.25@0.5,5,True,62.92,39.5,1.21,777388,-772672,63.0,49.2,1.31,2977802,-1377003,62.95,43.6,1.28,3755189,-1377003,1.0061034954029653,2.162523974167086,False,1.9574023536124159
SILVER,5,5.0,D,0.25@0.5,10,False,27.0,62.7,1.67,2085546,-634052,26.89,65.7,1.67,6369896,-1437727,26.95,64.0,1.67,8455442,-1437727,3.289234952338294,4.430532361150622,False,2.917153588813415
SILVER,5,5.0,D,0.25@0.5,10,True,51.58,42.3,1.35,1133324,-710179,49.22,51.0,1.37,3248378,-1228242,50.57,46.0,1.37,4381703,-1228242,1.5958286572821783,2.6447377634049314,False,1.9838252620553074
SILVER,5,5.0,D+1h,0.1@0.3,0,False,12.33,48.0,1.97,1291110,-439718,13.22,69.7,1.73,2263484,-422753,12.71,57.7,1.8,3554593,-439718,2.936222760951337,5.354152424701894,False,3.977593975707537
SILVER,5,5.0,D+1h,0.1@0.3,0,True,12.33,48.0,1.97,1291110,-439718,13.22,69.7,1.79,2366450,-422753,12.71,57.7,1.85,3657560,-439718,2.936222760951337,5.597713085418673,False,3.8760057264641765
SILVER,5,5.0,D+1h,0.1@0.3,5,False,19.58,46.4,1.61,1215767,-439718,21.44,72.0,1.61,3312917,-877569,20.38,57.9,1.61,4528684,-877569,2.764878854174721,3.775107142572265,False,3.525110268032368
SILVER,5,5.0,D+1h,0.1@0.3,5,True,19.58,46.4,1.61,1215767,-439718,21.44,72.0,1.64,3415883,-877569,20.38,57.9,1.63,4631650,-877569,2.764878854174721,3.892438087489417,False,3.355849005245238
SILVER,5,5.0,D+1h,0.1@0.3,10,False,18.92,47.1,1.65,1254804,-452786,19.67,73.4,2.03,4333162,-671087,19.24,58.7,1.91,5587966,-671087,2.7712959322947266,6.4569303234900985,False,3.5569219675526886
SILVER,5,5.0,D+1h,0.1@0.3,10,True,18.92,47.1,1.65,1254804,-452786,19.67,73.4,2.08,4436128,-671087,19.24,58.7,1.94,5690932,-671087,2.7712959322947266,6.6103619947935215,False,3.551505208215879
SILVER,5,5.0,D+1h,0.15@0.3,0,False,12.33,65.5,1.57,752218,-439718,13.22,72.3,1.81,2490919,-422753,12.71,68.5,1.74,3243138,-439718,1.7106827557661957,5.892137962356269,False,3.2289478361404638
SILVER,5,5.0,D+1h,0.15@0.3,0,True,12.33,65.5,1.57,752218,-439718,13.22,72.3,1.87,2593885,-422753,12.71,68.5,1.78,3346104,-439718,1.7106827557661957,6.135698623073047,False,3.123543474275564
SILVER,5,5.0,D+1h,0.15@0.3,5,False,21.25,65.9,1.49,999015,-439718,22.11,73.4,1.65,3697855,-799197,21.62,69.2,1.61,4696870,-799197,2.271944746405651,4.6269630641756665,False,2.877517292519764
SILVER,5,5.0,D+1h,0.15@0.3,5,True,21.25,65.9,1.49,999015,-439718,22.11,73.4,1.68,3800821,-799197,21.62,69.2,1.63,4799837,-799197,2.271944746405651,4.755799884133699,False,2.651797855247802
SILVER,5,5.0,D+1h,0.15@0.3,10,False,20.33,65.2,1.53,1043204,-439718,20.56,75.1,2.01,4407706,-597804,20.43,69.5,1.86,5450910,-597804,2.3724386993482187,7.3731624412014645,False,3.006074236640272
SILVER,5,5.0,D+1h,0.15@0.3,10,True,20.33,65.2,1.53,1043204,-439718,20.56,75.1,2.06,4510672,-597804,20.43,69.5,1.89,5553876,-597804,2.3724386993482187,7.5454028410649645,False,2.8988791256147866
SILVER,5,5.0,D+1h,0.2@0.4,0,False,12.33,68.9,1.82,1203132,-439718,13.22,72.3,1.76,2569270,-422753,12.71,70.4,1.78,3772402,-439718,2.736144528993582,6.077473134430743,False,3.421522549997233
SILVER,5,5.0,D+1h,0.2@0.4,0,True,12.33,68.9,1.82,1203132,-439718,13.22,72.3,1.81,2672236,-422753,12.71,70.4,1.82,3875368,-439718,2.736144528993582,6.321033795147521,False,3.2287441137457424
SILVER,5,5.0,D+1h,0.2@0.4,5,False,19.08,68.6,1.49,1058797,-439718,20.44,72.8,1.86,4451618,-661534,19.67,70.5,1.75,5510415,-661534,2.4079000632223377,6.729235383215375,False,3.3679433149265745
SILVER,5,5.0,D+1h,0.2@0.4,5,True,19.08,68.6,1.49,1058797,-439718,20.44,72.8,1.89,4554584,-661534,19.67,70.5,1.77,5613381,-661534,2.4079000632223377,6.884882711999685,False,3.0114942524090456
SILVER,5,5.0,D+1h,0.2@0.4,10,False,18.17,67.4,1.54,1117556,-439718,19.56,73.3,1.95,4604852,-678381,18.76,70.1,1.83,5722407,-678381,2.541528888969749,6.788002612101459,False,3.5034744554346817
SILVER,5,5.0,D+1h,0.2@0.4,10,True,18.17,67.4,1.54,1117556,-439718,19.56,73.3,2.0,4707818,-678381,18.76,70.1,1.86,5825374,-678381,2.541528888969749,6.939784575334509,False,3.2530642391834905
SILVER,5,5.0,D+1h,0.25@0.5,0,False,12.33,64.2,2.01,1606944,-439718,13.22,66.4,2.14,4590054,-714796,12.71,65.2,2.1,6196999,-714796,3.654487648902251,6.421488088909284,False,3.964072171905607
SILVER,5,5.0,D+1h,0.25@0.5,0,True,12.33,64.2,2.01,1606944,-439718,13.22,66.4,2.19,4693020,-714796,12.71,65.2,2.14,6299965,-714796,3.654487648902251,6.565537579952881,False,3.54267788962263
SILVER,5,5.0,D+4h,0.1@0.3,0,False,10.75,55.8,1.87,1067073,-455939,15.67,70.2,1.31,1663975,-996613,12.86,63.3,1.42,2731049,-996613,2.3403854462987375,1.6696300369350991,False,2.97579037349839
SILVER,5,5.0,D+4h,0.1@0.3,0,True,10.75,51.2,1.68,742506,-455938,15.67,64.5,1.49,1685805,-899455,12.86,58.1,1.53,2428311,-899455,1.6285240537090568,1.8742516301538155,False,3.213133438991206
SILVER,5,5.0,D+4h,0.1@0.3,5,False,16.08,54.9,1.84,1374008,-447376,24.22,71.6,1.39,2929501,-1043585,19.57,63.7,1.47,4303510,-1043585,3.071259969242874,2.807151310147233,False,3.8366645984127525
SILVER,5,5.0,D+4h,0.1@0.3,5,True,30.33,42.0,1.45,897911,-333585,45.33,55.6,1.35,2360557,-799197,36.76,49.2,1.38,3258468,-799197,2.691700765921729,2.953660987215918,False,3.0925027532105958
SILVER,5,5.0,D+4h,0.1@0.3,10,False,15.42,54.6,1.81,1339551,-451124,22.44,74.3,1.7,4142437,-832668,18.43,64.9,1.72,5481987,-832668,2.9693631906083473,4.974896357251629,False,4.131240875633912
SILVER,5,5.0,D+4h,0.1@0.3,10,True,24.08,46.7,1.68,1140554,-314584,35.44,60.2,1.72,3553639,-636682,28.95,53.8,1.71,4694193,-636682,3.625594435826361,5.581497513672446,False,3.96146316914837
SILVER,5,5.0,D+4h,0.15@0.3,0,False,10.75,69.0,1.4,493107,-455939,15.67,72.3,1.33,1751689,-969986,12.86,70.7,1.34,2244796,-969986,1.081519676974332,1.8058910128599794,False,2.0256177036128444
SILVER,5,5.0,D+4h,0.15@0.3,0,True,10.75,56.6,1.16,176836,-455938,15.67,66.7,1.54,1852235,-847558,12.86,61.9,1.45,2029071,-847558,0.3878509797384732,2.1853784637747506,False,2.039166811118764
SILVER,5,5.0,D+1h,0.25@0.5,5,False,16.75,63.2,1.79,1661681,-439718,18.22,64.0,1.71,4371320,-873856,17.38,63.6,1.73,6033001,-873856,3.7789697033098486,5.002334480738245,False,4.305693310759943
SILVER,5,5.0,D+1h,0.25@0.5,5,True,16.75,63.2,1.79,1661681,-439718,18.22,64.0,1.74,4474286,-873856,17.38,63.6,1.75,6135967,-873856,3.7789697033098486,5.1201639629412625,False,3.895950803710427
SILVER,5,5.0,D+1h,0.25@0.5,10,False,16.67,62.5,1.82,1678394,-439718,17.78,63.8,1.72,4363644,-1056893,17.14,63.1,1.75,6042038,-1056893,3.816978154180634,4.128747186328228,False,4.250364075962221
SILVER,5,5.0,D+1h,0.25@0.5,10,True,16.67,62.5,1.82,1678394,-439718,17.78,63.8,1.75,4466611,-1056893,17.14,63.1,1.77,6145004,-1056893,3.816978154180634,4.22617142889583,False,3.9933288103022875
SILVER,5,5.0,D+4h,0.15@0.3,5,False,17.83,69.6,1.78,1299497,-441784,25.33,72.8,1.4,3127056,-910109,21.05,71.3,1.47,4426553,-910109,2.9414759248863698,3.4359137202247205,False,2.9981942018202257
SILVER,5,5.0,D+4h,0.15@0.3,5,True,31.83,47.6,1.32,663129,-333585,45.89,56.4,1.37,2548334,-799197,37.86,52.2,1.36,3211463,-799197,1.9878861459598003,3.188618075393176,False,2.681855603819527
SILVER,5,5.0,D+4h,0.15@0.3,10,False,16.83,68.3,1.79,1294393,-447405,24.0,76.4,1.68,4163885,-801583,19.9,72.5,1.71,5458278,-801583,2.8931125043305284,5.194577479811822,False,3.3078993824880087
SILVER,5,5.0,D+4h,0.15@0.3,10,True,25.42,52.8,1.52,897052,-314584,36.33,61.5,1.68,3475653,-636682,30.1,57.3,1.64,4372705,-636682,2.8515499834702336,5.459009364172381,False,3.3950469023087178
SILVER,5,5.0,D+4h,0.2@0.4,10,False,14.08,72.8,2.08,1723069,-443687,22.0,72.2,1.66,4331624,-1029567,17.48,72.5,1.74,6054693,-1029567,3.883523745343001,4.207228864172997,True,3.7709022100693628
SILVER,5,5.0,D+4h,0.2@0.4,10,True,23.42,52.0,1.6,1067406,-314584,34.89,59.2,1.77,4139816,-636682,28.33,55.8,1.73,5207222,-636682,3.3930714848816215,6.5021721989941605,False,3.592973277345763
SILVER,5,5.0,D+4h,0.25@0.5,0,False,10.75,65.9,2.2,1713355,-373447,15.67,66.7,1.9,5627038,-1380130,12.86,66.3,1.96,7340393,-1380130,4.587946884029059,4.077179685971611,False,2.8003000720076647
SILVER,5,5.0,D+4h,0.25@0.5,0,True,10.75,52.7,1.87,1108325,-455938,15.67,61.7,1.93,3941078,-1089772,12.86,57.4,1.91,5049403,-1089772,2.430867793428054,3.616424352983927,False,2.3260374745399024
SILVER,5,5.0,D+4h,0.2@0.4,0,False,10.75,71.3,1.91,1208382,-455939,15.67,70.9,1.37,2093135,-1060348,12.86,71.1,1.47,3301517,-1060348,2.6503150640765543,1.9740075899610317,True,2.581153295935312
SILVER,5,5.0,D+4h,0.2@0.4,0,True,10.75,57.4,1.59,693880,-455938,15.67,66.0,1.53,1941532,-795884,12.86,61.9,1.54,2635412,-795884,1.5218735880755716,2.4394660528418712,False,1.9766646298064359
SILVER,5,5.0,D+4h,0.2@0.4,5,False,14.58,72.6,2.08,1733685,-436193,23.0,72.5,1.63,4300188,-1012721,18.19,72.5,1.71,6033873,-1012721,3.9745823523073502,4.246172440385852,True,3.610559720954298
SILVER,5,5.0,D+4h,0.2@0.4,5,True,29.67,46.9,1.39,816264,-333585,44.11,55.4,1.64,3937466,-644457,35.86,51.4,1.58,4753730,-644457,2.446944556859571,6.1097419998541405,False,2.9622184518653314
SILVER,5,5.0,D+4h,0.25@0.5,5,False,13.0,66.7,2.34,2170800,-373447,19.67,65.0,1.78,5819078,-1254690,15.86,65.8,1.88,7989878,-1254690,5.812873044903293,4.63786114498402,False,4.965795351589808
SILVER,5,5.0,D+4h,0.25@0.5,5,True,28.58,42.9,1.61,1301591,-333585,42.0,51.9,1.62,4175363,-714796,34.33,47.6,1.62,5476954,-714796,3.9018271205240045,5.841335150168719,False,3.9064749113775563
SILVER,5,5.0,D+4h,0.25@0.5,10,False,12.92,67.1,2.35,2159536,-373447,19.11,64.5,1.77,5721572,-1437727,15.57,65.7,1.87,7881107,-1437727,5.782710799658318,3.9795955699517362,False,4.97185548936745
SILVER,5,5.0,D+4h,0.25@0.5,10,True,22.67,47.8,1.86,1543275,-314584,33.33,54.7,1.66,4157357,-734523,27.24,51.4,1.71,5700632,-734523,4.905764438115098,5.659941213549474,False,4.560520847861353
SILVER,5,5.0,D+1h+4h,0.1@0.3,0,False,7.33,60.2,1.8,796311,-439718,10.0,71.1,1.82,2156934,-422753,8.48,65.7,1.82,2953245,-439718,1.810958386966192,5.10211400037374,False,3.708928933560057
SILVER,5,5.0,D+1h+4h,0.1@0.3,0,True,7.33,60.2,1.8,796311,-439718,10.0,71.1,1.9,2259900,-422753,8.48,65.7,1.87,3056212,-439718,1.810958386966192,5.345674661090518,False,3.6377427943010887
SILVER,5,5.0,D+1h+4h,0.1@0.3,5,False,11.33,60.3,1.91,1205165,-439718,16.44,71.6,1.75,3312057,-799197,13.52,66.2,1.79,4517223,-799197,2.7407679467294948,4.144231021888221,False,3.7895154364913295
SILVER,5,5.0,D+1h+4h,0.1@0.3,5,True,11.33,60.3,1.91,1205165,-439718,16.44,71.6,1.79,3415023,-799197,13.52,66.2,1.82,4620189,-799197,2.7407679467294948,4.273067841846253,False,3.755010054371226
SILVER,5,5.0,D+1h+4h,0.1@0.3,10,False,11.0,61.4,1.99,1240684,-439718,15.11,74.3,2.38,4389197,-485450,12.76,67.9,2.27,5629881,-485450,2.821544717296085,9.041501699454114,False,4.445401567171576
SILVER,5,5.0,D+1h+4h,0.1@0.3,10,True,11.0,61.4,1.99,1240684,-439718,15.11,74.3,2.46,4492163,-422753,12.76,67.9,2.33,5732848,-439718,2.821544717296085,10.625975451386507,False,4.511024691693377
SILVER,5,5.0,D+1h+4h,0.15@0.3,0,False,7.33,68.2,1.23,229293,-439718,10.0,74.4,1.88,2310685,-422753,8.48,71.3,1.7,2539978,-439718,0.5214546595772745,5.465803909138433,False,2.438403858261313
SILVER,5,5.0,D+1h+4h,0.15@0.3,0,True,7.33,68.2,1.23,229293,-439718,10.0,74.4,1.96,2413651,-422753,8.48,71.3,1.75,2642945,-439718,0.5214546595772745,5.709364569855211,False,2.375343067603507
SILVER,5,5.0,D+1h+4h,0.2@0.4,0,False,7.33,69.3,1.68,740812,-439718,10.0,74.4,1.85,2413321,-422753,8.48,71.9,1.81,3154133,-439718,1.684743403726934,5.708583972201262,False,2.155916490216841
SILVER,5,5.0,D+1h+4h,0.2@0.4,0,True,7.33,69.3,1.68,740812,-439718,10.0,74.4,1.92,2516288,-422753,8.48,71.9,1.85,3257100,-439718,1.684743403726934,5.952146998365476,False,2.0533309014894785
SILVER,5,5.0,D+1h+4h,0.2@0.4,5,False,10.67,73.4,1.78,1113144,-439718,15.33,73.9,2.21,4645744,-430310,12.67,73.7,2.09,5758888,-439718,2.5314951855507393,10.79627245474193,True,3.4553935506450504
SILVER,5,5.0,D+1h+4h,0.2@0.4,5,True,10.67,73.4,1.78,1113144,-439718,15.33,73.9,2.27,4748710,-422753,12.67,73.7,2.13,5861854,-439718,2.5314951855507393,11.232823894803822,True,3.3280904010244026
SILVER,5,5.0,D+1h+4h,0.15@0.3,5,False,12.83,71.4,1.7,963789,-439718,16.89,73.0,1.77,3559161,-799197,14.57,72.2,1.75,4522950,-799197,2.191834311990867,4.453421371701846,True,3.191638063277347
SILVER,5,5.0,D+1h+4h,0.15@0.3,5,True,12.83,71.4,1.7,963789,-439718,16.89,73.0,1.81,3662127,-799197,14.57,72.2,1.78,4625916,-799197,2.191834311990867,4.582258191659879,True,3.1121722483668
SILVER,5,5.0,D+1h+4h,0.15@0.3,10,False,12.33,70.9,1.75,989257,-439718,15.89,76.2,2.31,4349907,-514915,13.86,73.5,2.15,5339163,-514915,2.249753250947198,8.447815658895157,True,3.728312589397393
SILVER,5,5.0,D+1h+4h,0.15@0.3,10,True,12.33,70.9,1.75,989257,-439718,15.89,76.2,2.38,4452873,-422753,13.86,73.5,2.2,5442130,-439718,2.249753250947198,10.533037021617824,True,3.724534178410093
SILVER,5,5.0,D+1h+4h,0.2@0.4,10,False,10.33,72.6,1.85,1156321,-439718,14.67,74.2,2.33,4747355,-427368,12.19,73.4,2.2,5903676,-439718,2.629687663457034,11.108353924486625,True,3.7440051490125072
SILVER,5,5.0,D+1h+4h,0.2@0.4,10,True,10.33,72.6,1.85,1156321,-439718,14.67,74.2,2.4,4850322,-422753,12.19,73.4,2.24,6006643,-439718,2.629687663457034,11.473181739691972,True,3.699418579879655
SILVER,5,5.0,D+1h+4h,0.25@0.5,0,False,7.33,62.5,1.98,1158087,-439718,10.0,67.8,2.3,4416775,-714796,8.48,65.2,2.21,5574862,-714796,2.63370387384642,6.179070671911986,False,2.562444900660337
SILVER,5,5.0,D+1h+4h,0.25@0.5,0,True,7.33,62.5,1.98,1158087,-439718,10.0,67.8,2.37,4519742,-714796,8.48,65.2,2.27,5677828,-714796,2.63370387384642,6.323121561956139,False,2.346736991600237
SILVER,5,5.0,D+1h+4h,0.25@0.5,5,False,9.58,65.2,2.11,1599167,-439718,13.22,65.5,2.1,4892547,-714796,11.14,65.4,2.1,6491714,-714796,3.6368013135691513,6.844675963491682,False,4.517781209619845
SILVER,5,5.0,D+1h+4h,0.25@0.5,5,True,9.58,65.2,2.11,1599167,-439718,13.22,65.5,2.15,4995513,-714796,11.14,65.4,2.14,6594680,-714796,3.6368013135691513,6.98872545453528,False,4.344049761949001
SILVER,5,5.0,D+1h+4h,0.25@0.5,10,False,9.58,65.2,2.19,1634553,-439718,13.11,64.4,2.06,4767895,-714796,11.1,64.8,2.09,6402448,-714796,3.7172756175548876,6.670287746433948,False,4.948847714008939
SILVER,5,5.0,D+1h+4h,0.25@0.5,10,True,9.58,65.2,2.19,1634553,-439718,13.11,64.4,2.11,4870861,-714796,11.1,64.8,2.13,6505414,-714796,3.7172756175548876,6.814337237477546,False,4.861153077854617
SILVER,5,5.0,1h,0.1@0.3,0,False,21.92,45.6,1.73,1373311,-439718,20.22,70.3,1.93,4136753,-544152,21.19,55.7,1.87,5510065,-544152,3.1231630272128954,7.602201223187639,False,2.1393643008746754
SILVER,5,5.0,1h,0.1@0.3,0,True,21.92,45.6,1.73,1373311,-439718,20.22,70.3,1.98,4239720,-544152,21.19,55.7,1.91,5613031,-544152,3.1231630272128954,7.791425925109161,False,2.1393643008746754
SILVER,5,5.0,1h,0.1@0.3,5,False,35.83,44.7,1.14,513944,-729480,33.0,72.4,1.88,6647977,-893182,34.62,56.0,1.64,7161921,-893182,0.7045347370729835,7.44302616935854,False,1.572499424818268
SILVER,5,5.0,1h,0.1@0.3,5,True,35.83,44.7,1.14,513944,-729480,33.0,72.4,1.91,6750943,-893182,34.62,56.0,1.66,7264887,-893182,0.7045347370729835,7.558306145891879,False,1.572499424818268
SILVER,5,5.0,1h,0.1@0.3,10,False,34.17,46.3,1.2,685260,-729480,30.89,72.3,2.17,7501065,-689539,32.76,56.8,1.84,8186325,-729480,0.9393814772166474,10.87837671255723,False,1.4984478121146498
SILVER,5,5.0,1h,0.1@0.3,10,True,34.17,46.3,1.2,685260,-729480,30.89,72.3,2.21,7604031,-689539,32.76,56.8,1.85,8289291,-729480,0.9393814772166474,11.027702566497327,False,1.4984478121146498
SILVER,5,5.0,1h,0.15@0.3,0,False,21.92,67.3,1.43,801222,-439718,20.22,73.1,1.98,4340601,-501602,21.19,69.7,1.82,5141823,-501602,1.8221269086096088,8.65347626205637,False,1.680070090232583
SILVER,5,5.0,1h,0.15@0.3,0,True,21.92,67.3,1.43,801222,-439718,20.22,73.1,2.03,4443567,-498668,21.19,69.7,1.85,5244789,-498668,1.8221269086096088,8.910872564511859,False,1.680070090232583
SILVER,5,5.0,1h,0.15@0.3,5,False,38.33,65.9,1.11,412787,-729480,34.67,73.7,1.92,7212800,-799197,36.76,69.0,1.66,7625587,-799197,0.5658647255579317,9.02505890287376,False,1.1485455729590097
SILVER,5,5.0,1h,0.15@0.3,5,True,38.33,65.9,1.11,412787,-729480,34.67,73.7,1.94,7315766,-799197,36.76,69.0,1.67,7728554,-799197,0.5658647255579317,9.153895722831793,False,1.1485455729590097
SILVER,5,5.0,1h,0.15@0.3,10,False,36.17,66.8,1.18,628640,-729480,32.22,74.1,2.17,7708848,-586299,34.48,69.8,1.83,8337488,-729480,0.8617645446071174,13.148321931301265,False,1.1941063872157827
SILVER,5,5.0,1h,0.15@0.3,10,True,36.17,66.8,1.18,628640,-729480,32.22,74.1,2.2,7811814,-586299,34.48,69.8,1.85,8440454,-729480,0.8617645446071174,13.323942220607574,False,1.1941063872157827
SILVER,5,5.0,1h,0.2@0.4,0,False,21.92,66.9,1.52,1163996,-477936,20.22,72.5,1.81,4075884,-555970,21.19,69.2,1.72,5239880,-555970,2.435464162565699,7.331122182851593,False,1.8756009051006344
SILVER,5,5.0,1h,0.2@0.4,0,True,21.92,66.9,1.52,1163996,-477936,20.22,72.5,1.85,4178850,-555970,21.19,69.2,1.75,5342846,-555970,2.435464162565699,7.516322823173912,False,1.8756009051006344
SILVER,5,5.0,1h,0.2@0.4,5,False,34.08,67.5,1.15,585752,-729480,31.22,71.2,2.0,7694899,-572028,32.86,69.0,1.72,8280652,-729480,0.8029719800405768,13.451962141713343,False,1.4939181889943474
SILVER,5,5.0,1h,0.2@0.4,5,True,34.08,67.5,1.15,585752,-729480,31.22,71.2,2.03,7797866,-572028,32.86,69.0,1.74,8383618,-729480,0.8029719800405768,13.631965568119043,False,1.4939181889943474
SILVER,5,5.0,1h,0.2@0.4,10,False,32.58,67.0,1.17,636225,-729480,30.0,71.1,2.04,7522981,-551438,31.48,68.7,1.74,8159206,-729480,0.87216236223063,13.642478392856495,False,1.4829351203183443
SILVER,5,5.0,1h,0.2@0.4,10,True,32.58,67.0,1.17,636225,-729480,30.0,71.1,2.06,7625947,-551438,31.48,68.7,1.76,8262172,-729480,0.87216236223063,13.829201106924078,False,1.4829351203183443
SILVER,5,5.0,1h,0.25@0.5,0,False,21.92,62.0,1.68,1671647,-439718,20.22,67.6,2.15,6694705,-714796,21.19,64.3,2.01,8366352,-714796,3.8016342292105394,9.365896003894818,False,2.3585769974696023
SILVER,5,5.0,1h,0.25@0.5,0,True,21.92,62.0,1.68,1671647,-439718,20.22,67.6,2.18,6797672,-714796,21.19,64.3,2.03,8469319,-714796,3.8016342292105394,9.50994689393897,False,2.3585769974696023
SILVER,5,5.0,1h+4h,0.1@0.3,0,False,12.83,55.2,1.47,641006,-439718,12.22,71.8,1.99,2829663,-422753,12.57,62.1,1.82,3470669,-439718,1.4577661137365312,6.693419088687721,False,2.0803823037981193
SILVER,5,5.0,1h+4h,0.1@0.3,0,True,12.83,55.2,1.47,641006,-439718,12.22,71.8,2.06,2932629,-422753,12.57,62.1,1.87,3573635,-439718,1.4577661137365312,6.9369797494044985,False,2.0803823037981193
SILVER,5,5.0,1h+4h,0.1@0.3,5,False,19.5,56.0,1.47,932935,-439718,20.44,71.7,1.95,5143534,-799197,19.9,62.9,1.82,6076469,-799197,2.121666613602354,6.4358775120527225,False,2.515767614509187
SILVER,5,5.0,1h+4h,0.1@0.3,5,True,19.5,56.0,1.47,932935,-439718,20.44,71.7,1.99,5246500,-799197,19.9,62.9,1.85,6179435,-799197,2.121666613602354,6.564714332010756,False,2.515767614509187
SILVER,5,5.0,1h,0.25@0.5,5,False,30.5,61.2,1.32,1217051,-729480,28.78,65.6,1.93,8005873,-837815,29.76,63.0,1.74,9222925,-837815,1.6683815868838077,9.555657275174113,False,2.1757998519508224
SILVER,5,5.0,1h,0.25@0.5,5,True,30.5,61.2,1.32,1217051,-729480,28.78,65.6,1.95,8108840,-837815,29.76,63.0,1.75,9325891,-837815,1.6683815868838077,9.678556721949356,False,2.1757998519508224
SILVER,5,5.0,1h,0.25@0.5,10,False,30.17,61.0,1.32,1200466,-729480,28.11,64.0,1.89,7731408,-1019243,29.29,62.3,1.72,8931873,-1019243,1.6456462137412953,7.585441352062266,False,2.048141668261508
SILVER,5,5.0,1h,0.25@0.5,10,True,30.17,61.0,1.32,1200466,-729480,28.11,64.0,1.91,7834374,-1019243,29.29,62.3,1.73,9034840,-1019243,1.6456462137412953,7.686463385080889,False,2.048141668261508
SILVER,5,5.0,1h+4h,0.1@0.3,10,False,18.75,57.3,1.56,1030598,-439718,19.0,73.1,2.47,6149420,-496445,18.86,64.1,2.19,7180018,-496445,2.343770325526815,12.386910936760366,False,2.929079822412449
SILVER,5,5.0,1h+4h,0.1@0.3,10,True,18.75,57.3,1.56,1030598,-439718,19.0,73.1,2.53,6252386,-496052,18.86,64.1,2.23,7282984,-496052,2.343770325526815,12.604295517405433,False,2.929079822412449
SILVER,5,5.0,1h+4h,0.15@0.3,0,False,12.83,68.2,1.08,108452,-439718,12.22,75.5,2.06,3014829,-422753,12.57,71.2,1.74,3123280,-439718,0.24663989193073743,7.131419528660944,False,1.4105668689540163
SILVER,5,5.0,1h+4h,0.15@0.3,0,True,12.83,68.2,1.08,108452,-439718,12.22,75.5,2.13,3117795,-422753,12.57,71.2,1.79,3226247,-439718,0.24663989193073743,7.374980189377721,False,1.4105668689540163
SILVER,5,5.0,1h+4h,0.2@0.4,0,False,12.83,65.6,1.32,519267,-439718,12.22,75.5,2.09,3284826,-422753,12.57,69.7,1.82,3804093,-439718,1.1809091281230244,7.77008324009528,False,1.6142343619133501
SILVER,5,5.0,1h+4h,0.2@0.4,0,True,12.83,65.6,1.32,519267,-439718,12.22,75.5,2.16,3387792,-422753,12.57,69.7,1.86,3907059,-439718,1.1809091281230244,8.013643900812058,False,1.6142343619133501
SILVER,5,5.0,1h+4h,0.2@0.4,5,False,18.17,69.3,1.4,878474,-439718,19.0,72.5,2.33,6539384,-595100,18.52,70.7,2.04,7417857,-595100,1.9978122342046494,10.98871450176441,False,2.4254073443421458
SILVER,5,5.0,1h+4h,0.2@0.4,5,True,18.17,69.3,1.4,878474,-439718,19.0,72.5,2.38,6642350,-595100,18.52,70.7,2.07,7520824,-595100,1.9978122342046494,11.16173752310536,False,2.4254073443421458
SILVER,5,5.0,1h+4h,0.15@0.3,5,False,21.17,69.3,1.37,767091,-439718,21.11,72.6,1.92,5308203,-799197,21.14,70.7,1.77,6075294,-799197,1.7445067065710296,6.641920577779946,False,2.0978264274490686
SILVER,5,5.0,1h+4h,0.15@0.3,5,True,21.17,69.3,1.37,767091,-439718,21.11,72.6,1.95,5411169,-799197,21.14,70.7,1.8,6178260,-799197,1.7445067065710296,6.770757397737979,False,2.0978264274490686
SILVER,5,5.0,1h+4h,0.15@0.3,10,False,20.17,69.8,1.46,888051,-439718,19.89,75.4,2.39,6127943,-553429,20.05,72.2,2.11,7015994,-553429,2.0195921022109626,11.072681409900818,False,2.616879163583684
SILVER,5,5.0,1h+4h,0.15@0.3,10,True,20.17,69.8,1.46,888051,-439718,19.89,75.4,2.45,6230910,-473552,20.05,72.2,2.15,7118961,-473552,2.0195921022109626,13.157815825928303,False,2.616879163583684
SILVER,5,5.0,1h+4h,0.2@0.4,10,False,17.58,68.7,1.46,963098,-439718,18.11,73.0,2.47,6717072,-611946,17.81,70.6,2.16,7680171,-611946,2.1902628502813166,10.976576364581188,False,2.8392401452277682
SILVER,5,5.0,1h+4h,0.2@0.4,10,True,17.58,68.7,1.46,963098,-439718,18.11,73.0,2.53,6820039,-611946,17.81,70.6,2.19,7783137,-611946,2.1902628502813166,11.144837943217212,False,2.8392401452277682
SILVER,5,5.0,1h+4h,0.25@0.5,0,False,12.83,57.8,1.55,980059,-439718,12.22,70.0,2.45,5232021,-714796,12.57,62.9,2.15,6212079,-714796,2.228835298987078,7.31960027756171,False,1.7061167659109806
SILVER,5,5.0,1h+4h,0.25@0.5,0,True,12.83,57.8,1.55,980059,-439718,12.22,70.0,2.52,5334987,-714796,12.57,62.9,2.19,6315046,-714796,2.228835298987078,7.4636497686053085,False,1.7061167659109806
SILVER,5,5.0,1h+4h,0.25@0.5,5,False,16.75,59.7,1.58,1315505,-439718,17.22,65.8,2.23,6773723,-837070,16.95,62.4,2.04,8089228,-837070,2.991701499597469,8.092182254769613,False,3.1106835953754497
SILVER,5,5.0,1h+4h,0.25@0.5,5,True,16.75,59.7,1.58,1315505,-439718,17.22,65.8,2.27,6876689,-837070,16.95,62.4,2.06,8192194,-837070,2.991701499597469,8.215189888539788,False,3.1106835953754497
SILVER,5,5.0,1h+4h,0.25@0.5,10,False,16.58,60.3,1.65,1407875,-439718,17.0,64.7,2.19,6630943,-1020106,16.76,62.2,2.04,8038818,-1020106,3.2017679512778643,6.500248993732024,False,3.396304337590009
SILVER,5,5.0,1h+4h,0.25@0.5,10,True,16.58,60.3,1.65,1407875,-439718,17.0,64.7,2.23,6733909,-1020106,16.76,62.2,2.07,8141784,-1020106,3.2017679512778643,6.601185563068936,False,3.396304337590009
SILVER,5,6.0,D,0.1@0.3,0,False,16.58,57.3,2.17,1755165,-387503,15.67,78.7,2.59,5686223,-926085,16.19,66.2,2.46,7441388,-926085,4.529422998015499,6.140065976665209,False,4.5201299678076685
SILVER,5,6.0,D,0.1@0.3,0,True,16.58,43.2,2.43,1509529,-273769,15.67,66.7,2.59,3421267,-476820,16.19,52.9,2.54,4930796,-476820,5.513878488798951,7.175175118493351,False,4.648030084300746
SILVER,5,6.0,D,0.1@0.3,5,False,23.75,57.5,1.94,2076150,-392539,23.89,75.8,2.28,7233839,-905896,23.81,65.4,2.18,9309989,-905896,5.28902860607481,7.9852863904907405,False,4.220039586914605
SILVER,5,6.0,D,0.1@0.3,5,True,57.33,37.4,1.28,831593,-606917,56.11,53.5,1.6,3893578,-858019,56.81,44.2,1.5,4725170,-858019,1.370192299770809,4.537869208024531,False,3.338351164921766
SILVER,5,6.0,D,0.1@0.3,10,False,23.08,58.1,2.05,2161389,-339104,22.33,78.1,2.66,7879872,-905896,22.76,66.5,2.48,10041261,-905896,6.373823369821648,8.69842895873257,False,4.412799613388302
SILVER,5,6.0,D,0.1@0.3,10,True,46.92,39.8,1.51,1234242,-475535,44.44,56.0,1.95,4716299,-822480,45.86,46.5,1.81,5950541,-822480,2.595480879430536,5.734241562104853,False,3.398775612578473
SILVER,5,6.0,D,0.15@0.3,0,False,16.58,69.8,1.79,1178488,-365549,15.67,78.7,2.32,4743490,-914281,16.19,73.5,2.17,5921979,-914281,3.2238851699772124,5.188218939253906,False,4.004236794121919
SILVER,5,6.0,D,0.15@0.3,0,True,16.58,51.8,2.08,1136429,-239068,15.67,66.7,2.63,3510001,-476820,16.19,57.9,2.45,4646429,-476820,4.75358057121823,7.361270500398473,False,4.221044537881939
SILVER,5,6.0,D,0.15@0.3,5,False,26.33,70.3,1.68,1685574,-362072,26.78,76.8,2.11,6729489,-1031843,26.52,73.1,1.99,8415063,-1031843,4.655355840827239,6.521814849739737,True,3.62740099899854
SILVER,5,6.0,D,0.15@0.3,5,True,59.0,41.9,1.19,594457,-655914,57.89,54.3,1.56,3816890,-1006399,58.52,47.2,1.44,4411347,-1006399,0.906303265367106,3.792621018105145,False,2.630987024429846
SILVER,5,6.0,D,0.15@0.3,10,False,25.42,70.8,1.76,1752634,-363999,24.67,79.7,2.48,7383717,-1031843,25.1,74.6,2.25,9136351,-1031843,4.814941799290658,7.1558531675846035,True,4.1172284304801545
SILVER,5,6.0,D,0.15@0.3,10,True,48.42,45.3,1.41,1035900,-459926,45.89,57.1,1.9,4672932,-935323,47.33,50.2,1.74,5708832,-935323,2.252318851293469,4.996062322855313,False,2.870252284124509
SILVER,5,6.0,D,0.2@0.4,0,False,16.58,69.8,1.72,1296007,-467845,15.67,74.5,2.26,5413378,-977759,16.19,71.8,2.1,6709385,-977759,2.770163195075292,5.536515644448172,False,4.198084802501193
SILVER,5,6.0,D,0.2@0.4,0,True,16.58,52.3,1.98,1175524,-244141,15.67,62.4,2.45,3995251,-476820,16.19,56.5,2.31,5170775,-476820,4.814938908253837,8.378950127930876,False,4.165715018983078
SILVER,5,6.0,D,0.2@0.4,5,False,24.42,68.6,1.68,1826506,-497883,22.67,72.1,2.22,7316524,-957242,23.67,70.0,2.05,9143030,-957242,3.6685446179122403,7.643337839334254,False,3.8780064118916484
SILVER,5,6.0,D,0.2@0.4,5,True,57.5,40.9,1.3,939563,-542266,54.89,50.6,1.59,4177781,-1456658,56.38,44.9,1.5,5117344,-1456658,1.732660723703865,2.8680589403964416,False,2.772471127488158
SILVER,5,6.0,D,0.2@0.4,10,False,23.58,69.6,1.78,1955512,-443790,22.0,73.7,2.31,7400494,-903924,22.9,71.3,2.15,9356006,-903924,4.406390409878546,8.18707546209637,False,4.448232626240475
SILVER,5,6.0,D,0.2@0.4,10,True,46.83,44.3,1.56,1410710,-401475,43.89,52.7,1.79,4635104,-1093743,45.57,47.8,1.72,6045814,-1093743,3.513817796874027,4.23783649358213,False,3.1917565703826187
SILVER,5,6.0,D,0.25@0.5,0,False,16.58,63.3,1.57,1186549,-293620,15.67,66.7,2.18,6143842,-954375,16.19,64.7,2.01,7330391,-954375,4.041104148218786,6.437555468238376,False,4.043306993944958
SILVER,5,6.0,D,0.25@0.5,0,True,16.58,49.7,1.75,997775,-300389,15.67,59.6,2.77,5249993,-476820,16.19,53.8,2.46,6247768,-476820,3.321609646158814,11.010429512184892,False,3.791423172222212
SILVER,5,6.0,D,0.25@0.5,5,False,22.25,61.8,1.65,1810204,-410186,21.56,64.9,2.01,6864065,-930577,21.95,63.1,1.9,8674270,-930577,4.413129653376761,7.3761386752520215,False,4.11272282517556
SILVER,5,6.0,D,0.25@0.5,5,True,56.33,38.5,1.26,837953,-526955,54.11,48.9,1.62,4407313,-1080699,55.38,42.8,1.51,5245266,-1080699,1.5901794270858043,4.0782058649078055,False,3.268592915124214
SILVER,5,6.0,D,0.25@0.5,10,False,22.0,62.5,1.68,1820155,-393246,21.0,65.6,2.04,6895426,-859409,21.57,63.8,1.93,8715581,-859409,4.628540404733933,8.023450999465911,False,4.482624194009155
SILVER,5,6.0,D,0.25@0.5,10,True,46.17,41.5,1.43,1166415,-402085,43.11,50.3,1.79,4874838,-769341,44.86,45.1,1.68,6041253,-769341,2.9009164728850867,6.336381396545875,False,3.64331801353915
SILVER,5,6.0,D+1h,0.1@0.3,0,False,9.5,56.1,3.13,1694045,-157976,8.89,82.5,3.07,3499417,-476820,9.24,67.0,3.09,5193462,-476820,10.723432673317467,7.339073444905835,False,7.820620699631884
SILVER,5,6.0,D+1h,0.1@0.3,0,True,9.5,56.1,3.13,1694045,-157976,8.89,82.5,3.07,3499417,-476820,9.24,67.0,3.09,5193462,-476820,10.723432673317467,7.339073444905835,False,7.437346551694205
SILVER,5,6.0,D+1h,0.1@0.3,5,False,14.92,56.4,2.22,1696223,-222141,15.89,78.3,2.31,4994279,-656586,15.33,66.1,2.29,6690502,-656586,7.635794382846931,7.606435409832071,False,7.761860231487697
SILVER,5,6.0,D+1h,0.1@0.3,5,True,14.92,56.4,2.22,1696223,-222141,15.89,78.3,2.31,4994279,-656586,15.33,66.1,2.29,6690502,-656586,7.635794382846931,7.606435409832071,False,6.298141764354184
SILVER,5,6.0,D+1h,0.1@0.3,10,False,14.67,56.2,2.41,1792796,-205474,14.89,80.6,2.91,5600232,-577705,14.76,66.8,2.76,7393028,-577705,8.725172041231493,9.693930293142694,False,7.692287518447937
SILVER,5,6.0,D+1h,0.1@0.3,10,True,14.67,56.2,2.41,1792796,-205474,14.89,80.6,2.91,5600232,-577705,14.76,66.8,2.76,7393028,-577705,8.725172041231493,9.693930293142694,False,6.569689835837913
SILVER,5,6.0,D+1h,0.15@0.3,0,False,9.5,71.1,2.67,1319670,-131074,8.89,82.5,3.11,3578275,-476820,9.24,75.8,2.97,4897944,-476820,10.068129453591101,7.504456608363743,False,7.027103858936262
SILVER,5,6.0,D+1h,0.15@0.3,0,True,9.5,71.1,2.67,1319670,-131074,8.89,82.5,3.11,3578275,-476820,9.24,75.8,2.97,4897944,-476820,10.068129453591101,7.504456608363743,False,6.915845558298656
SILVER,5,6.0,D+1h,0.2@0.4,0,False,9.5,71.9,2.45,1360040,-131074,8.89,75.0,2.76,4070204,-476820,9.24,73.2,2.67,5430244,-476820,10.376123411202832,8.536143618136823,False,6.993168992519183
SILVER,5,6.0,D+1h,0.2@0.4,0,True,9.5,71.9,2.45,1360040,-131074,8.89,75.0,2.76,4070204,-476820,9.24,73.2,2.67,5430244,-476820,10.376123411202832,8.536143618136823,False,6.79920293657305
SILVER,5,6.0,D+1h,0.2@0.4,5,False,15.17,70.3,2.12,1769704,-249760,14.89,70.9,2.12,4969014,-771288,15.05,70.6,2.12,6738718,-771288,7.085618193465727,6.442488408998973,True,6.918556466157141
SILVER,5,6.0,D+1h,0.2@0.4,5,True,15.17,70.3,2.12,1769704,-249760,14.89,70.9,2.12,4969014,-771288,15.05,70.6,2.12,6738718,-771288,7.085618193465727,6.442488408998973,True,6.1808921417574
SILVER,5,6.0,D+1h,0.15@0.3,5,False,16.67,71.0,1.9,1429642,-254845,17.44,78.3,2.19,4917581,-811121,17.0,74.2,2.11,6347224,-811121,5.60984912397732,6.062697180815193,True,6.433440158767315
SILVER,5,6.0,D+1h,0.15@0.3,5,True,16.67,71.0,1.9,1429642,-254845,17.44,78.3,2.19,4917581,-811121,17.0,74.2,2.11,6347224,-811121,5.60984912397732,6.062697180815193,True,5.570371461966491
SILVER,5,6.0,D+1h,0.15@0.3,10,False,16.25,71.3,2.1,1563945,-241201,16.11,81.4,2.76,5556854,-696701,16.19,75.6,2.55,7120799,-696701,6.4839905307191925,7.975952381294127,True,6.485548760158333
SILVER,5,6.0,D+1h,0.15@0.3,10,True,16.25,71.3,2.1,1563945,-241201,16.11,81.4,2.76,5556854,-696701,16.19,75.6,2.55,7120799,-696701,6.4839905307191925,7.975952381294127,True,5.930130897306532
SILVER,5,6.0,D+1h,0.2@0.4,10,False,14.67,71.6,2.37,1933096,-212573,14.56,72.5,2.32,5209568,-583003,14.62,72.0,2.33,7142664,-583003,9.093798365737888,8.935748186544494,True,7.037230284221238
SILVER,5,6.0,D+1h,0.2@0.4,10,True,14.67,71.6,2.37,1933096,-212573,14.56,72.5,2.32,5209568,-583003,14.62,72.0,2.33,7142664,-583003,9.093798365737888,8.935748186544494,True,6.65693420823524
SILVER,5,6.0,D+1h,0.25@0.5,0,False,9.5,67.5,2.11,1182292,-190564,8.89,70.0,3.12,5324946,-476820,9.24,68.6,2.82,6507237,-476820,6.204172876304024,11.167623002390838,False,6.129680261872459
SILVER,5,6.0,D+1h,0.25@0.5,0,True,9.5,67.5,2.11,1182292,-190564,8.89,70.0,3.12,5324946,-476820,9.24,68.6,2.82,6507237,-476820,6.204172876304024,11.167623002390838,False,5.7249376058933485
SILVER,5,6.0,D+1h,0.25@0.5,5,False,14.0,64.3,2.02,1692742,-205363,14.0,65.9,2.22,5361181,-509195,14.0,65.0,2.17,7053923,-509195,8.24268246957826,10.528738499003328,False,7.429652516936545
SILVER,5,6.0,D+1h,0.25@0.5,5,True,14.0,64.3,2.02,1692742,-205363,14.0,65.9,2.22,5361181,-509195,14.0,65.0,2.17,7053923,-509195,8.24268246957826,10.528738499003328,False,6.200962197090381
SILVER,5,6.0,D+1h,0.25@0.5,10,False,14.0,64.9,2.09,1713448,-187621,13.67,66.7,2.39,5611937,-478712,13.86,65.6,2.3,7325385,-478712,9.13249582935812,11.722992112167649,False,7.959038688572203
SILVER,5,6.0,D+1h,0.25@0.5,10,True,14.0,64.9,2.09,1713448,-187621,13.67,66.7,2.39,5611937,-478712,13.86,65.6,2.3,7325385,-478712,9.13249582935812,11.722992112167649,False,7.297439566559023
SILVER,5,6.0,D+4h,0.1@0.3,10,False,11.67,65.7,3.76,2186782,-131074,16.0,78.5,2.62,6338096,-1008582,13.52,72.2,2.82,8524879,-1008582,16.683568060790087,6.284165293451599,False,9.244741652186706
SILVER,5,6.0,D+4h,0.1@0.3,10,True,21.25,46.7,2.34,1488262,-143675,30.22,59.9,2.42,4909223,-476820,25.1,53.5,2.4,6397485,-476820,10.35853140769097,10.295757308837716,False,7.945215949581279
SILVER,5,6.0,D+4h,0.15@0.3,0,False,8.42,77.2,3.02,1169774,-131074,10.89,78.6,2.27,3972632,-914281,9.48,77.9,2.39,5142407,-914281,8.924531180859667,4.345088654363374,False,6.904625538855219
SILVER,5,6.0,D+4h,0.15@0.3,0,True,8.42,55.4,2.37,823440,-131074,10.89,67.3,2.79,3173191,-476820,9.48,61.3,2.68,3996631,-476820,6.282252773242596,6.65490331781385,False,5.631368687924306
SILVER,5,6.0,D+4h,0.1@0.3,0,False,8.42,66.3,4.09,1807644,-131074,10.89,78.6,2.36,4267365,-926085,9.48,72.4,2.63,6075009,-926085,13.791018813799838,4.607962552033561,False,8.157856995150603
SILVER,5,6.0,D+4h,0.1@0.3,0,True,8.42,49.5,3.03,1226472,-131074,10.89,67.3,2.78,3148339,-476820,9.48,58.3,2.84,4374811,-476820,9.357095991577276,6.602783020846441,False,6.837971937986956
SILVER,5,6.0,D+4h,0.1@0.3,5,False,12.25,64.6,3.24,2072211,-131074,17.0,76.5,2.3,5868889,-1008582,14.29,70.7,2.46,7941100,-1008582,15.809474037566565,5.818950764538728,False,8.577783292108935
SILVER,5,6.0,D+4h,0.1@0.3,5,True,27.0,42.6,1.84,1215939,-238835,37.22,56.4,1.96,4330398,-534493,31.38,49.6,1.93,5546337,-534493,5.091125672535433,8.101879725272362,False,6.955374321504958
SILVER,5,6.0,D+4h,0.15@0.3,5,False,13.83,76.5,2.65,1765015,-190600,19.11,77.3,2.1,5414479,-1091817,16.1,76.9,2.2,7179494,-1091817,9.260309548793284,4.959145168100515,True,7.1308276565510536
SILVER,5,6.0,D+4h,0.15@0.3,5,True,28.0,47.6,1.66,1031043,-293276,38.44,57.2,1.89,4306512,-476820,32.48,52.5,1.83,5337555,-476820,3.515606459444346,9.031735246004782,False,5.01187459097916
SILVER,5,6.0,D+4h,0.15@0.3,10,False,13.0,78.2,3.1,1894715,-190600,17.78,80.6,2.43,5931486,-1091817,15.05,79.4,2.55,7826201,-1091817,9.940792235047219,5.432674156932893,True,7.7829501424416865
SILVER,5,6.0,D+4h,0.15@0.3,10,True,22.08,53.2,2.21,1376748,-198115,31.22,61.2,2.33,4887384,-476820,26.0,57.3,2.3,6264132,-476820,6.949236554526411,10.249955958223229,False,6.396382261679341
SILVER,5,6.0,D+4h,0.2@0.4,10,False,11.67,76.4,3.15,2157452,-190600,15.56,72.9,2.32,6024385,-957296,13.33,74.6,2.47,8181837,-957296,11.319265477439664,6.2931266818204605,True,8.647842003374318
SILVER,5,6.0,D+4h,0.2@0.4,10,True,21.08,51.4,2.33,1623174,-193031,29.33,56.4,2.3,5184623,-735466,24.62,54.0,2.3,6807797,-735466,8.408877330584207,7.049439403045144,False,7.209071262073797
SILVER,5,6.0,D+4h,0.25@0.5,0,False,8.42,65.3,1.9,894091,-171426,10.89,65.3,2.21,5376826,-954375,9.48,65.3,2.15,6270917,-954375,5.215609067469345,5.633871381794368,False,5.692818529072387
SILVER,5,6.0,D+4h,0.25@0.5,0,True,8.42,50.5,1.47,398434,-173805,10.89,59.2,2.99,4757164,-476820,9.48,54.8,2.6,5155598,-476820,2.292419665717327,9.97685499769305,False,4.122187199831036
SILVER,5,6.0,D+4h,0.2@0.4,0,False,8.42,74.3,2.8,1363378,-131074,10.89,72.4,2.21,4510925,-977759,9.48,73.4,2.31,5874303,-977759,10.40158994155973,4.613534623562657,False,6.502964772277053
SILVER,5,6.0,D+4h,0.2@0.4,0,True,8.42,53.5,2.13,841122,-131074,10.89,62.2,2.62,3631674,-476820,9.48,57.8,2.5,4472795,-476820,6.4171536689198465,7.6164464577828115,False,5.29290463557475
SILVER,5,6.0,D+4h,0.2@0.4,5,False,12.33,73.6,2.77,2033255,-190600,15.67,71.6,2.32,6125538,-969148,13.76,72.7,2.41,8158794,-969148,10.667654774396642,6.320539277798644,True,8.016340411577628
SILVER,5,6.0,D+4h,0.2@0.4,5,True,27.0,45.7,1.8,1293756,-288191,35.67,53.6,2.11,5094036,-858649,30.71,49.6,2.03,6387792,-858649,4.489231100207848,5.932617402454321,False,5.76680341909525
SILVER,5,6.0,D+1h+4h,0.1@0.3,0,False,5.58,64.2,3.72,1316501,-131074,6.67,83.3,3.04,3107100,-476820,6.05,73.2,3.21,4423600,-476820,10.043952271236096,6.5162954574053105,False,6.640354012949124
SILVER,5,6.0,D+1h+4h,0.1@0.3,0,True,5.58,64.2,3.72,1316501,-131074,6.67,83.3,3.04,3107100,-476820,6.05,73.2,3.21,4423600,-476820,10.043952271236096,6.5162954574053105,False,6.147695921591062
SILVER,5,6.0,D+1h+4h,0.1@0.3,5,False,9.08,66.1,2.98,1530492,-200404,12.11,78.9,2.6,4706127,-476820,10.38,72.5,2.68,6236619,-476820,7.63703319295024,9.869818799547,False,7.308706206038475
SILVER,5,6.0,D+1h+4h,0.1@0.3,5,True,9.08,66.1,2.98,1530492,-200404,12.11,78.9,2.6,4706127,-476820,10.38,72.5,2.68,6236619,-476820,7.63703319295024,9.869818799547,False,6.236871369535363
SILVER,5,6.0,D+4h,0.25@0.5,5,False,11.08,65.4,2.53,1991041,-131074,14.56,63.4,2.06,5728282,-903810,12.57,64.4,2.15,7719323,-903810,15.190205532752492,6.337927219216429,False,8.37631715383156
SILVER,5,6.0,D+4h,0.25@0.5,5,True,26.08,42.2,1.74,1280287,-223582,35.11,50.9,2.02,4996730,-849455,29.95,46.6,1.95,6277017,-849455,5.7262525605818,5.882277460253928,False,6.780826648729682
SILVER,5,6.0,D+4h,0.25@0.5,10,False,11.0,66.7,2.6,1979191,-131074,14.56,63.4,2.0,5563535,-888995,12.52,65.0,2.11,7542725,-888995,15.099798587057693,6.258229798817766,False,9.877981068164907
SILVER,5,6.0,D+4h,0.25@0.5,10,True,20.58,47.0,2.06,1482940,-136387,28.67,53.1,2.16,5130768,-726272,24.05,50.1,2.14,6613708,-726272,10.873030420787906,7.064526788861474,False,8.433792985491888
SILVER,5,6.0,D+1h+4h,0.1@0.3,10,False,8.83,66.0,3.42,1622548,-131074,11.56,80.8,3.3,5221962,-476820,10.0,73.3,3.33,6844509,-476820,12.378869951325205,10.951642129105323,False,7.921115529418038
SILVER,5,6.0,D+1h+4h,0.1@0.3,10,True,8.83,66.0,3.42,1622548,-131074,11.56,80.8,3.3,5221962,-476820,10.0,73.3,3.33,6844509,-476820,12.378869951325205,10.951642129105323,False,7.218333679073691
SILVER,5,6.0,D+1h+4h,0.15@0.3,0,False,5.58,73.1,2.89,913468,-131074,6.67,83.3,3.06,3125459,-476820,6.05,78.0,3.02,4038927,-476820,6.969101423623297,6.554798456440586,False,5.457022522418444
SILVER,5,6.0,D+1h+4h,0.15@0.3,0,True,5.58,73.1,2.89,913468,-131074,6.67,83.3,3.06,3125459,-476820,6.05,78.0,3.02,4038927,-476820,6.969101423623297,6.554798456440586,False,5.192794681656737
SILVER,5,6.0,D+1h+4h,0.15@0.3,5,False,10.08,76.9,2.51,1340774,-254845,13.11,78.8,2.43,4695379,-476820,11.38,77.8,2.45,6036153,-476820,5.261135199827346,9.847277798750053,True,5.596050708002735
SILVER,5,6.0,D+1h+4h,0.15@0.3,5,True,10.08,76.9,2.51,1340774,-254845,13.11,78.8,2.43,4695379,-476820,11.38,77.8,2.45,6036153,-476820,5.261135199827346,9.847277798750053,True,5.073804972607376
SILVER,5,6.0,D+1h+4h,0.15@0.3,10,False,9.67,78.4,3.14,1505146,-190600,12.33,82.0,3.08,5213262,-476820,10.81,80.2,3.09,6718407,-476820,7.896883525708289,10.933396250157292,False,6.57919207222947
SILVER,5,6.0,D+1h+4h,0.15@0.3,10,True,9.67,78.4,3.14,1505146,-190600,12.33,82.0,3.08,5213262,-476820,10.81,80.2,3.09,6718407,-476820,7.896883525708289,10.933396250157292,False,6.2800365041773905
SILVER,5,6.0,D+1h+4h,0.2@0.4,10,False,8.67,76.9,3.23,1753579,-190600,10.78,73.2,2.87,5266002,-613910,9.57,75.1,2.95,7019581,-613910,9.200309548793284,8.577807821993451,False,7.26149384494593
SILVER,5,6.0,D+1h+4h,0.2@0.4,10,True,8.67,76.9,3.23,1753579,-190600,10.78,73.2,2.87,5266002,-613910,9.57,75.1,2.95,7019581,-613910,9.200309548793284,8.577807821993451,False,6.970455030260385
SILVER,5,6.0,D+1h+4h,0.25@0.5,0,False,5.58,65.7,1.68,488463,-151333,6.67,70.0,3.21,4716763,-476820,6.05,67.7,2.82,5205226,-476820,3.2277361844409347,9.892124910867834,False,4.500096819145814
SILVER,5,6.0,D+1h+4h,0.25@0.5,0,True,5.58,65.7,1.68,488463,-151333,6.67,70.0,3.21,4716763,-476820,6.05,67.7,2.82,5205226,-476820,3.2277361844409347,9.892124910867834,False,4.175297996728924
SILVER,5,6.0,D+1h+4h,0.2@0.4,0,False,5.58,70.1,2.5,931150,-131074,6.67,75.0,2.8,3591273,-476820,6.05,72.4,2.73,4522423,-476820,7.104002319300548,7.531716370957594,False,5.209960420904596
SILVER,5,6.0,D+1h+4h,0.2@0.4,0,True,5.58,70.1,2.5,931150,-131074,6.67,75.0,2.8,3591273,-476820,6.05,72.4,2.73,4522423,-476820,7.104002319300548,7.531716370957594,False,4.8115167936406085
SILVER,5,6.0,D+1h+4h,0.2@0.4,5,False,9.08,74.3,2.7,1606108,-249760,10.67,72.9,2.74,5238405,-532918,9.76,73.7,2.73,6844513,-532918,6.430605381165919,9.82966422601601,False,6.307304010127786
SILVER,5,6.0,D+1h+4h,0.2@0.4,5,True,9.08,74.3,2.7,1606108,-249760,10.67,72.9,2.74,5238405,-532918,9.76,73.7,2.73,6844513,-532918,6.430605381165919,9.82966422601601,False,5.745629130656078
SILVER,5,6.0,D+1h+4h,0.25@0.5,5,False,8.17,68.4,2.56,1611175,-185151,10.11,64.8,2.55,5166656,-523724,9.0,66.7,2.55,6777831,-523724,8.70195138022479,9.865226722472142,False,7.231650045599717
SILVER,5,6.0,D+1h+4h,0.25@0.5,5,True,8.17,68.4,2.56,1611175,-185151,10.11,64.8,2.55,5166656,-523724,9.0,66.7,2.55,6777831,-523724,8.70195138022479,9.865226722472142,False,6.285254748382649
SILVER,5,6.0,D+1h+4h,0.25@0.5,10,False,8.17,69.4,2.74,1631881,-131074,10.11,64.8,2.62,5237704,-540780,9.0,67.2,2.64,6869585,-540780,12.450074003997742,9.68546174044898,False,8.429321875371578
SILVER,5,6.0,D+1h+4h,0.25@0.5,10,True,8.17,69.4,2.74,1631881,-131074,10.11,64.8,2.62,5237704,-540780,9.0,67.2,2.64,6869585,-540780,12.450074003997742,9.68546174044898,False,7.959680968008267
SILVER,5,6.0,1h,0.1@0.3,0,False,16.25,52.3,2.07,1450227,-431436,14.0,81.7,2.55,4249242,-476820,15.29,63.9,2.39,5699469,-476820,3.3613954329263205,8.911627029067573,False,4.075710854490743
SILVER,5,6.0,1h,0.1@0.3,0,True,16.25,52.3,2.07,1450227,-431436,14.0,81.7,2.55,4249242,-476820,15.29,63.9,2.39,5699469,-476820,3.3613954329263205,8.911627029067573,False,4.075710854490743
SILVER,5,6.0,1h,0.1@0.3,5,False,27.92,53.1,1.22,681882,-472453,25.67,77.1,2.18,7179825,-800399,26.95,62.9,1.85,7861707,-800399,1.4432800723034884,8.970307309229522,False,2.862958329078075
SILVER,5,6.0,1h,0.1@0.3,5,True,27.92,53.1,1.22,681882,-472453,25.67,77.1,2.18,7179825,-800399,26.95,62.9,1.85,7861707,-800399,1.4432800723034884,8.970307309229522,False,2.862958329078075
SILVER,5,6.0,1h,0.1@0.3,10,False,27.0,53.4,1.31,883094,-445959,24.44,77.7,2.27,7042449,-594768,25.9,63.2,1.95,7925544,-594768,1.9802134276917833,11.840665604067468,False,3.6478550552875078
SILVER,5,6.0,1h,0.1@0.3,10,True,27.0,53.4,1.31,883094,-445959,24.44,77.7,2.27,7042449,-594768,25.9,63.2,1.95,7925544,-594768,1.9802134276917833,11.840665604067468,False,3.6478550552875078
SILVER,5,6.0,1h,0.15@0.3,0,False,16.25,71.8,1.85,1146986,-366359,14.0,81.7,2.48,4078878,-476820,15.29,75.7,2.28,5225864,-476820,3.1307706375440483,8.554334969170757,True,3.4178815265830016
SILVER,5,6.0,1h,0.15@0.3,0,True,16.25,71.8,1.85,1146986,-366359,14.0,81.7,2.48,4078878,-476820,15.29,75.7,2.28,5225864,-476820,3.1307706375440483,8.554334969170757,True,3.4178815265830016
SILVER,5,6.0,1h,0.15@0.3,5,False,30.17,71.3,1.17,565206,-441356,27.89,76.9,1.97,6718053,-934456,29.19,73.6,1.71,7283258,-934456,1.280612476096394,7.189266268288716,False,2.279593479231733
SILVER,5,6.0,1h,0.15@0.3,5,True,30.17,71.3,1.17,565206,-441356,27.89,76.9,1.97,6718053,-934456,29.19,73.6,1.71,7283258,-934456,1.280612476096394,7.189266268288716,False,2.279593479231733
SILVER,5,6.0,1h,0.15@0.3,10,False,29.0,71.6,1.24,731408,-447289,26.22,78.4,2.12,6804912,-693915,27.81,74.3,1.82,7536321,-693915,1.6352022965018143,9.806549793562612,False,2.8436471295102828
SILVER,5,6.0,1h,0.15@0.3,10,True,29.0,71.6,1.24,731408,-447289,26.22,78.4,2.12,6804912,-693915,27.81,74.3,1.82,7536321,-693915,1.6352022965018143,9.806549793562612,False,2.8436471295102828
SILVER,5,6.0,1h,0.2@0.4,0,False,16.25,70.8,1.84,1291148,-326305,14.0,75.4,3.34,8198849,-476820,15.29,72.6,2.88,9489997,-476820,3.956874703115184,17.194851306572712,True,3.9730551807554426
SILVER,5,6.0,1h,0.2@0.4,0,True,16.25,70.8,1.84,1291148,-326305,14.0,75.4,3.34,8198849,-476820,15.29,72.6,2.88,9489997,-476820,3.956874703115184,17.194851306572712,True,3.9730551807554426
SILVER,5,6.0,1h,0.2@0.4,5,False,26.58,68.0,1.31,1019437,-418629,23.89,69.8,2.1,7934315,-772593,25.43,68.7,1.85,8953752,-772593,2.4351800759144733,10.269721573972324,False,3.132465178518305
SILVER,5,6.0,1h,0.2@0.4,5,True,26.58,68.0,1.31,1019437,-418629,23.89,69.8,2.1,7934315,-772593,25.43,68.7,1.85,8953752,-772593,2.4351800759144733,10.269721573972324,False,3.132465178518305
SILVER,5,6.0,1h,0.2@0.4,10,False,25.83,69.4,1.39,1194688,-376013,23.11,71.2,2.22,7980317,-531649,24.67,70.1,1.96,9175005,-531649,3.1772518503349616,15.010499408444293,False,3.6195457551478163
SILVER,5,6.0,1h,0.2@0.4,10,True,25.83,69.4,1.39,1194688,-376013,23.11,71.2,2.22,7980317,-531649,24.67,70.1,1.96,9175005,-531649,3.1772518503349616,15.010499408444293,False,3.6195457551478163
SILVER,5,6.0,1h,0.25@0.5,0,False,16.25,65.6,1.56,985272,-277390,14.0,69.8,3.41,9369634,-476820,15.29,67.3,2.83,10354907,-476820,3.5519377050362304,19.6502537645233,False,3.450873407927286
SILVER,5,6.0,1h,0.25@0.5,0,True,16.25,65.6,1.56,985272,-277390,14.0,69.8,3.41,9369634,-476820,15.29,67.3,2.83,10354907,-476820,3.5519377050362304,19.6502537645233,False,3.450873407927286
SILVER,5,6.0,1h,0.25@0.5,5,False,24.75,63.6,1.35,1110672,-373445,22.11,65.3,2.22,8471524,-667800,23.62,64.3,1.95,9582196,-667800,2.97412470377164,12.685720275531596,False,3.8378964958151087
SILVER,5,6.0,1h,0.25@0.5,5,True,24.75,63.6,1.35,1110672,-373445,22.11,65.3,2.22,8471524,-667800,23.62,64.3,1.95,9582196,-667800,2.97412470377164,12.685720275531596,False,3.8378964958151087
SILVER,5,6.0,1h,0.25@0.5,10,False,24.58,63.7,1.36,1094256,-361114,21.56,64.9,2.22,8297784,-551818,23.29,64.2,1.95,9392041,-551818,3.030223142830242,15.037175300551993,False,4.466276774519042
SILVER,5,6.0,1h,0.25@0.5,10,True,24.58,63.7,1.36,1094256,-361114,21.56,64.9,2.22,8297784,-551818,23.29,64.2,1.95,9392041,-551818,3.030223142830242,15.037175300551993,False,4.466276774519042
SILVER,5,6.0,1h+4h,0.1@0.3,0,False,9.17,59.1,2.44,1167613,-179560,8.44,84.2,3.17,3631794,-476820,8.86,69.4,2.93,4799407,-476820,6.502634216974827,7.616698125078646,False,4.087204683258517
SILVER,5,6.0,1h+4h,0.1@0.3,0,True,9.17,59.1,2.44,1167613,-179560,8.44,84.2,3.17,3631794,-476820,8.86,69.4,2.93,4799407,-476820,6.502634216974827,7.616698125078646,False,4.087204683258517
SILVER,5,6.0,1h+4h,0.1@0.3,5,False,15.25,60.7,1.86,1235386,-200404,15.78,78.2,2.6,6304486,-608710,15.48,68.3,2.4,7539872,-608710,6.164477754935032,10.357125724893628,False,4.518657325927723
SILVER,5,6.0,1h+4h,0.1@0.3,5,True,15.25,60.7,1.86,1235386,-200404,15.78,78.2,2.6,6304486,-608710,15.48,68.3,2.4,7539872,-608710,6.164477754935032,10.357125724893628,False,4.518657325927723
SILVER,5,6.0,1h+4h,0.1@0.3,10,False,14.67,60.2,2.01,1329049,-160841,15.11,79.4,3.07,6808324,-608710,14.86,68.6,2.76,8137373,-608710,8.263123208634614,11.184840071626883,False,4.865751015111083
SILVER,5,6.0,1h+4h,0.1@0.3,10,True,14.67,60.2,2.01,1329049,-160841,15.11,79.4,3.07,6808324,-608710,14.86,68.6,2.76,8137373,-608710,8.263123208634614,11.184840071626883,False,4.865751015111083
SILVER,5,6.0,1h+4h,0.15@0.3,0,False,9.17,70.9,2.0,802237,-160321,8.44,84.2,2.97,3303331,-476820,8.86,76.3,2.66,4105568,-476820,5.003942091179571,6.927836500146806,False,3.593517941403773
SILVER,5,6.0,1h+4h,0.15@0.3,0,True,9.17,70.9,2.0,802237,-160321,8.44,84.2,2.97,3303331,-476820,8.86,76.3,2.66,4105568,-476820,5.003942091179571,6.927836500146806,False,3.593517941403773
SILVER,5,6.0,1h+4h,0.15@0.3,5,False,16.42,73.1,1.7,1091629,-254845,17.0,78.4,2.45,6215521,-696657,16.67,75.4,2.25,7307150,-696657,4.283501736349546,8.921924275504301,True,3.9656268061800146
SILVER,5,6.0,1h+4h,0.15@0.3,5,True,16.42,73.1,1.7,1091629,-254845,17.0,78.4,2.45,6215521,-696657,16.67,75.4,2.25,7307150,-696657,4.283501736349546,8.921924275504301,True,3.9656268061800146
SILVER,5,6.0,1h+4h,0.15@0.3,10,False,15.67,72.9,1.83,1184984,-190600,16.11,80.7,2.91,6717958,-696657,15.86,76.3,2.6,7902942,-696657,6.217124868835257,9.643135718151113,True,4.736698722391624
SILVER,5,6.0,1h+4h,0.15@0.3,10,True,15.67,72.9,1.83,1184984,-190600,16.11,80.7,2.91,6717958,-696657,15.86,76.3,2.6,7902942,-696657,6.217124868835257,9.643135718151113,True,4.736698722391624
SILVER,5,6.0,1h+4h,0.2@0.4,0,False,9.17,68.2,1.89,857875,-171183,8.44,75.0,2.85,4257977,-476820,8.86,71.0,2.57,5115852,-476820,5.011449735078834,8.929946310976888,False,3.4125492418067385
SILVER,5,6.0,1h+4h,0.2@0.4,0,True,9.17,68.2,1.89,857875,-171183,8.44,75.0,2.85,4257977,-476820,8.86,71.0,2.57,5115852,-476820,5.011449735078834,8.929946310976888,False,3.4125492418067385
SILVER,5,6.0,1h+4h,0.2@0.4,5,False,14.67,69.9,1.89,1420626,-249760,13.89,72.8,2.89,7427336,-576498,14.33,71.1,2.6,8847963,-576498,5.687964445868033,12.883541660161875,False,4.821824947155375
SILVER,5,6.0,1h+4h,0.2@0.4,5,True,14.67,69.9,1.89,1420626,-249760,13.89,72.8,2.89,7427336,-576498,14.33,71.1,2.6,8847963,-576498,5.687964445868033,12.883541660161875,False,4.821824947155375
SILVER,5,6.0,1h+4h,0.2@0.4,10,False,14.25,71.9,2.08,1552373,-190600,13.89,73.6,3.07,7548417,-564646,14.1,72.6,2.79,9100791,-564646,8.144664218258132,13.368406045557748,True,5.530243828177768
SILVER,5,6.0,1h+4h,0.2@0.4,10,True,14.25,71.9,2.08,1552373,-190600,13.89,73.6,3.07,7548417,-564646,14.1,72.6,2.79,9100791,-564646,8.144664218258132,13.368406045557748,True,5.530243828177768
SILVER,5,6.0,1h+4h,0.25@0.5,0,False,9.17,61.8,1.29,333124,-281278,8.44,67.1,3.0,5253583,-476820,8.86,64.0,2.48,5586707,-476820,1.1843229829563635,11.017958558785287,False,3.2105875468799274
SILVER,5,6.0,1h+4h,0.25@0.5,0,True,9.17,61.8,1.29,333124,-281278,8.44,67.1,3.0,5253583,-476820,8.86,64.0,2.48,5586707,-476820,1.1843229829563635,11.017958558785287,False,3.2105875468799274
SILVER,10,4.0,D,0.1@0.3,0,False,15.67,61.2,1.53,829666,-440701,14.89,75.4,1.97,4008321,-1096494,15.33,67.1,1.85,4837987,-1096494,1.8826052130582867,3.655579510694997,False,3.507521989915869
SILVER,10,4.0,D,0.1@0.3,0,True,15.67,47.3,1.85,758934,-260348,14.89,62.7,2.2,2699024,-531423,15.33,53.7,2.1,3457958,-531423,2.91507520703059,5.078861848282818,False,3.670889498742908
SILVER,10,4.0,D,0.1@0.3,5,False,23.33,60.0,1.58,1334643,-439626,23.89,70.7,1.44,3309114,-1368891,23.57,64.6,1.47,4643756,-1368891,3.0358600264770508,2.4173685121751842,False,3.8796999721906644
SILVER,10,4.0,D,0.1@0.3,5,True,44.58,42.6,1.34,857585,-475751,45.67,51.6,1.21,1569897,-888931,45.05,46.5,1.25,2427482,-888931,1.8025921122604052,1.7660504583595351,False,3.028399967978002
SILVER,10,4.0,D,0.1@0.3,10,False,22.83,59.9,1.57,1278724,-498245,22.33,73.6,1.75,4457290,-1099924,22.62,65.7,1.7,5736014,-1099924,2.566456261477787,4.052361799542513,False,3.8932958287262647
SILVER,10,4.0,D,0.1@0.3,10,True,37.83,43.8,1.47,1032667,-373837,38.11,56.0,1.58,3046228,-709301,37.95,49.1,1.55,4078895,-709301,2.7623456212199433,4.294690124502855,False,3.3027703019746397
SILVER,10,4.0,D,0.15@0.3,0,False,15.67,73.4,1.38,581274,-386059,14.89,76.1,1.9,3742989,-1096494,15.33,74.5,1.76,4324264,-1096494,1.5056610518081432,3.4135973384259284,False,3.063976123856666
SILVER,10,4.0,D,0.15@0.3,0,True,15.67,53.7,1.77,677833,-231736,14.89,63.4,2.14,2568271,-500293,15.33,57.8,2.03,3246103,-500293,2.9250224393275106,5.133533749222956,False,3.8229346218426747
SILVER,5,6.0,1h+4h,0.25@0.5,5,False,13.42,64.0,1.81,1376052,-185151,12.89,62.9,2.63,7206025,-598515,13.19,63.5,2.4,8582077,-598515,7.432052756938931,12.039840271338228,False,5.109312207906321
SILVER,5,6.0,1h+4h,0.25@0.5,5,True,13.42,64.0,1.81,1376052,-185151,12.89,62.9,2.63,7206025,-598515,13.19,63.5,2.4,8582077,-598515,7.432052756938931,12.039840271338228,False,5.109312207906321
SILVER,5,6.0,1h+4h,0.25@0.5,10,False,13.33,65.0,1.89,1409089,-163866,12.89,62.9,2.68,7277074,-583700,13.14,64.1,2.47,8686162,-583700,8.599032136013571,12.467147507281137,False,6.16410925188771
SILVER,5,6.0,1h+4h,0.25@0.5,10,True,13.33,65.0,1.89,1409089,-163866,12.89,62.9,2.68,7277074,-583700,13.14,64.1,2.47,8686162,-583700,8.599032136013571,12.467147507281137,False,6.16410925188771
SILVER,10,4.0,D,0.15@0.3,5,False,25.58,74.3,1.62,1433328,-441099,25.78,72.0,1.38,3014548,-1251928,25.67,73.3,1.43,4447876,-1251928,3.2494474029639604,2.407924417378635,True,3.8987350092817517
SILVER,10,4.0,D,0.15@0.3,5,True,45.83,48.4,1.36,925186,-428216,46.78,52.7,1.2,1498685,-965232,46.24,50.3,1.24,2423872,-965232,2.1605591570609226,1.5526681668241418,False,3.191273767977003
SILVER,10,4.0,D,0.15@0.3,10,False,25.08,75.7,1.65,1439502,-455728,24.11,74.2,1.65,4209986,-1139958,24.67,75.1,1.65,5649487,-1139958,3.158686760523821,3.693106237247337,True,4.137251929673156
SILVER,10,4.0,D,0.15@0.3,10,True,39.25,50.5,1.5,1112845,-322966,39.11,56.8,1.52,2884319,-920779,39.19,53.2,1.51,3997164,-920779,3.445703262882161,3.1324769570114,False,3.5509027094251726
SILVER,10,4.0,D,0.2@0.4,0,False,15.58,68.4,1.53,1127080,-590122,15.0,71.9,1.8,3747971,-1096494,15.33,69.9,1.71,4875052,-1096494,1.9099101541715102,3.418140910939777,False,3.330966258621641
SILVER,10,4.0,D,0.2@0.4,0,True,15.58,53.5,2.06,1218095,-174651,15.0,59.3,2.09,2873641,-451852,15.33,55.9,2.08,4091736,-451852,6.974451906945852,6.359695209935997,False,3.76671136148048
SILVER,10,4.0,D,0.2@0.4,5,False,22.5,70.4,1.66,1774813,-410047,23.44,68.7,1.64,4662694,-1096494,22.9,69.6,1.65,6437507,-1096494,4.328316022309638,4.252366178018302,True,4.007401621184849
SILVER,10,4.0,D,0.2@0.4,5,True,44.0,47.2,1.46,1257513,-371348,45.56,50.2,1.41,2966580,-872766,44.67,48.5,1.42,4224093,-872766,3.386346499779183,3.3990554169158744,False,3.816616013251225
SILVER,10,4.0,D,0.2@0.4,10,False,22.08,70.9,1.69,1799273,-417578,22.56,70.4,1.75,5014328,-1096494,22.29,70.7,1.74,6813601,-1096494,4.308830925000838,4.5730555753155055,True,4.2679067447093315
SILVER,10,4.0,D,0.2@0.4,10,True,37.42,48.8,1.58,1412437,-337132,38.33,53.6,1.61,3658458,-704132,37.81,50.9,1.6,5070895,-704132,4.18956669791061,5.195699101872944,False,3.847120640081436
SILVER,10,4.0,D,0.25@0.5,0,False,15.58,59.9,1.23,576411,-556324,15.0,67.4,1.58,3046609,-1468146,15.33,63.0,1.47,3623020,-1468146,1.0361066572716617,2.075140347077198,False,2.5039171119201002
SILVER,10,4.0,D,0.25@0.5,0,True,15.58,47.6,1.45,615039,-262101,15.0,56.3,1.49,1535236,-578618,15.33,51.2,1.48,2150276,-578618,2.346572504492543,2.6532807482656953,False,3.0851543682708145
SILVER,10,4.0,D,0.25@0.5,5,False,20.5,61.0,1.47,1416314,-407601,20.56,65.9,1.68,4684579,-1096494,20.52,63.1,1.62,6100892,-1096494,3.474755950059004,4.272325247561774,False,3.4879657945206004
SILVER,10,4.0,D,0.25@0.5,5,True,42.83,42.6,1.3,892657,-433116,43.89,47.3,1.25,1857660,-937606,43.29,44.7,1.26,2750317,-937606,2.0610113687788028,1.9812799832765575,False,2.863503918962389
SILVER,10,4.0,D,0.25@0.5,10,False,20.25,61.3,1.49,1434071,-417467,20.11,65.7,1.68,4662384,-1096494,20.19,63.2,1.62,6096456,-1096494,3.4351721213892357,4.252083458733017,False,3.7336074376589314
SILVER,10,4.0,D,0.25@0.5,10,True,36.33,43.3,1.38,1033671,-425970,36.89,49.4,1.33,2202693,-875293,36.57,46.0,1.34,3236364,-875293,2.426628635819424,2.51652075362193,False,3.101584868042175
SILVER,10,4.0,D+1h,0.1@0.3,0,False,8.42,62.4,2.69,970568,-165798,8.44,76.3,2.48,2684004,-628140,8.43,68.4,2.53,3654572,-628140,5.853918623867598,4.272939153691852,False,5.351521884356636
SILVER,10,4.0,D+1h,0.1@0.3,0,True,8.42,62.4,2.69,970568,-165798,8.44,76.3,2.48,2684004,-628140,8.43,68.4,2.53,3654572,-628140,5.853918623867598,4.272939153691852,False,5.860335886142753
SILVER,10,4.0,D+1h,0.1@0.3,5,False,14.08,60.4,2.66,1735981,-272379,16.11,71.0,1.31,1579237,-1000169,14.95,65.3,1.54,3315219,-1000169,6.373402501661288,1.5789701540439667,False,6.0006682448724895
SILVER,10,4.0,D+1h,0.1@0.3,5,True,14.08,60.4,2.66,1735981,-272379,16.11,71.0,1.31,1579237,-1000169,14.95,65.3,1.54,3315219,-1000169,6.373402501661288,1.5789701540439667,False,5.793534873582417
SILVER,10,4.0,D+1h,0.1@0.3,10,False,13.83,61.4,2.78,1759589,-219315,15.11,75.0,1.87,3042144,-820682,14.38,67.5,2.07,4801733,-820682,8.023112874176412,3.706848694134878,False,6.031051055751558
SILVER,10,4.0,D+1h,0.1@0.3,10,True,13.83,61.4,2.78,1759589,-219315,15.11,75.0,1.87,3042144,-820682,14.38,67.5,2.07,4801733,-820682,8.023112874176412,3.706848694134878,False,6.173344354341134
SILVER,10,4.0,D+1h,0.15@0.3,0,False,8.42,74.3,2.57,891016,-138831,8.44,77.6,2.41,2559506,-595865,8.43,75.7,2.45,3450522,-595865,6.417990218322997,4.295446116150471,False,5.494787086222983
SILVER,10,4.0,D+1h,0.15@0.3,0,True,8.42,74.3,2.57,891016,-138831,8.44,77.6,2.41,2559506,-595865,8.43,75.7,2.45,3450522,-595865,6.417990218322997,4.295446116150471,False,6.027964484202043
SILVER,10,4.0,D+1h,0.2@0.4,0,False,8.33,74.0,2.72,1429573,-154082,8.56,72.7,2.32,2883756,-521577,8.43,73.4,2.43,4313329,-521577,9.278001323970354,5.528917110992241,False,5.060220153404496
SILVER,10,4.0,D+1h,0.2@0.4,0,True,8.33,74.0,2.72,1429573,-154082,8.56,72.7,2.32,2883756,-521577,8.43,73.4,2.43,4313329,-521577,9.278001323970354,5.528917110992241,False,5.934345456283731
SILVER,10,4.0,D+1h,0.2@0.4,5,False,13.67,75.0,2.63,2039349,-284254,15.89,69.2,1.6,2963849,-918155,14.62,72.3,1.81,5003197,-918155,7.174389806299999,3.2280486410246634,True,6.130683958482445
SILVER,10,4.0,D+1h,0.2@0.4,5,True,13.67,75.0,2.63,2039349,-284254,15.89,69.2,1.6,2963849,-918155,14.62,72.3,1.81,5003197,-918155,7.174389806299999,3.2280486410246634,True,6.206684576385758
SILVER,10,4.0,D+1h,0.15@0.3,5,False,15.33,74.5,2.66,1789212,-239458,17.22,72.9,1.28,1496055,-1296373,16.14,73.7,1.52,3285268,-1296373,7.471924095248436,1.1540312857487776,True,6.269084633595896
SILVER,10,4.0,D+1h,0.15@0.3,5,True,15.33,74.5,2.66,1789212,-239458,17.22,72.9,1.28,1496055,-1296373,16.14,73.7,1.52,3285268,-1296373,7.471924095248436,1.1540312857487776,True,6.139750613613393
SILVER,10,4.0,D+1h,0.15@0.3,10,False,15.25,76.0,2.8,1822328,-194483,16.11,75.9,1.74,2868265,-1091484,15.62,75.9,1.96,4690593,-1091484,9.37011461155988,2.627858035481968,True,6.418949260064916
SILVER,10,4.0,D+1h,0.15@0.3,10,True,15.25,76.0,2.8,1822328,-194483,16.11,75.9,1.74,2868265,-1091484,15.62,75.9,1.96,4690593,-1091484,9.37011461155988,2.627858035481968,True,6.563670797630374
SILVER,10,4.0,D+1h,0.2@0.4,10,False,13.58,75.5,2.68,2046496,-253692,15.22,70.8,1.87,3642302,-794626,14.29,73.3,2.05,5688798,-794626,8.06685271904514,4.583668291749829,True,6.030444663231951
SILVER,10,4.0,D+1h,0.2@0.4,10,True,13.58,75.5,2.68,2046496,-253692,15.22,70.8,1.87,3642302,-794626,14.29,73.3,2.05,5688798,-794626,8.06685271904514,4.583668291749829,True,6.3358824112916405
SILVER,10,4.0,D+1h,0.25@0.5,0,False,8.33,63.0,1.79,824759,-213400,8.56,67.5,1.58,1543805,-667561,8.43,65.0,1.64,2368564,-667561,3.864850046860356,2.3126051402044157,False,4.069087139355896
SILVER,10,4.0,D+1h,0.25@0.5,0,True,8.33,63.0,1.79,824759,-213400,8.56,67.5,1.58,1543805,-667561,8.43,65.0,1.64,2368564,-667561,3.864850046860356,2.3126051402044157,False,4.309180111237039
SILVER,10,4.0,D+1h,0.25@0.5,5,False,12.58,62.3,2.08,1643078,-312147,14.0,64.3,1.48,2366570,-1188169,13.19,63.2,1.63,4009647,-1188169,5.263795583491111,1.991778947270969,False,4.7184284230000895
SILVER,10,4.0,D+1h,0.25@0.5,5,True,12.58,62.3,2.08,1643078,-312147,14.0,64.3,1.48,2366570,-1188169,13.19,63.2,1.63,4009647,-1188169,5.263795583491111,1.991778947270969,False,4.6094369066863345
SILVER,10,4.0,D+1h,0.25@0.5,10,False,12.58,62.3,2.07,1629097,-312147,13.56,63.1,1.58,2693234,-1064640,13.0,62.6,1.7,4322331,-1064640,5.219005788939186,2.5297133303276227,False,5.0039875057852985
SILVER,10,4.0,D+1h,0.25@0.5,10,True,12.58,62.3,2.07,1629097,-312147,13.56,63.1,1.58,2693234,-1064640,13.0,62.6,1.7,4322331,-1064640,5.219005788939186,2.5297133303276227,False,4.972334675603043
SILVER,10,4.0,D+4h,0.1@0.3,0,False,8.17,63.3,2.36,1063491,-332583,10.22,76.1,2.0,3425969,-1096494,9.05,69.5,2.07,4489461,-1096494,3.1976709573249384,3.1244758293251036,False,4.247379333191218
SILVER,10,4.0,D+4h,0.1@0.3,0,True,8.17,53.1,2.62,756338,-112141,10.22,64.1,2.38,2390160,-451852,9.05,58.4,2.43,3146498,-451852,6.744526979427685,5.289696626328975,False,5.579561094346871
SILVER,10,4.0,D+4h,0.1@0.3,5,False,11.75,62.4,2.25,1416564,-291038,16.89,71.7,1.48,2745350,-1212450,13.95,67.2,1.6,4161914,-1212450,4.8672819356922465,2.2642995587446904,False,5.08298799440769
SILVER,10,4.0,D+4h,0.1@0.3,5,True,21.0,46.0,1.83,1020125,-253182,30.56,54.5,1.37,1960301,-801968,25.1,50.5,1.46,2980426,-801968,4.02921613700816,2.4443631167328372,False,5.717780610347961
SILVER,10,4.0,D+4h,0.1@0.3,10,False,11.25,63.0,2.35,1451032,-291038,15.67,75.2,1.92,4058626,-1096494,13.14,69.2,2.01,5509658,-1096494,4.985713205835664,3.7014575547153017,False,5.649085260406122
SILVER,10,4.0,D+4h,0.1@0.3,10,True,17.17,48.1,2.08,1128226,-185855,25.67,59.7,1.97,3364971,-661663,20.81,54.2,2.0,4493196,-661663,6.0704635333996935,5.085626670979033,False,6.17338276393399
SILVER,10,4.0,D+4h,0.15@0.3,0,False,8.17,76.5,1.96,741010,-329343,10.22,77.2,2.02,3472208,-1096494,9.05,76.8,2.01,4213218,-1096494,2.24996432290955,3.166645690719694,False,3.6996820023216834
SILVER,10,4.0,D+4h,0.15@0.3,0,True,8.17,57.1,2.4,648356,-105212,10.22,65.2,2.52,2632272,-451852,9.05,61.1,2.5,3280628,-451852,6.1623769151807775,5.825518089994069,False,4.9686244859053526
SILVER,10,4.0,D+4h,0.15@0.3,5,False,13.17,75.9,2.27,1420856,-287868,18.0,73.5,1.49,2910576,-1103936,15.24,74.7,1.62,4331432,-1103936,4.9357900148679255,2.636544147486811,True,5.01231941846595
SILVER,10,4.0,D+4h,0.15@0.3,5,True,21.92,51.7,1.86,1063675,-231133,30.89,55.8,1.46,2412323,-724408,25.76,53.8,1.54,3475998,-724408,4.602004040963428,3.330061236209429,False,5.832695440542135
SILVER,10,4.0,D+4h,0.15@0.3,10,False,12.67,78.3,2.48,1498919,-290726,16.56,75.8,1.89,4126174,-1096494,14.33,77.1,2.0,5625093,-1096494,5.155778980896102,3.76306117498135,True,5.59485002581585
SILVER,10,4.0,D+4h,0.15@0.3,10,True,18.25,54.3,2.11,1168178,-184956,25.89,60.5,2.05,3726295,-590899,21.52,57.5,2.06,4894474,-590899,6.315977854192348,6.306145381867291,False,6.40514886261685
SILVER,10,4.0,D+4h,0.2@0.4,0,False,8.08,68.0,1.77,953514,-560554,10.33,72.0,1.79,3017912,-1096494,9.05,70.0,1.78,3971427,-1096494,1.7010207758752949,2.7523287861128285,False,3.170712835871222
SILVER,10,4.0,D+4h,0.2@0.4,0,True,8.08,54.6,2.21,857232,-159404,10.33,61.3,2.28,2583651,-451852,9.05,57.9,2.26,3440883,-451852,5.377732051893303,5.717914272814992,False,3.9742208933340053
SILVER,10,4.0,D+4h,0.2@0.4,5,False,11.58,71.9,2.05,1573446,-434774,16.44,70.3,1.76,4008416,-1096494,13.67,71.1,1.82,5581862,-1096494,3.6189974561496316,3.6556661504759718,True,4.5206764917721785
SILVER,10,4.0,D+4h,0.2@0.4,5,True,21.0,50.8,1.86,1243031,-230320,29.89,53.5,1.77,3671407,-658564,24.81,52.2,1.79,4914437,-658564,5.396973775616534,5.574867438851805,False,5.376725549123393
SILVER,10,4.0,D+4h,0.2@0.4,10,False,11.33,73.5,2.14,1627007,-434774,15.67,71.6,1.89,4354211,-1096494,13.19,72.6,1.94,5981217,-1096494,3.7421901953658683,3.971030393235166,True,5.182729802003923
SILVER,10,4.0,D+4h,0.2@0.4,10,True,17.33,52.9,2.04,1329707,-192270,25.33,57.5,2.12,4291623,-568141,20.76,55.3,2.1,5621330,-568141,6.915831903052998,7.553799144930572,False,5.92156972374007
SILVER,10,4.0,D+4h,0.25@0.5,0,False,8.08,58.8,1.29,411850,-596827,10.33,67.7,1.58,2386960,-2070876,9.05,63.2,1.5,2798810,-2070876,0.6900659655142948,1.1526329920284941,False,1.8625990504146626
SILVER,10,4.0,D+4h,0.25@0.5,0,True,8.08,47.4,1.37,310016,-201252,10.33,58.1,1.57,1296782,-710357,9.05,52.6,1.52,1606798,-710357,1.5404368652236997,1.8255356109674432,False,2.3983591872034364
SILVER,10,4.0,D+4h,0.25@0.5,5,False,10.83,61.5,1.76,1293795,-384444,14.33,67.4,1.75,3779377,-1096494,12.33,64.5,1.75,5073172,-1096494,3.3653666073602397,3.4467831105322966,False,3.9888132593015144
SILVER,10,4.0,D+4h,0.25@0.5,5,True,20.33,44.7,1.59,955321,-258951,28.89,50.8,1.54,2620769,-473112,24.0,47.8,1.55,3576090,-473112,3.6891960255028944,5.539426182383875,False,4.387202976174268
SILVER,10,4.0,D+4h,0.25@0.5,10,False,10.67,62.5,1.81,1337972,-384444,13.89,66.4,1.76,3881405,-1096494,12.05,64.4,1.77,5219377,-1096494,3.4802780118820946,3.539832411303664,False,4.3558021847003205
SILVER,10,4.0,D+4h,0.25@0.5,10,True,16.75,45.3,1.69,1029992,-245006,24.44,53.2,1.71,3022577,-451852,20.05,49.4,1.7,4052569,-451852,4.203946025811613,6.689307560882767,False,4.916928178231681
SILVER,10,4.0,D+1h+4h,0.1@0.3,0,False,5.17,67.7,3.58,868136,-91977,6.11,78.2,2.71,2410598,-452498,5.57,72.6,2.87,3278734,-452498,9.438620524696391,5.327311943920194,False,6.939483975642934
SILVER,10,4.0,D+1h+4h,0.1@0.3,0,True,5.17,67.7,3.58,868136,-91977,6.11,78.2,2.71,2410598,-452498,5.57,72.6,2.87,3278734,-452498,9.438620524696391,5.327311943920194,False,7.3335790892099055
SILVER,10,4.0,D+1h+4h,0.1@0.3,5,False,8.33,67.0,3.56,1473834,-143900,12.11,72.5,1.52,1911352,-930722,9.95,69.9,1.8,3385186,-930722,10.242070882557332,2.0536228863183634,False,8.006570857189583
SILVER,10,4.0,D+1h+4h,0.1@0.3,5,True,8.33,67.0,3.56,1473834,-143900,12.11,72.5,1.52,1911352,-930722,9.95,69.9,1.8,3385186,-930722,10.242070882557332,2.0536228863183634,False,7.922764277321176
SILVER,10,4.0,D+1h+4h,0.1@0.3,10,False,8.08,69.1,3.89,1510785,-140332,11.22,77.2,2.46,3278404,-818258,9.43,73.2,2.74,4789189,-818258,10.765791123906165,4.006565166487832,False,8.003933262389799
SILVER,10,4.0,D+1h+4h,0.1@0.3,10,True,8.08,69.1,3.89,1510785,-140332,11.22,77.2,2.46,3278404,-818258,9.43,73.2,2.74,4789189,-818258,10.765791123906165,4.006565166487832,False,8.12446107656358
SILVER,10,4.0,D+1h+4h,0.15@0.3,0,False,5.17,74.2,3.3,761702,-87621,6.11,80.0,2.88,2654366,-451852,5.57,76.9,2.96,3416068,-451852,8.693144337544652,5.874414631339465,False,6.183902492782794
SILVER,10,4.0,D+1h+4h,0.15@0.3,0,True,5.17,74.2,3.3,761702,-87621,6.11,80.0,2.88,2654366,-451852,5.57,76.9,2.96,3416068,-451852,8.693144337544652,5.874414631339465,False,6.575143752009916
SILVER,10,4.0,D+1h+4h,0.15@0.3,5,False,9.25,76.6,3.53,1499943,-137209,12.44,75.0,1.65,2349893,-856933,10.62,75.8,1.91,3849836,-856933,10.931812053145201,2.7422132185363384,False,8.191338575601172
SILVER,10,4.0,D+1h+4h,0.15@0.3,5,True,9.25,76.6,3.53,1499943,-137209,12.44,75.0,1.65,2349893,-856933,10.62,75.8,1.91,3849836,-856933,10.931812053145201,2.7422132185363384,False,8.160994396155308
SILVER,10,4.0,D+1h+4h,0.15@0.3,10,False,9.17,78.2,3.84,1531036,-137209,11.44,78.6,2.56,3626248,-751264,10.14,78.4,2.8,5157285,-751264,11.158422552456472,4.826862461132172,False,8.556020448075909
SILVER,10,4.0,D+1h+4h,0.15@0.3,10,True,9.17,78.2,3.84,1531036,-137209,11.44,78.6,2.56,3626248,-751264,10.14,78.4,2.8,5157285,-751264,11.158422552456472,4.826862461132172,False,8.672040335405532
SILVER,10,4.0,D+1h+4h,0.2@0.4,0,False,5.08,70.5,2.68,968873,-136811,6.22,75.0,2.56,2616262,-451852,5.57,72.6,2.59,3585135,-451852,7.0818355249212415,5.790086134397988,False,4.567818038036529
SILVER,10,4.0,D+1h+4h,0.2@0.4,0,True,5.08,70.5,2.68,968873,-136811,6.22,75.0,2.56,2616262,-451852,5.57,72.6,2.59,3585135,-451852,7.0818355249212415,5.790086134397988,False,4.935489165638329
SILVER,10,4.0,D+1h+4h,0.2@0.4,5,False,8.42,75.2,3.03,1622613,-149244,11.44,72.8,2.13,3596635,-619958,9.71,74.0,2.31,5219248,-619958,10.872215968481145,5.801417192777575,False,7.7932739225082805
SILVER,10,4.0,D+1h+4h,0.2@0.4,5,True,8.42,75.2,3.03,1622613,-149244,11.44,72.8,2.13,3596635,-619958,9.71,74.0,2.31,5219248,-619958,10.872215968481145,5.801417192777575,False,7.9549081333689085
SILVER,10,4.0,D+1h+4h,0.2@0.4,10,False,8.33,76.0,3.14,1643850,-125904,10.89,74.5,2.61,4179234,-569806,9.43,75.3,2.73,5823084,-569806,13.056376286694624,7.33448577235059,False,8.065452455220417
SILVER,10,4.0,D+1h+4h,0.2@0.4,10,True,8.33,76.0,3.14,1643850,-125904,10.89,74.5,2.61,4179234,-569806,9.43,75.3,2.73,5823084,-569806,13.056376286694624,7.33448577235059,False,8.38281662598913
SILVER,10,4.0,D+1h+4h,0.25@0.5,0,False,5.08,59.0,1.59,419898,-173084,6.22,69.6,1.69,1332181,-662044,5.57,64.1,1.66,1752079,-662044,2.4259781377828107,2.012224263039919,False,3.20824811020442
SILVER,10,4.0,D+1h+4h,0.25@0.5,0,True,5.08,59.0,1.59,419898,-173084,6.22,69.6,1.69,1332181,-662044,5.57,64.1,1.66,1752079,-662044,2.4259781377828107,2.012224263039919,False,3.302733765727687
SILVER,10,4.0,D+1h+4h,0.25@0.5,5,False,7.83,63.8,2.41,1364696,-143449,10.33,67.7,1.91,2861363,-601648,8.9,65.8,2.03,4226059,-601648,9.51345774456427,4.755875528548255,False,6.350462186657946
SILVER,10,4.0,D+1h+4h,0.25@0.5,5,True,7.83,63.8,2.41,1364696,-143449,10.33,67.7,1.91,2861363,-601648,8.9,65.8,2.03,4226059,-601648,9.51345774456427,4.755875528548255,False,6.382845128472211
SILVER,10,4.0,D+1h+4h,0.25@0.5,10,False,7.83,63.8,2.41,1364696,-143449,9.89,66.3,2.1,3225554,-478119,8.71,65.0,2.18,4590251,-478119,9.51345774456427,6.746341391996554,False,7.198448167884696
SILVER,10,4.0,D+1h+4h,0.25@0.5,10,True,7.83,63.8,2.41,1364696,-143449,9.89,66.3,2.1,3225554,-478119,8.71,65.0,2.18,4590251,-478119,9.51345774456427,6.746341391996554,False,7.278855724987977
SILVER,10,4.0,1h,0.1@0.3,0,False,15.42,56.8,1.4,525477,-371447,13.33,76.7,2.51,3961935,-872675,14.52,64.6,2.14,4487412,-872675,1.4146755795577834,4.539989113931303,False,2.8727890878482167
SILVER,10,4.0,1h,0.1@0.3,0,True,15.42,56.8,1.4,525477,-371447,13.33,76.7,2.51,3961935,-872675,14.52,64.6,2.14,4487412,-872675,1.4146755795577834,4.539989113931303,False,2.8727890878482167
SILVER,10,4.0,1h,0.1@0.3,5,False,25.92,56.9,1.24,657132,-493692,25.0,72.4,1.66,4611160,-1037827,25.52,63.4,1.54,5268292,-1037827,1.33105661019421,4.4430911895720575,False,2.877536106695222
SILVER,10,4.0,1h,0.1@0.3,5,True,25.92,56.9,1.24,657132,-493692,25.0,72.4,1.66,4611160,-1037827,25.52,63.4,1.54,5268292,-1037827,1.33105661019421,4.4430911895720575,False,2.877536106695222
SILVER,10,4.0,1h,0.1@0.3,10,False,25.42,57.0,1.25,674448,-461450,24.11,73.7,2.05,5950056,-838516,24.86,64.0,1.79,6624504,-838516,1.461584136959584,7.095936153871841,False,3.1236845787357894
SILVER,10,4.0,1h,0.1@0.3,10,True,25.42,57.0,1.25,674448,-461450,24.11,73.7,2.05,5950056,-838516,24.86,64.0,1.79,6624504,-838516,1.461584136959584,7.095936153871841,False,3.1236845787357894
SILVER,10,4.0,1h,0.15@0.3,0,False,15.42,70.8,1.36,478678,-351668,13.33,77.5,2.33,3493985,-798716,14.52,73.4,2.01,3972663,-798716,1.361164507433147,4.374502326233605,False,2.6362540679561683
SILVER,10,4.0,1h,0.15@0.3,0,True,15.42,70.8,1.36,478678,-351668,13.33,77.5,2.33,3493985,-798716,14.52,73.4,2.01,3972663,-798716,1.361164507433147,4.374502326233605,False,2.6362540679561683
SILVER,10,4.0,1h,0.15@0.3,5,False,28.17,71.0,1.25,717885,-467294,26.56,72.8,1.57,4246202,-898993,27.48,71.8,1.48,4964086,-898993,1.5362598278599768,4.723287055627797,False,2.872774808305751
SILVER,10,4.0,1h,0.15@0.3,5,True,28.17,71.0,1.25,717885,-467294,26.56,72.8,1.57,4246202,-898993,27.48,71.8,1.48,4964086,-898993,1.5362598278599768,4.723287055627797,False,2.872774808305751
SILVER,10,4.0,1h,0.15@0.3,10,False,27.58,71.6,1.29,795467,-402048,25.56,73.9,1.85,5330481,-866428,26.71,72.5,1.68,6125948,-866428,1.9785373885705189,6.152249234789273,False,3.137043667669801
SILVER,10,4.0,1h,0.15@0.3,10,True,27.58,71.6,1.29,795467,-402048,25.56,73.9,1.85,5330481,-866428,26.71,72.5,1.68,6125948,-866428,1.9785373885705189,6.152249234789273,False,3.137043667669801
SILVER,10,4.0,1h,0.2@0.4,0,False,15.33,67.4,1.56,971062,-295335,13.44,73.6,3.54,7636905,-550724,14.52,69.8,2.82,8607967,-550724,3.2880017607124112,13.867027767084783,False,2.4823573658166076
SILVER,10,4.0,1h,0.2@0.4,0,True,15.33,67.4,1.56,971062,-295335,13.44,73.6,3.54,7636905,-550724,14.52,69.8,2.82,8607967,-550724,3.2880017607124112,13.867027767084783,False,2.4823573658166076
SILVER,10,4.0,1h,0.2@0.4,5,False,25.58,69.7,1.35,1038285,-382724,23.78,68.7,1.9,6457652,-812810,24.81,69.3,1.74,7495938,-812810,2.7128818678734543,7.944848119486719,False,3.2660624475352176
SILVER,10,4.0,1h,0.2@0.4,5,True,25.58,69.7,1.35,1038285,-382724,23.78,68.7,1.9,6457652,-812810,24.81,69.3,1.74,7495938,-812810,2.7128818678734543,7.944848119486719,False,3.2660624475352176
SILVER,10,4.0,1h,0.2@0.4,10,False,25.42,70.2,1.36,1067041,-351411,23.22,69.9,2.13,7352440,-848077,24.48,70.0,1.89,8419482,-848077,3.036447350822826,8.669542977819232,False,3.5022446144065214
SILVER,10,4.0,1h,0.2@0.4,10,True,25.42,70.2,1.36,1067041,-351411,23.22,69.9,2.13,7352440,-848077,24.48,70.0,1.89,8419482,-848077,3.036447350822826,8.669542977819232,False,3.5022446144065214
SILVER,10,4.0,1h,0.25@0.5,0,False,15.33,60.3,1.21,423697,-350150,13.44,67.8,2.8,6627200,-451852,14.52,63.3,2.24,7050898,-451852,1.2100442667428246,14.666749289590397,False,1.8595649294990306
SILVER,10,4.0,1h,0.25@0.5,0,True,15.33,60.3,1.21,423697,-350150,13.44,67.8,2.8,6627200,-451852,14.52,63.3,2.24,7050898,-451852,1.2100442667428246,14.666749289590397,False,1.8595649294990306
SILVER,10,4.0,1h+4h,0.1@0.3,0,False,8.83,58.5,1.51,464169,-236812,7.78,77.1,2.68,2926347,-715808,8.38,65.9,2.28,3390516,-715808,1.960073813827002,4.08817308552014,False,2.100784324766488
SILVER,10,4.0,1h+4h,0.1@0.3,0,True,8.83,58.5,1.51,464169,-236812,7.78,77.1,2.68,2926347,-715808,8.38,65.9,2.28,3390516,-715808,1.960073813827002,4.08817308552014,False,2.100784324766488
SILVER,10,4.0,1h+4h,0.1@0.3,5,False,14.0,61.3,1.7,981837,-292592,15.33,71.7,1.85,3922982,-814433,14.57,66.0,1.82,4904819,-814433,3.3556522392956745,4.816825939027519,False,3.3286223869472447
SILVER,10,4.0,1h+4h,0.1@0.3,5,True,14.0,61.3,1.7,981837,-292592,15.33,71.7,1.85,3922982,-814433,14.57,66.0,1.82,4904819,-814433,3.3556522392956745,4.816825939027519,False,3.3286223869472447
SILVER,10,4.0,1h,0.25@0.5,5,False,22.92,60.7,1.26,837340,-361830,21.44,63.7,1.89,6222017,-589159,22.29,62.0,1.69,7059357,-594040,2.314180692590443,10.560845204774942,False,3.0860160076656418
SILVER,10,4.0,1h,0.25@0.5,5,True,22.92,60.7,1.26,837340,-361830,21.44,63.7,1.89,6222017,-589159,22.29,62.0,1.69,7059357,-594040,2.314180692590443,10.560845204774942,False,3.0860160076656418
SILVER,10,4.0,1h,0.25@0.5,10,False,22.83,59.9,1.24,767562,-411783,21.0,63.0,1.99,6754527,-671818,22.05,61.1,1.75,7522089,-671818,1.8639963281631344,10.054102450366022,False,3.3789251893039203
SILVER,10,4.0,1h,0.25@0.5,10,True,22.83,59.9,1.24,767562,-411783,21.0,63.0,1.99,6754527,-671818,22.05,61.1,1.75,7522089,-671818,1.8639963281631344,10.054102450366022,False,3.3789251893039203
SILVER,10,4.0,1h+4h,0.1@0.3,10,False,13.75,61.8,1.72,986332,-292592,14.44,75.4,2.66,5290824,-701969,14.05,67.8,2.38,6277156,-701969,3.3710149286378304,7.53711916053273,False,3.54141740922781
SILVER,10,4.0,1h+4h,0.1@0.3,10,True,13.75,61.8,1.72,986332,-292592,14.44,75.4,2.66,5290824,-701969,14.05,67.8,2.38,6277156,-701969,3.3710149286378304,7.53711916053273,False,3.54141740922781
SILVER,10,4.0,1h+4h,0.15@0.3,0,False,8.83,67.0,1.43,383648,-230440,7.78,78.6,2.84,3205702,-699260,8.38,71.6,2.36,3589349,-699260,1.6648498524561708,4.584420673283185,False,1.8268258081881703
SILVER,10,4.0,1h+4h,0.15@0.3,0,True,8.83,67.0,1.43,383648,-230440,7.78,78.6,2.84,3205702,-699260,8.38,71.6,2.36,3589349,-699260,1.6648498524561708,4.584420673283185,False,1.8268258081881703
SILVER,10,4.0,1h+4h,0.15@0.3,5,False,15.17,70.9,1.7,1017924,-271192,15.67,73.8,1.97,4422191,-767021,15.38,72.1,1.9,5440116,-767021,3.7535178028850407,5.765410595016303,True,3.366483974980482
SILVER,10,4.0,1h+4h,0.15@0.3,5,True,15.17,70.9,1.7,1017924,-271192,15.67,73.8,1.97,4422191,-767021,15.38,72.1,1.9,5440116,-767021,3.7535178028850407,5.765410595016303,True,3.366483974980482
SILVER,10,4.0,1h+4h,0.15@0.3,10,False,15.0,71.1,1.74,1036743,-271192,14.67,76.5,2.74,5699367,-661352,14.86,73.4,2.44,6736109,-661352,3.8229114428154225,8.617751212667384,True,3.7563805668483305
SILVER,10,4.0,1h+4h,0.15@0.3,10,True,15.0,71.1,1.74,1036743,-271192,14.67,76.5,2.74,5699367,-661352,14.86,73.4,2.44,6736109,-661352,3.8229114428154225,8.617751212667384,True,3.7563805668483305
SILVER,10,4.0,1h+4h,0.2@0.4,10,False,14.25,70.2,1.71,1153574,-323484,13.78,75.0,2.97,6532284,-617932,14.05,72.2,2.56,7685858,-617932,3.5660929134052997,10.571202009282574,True,3.391454410641304
SILVER,10,4.0,1h+4h,0.2@0.4,10,True,14.25,70.2,1.71,1153574,-323484,13.78,75.0,2.97,6532284,-617932,14.05,72.2,2.56,7685858,-617932,3.5660929134052997,10.571202009282574,True,3.391454410641304
SILVER,10,4.0,1h+4h,0.25@0.5,0,False,8.75,56.2,1.07,91081,-364073,7.89,66.2,1.9,2150169,-822181,8.38,60.2,1.61,2241251,-822181,0.25017235554408046,2.6152015188869604,False,1.3967448710816386
SILVER,10,4.0,1h+4h,0.25@0.5,0,True,8.75,56.2,1.07,91081,-364073,7.89,66.2,1.9,2150169,-822181,8.38,60.2,1.61,2241251,-822181,0.25017235554408046,2.6152015188869604,False,1.3967448710816386
SILVER,10,4.0,1h+4h,0.2@0.4,0,False,8.75,62.9,1.5,592703,-325721,7.89,74.6,2.65,3250716,-650454,8.38,67.6,2.22,3843419,-650454,1.8196646823508462,4.997610899464067,False,1.7631366521143328
SILVER,10,4.0,1h+4h,0.2@0.4,0,True,8.75,62.9,1.5,592703,-325721,7.89,74.6,2.65,3250716,-650454,8.38,67.6,2.22,3843419,-650454,1.8196646823508462,4.997610899464067,False,1.7631366521143328
SILVER,10,4.0,1h+4h,0.2@0.4,5,False,14.33,69.2,1.67,1111187,-323484,14.11,73.2,2.52,5942560,-741461,14.24,70.9,2.27,7053748,-741461,3.4350601575348394,8.014662942487872,False,3.277668515335679
SILVER,10,4.0,1h+4h,0.2@0.4,5,True,14.33,69.2,1.67,1111187,-323484,14.11,73.2,2.52,5942560,-741461,14.24,70.9,2.27,7053748,-741461,3.4350601575348394,8.014662942487872,False,3.277668515335679
SILVER,10,4.0,1h+4h,0.25@0.5,5,False,13.25,60.4,1.5,911227,-227584,12.89,65.5,2.24,5107849,-725829,13.1,62.5,2.01,6019076,-725829,4.0039150379640045,7.037262220164805,False,2.9360163923932294
SILVER,10,4.0,1h+4h,0.25@0.5,5,True,13.25,60.4,1.5,911227,-227584,12.89,65.5,2.24,5107849,-725829,13.1,62.5,2.01,6019076,-725829,4.0039150379640045,7.037262220164805,False,2.9360163923932294
SILVER,10,4.0,1h+4h,0.25@0.5,10,False,13.25,59.7,1.47,884060,-238874,12.56,64.6,2.4,5478215,-658852,12.95,61.8,2.1,6362275,-658852,3.700946942739687,8.3147884502134,False,3.3684583647530575
SILVER,10,4.0,1h+4h,0.25@0.5,10,True,13.25,59.7,1.47,884060,-238874,12.56,64.6,2.4,5478215,-658852,12.95,61.8,2.1,6362275,-658852,3.700946942739687,8.3147884502134,False,3.3684583647530575
SILVER,10,5.0,D,0.1@0.3,0,False,11.0,69.7,2.16,1599178,-232821,11.33,77.5,1.54,2739375,-2661414,11.14,73.1,1.67,4338553,-2661414,6.868701706461187,1.0292930750345493,False,5.854356877975022
SILVER,10,5.0,D,0.1@0.3,0,True,11.0,56.8,3.15,1476595,-177318,11.33,61.8,1.53,1733601,-1324085,11.14,59.0,1.81,3210196,-1324085,8.327383570759878,1.3092822590694706,False,5.6357254140223265
SILVER,10,5.0,D,0.1@0.3,5,False,16.42,69.5,2.08,2075589,-323455,17.0,72.5,1.39,2899871,-2133588,16.67,70.9,1.53,4975460,-2133588,6.416932803635746,1.359152282446283,False,5.891038610893572
SILVER,10,5.0,D,0.1@0.3,5,True,34.33,48.1,1.83,1653638,-366712,36.89,49.7,1.16,1189558,-1184455,35.43,48.8,1.3,2843197,-1184455,4.509364296777853,1.0043083105732171,False,4.81924809807231
SILVER,10,5.0,D,0.1@0.3,10,False,16.25,68.2,1.96,1891631,-356378,16.56,73.2,1.44,3153967,-2133588,16.38,70.3,1.55,5045598,-2133588,5.307934272036994,1.4782455656855962,False,5.28689851751626
SILVER,10,5.0,D,0.1@0.3,10,True,30.92,48.5,1.82,1542718,-391611,32.22,53.4,1.31,2011359,-926071,31.48,50.7,1.42,3554077,-926071,3.9394143678293,2.1719274224114566,False,4.083408368079068
SILVER,10,5.0,D,0.15@0.3,0,False,11.0,72.7,1.98,1327924,-232821,11.33,78.4,1.56,2769653,-2661414,11.14,75.2,1.65,4097577,-2661414,5.703626391090151,1.0406697342089581,True,5.179274801142187
SILVER,10,5.0,D,0.15@0.3,0,True,11.0,59.1,2.88,1263386,-168707,11.33,61.8,1.59,1932810,-1324085,11.14,60.3,1.81,3196196,-1324085,7.488640068284067,1.4597325700389325,False,5.07777444146245
SILVER,10,5.0,D,0.15@0.3,5,False,18.42,74.7,2.05,2109476,-351313,19.0,74.3,1.42,3161956,-2133588,18.67,74.5,1.55,5271433,-2133588,6.004548650348834,1.4819899624482327,True,5.404584207277785
SILVER,10,5.0,D,0.15@0.3,5,True,35.75,50.3,1.77,1620352,-406201,38.89,51.7,1.1,779847,-1096271,37.1,51.0,1.24,2400199,-1096271,3.989039908813617,0.7113633399040931,False,4.441229086782755
SILVER,10,5.0,D,0.15@0.3,10,False,18.25,73.1,1.9,1863127,-387070,18.44,75.3,1.53,3786501,-2133588,18.33,74.0,1.61,5649628,-2133588,4.813411010928256,1.7747104876855326,True,4.962704761108955
SILVER,10,5.0,D,0.15@0.3,10,True,32.33,51.0,1.74,1487186,-433815,34.11,55.7,1.3,1988133,-905807,33.1,53.1,1.4,3475318,-905807,3.4281571637679655,2.1948748464076786,False,3.94560273148205
SILVER,10,5.0,D,0.2@0.4,0,False,11.0,68.2,1.58,1000253,-347054,11.33,69.6,1.0,25884,-2790062,11.14,68.8,1.12,1026137,-2790062,2.8821249719063893,0.009277213194545497,False,4.444657361615805
SILVER,10,5.0,D,0.2@0.4,0,True,11.0,53.8,1.81,800937,-196679,11.33,58.8,1.22,837736,-1324085,11.14,56.0,1.34,1638673,-1324085,4.072305635070343,0.6326904994769973,False,4.694973598673558
SILVER,10,5.0,D,0.2@0.4,5,False,16.0,70.8,1.92,2028000,-347054,16.56,71.1,1.37,2843334,-2133588,16.24,71.0,1.49,4871334,-2133588,5.8434710448518095,1.332653726961344,True,5.069879369160652
SILVER,10,5.0,D,0.2@0.4,5,True,34.92,48.0,1.62,1429243,-347516,36.89,49.1,1.2,1492131,-957406,35.76,48.5,1.29,2921373,-957406,4.112740132828416,1.5585143606787506,False,3.9133348349621673
SILVER,10,5.0,D,0.2@0.4,10,False,15.83,69.5,1.83,1872993,-347054,16.0,70.8,1.39,2992698,-2133588,15.9,70.1,1.49,4865690,-2133588,5.396834498377774,1.4026597449929414,False,5.27971213420629
SILVER,10,5.0,D,0.2@0.4,10,True,31.17,48.4,1.62,1368548,-364095,32.0,52.4,1.34,2300817,-865438,31.52,50.2,1.41,3669365,-865438,3.7587662560595447,2.65855786318604,False,3.8536989346767045
SILVER,10,5.0,D,0.25@0.5,0,False,11.0,66.7,1.65,1192360,-410736,11.33,63.7,0.83,-1211883,-3650371,11.14,65.4,1.0,-19523,-3650371,2.9029839118070977,-0.3319889950911839,False,4.721603387368659
SILVER,10,5.0,D,0.25@0.5,0,True,11.0,53.0,1.82,832684,-184720,11.33,56.9,0.99,-27584,-1539358,11.14,54.7,1.15,805100,-1539358,4.507817236899091,-0.017919158506338358,False,4.267320381286792
SILVER,10,5.0,D+1h,0.1@0.3,0,False,5.67,76.5,4.78,1606482,-174277,6.11,74.5,1.9,2101900,-642574,5.86,75.6,2.34,3708383,-642574,9.217980571159705,3.271062943723213,False,6.498893510932123
SILVER,10,5.0,D+1h,0.1@0.3,0,True,5.67,76.5,4.78,1606482,-174277,6.11,74.5,1.9,2101900,-642574,5.86,75.6,2.34,3708383,-642574,9.217980571159705,3.271062943723213,False,7.309928336011436
SILVER,10,5.0,D+1h,0.1@0.3,5,False,9.75,76.9,4.21,2314589,-291605,11.78,69.8,1.29,1519578,-993384,10.62,73.5,1.65,3834167,-993384,7.9374119099466744,1.5296984851779372,False,7.059577968850061
SILVER,10,5.0,D+1h,0.1@0.3,5,True,9.75,76.9,4.21,2314589,-291605,11.78,69.8,1.29,1519578,-993384,10.62,73.5,1.65,3834167,-993384,7.9374119099466744,1.5296984851779372,False,7.1925711672513755
SILVER,10,5.0,D+1h,0.1@0.3,10,False,10.0,74.2,3.66,2107057,-324132,11.44,70.9,1.44,2052702,-964030,10.62,72.6,1.76,4159759,-964030,6.500613947404144,2.129292656867525,True,6.355017019956421
SILVER,10,5.0,D+1h,0.1@0.3,10,True,10.0,74.2,3.66,2107057,-324132,11.44,70.9,1.44,2052702,-964030,10.62,72.6,1.76,4159759,-964030,6.500613947404144,2.129292656867525,True,6.532082426771718
SILVER,10,5.0,D+1h,0.15@0.3,0,False,5.67,80.9,4.39,1390735,-165666,6.11,74.5,1.98,2297900,-642574,5.86,78.0,2.34,3688635,-642574,8.394812453973659,3.5760861784012423,False,5.98556443792516
SILVER,10,5.0,D+1h,0.15@0.3,0,True,5.67,80.9,4.39,1390735,-165666,6.11,74.5,1.98,2297900,-642574,5.86,78.0,2.34,3688635,-642574,8.394812453973659,3.5760861784012423,False,6.601957748286202
SILVER,10,5.0,D,0.25@0.5,5,False,15.0,66.1,1.84,1967334,-410736,15.44,66.2,1.29,2352782,-2133588,15.19,66.1,1.41,4320116,-2133588,4.789777375248335,1.1027349235185049,False,5.352022283087139
SILVER,10,5.0,D,0.25@0.5,5,True,34.58,46.3,1.58,1390279,-314774,35.56,47.2,1.21,1578915,-1054251,35.0,46.7,1.29,2969194,-1054251,4.416752971973543,1.4976651670237922,False,4.580452422524133
SILVER,10,5.0,D,0.25@0.5,10,False,14.83,65.7,1.8,1877927,-410736,15.22,65.7,1.26,2125555,-2133588,15.0,65.7,1.38,4003482,-2133588,4.572102274940595,0.996234980699179,False,5.28792730976909
SILVER,10,5.0,D,0.25@0.5,10,True,30.75,46.3,1.59,1349274,-364499,31.0,50.2,1.24,1735032,-924030,30.86,48.0,1.32,3084306,-924030,3.701722089772537,1.8776792961267492,False,4.273729189914555
SILVER,10,5.0,D+1h,0.15@0.3,5,False,11.25,80.7,3.64,2243976,-341039,13.78,72.6,1.19,1069643,-1020207,12.33,76.8,1.52,3313619,-1020207,6.579822249068289,1.0484568327800143,True,6.7832295034834695
SILVER,10,5.0,D+1h,0.15@0.3,5,True,11.25,80.7,3.64,2243976,-341039,13.78,72.6,1.19,1069643,-1020207,12.33,76.8,1.52,3313619,-1020207,6.579822249068289,1.0484568327800143,True,6.994586265041028
SILVER,10,5.0,D+1h,0.15@0.3,10,False,11.5,78.3,3.18,2014173,-375952,13.33,74.2,1.41,1989252,-935812,12.29,76.4,1.69,4003425,-935812,5.3575270247265605,2.1256961868409467,True,6.152442879743111
SILVER,10,5.0,D+1h,0.15@0.3,10,True,11.5,78.3,3.18,2014173,-375952,13.33,74.2,1.41,1989252,-935812,12.29,76.4,1.69,4003425,-935812,5.3575270247265605,2.1256961868409467,True,6.3241023547873905
SILVER,10,5.0,D+1h,0.2@0.4,0,False,5.67,70.6,2.28,928732,-161155,6.11,69.1,1.41,1206035,-642574,5.86,69.9,1.59,2134767,-642574,5.762973534795694,1.8768811063005972,False,5.475942314193784
SILVER,10,5.0,D+1h,0.2@0.4,0,True,5.67,70.6,2.28,928732,-161155,6.11,69.1,1.41,1206035,-642574,5.86,69.9,1.59,2134767,-642574,5.762973534795694,1.8768811063005972,False,5.62595050079857
SILVER,10,5.0,D+1h,0.2@0.4,5,False,10.67,74.2,2.64,1916233,-285154,11.22,69.3,1.51,2524447,-1121600,10.9,72.1,1.73,4440680,-1121600,6.719993407071267,2.250755171184023,True,5.912237130569921
SILVER,10,5.0,D+1h,0.2@0.4,5,True,10.67,74.2,2.64,1916233,-285154,11.22,69.3,1.51,2524447,-1121600,10.9,72.1,1.73,4440680,-1121600,6.719993407071267,2.250755171184023,True,6.045499060844282
SILVER,10,5.0,D+1h,0.2@0.4,10,False,10.58,72.4,2.45,1759165,-309007,10.67,69.8,1.68,3044456,-984030,10.62,71.3,1.84,4803621,-984030,5.692961648118004,3.0938650244403116,True,5.839314718282841
SILVER,10,5.0,D+1h,0.2@0.4,10,True,10.58,72.4,2.45,1759165,-309007,10.67,69.8,1.68,3044456,-984030,10.62,71.3,1.84,4803621,-984030,5.692961648118004,3.0938650244403116,True,5.9243670533506
SILVER,10,5.0,D+1h,0.25@0.5,0,False,5.67,69.1,2.28,960479,-149003,6.11,65.5,1.1,340715,-1128185,5.86,67.5,1.32,1301194,-1128185,6.446037999234915,0.3020027743676791,False,5.2158468667194775
SILVER,10,5.0,D+1h,0.25@0.5,0,True,5.67,69.1,2.28,960479,-149003,6.11,65.5,1.1,340715,-1128185,5.86,67.5,1.32,1301194,-1128185,6.446037999234915,0.3020027743676791,False,5.405297083690676
SILVER,10,5.0,D+1h,0.25@0.5,5,False,10.33,70.2,2.49,1871720,-254337,10.11,64.8,1.45,2297642,-1207825,10.24,67.9,1.65,4169362,-1207825,7.35921238356983,1.90229710429905,True,6.268154817464346
SILVER,10,5.0,D+1h,0.25@0.5,5,True,10.33,70.2,2.49,1871720,-254337,10.11,64.8,1.45,2297642,-1207825,10.24,67.9,1.65,4169362,-1207825,7.35921238356983,1.90229710429905,True,6.553667541734918
SILVER,10,5.0,D+1h,0.25@0.5,10,False,10.25,69.1,2.4,1782491,-308123,9.89,64.0,1.42,2165082,-1070255,10.1,67.0,1.62,3947573,-1070255,5.7849981987712695,2.0229590144404836,False,5.94617691194443
SILVER,10,5.0,D+1h,0.25@0.5,10,True,10.25,69.1,2.4,1782491,-308123,9.89,64.0,1.42,2165082,-1070255,10.1,67.0,1.62,3947573,-1070255,5.7849981987712695,2.0229590144404836,False,6.024578846994748
SILVER,10,5.0,D+4h,0.1@0.3,0,False,6.0,68.1,2.05,999191,-362599,7.67,78.3,1.32,1431365,-2661414,6.71,73.0,1.45,2430556,-2661414,2.755636391716469,0.5378212484040439,False,5.42702954413704
SILVER,10,5.0,D+4h,0.1@0.3,0,True,6.0,59.7,3.38,1025650,-109027,7.67,63.8,1.53,1392254,-1324085,6.71,61.7,1.79,2417904,-1324085,9.407302778210902,1.0514838548884702,False,6.316002306199091
SILVER,10,5.0,D+4h,0.1@0.3,5,False,9.25,70.3,2.1,1414356,-331660,12.44,74.1,1.34,2072427,-2133588,10.62,72.2,1.47,3486783,-2133588,4.26447566785262,0.9713342032294895,False,5.8372392041487124
SILVER,10,5.0,D+4h,0.1@0.3,5,True,15.92,53.4,2.5,1465059,-191888,25.0,52.9,1.24,1375538,-1184455,19.81,53.1,1.42,2840597,-1184455,7.63496935712499,1.161325672988843,False,6.8926235114561685
SILVER,10,5.0,D+4h,0.1@0.3,10,False,9.08,68.8,1.94,1255876,-331660,11.89,75.7,1.45,2519726,-2133588,10.29,72.2,1.54,3775602,-2133588,3.786636917324971,1.1809805829429112,False,5.687040894915927
SILVER,10,5.0,D+4h,0.1@0.3,10,True,13.92,53.9,2.39,1328980,-191888,21.67,57.4,1.5,2358764,-871953,17.24,55.8,1.65,3687744,-871953,6.92581088968565,2.7051503922803177,False,6.318797203302706
SILVER,10,5.0,D+4h,0.15@0.3,0,False,6.0,70.8,1.82,772444,-344599,7.67,79.7,1.34,1477441,-2661414,6.71,75.2,1.43,2249885,-2661414,2.2415735390990688,0.5551338499008421,False,4.281679379319098
SILVER,10,5.0,D+4h,0.15@0.3,0,True,6.0,61.1,2.89,789016,-109027,7.67,63.8,1.6,1581699,-1324085,6.71,62.4,1.78,2370715,-1324085,7.236886275876618,1.194560016917343,False,5.405210563816422
SILVER,10,5.0,D+4h,0.15@0.3,5,False,10.0,73.3,2.1,1462355,-323382,13.44,76.9,1.42,2537663,-2133588,11.48,75.1,1.55,4000018,-2133588,4.522066781700898,1.1893875481114442,True,5.564825385432488
SILVER,10,5.0,D+4h,0.15@0.3,5,True,16.58,55.3,2.46,1493212,-164562,26.11,55.3,1.24,1384197,-1096271,20.67,55.3,1.43,2877409,-1096271,9.073856661926811,1.2626412629723855,False,6.726009830603906
SILVER,10,5.0,D+4h,0.15@0.3,10,False,9.92,72.3,1.94,1286026,-323382,13.0,78.6,1.57,3192449,-2133588,11.24,75.4,1.65,4478475,-2133588,3.9768014298878724,1.4962818501041437,False,5.3387565733753775
SILVER,10,5.0,D+4h,0.15@0.3,10,True,14.67,56.2,2.35,1346977,-185782,22.89,60.2,1.55,2577664,-796259,18.19,58.4,1.69,3924641,-796259,7.250309502535229,3.2372180408635884,False,6.348906858863168
SILVER,10,5.0,D+4h,0.2@0.4,0,False,6.0,66.7,1.38,458632,-564151,7.67,71.0,0.9,-510496,-2661414,6.71,68.8,0.99,-51864,-2661414,0.8129596508736137,-0.19181382528234991,False,2.5388883694627067
SILVER,10,5.0,D+4h,0.2@0.4,0,True,6.0,54.2,1.49,340369,-267403,7.67,60.9,1.18,563631,-1324085,6.71,57.4,1.24,904000,-1324085,1.2728690403622995,0.4256758440734545,False,3.2668381617401434
SILVER,10,5.0,D+4h,0.2@0.4,5,False,8.83,69.8,1.89,1356404,-356984,11.44,74.8,1.48,2684666,-2133588,9.95,72.2,1.56,4041069,-2133588,3.799621271541582,1.2582869794918232,False,4.98326373199879
SILVER,10,5.0,D+4h,0.2@0.4,5,True,16.25,51.3,1.91,1214260,-170315,24.22,53.2,1.45,2346104,-912593,19.67,52.3,1.55,3560364,-912593,7.1294953468572935,2.570810865303591,False,5.559730715084686
SILVER,10,5.0,D+4h,0.2@0.4,10,False,8.92,69.2,1.81,1245384,-356984,11.11,75.0,1.52,2892940,-2133588,9.86,72.0,1.58,4138325,-2133588,3.488626941263474,1.355903763988174,False,5.206077755833138
SILVER,10,5.0,D+4h,0.2@0.4,10,True,14.17,52.4,1.92,1150910,-189848,21.0,57.7,1.71,3171932,-796259,17.1,55.2,1.76,4322842,-796259,6.06227086932704,3.983543043155556,False,5.709647773199077
SILVER,10,5.0,D+4h,0.25@0.5,0,False,6.0,62.5,1.45,572382,-555536,7.67,62.3,0.7,-1731271,-3461886,6.71,62.4,0.84,-1158888,-3461886,1.0303238674001325,-0.5000947460430528,False,3.002418054124684
SILVER,10,5.0,D+4h,0.25@0.5,0,True,6.0,51.4,1.47,340504,-257959,7.67,56.5,0.91,-318297,-1481943,6.71,53.9,1.01,22207,-1481943,1.3199927120201271,-0.21478356455005354,False,3.0610933221801235
SILVER,10,5.0,D+4h,0.25@0.5,5,False,8.42,64.4,1.87,1372253,-356984,10.89,67.3,1.32,2020899,-2133588,9.48,65.8,1.43,3393152,-2133588,3.8440182193039463,0.9471833362392365,False,5.587285863018675
SILVER,10,5.0,D+4h,0.25@0.5,5,True,15.92,48.2,1.89,1231757,-167411,23.22,50.2,1.43,2283985,-829923,19.05,49.2,1.52,3515742,-829923,7.357682589555047,2.7520444667758333,False,5.6563779768283045
SILVER,10,5.0,D+4h,0.25@0.5,10,False,8.42,63.4,1.82,1305416,-356984,10.67,66.7,1.28,1793671,-2133588,9.38,65.0,1.39,3099087,-2133588,3.6567913407883825,0.8406829247258608,False,5.601190977164552
SILVER,10,5.0,D+4h,0.25@0.5,10,True,13.75,47.9,1.87,1168940,-220090,20.22,53.8,1.48,2421110,-796259,16.52,51.0,1.56,3590050,-796259,5.31119087645963,3.0406061344361572,False,5.887692338767211
SILVER,10,5.0,D+1h+4h,0.1@0.3,0,False,3.58,79.1,4.6,1103717,-90359,4.33,79.5,2.01,1807411,-642574,3.9,79.3,2.39,2911129,-642574,12.214798747219424,2.8127670898604675,False,7.184754013367245
SILVER,10,5.0,D+1h+4h,0.1@0.3,0,True,3.58,79.1,4.6,1103717,-90359,4.33,79.5,2.01,1807411,-642574,3.9,79.3,2.39,2911129,-642574,12.214798747219424,2.8127670898604675,False,7.849920652016688
SILVER,10,5.0,D+1h+4h,0.1@0.3,5,False,6.08,82.2,4.95,1775730,-166894,9.22,74.7,1.52,1950072,-873569,7.43,78.2,1.89,3725802,-873569,10.639867221110405,2.23230448882687,False,8.29258951764457
SILVER,10,5.0,D+1h+4h,0.1@0.3,5,True,6.08,82.2,4.95,1775730,-166894,9.22,74.7,1.52,1950072,-873569,7.43,78.2,1.89,3725802,-873569,10.639867221110405,2.23230448882687,False,8.598998034851148
SILVER,10,5.0,D+1h+4h,0.1@0.3,10,False,6.25,78.7,4.06,1592013,-166894,8.67,76.9,1.88,2663614,-735999,7.29,77.8,2.2,4255626,-735999,9.539066713003463,3.619045678051193,False,7.443756859019612
SILVER,10,5.0,D+1h+4h,0.1@0.3,10,True,6.25,78.7,4.06,1592013,-166894,8.67,76.9,1.88,2663614,-735999,7.29,77.8,2.2,4255626,-735999,9.539066713003463,3.619045678051193,False,7.75767425625568
SILVER,10,5.0,D+1h+4h,0.15@0.3,0,False,3.58,81.4,3.96,865958,-90359,4.33,79.5,2.12,1993647,-642574,3.9,80.5,2.38,2859605,-642574,9.583527927489238,3.1025951874803526,False,6.169604358604048
SILVER,10,5.0,D+1h+4h,0.15@0.3,0,True,3.58,81.4,3.96,865958,-90359,4.33,79.5,2.12,1993647,-642574,3.9,80.5,2.38,2859605,-642574,9.583527927489238,3.1025951874803526,False,6.623723698311099
SILVER,10,5.0,D+1h+4h,0.15@0.3,5,False,6.75,84.0,4.63,1788387,-155931,10.33,78.5,1.53,1944888,-660809,8.29,81.0,1.9,3733275,-660809,11.46909209842815,2.943192359668225,False,8.231834912224258
SILVER,10,5.0,D+1h+4h,0.15@0.3,5,True,6.75,84.0,4.63,1788387,-155931,10.33,78.5,1.53,1944888,-660809,8.29,81.0,1.9,3733275,-660809,11.46909209842815,2.943192359668225,False,8.611150735576418
SILVER,10,5.0,D+1h+4h,0.15@0.3,10,False,7.0,81.0,3.83,1594513,-155931,9.89,80.9,1.97,2868670,-642574,8.24,80.9,2.27,4463183,-642574,10.225760111844341,4.464341850121542,False,7.627636206861987
SILVER,10,5.0,D+1h+4h,0.15@0.3,10,True,7.0,81.0,3.83,1594513,-155931,9.89,80.9,1.97,2868670,-642574,8.24,80.9,2.27,4463183,-642574,10.225760111844341,4.464341850121542,False,7.925227849829929
SILVER,10,5.0,D+1h+4h,0.2@0.4,0,False,3.58,69.8,1.73,417808,-231448,4.33,74.4,1.43,978788,-642574,3.9,72.0,1.49,1396596,-642574,1.805191662922125,1.5232300093063211,False,3.7960168473413347
SILVER,10,5.0,D+1h+4h,0.2@0.4,0,True,3.58,69.8,1.73,417808,-231448,4.33,74.4,1.43,978788,-642574,3.9,72.0,1.49,1396596,-642574,1.805191662922125,1.5232300093063211,False,3.8378267918403064
SILVER,10,5.0,D+1h+4h,0.2@0.4,5,False,6.67,75.0,2.71,1430960,-149003,8.11,76.7,2.03,3249394,-642574,7.29,75.8,2.17,4680355,-642574,9.603565028892035,5.056840146037655,False,6.857073235047072
SILVER,10,5.0,D+1h+4h,0.2@0.4,5,True,6.67,75.0,2.71,1430960,-149003,8.11,76.7,2.03,3249394,-642574,7.29,75.8,2.17,4680355,-642574,9.603565028892035,5.056840146037655,False,7.134562741323382
SILVER,10,5.0,D+1h+4h,0.2@0.4,10,False,6.75,74.1,2.54,1320210,-149003,7.67,78.3,2.39,3805538,-642574,7.14,76.0,2.42,5125748,-642574,8.860291403528787,5.922334236990603,False,7.394502272805284
SILVER,10,5.0,D+1h+4h,0.2@0.4,10,True,6.75,74.1,2.54,1320210,-149003,7.67,78.3,2.39,3805538,-642574,7.14,76.0,2.42,5125748,-642574,8.860291403528787,5.922334236990603,False,7.628469902629246
SILVER,10,5.0,D+1h+4h,0.25@0.5,0,False,3.58,65.1,1.69,417943,-211657,4.33,66.7,1.04,96860,-983377,3.9,65.9,1.16,514803,-983377,1.9746240379481899,0.09849732096642488,False,3.3620615510639666
SILVER,10,5.0,D+1h+4h,0.25@0.5,0,True,3.58,65.1,1.69,417943,-211657,4.33,66.7,1.04,96860,-983377,3.9,65.9,1.16,514803,-983377,1.9746240379481899,0.09849732096642488,False,3.3910284355259663
SILVER,10,5.0,D+1h+4h,0.25@0.5,5,False,6.33,71.1,2.71,1480968,-149003,7.22,70.8,1.91,3034898,-642574,6.71,70.9,2.08,4515866,-642574,9.939182432568472,4.7230326779483764,False,6.9047352702556
SILVER,10,5.0,D+1h+4h,0.25@0.5,5,True,6.33,71.1,2.71,1480968,-149003,7.22,70.8,1.91,3034898,-642574,6.71,70.9,2.08,4515866,-642574,9.939182432568472,4.7230326779483764,False,7.224159303914791
SILVER,10,5.0,D+1h+4h,0.25@0.5,10,False,6.33,69.7,2.61,1413920,-149003,7.0,69.8,1.87,2902339,-642574,6.62,69.8,2.02,4316259,-642574,9.489204915337275,4.516738928123454,False,7.287753975135684
SILVER,10,5.0,D+1h+4h,0.25@0.5,10,True,6.33,69.7,2.61,1413920,-149003,7.0,69.8,1.87,2902339,-642574,6.62,69.8,2.02,4316259,-642574,9.489204915337275,4.516738928123454,False,7.453193928702808
SILVER,10,5.0,1h,0.1@0.3,0,False,10.42,72.0,2.27,1308610,-243310,9.78,77.3,2.8,5133678,-642574,10.14,74.2,2.66,6442288,-642574,5.378365048703301,7.989240149772633,True,4.6608585961548
SILVER,10,5.0,1h,0.1@0.3,0,True,10.42,72.0,2.27,1308610,-243310,9.78,77.3,2.8,5133678,-642574,10.14,74.2,2.66,6442288,-642574,5.378365048703301,7.989240149772633,True,4.6608585961548
SILVER,10,5.0,1h,0.1@0.3,5,False,19.0,71.9,1.7,1495080,-311761,18.11,69.9,1.43,3165385,-1164349,18.62,71.1,1.49,4660465,-1164349,4.795596626903301,2.718587811729988,True,4.2816902169705315
SILVER,10,5.0,1h,0.1@0.3,5,True,19.0,71.9,1.7,1495080,-311761,18.11,69.9,1.43,3165385,-1164349,18.62,71.1,1.49,4660465,-1164349,4.795596626903301,2.718587811729988,True,4.2816902169705315
SILVER,10,5.0,1h,0.1@0.3,10,False,19.08,70.3,1.59,1273495,-334105,17.89,70.8,1.61,4015993,-1047268,18.57,70.5,1.6,5289488,-1047268,3.8116610047739483,3.834732847752438,True,3.7157128833850797
SILVER,10,5.0,1h,0.1@0.3,10,True,19.08,70.3,1.59,1273495,-334105,17.89,70.8,1.61,4015993,-1047268,18.57,70.5,1.6,5289488,-1047268,3.8116610047739483,3.834732847752438,True,3.7157128833850797
SILVER,10,5.0,1h,0.15@0.3,0,False,10.42,75.2,2.12,1132382,-236301,9.78,77.3,2.89,5375528,-642574,10.14,76.1,2.69,6507910,-642574,4.792116834037943,8.365617033991416,True,3.879186844082032
SILVER,10,5.0,1h,0.15@0.3,0,True,10.42,75.2,2.12,1132382,-236301,9.78,77.3,2.89,5375528,-642574,10.14,76.1,2.69,6507910,-642574,4.792116834037943,8.365617033991416,True,3.879186844082032
SILVER,10,5.0,1h,0.15@0.3,5,False,20.75,75.1,1.59,1385285,-383440,20.56,72.4,1.37,2870578,-1007778,20.67,74.0,1.42,4255863,-1007778,3.6127816607552683,2.8484229661691365,True,4.1814514468819075
SILVER,10,5.0,1h,0.15@0.3,5,True,20.75,75.1,1.59,1385285,-383440,20.56,72.4,1.37,2870578,-1007778,20.67,74.0,1.42,4255863,-1007778,3.6127816607552683,2.8484229661691365,True,4.1814514468819075
SILVER,10,5.0,1h,0.15@0.3,10,False,21.0,74.6,1.45,1094178,-394007,20.33,74.3,1.61,4124570,-1011951,20.71,74.5,1.56,5218748,-1011951,2.777052184352055,4.075859404259693,False,3.6581916925680233
SILVER,10,5.0,1h,0.15@0.3,10,True,21.0,74.6,1.45,1094178,-394007,20.33,74.3,1.61,4124570,-1011951,20.71,74.5,1.56,5218748,-1011951,2.777052184352055,4.075859404259693,False,3.6581916925680233
SILVER,10,5.0,1h,0.2@0.4,0,False,10.42,67.2,1.53,726320,-286425,9.78,73.9,2.55,5323729,-642574,10.14,70.0,2.26,6050049,-642574,2.5358121672340053,8.285005306781787,False,3.193466913511985
SILVER,10,5.0,1h,0.2@0.4,0,True,10.42,67.2,1.53,726320,-286425,9.78,73.9,2.55,5323729,-642574,10.14,70.0,2.26,6050049,-642574,2.5358121672340053,8.285005306781787,False,3.193466913511985
SILVER,10,5.0,1h,0.2@0.4,5,False,19.42,70.8,1.44,1163249,-289791,17.11,69.5,1.73,4989483,-708630,18.43,70.3,1.65,6152733,-708630,4.014096366001705,7.041027052199314,False,3.857023908903185
SILVER,10,5.0,1h,0.2@0.4,5,True,19.42,70.8,1.44,1163249,-289791,17.11,69.5,1.73,4989483,-708630,18.43,70.3,1.65,6152733,-708630,4.014096366001705,7.041027052199314,False,3.857023908903185
SILVER,10,5.0,1h,0.2@0.4,10,False,19.17,69.1,1.37,987144,-289791,16.67,70.7,1.95,5925242,-697941,18.1,69.7,1.77,6912385,-697941,3.4063997846724017,8.48960298936443,False,3.7073674091211184
SILVER,10,5.0,1h,0.2@0.4,10,True,19.17,69.1,1.37,987144,-289791,16.67,70.7,1.95,5925242,-697941,18.1,69.7,1.77,6912385,-697941,3.4063997846724017,8.48960298936443,False,3.7073674091211184
SILVER,10,5.0,1h,0.25@0.5,0,False,10.42,67.2,1.64,897402,-262673,9.78,71.6,2.18,4542401,-794437,10.14,69.0,2.04,5439803,-794437,3.416422700467882,5.717761131467945,False,3.347691716477116
SILVER,10,5.0,1h,0.25@0.5,0,True,10.42,67.2,1.64,897402,-262673,9.78,71.6,2.18,4542401,-794437,10.14,69.0,2.04,5439803,-794437,3.416422700467882,5.717761131467945,False,3.347691716477116
SILVER,10,5.0,1h,0.25@0.5,5,False,17.92,66.5,1.5,1323421,-289791,15.56,66.4,1.72,4985753,-721733,16.9,66.5,1.66,6309174,-721733,4.566811943780173,6.908029700734205,False,4.354417148311941
SILVER,10,5.0,1h,0.25@0.5,5,True,17.92,66.5,1.5,1323421,-289791,15.56,66.4,1.72,4985753,-721733,16.9,66.5,1.66,6309174,-721733,4.566811943780173,6.908029700734205,False,4.354417148311941
SILVER,10,5.0,1h,0.25@0.5,10,False,17.58,66.8,1.53,1350537,-289791,15.22,66.4,1.77,5252377,-721733,16.57,66.7,1.71,6602914,-721733,4.660382827624046,7.277451633775925,False,4.235524751127957
SILVER,10,5.0,1h,0.25@0.5,10,True,17.58,66.8,1.53,1350537,-289791,15.22,66.4,1.77,5252377,-721733,16.57,66.7,1.71,6602914,-721733,4.660382827624046,7.277451633775925,False,4.235524751127957
SILVER,10,5.0,1h+4h,0.1@0.3,0,False,5.92,71.8,2.71,996693,-329402,5.56,80.0,1.95,1896756,-642574,5.76,75.2,2.12,2893450,-642574,3.025764870887244,2.9518094414028577,False,2.955935998469678
SILVER,10,5.0,1h+4h,0.1@0.3,0,True,5.92,71.8,2.71,996693,-329402,5.56,80.0,1.95,1896756,-642574,5.76,75.2,2.12,2893450,-642574,3.025764870887244,2.9518094414028577,False,2.955935998469678
SILVER,10,5.0,1h+4h,0.1@0.3,5,False,10.67,75.0,2.46,1508315,-305228,11.56,75.0,1.8,3574579,-746017,11.05,75.0,1.92,5082894,-746017,4.941601032670659,4.791551667053164,True,4.279832941303782
SILVER,10,5.0,1h+4h,0.1@0.3,5,True,10.67,75.0,2.46,1508315,-305228,11.56,75.0,1.8,3574579,-746017,11.05,75.0,1.92,5082894,-746017,4.941601032670659,4.791551667053164,True,4.279832941303782
SILVER,10,5.0,1h+4h,0.1@0.3,10,False,10.83,73.8,2.22,1324345,-314754,11.11,77.0,2.14,4291279,-642574,10.95,75.2,2.16,5615625,-642574,4.207555741944502,6.678264293295403,True,4.038511544880619
SILVER,10,5.0,1h+4h,0.1@0.3,10,True,10.83,73.8,2.22,1324345,-314754,11.11,77.0,2.14,4291279,-642574,10.95,75.2,2.16,5615625,-642574,4.207555741944502,6.678264293295403,True,4.038511544880619
SILVER,10,5.0,1h+4h,0.15@0.3,0,False,5.92,74.6,2.4,792300,-318930,5.56,80.0,2.07,2134306,-642574,5.76,76.9,2.14,2926606,-642574,2.4842441915153795,3.321494489350643,False,2.62383736764351
SILVER,10,5.0,1h+4h,0.15@0.3,0,True,5.92,74.6,2.4,792300,-318930,5.56,80.0,2.07,2134306,-642574,5.76,76.9,2.14,2926606,-642574,2.4842441915153795,3.321494489350643,False,2.62383736764351
SILVER,10,5.0,1h+4h,0.15@0.3,5,False,11.25,77.8,2.47,1581437,-258293,12.78,78.3,1.83,3655400,-655098,11.9,78.0,1.95,5236837,-655098,6.122647535937869,5.5799284992474405,True,4.470912239145278
SILVER,10,5.0,1h+4h,0.15@0.3,5,True,11.25,77.8,2.47,1581437,-258293,12.78,78.3,1.83,3655400,-655098,11.9,78.0,1.95,5236837,-655098,6.122647535937869,5.5799284992474405,True,4.470912239145278
SILVER,10,5.0,1h+4h,0.15@0.3,10,False,11.67,77.1,2.08,1300092,-247426,12.56,80.5,2.24,4586371,-642574,12.05,78.7,2.2,5886463,-642574,5.254468002554299,7.1374985604770815,True,4.349867295601116
SILVER,10,5.0,1h+4h,0.15@0.3,10,True,11.67,77.1,2.08,1300092,-247426,12.56,80.5,2.24,4586371,-642574,12.05,78.7,2.2,5886463,-642574,5.254468002554299,7.1374985604770815,True,4.349867295601116
SILVER,10,5.0,1h+4h,0.2@0.4,0,False,5.92,66.2,1.48,405745,-293184,5.56,76.0,1.59,1464268,-642574,5.76,70.2,1.56,1870012,-642574,1.3839261351233356,2.278753886711881,False,2.0478991845643977
SILVER,10,5.0,1h+4h,0.2@0.4,0,True,5.92,66.2,1.48,405745,-293184,5.56,76.0,1.59,1464268,-642574,5.76,70.2,1.56,1870012,-642574,1.3839261351233356,2.278753886711881,False,2.0478991845643977
SILVER,10,5.0,1h+4h,0.2@0.4,5,False,11.0,71.2,1.86,1230451,-251916,10.33,75.3,2.27,5062130,-642574,10.71,72.9,2.16,6292582,-642574,4.8843701868876925,7.877894219187207,True,3.8900590363276746
SILVER,10,5.0,1h+4h,0.2@0.4,5,True,11.0,71.2,1.86,1230451,-251916,10.33,75.3,2.27,5062130,-642574,10.71,72.9,2.16,6292582,-642574,4.8843701868876925,7.877894219187207,True,3.8900590363276746
SILVER,10,5.0,1h+4h,0.2@0.4,10,False,11.0,71.2,1.83,1164032,-251916,10.11,76.9,2.57,5627358,-642574,10.62,73.5,2.36,6791390,-642574,4.620714841455088,8.757525203322885,True,4.0927379578548235
SILVER,10,5.0,1h+4h,0.2@0.4,10,True,11.0,71.2,1.83,1164032,-251916,10.11,76.9,2.57,5627358,-642574,10.62,73.5,2.36,6791390,-642574,4.620714841455088,8.757525203322885,True,4.0927379578548235
SILVER,10,5.0,1h+4h,0.25@0.5,0,False,5.92,64.8,1.51,446981,-274399,5.56,70.0,1.21,615505,-1036939,5.76,66.9,1.28,1062485,-1036939,1.6289454407632682,0.5935787929666065,False,2.363018405594069
SILVER,10,5.0,1h+4h,0.25@0.5,0,True,5.92,64.8,1.51,446981,-274399,5.56,70.0,1.21,615505,-1036939,5.76,66.9,1.28,1062485,-1036939,1.6289454407632682,0.5935787929666065,False,2.363018405594069
SILVER,10,5.0,1h+4h,0.25@0.5,5,False,10.17,67.2,1.86,1298150,-248746,9.0,71.6,2.27,5058010,-642574,9.67,69.0,2.16,6356160,-642574,5.218777387375074,7.871482506294995,False,4.595997915436856
SILVER,10,5.0,1h+4h,0.25@0.5,5,True,10.17,67.2,1.86,1298150,-248746,9.0,71.6,2.27,5058010,-642574,9.67,69.0,2.16,6356160,-642574,5.218777387375074,7.871482506294995,False,4.595997915436856
SILVER,10,5.0,1h+4h,0.25@0.5,10,False,10.0,68.3,1.93,1314000,-248746,8.78,70.9,2.23,4925450,-642574,9.48,69.3,2.15,6239451,-642574,5.282497004976965,7.665187200229079,False,4.93691737420133
SILVER,10,5.0,1h+4h,0.25@0.5,10,True,10.0,68.3,1.93,1314000,-248746,8.78,70.9,2.23,4925450,-642574,9.48,69.3,2.15,6239451,-642574,5.282497004976965,7.665187200229079,False,4.93691737420133
SILVER,10,6.0,D,0.1@0.3,0,False,8.0,77.1,2.84,1705764,-393771,9.33,72.6,1.18,739041,-1602967,8.57,75.0,1.48,2444805,-1602967,4.331868014658266,0.4610456734293345,False,5.475559435062359
SILVER,10,6.0,D,0.1@0.3,0,True,8.0,53.1,2.99,1172372,-179000,9.33,61.9,0.89,-294733,-1442465,8.57,57.2,1.27,877640,-1442465,6.549564245810056,-0.20432592818543258,False,5.974327099647675
SILVER,10,6.0,D,0.1@0.3,5,False,11.67,75.0,2.53,2200335,-393771,13.78,71.8,1.53,2873592,-1263178,12.57,73.5,1.74,5073927,-1263178,5.587854362053071,2.2748907913215715,True,6.642799984395168
SILVER,10,6.0,D,0.1@0.3,5,True,28.67,46.5,1.79,1430980,-215821,31.67,49.8,1.12,751974,-1214679,29.95,48.0,1.27,2182954,-1214679,6.630402046140088,0.6190721993217961,False,5.757854425995662
SILVER,10,6.0,D,0.1@0.3,10,False,11.75,75.2,2.4,2028885,-393771,14.0,72.2,1.46,2534062,-1263178,12.71,73.8,1.66,4562947,-1263178,5.1524490122431565,2.0061004862339273,True,6.531971613519843
SILVER,10,6.0,D,0.1@0.3,10,True,26.0,47.4,1.83,1373451,-279222,28.22,53.9,1.21,1118019,-1364133,26.95,50.4,1.35,2491470,-1364133,4.918849517588155,0.8195821081961949,False,5.4787611464616255
SILVER,10,6.0,D,0.15@0.3,0,False,8.0,81.2,2.91,1716400,-393771,9.33,72.6,1.12,513798,-1366697,8.57,77.2,1.44,2230199,-1366697,4.358878637583773,0.37594141203207443,False,5.078148923615094
SILVER,10,6.0,D,0.15@0.3,0,True,8.0,56.2,3.03,1135627,-179000,9.33,61.9,0.92,-215803,-1349656,8.57,58.9,1.28,919823,-1349656,6.344284916201118,-0.15989481764242147,False,5.736137304289688
SILVER,10,6.0,D,0.2@0.4,0,False,8.0,76.0,2.83,1950935,-393771,9.33,70.2,1.37,1643877,-1069682,8.57,73.3,1.65,3594812,-1069682,4.954491316018701,1.5367903732137214,False,4.977310464602153
SILVER,10,6.0,D,0.2@0.4,0,True,8.0,51.0,2.67,1218115,-200723,9.33,61.9,1.29,813624,-1069682,8.57,56.1,1.58,2031739,-1069682,6.068636877687161,0.7606223157910482,False,5.21723719710292
SILVER,10,6.0,D,0.2@0.4,5,False,11.67,75.7,2.48,2279804,-393771,13.0,70.9,1.52,3087601,-1549796,12.24,73.5,1.72,5367405,-1549796,5.789669630318129,1.9922628526593178,True,6.024201709274079
SILVER,10,6.0,D,0.2@0.4,5,True,29.17,46.6,1.61,1267741,-299548,31.0,48.4,1.07,472310,-1851944,29.95,47.4,1.19,1740051,-1851944,4.232179817591838,0.2550347094728566,False,5.393096027239603
SILVER,10,6.0,D,0.15@0.3,5,False,12.83,77.9,2.41,2184071,-393771,15.67,71.6,1.45,2658523,-1306796,14.05,74.9,1.65,4842594,-1306796,5.5465511680646875,2.0343825662153847,True,6.353964145704324
SILVER,10,6.0,D,0.15@0.3,5,True,29.75,49.0,1.71,1367989,-255832,33.44,51.5,1.04,289810,-1254249,31.33,50.2,1.19,1657799,-1254249,5.347216141843084,0.23106257210490103,False,5.473899338988053
SILVER,10,6.0,D,0.15@0.3,10,False,12.92,78.7,2.36,2079011,-393771,15.44,71.9,1.47,2748399,-1306796,14.0,75.5,1.66,4827410,-1306796,5.279746350035935,2.103158411871478,True,6.077586056240923
SILVER,10,6.0,D,0.15@0.3,10,True,27.08,50.2,1.76,1350604,-286653,29.56,55.3,1.19,1087657,-1223132,28.14,52.5,1.33,2438261,-1223132,4.711633926733716,0.8892392644457017,False,5.143716284570836
SILVER,10,6.0,D,0.2@0.4,10,False,11.58,74.1,2.36,2156527,-393771,12.78,70.4,1.48,2865240,-1577841,12.1,72.4,1.67,5021766,-1577841,5.476601882820217,1.8159244182398606,True,5.840151244343172
SILVER,10,6.0,D,0.2@0.4,10,True,26.25,46.0,1.56,1164709,-315918,27.11,51.6,1.15,931745,-2095589,26.62,48.5,1.25,2096455,-2095589,3.6867446615893997,0.4446220131905636,False,5.19373326242281
SILVER,10,6.0,D,0.25@0.5,0,False,8.0,68.8,2.68,2097814,-393771,9.33,63.1,1.33,1724886,-1570015,8.57,66.1,1.59,3822699,-1570015,5.327497454104035,1.0986430065954784,False,5.3521404399431045
SILVER,10,6.0,D,0.25@0.5,0,True,8.0,45.8,2.67,1419426,-255489,9.33,57.1,0.95,-164722,-1438404,8.57,51.1,1.31,1254704,-1438404,5.555722555569907,-0.11451720100889597,False,5.058415626728776
SILVER,10,6.0,D,0.25@0.5,5,False,10.92,71.0,2.37,2235659,-408749,12.33,65.8,1.44,2768133,-1355001,11.52,68.6,1.63,5003792,-1355001,5.469515521750512,2.04290107534976,True,6.257676684308771
SILVER,10,6.0,D,0.25@0.5,5,True,28.25,44.0,1.64,1339926,-223357,30.89,47.1,1.04,263799,-1803724,29.38,45.4,1.17,1603725,-1803724,5.9990329383005685,0.14625241999330274,False,5.4405512055329455
SILVER,10,6.0,D,0.25@0.5,10,False,10.58,70.1,2.38,2250536,-408749,12.44,63.4,1.24,1721451,-2155382,11.38,66.9,1.46,3971986,-2155382,5.505911941068969,0.7986755943957962,True,6.233224817825121
SILVER,10,6.0,D,0.25@0.5,10,True,25.0,43.3,1.7,1380036,-268644,27.33,49.6,0.96,-309868,-2535160,26.0,46.2,1.12,1070169,-2535160,5.13704382007415,-0.12222818283658625,False,5.206088495784342
SILVER,10,6.0,D+1h,0.1@0.3,0,False,4.25,78.4,4.89,1362072,-179000,5.0,73.3,0.83,-412339,-1375222,4.57,76.0,1.34,949733,-1375222,7.609340782122905,-0.2998344994480891,False,7.116754635103983
SILVER,10,6.0,D+1h,0.1@0.3,0,True,4.25,78.4,4.89,1362072,-179000,5.0,73.3,0.83,-412339,-1375222,4.57,76.0,1.34,949733,-1375222,7.609340782122905,-0.2998344994480891,False,7.5098277919576715
SILVER,10,6.0,D+1h,0.1@0.3,5,False,8.0,77.1,3.72,1973748,-179000,9.67,71.3,1.21,929741,-1163275,8.71,74.3,1.55,2903488,-1163275,11.026525139664804,0.79924437471793,False,8.484952198170102
SILVER,10,6.0,D+1h,0.1@0.3,5,True,8.0,77.1,3.72,1973748,-179000,9.67,71.3,1.21,929741,-1163275,8.71,74.3,1.55,2903488,-1163275,11.026525139664804,0.79924437471793,False,8.653573033850334
SILVER,10,6.0,D+1h,0.1@0.3,10,False,8.25,75.8,3.56,1839189,-195551,9.78,72.7,1.25,1047920,-1341538,8.9,74.3,1.59,2887109,-1341538,9.405162847543608,0.7811332962614551,False,8.079631651197449
SILVER,10,6.0,D+1h,0.1@0.3,10,True,8.25,75.8,3.56,1839189,-195551,9.78,72.7,1.25,1047920,-1341538,8.9,74.3,1.59,2887109,-1341538,9.405162847543608,0.7811332962614551,False,8.149954182304894
SILVER,10,6.0,D+1h,0.15@0.3,0,False,4.25,84.3,5.14,1325326,-179000,5.0,73.3,0.86,-345469,-1282413,4.57,79.2,1.35,979857,-1282413,7.404055865921788,-0.2693898143577771,False,6.97480410432687
SILVER,10,6.0,D+1h,0.15@0.3,0,True,4.25,84.3,5.14,1325326,-179000,5.0,73.3,0.86,-345469,-1282413,4.57,79.2,1.35,979857,-1282413,7.404055865921788,-0.2693898143577771,False,7.277787870820158
SILVER,10,6.0,D+1h,0.15@0.3,5,False,9.08,80.7,3.27,1906606,-181936,10.78,72.2,1.22,1071323,-1021939,9.81,76.7,1.53,2977929,-1021939,10.479542256617712,1.0483238236333088,False,8.131383957550963
SILVER,10,6.0,D+1h,0.15@0.3,5,True,9.08,80.7,3.27,1906606,-181936,10.78,72.2,1.22,1071323,-1021939,9.81,76.7,1.53,2977929,-1021939,10.479542256617712,1.0483238236333088,False,8.172882697213408
SILVER,10,6.0,D+1h,0.15@0.3,10,False,9.33,80.4,3.19,1813659,-195861,10.44,73.4,1.38,1618908,-1019631,9.81,77.2,1.68,3432567,-1019631,9.25992923552928,1.587739093848657,False,7.726517769012842
SILVER,10,6.0,D+1h,0.15@0.3,10,True,9.33,80.4,3.19,1813659,-195861,10.44,73.4,1.38,1618908,-1019631,9.81,77.2,1.68,3432567,-1019631,9.25992923552928,1.587739093848657,False,7.7690011823807765
SILVER,10,6.0,D+1h,0.2@0.4,10,False,8.5,73.5,2.57,1678943,-201199,8.56,67.5,1.18,886840,-2042484,8.52,70.9,1.42,2565783,-2042484,8.34468859189161,0.43419679174965387,False,8.136720925998347
SILVER,10,6.0,D+1h,0.2@0.4,10,True,8.5,73.5,2.57,1678943,-201199,8.56,67.5,1.18,886840,-2042484,8.52,70.9,1.42,2565783,-2042484,8.34468859189161,0.43419679174965387,False,7.845410190154783
SILVER,10,6.0,D+1h,0.25@0.5,0,False,4.25,64.7,3.63,1609126,-201817,5.0,66.7,0.91,-267050,-1364614,4.57,65.6,1.37,1342076,-1364614,7.973193536718909,-0.19569636541908556,False,6.160935502230502
SILVER,10,6.0,D+1h,0.25@0.5,0,True,4.25,64.7,3.63,1609126,-201817,5.0,66.7,0.91,-267050,-1364614,4.57,65.6,1.37,1342076,-1364614,7.973193536718909,-0.19569636541908556,False,6.283300508488052
SILVER,10,6.0,D+1h,0.2@0.4,0,False,4.25,74.5,3.88,1407814,-200723,5.0,73.3,1.27,682961,-1069682,4.57,74.0,1.7,2090775,-1069682,7.013715418761178,0.6384710596233273,False,6.8817633735714
SILVER,10,6.0,D+1h,0.2@0.4,0,True,4.25,74.5,3.88,1407814,-200723,5.0,73.3,1.27,682961,-1069682,4.57,74.0,1.7,2090775,-1069682,7.013715418761178,0.6384710596233273,False,6.996492722021067
SILVER,10,6.0,D+1h,0.2@0.4,5,False,8.5,75.5,2.71,1770679,-200723,8.89,67.5,1.12,675270,-1770030,8.67,72.0,1.38,2445950,-1770030,8.821505258490557,0.3815020084405349,False,8.294475751559098
SILVER,10,6.0,D+1h,0.2@0.4,5,True,8.5,75.5,2.71,1770679,-200723,8.89,67.5,1.12,675270,-1770030,8.67,72.0,1.38,2445950,-1770030,8.821505258490557,0.3815020084405349,False,8.056043736253837
SILVER,10,6.0,D+1h,0.25@0.5,5,False,7.92,70.5,2.65,1793171,-200723,8.78,63.3,1.05,263073,-1887475,8.29,67.2,1.31,2056244,-1887475,8.933560179949483,0.13937826991085975,False,8.193093512971883
SILVER,10,6.0,D+1h,0.25@0.5,5,True,7.92,70.5,2.65,1793171,-200723,8.78,63.3,1.05,263073,-1887475,8.29,67.2,1.31,2056244,-1887475,8.933560179949483,0.13937826991085975,False,8.156967236458573
SILVER,10,6.0,D+1h,0.25@0.5,10,False,7.42,68.5,2.71,1816268,-200723,8.78,60.8,0.91,-558459,-2647720,8.0,64.9,1.18,1257808,-2647720,9.048629205422397,-0.21092071669209736,False,7.784188385060286
SILVER,10,6.0,D+1h,0.25@0.5,10,True,7.42,68.5,2.71,1816268,-200723,8.78,60.8,0.91,-558459,-2647720,8.0,64.9,1.18,1257808,-2647720,9.048629205422397,-0.21092071669209736,False,7.6619061025368405
SILVER,10,6.0,D+4h,0.1@0.3,0,False,4.08,77.6,2.88,1157733,-427642,6.33,77.2,1.23,571010,-1242052,5.05,77.4,1.55,1728743,-1242052,2.7072481187535367,0.4597311545732385,False,5.294127955976263
SILVER,10,6.0,D+4h,0.1@0.3,0,True,4.08,57.1,2.81,735459,-197067,6.33,64.9,0.68,-640433,-1120125,5.05,61.3,1.04,95026,-1120125,3.7320251488072587,-0.5717513670349291,False,5.605923132298088
SILVER,10,6.0,D+4h,0.1@0.3,5,False,6.25,76.0,2.54,1511698,-252413,10.0,76.7,1.99,3164640,-857544,7.86,76.4,2.12,4676339,-857544,5.98898630419194,3.6903529148358567,False,7.295008421494627
SILVER,10,6.0,D+4h,0.1@0.3,5,True,12.67,52.0,2.2,1179269,-179000,21.22,54.5,1.27,1153924,-857544,16.33,53.4,1.44,2333192,-857544,6.588094972067039,1.3456149188846287,False,6.692421920882387
SILVER,10,6.0,D+4h,0.1@0.3,10,False,6.42,74.0,2.34,1358879,-252413,10.0,77.8,1.97,3002632,-857544,7.95,76.0,2.06,4361512,-857544,5.383553937396251,3.5014319964923084,False,7.50163262229715
SILVER,10,6.0,D+4h,0.1@0.3,10,True,11.25,52.6,2.26,1110809,-179000,18.67,59.5,1.48,1665143,-857544,14.43,56.4,1.64,2775952,-857544,6.20563687150838,1.9417580905469574,False,7.108417505216044
SILVER,10,6.0,D+4h,0.15@0.3,0,False,4.08,81.6,2.83,1096700,-427642,6.33,77.2,1.19,478784,-1094904,5.05,79.2,1.51,1575485,-1094904,2.5645282736494543,0.43728399932779494,False,4.309261747057851
SILVER,10,6.0,D+4h,0.15@0.3,0,True,4.08,59.2,2.69,660716,-186586,6.33,64.9,0.81,-382760,-1094904,5.05,62.3,1.12,277956,-1094904,3.5410802525377036,-0.3495831598021379,False,4.708330665061284
SILVER,10,6.0,D+4h,0.2@0.4,0,False,4.08,75.5,2.59,1080206,-453136,6.33,70.2,1.47,1360600,-1069682,5.05,72.6,1.68,2440806,-1069682,2.3838450266586633,1.2719668088272964,False,4.344941989184102
SILVER,10,6.0,D+4h,0.2@0.4,0,True,4.08,53.1,2.06,498200,-212080,6.33,63.2,1.22,487808,-1069682,5.05,58.5,1.37,986009,-1069682,2.3491135420596003,0.4560308577689444,False,4.115480357952366
SILVER,10,6.0,D+4h,0.2@0.4,5,False,5.75,76.8,3.0,1787321,-252413,9.22,71.1,1.65,2735840,-1549796,7.24,73.7,1.89,4523161,-1549796,7.080938778905999,1.7652903995106453,False,6.570890499950849
SILVER,10,6.0,D+4h,0.2@0.4,5,True,12.5,50.0,2.1,1196112,-200723,20.22,51.6,1.18,925977,-1549796,15.81,50.9,1.34,2122089,-1549796,5.959018149389955,0.5974831526213773,False,6.137417174683037
SILVER,10,6.0,D+4h,0.15@0.3,5,False,6.75,77.8,2.41,1506477,-252413,11.22,76.2,1.93,3193830,-857544,8.67,76.9,2.04,4700307,-857544,5.968301949582629,3.72439198455123,False,6.6716349701487445
SILVER,10,6.0,D+4h,0.15@0.3,5,True,13.17,54.4,2.1,1177865,-179000,22.22,56.0,1.24,1069213,-857544,17.05,55.3,1.41,2247077,-857544,6.580251396648045,1.2468316494547218,False,6.547747629845318
SILVER,10,6.0,D+4h,0.15@0.3,10,False,6.92,77.1,2.26,1381835,-252413,11.0,76.8,1.99,3289443,-857544,8.67,76.9,2.05,4671278,-857544,5.474500124795474,3.8358883042736,False,6.8045298270003105
SILVER,10,6.0,D+4h,0.15@0.3,10,True,11.75,56.0,2.19,1149929,-179000,19.44,60.6,1.52,1840448,-857544,15.05,58.5,1.66,2990377,-857544,6.4241843575418995,2.146184918791339,False,6.6867572592532225
SILVER,10,6.0,D+4h,0.2@0.4,10,False,5.83,74.3,2.77,1675033,-252413,9.11,69.5,1.55,2382451,-1577841,7.24,71.7,1.77,4057484,-1577841,6.63608055052632,1.5099436508494837,False,6.786116913337087
SILVER,10,6.0,D+4h,0.2@0.4,10,True,11.0,49.2,2.0,1096068,-200723,17.44,55.4,1.31,1353065,-1577841,13.76,52.6,1.44,2449132,-1577841,5.460599931248536,0.8575420463785641,False,6.66419651601173
SILVER,10,6.0,D+4h,0.25@0.5,0,False,4.08,69.4,2.71,1309992,-453136,6.33,61.4,1.46,1634012,-1198983,5.05,65.1,1.69,2944005,-1198983,2.8909466473641467,1.3628316665040288,False,4.309166399612836
SILVER,10,6.0,D+4h,0.25@0.5,0,True,4.08,49.0,2.47,769375,-212080,6.33,56.1,0.86,-365961,-1241567,5.05,52.8,1.13,403414,-1241567,3.627758393059223,-0.2947573509927374,False,3.930819412319628
SILVER,10,6.0,D+1h+4h,0.1@0.3,0,False,2.5,80.0,4.02,855900,-179000,3.67,75.8,0.62,-696230,-1120125,3.0,77.8,1.08,159670,-1120125,4.781564245810056,-0.6215645575270617,False,6.16670639475028
SILVER,10,6.0,D+1h+4h,0.1@0.3,0,True,2.5,80.0,4.02,855900,-179000,3.67,75.8,0.62,-696230,-1120125,3.0,77.8,1.08,159670,-1120125,4.781564245810056,-0.6215645575270617,False,6.280570509200692
SILVER,10,6.0,D+1h+4h,0.1@0.3,5,False,5.0,80.0,3.69,1414124,-179000,7.78,75.7,1.44,1360687,-857544,6.19,77.7,1.77,2774811,-857544,7.90013407821229,1.5867255790956498,False,7.287505974083141
SILVER,10,6.0,D+1h+4h,0.1@0.3,5,True,5.0,80.0,3.69,1414124,-179000,7.78,75.7,1.44,1360687,-857544,6.19,77.7,1.77,2774811,-857544,7.90013407821229,1.5867255790956498,False,7.34741684087065
SILVER,10,6.0,D+1h+4h,0.1@0.3,10,False,5.25,76.2,3.49,1292458,-179000,7.67,78.3,1.65,1656388,-857544,6.29,77.3,1.97,2948846,-857544,7.220435754189944,1.9315487018741895,False,7.639819619986834
SILVER,10,6.0,D+1h+4h,0.1@0.3,10,True,5.25,76.2,3.49,1292458,-179000,7.67,78.3,1.65,1656388,-857544,6.29,77.3,1.97,2948846,-857544,7.220435754189944,1.9315487018741895,False,7.731162168221514
SILVER,10,6.0,D+1h+4h,0.15@0.3,0,False,2.5,83.3,3.92,781157,-179000,3.67,75.8,0.75,-450617,-1094904,3.0,79.4,1.16,330540,-1094904,4.364005586592179,-0.41155845626648546,False,5.274736137820691
SILVER,10,6.0,D+1h+4h,0.15@0.3,0,True,2.5,83.3,3.92,781157,-179000,3.67,75.8,0.75,-450617,-1094904,3.0,79.4,1.16,330540,-1094904,4.364005586592179,-0.41155845626648546,False,5.372391335709516
SILVER,10,6.0,D+4h,0.25@0.5,5,False,5.83,70.0,2.61,1697553,-252413,8.67,65.4,1.59,2644081,-1215622,7.05,67.6,1.79,4341634,-1215622,6.725299410093775,2.1750848536798446,False,7.089326694242686
SILVER,10,6.0,D+4h,0.25@0.5,5,True,12.58,47.7,1.96,1161077,-200723,20.0,50.0,1.18,900534,-1273968,15.76,48.9,1.33,2061611,-1273968,5.784474126034386,0.7068733280584756,False,6.4604223496309645
SILVER,10,6.0,D+4h,0.25@0.5,10,False,5.67,67.6,2.56,1681838,-252413,8.67,62.8,1.36,1809014,-1975868,6.95,65.1,1.57,3490852,-1975868,6.663040334689576,0.9155540754746775,False,7.484794353373398
SILVER,10,6.0,D+4h,0.25@0.5,10,True,10.67,46.1,2.03,1182621,-200723,17.44,52.9,1.1,506136,-2034213,13.57,49.8,1.27,1688757,-2034213,5.891806120873044,0.24881170260931376,False,6.8724699442590165
SILVER,10,6.0,D+1h+4h,0.15@0.3,5,False,5.5,81.8,3.29,1408091,-179000,8.22,75.7,1.53,1692934,-857544,6.67,78.6,1.81,3101025,-857544,7.866430167597765,1.9741657570923474,False,7.051715213546467
SILVER,10,6.0,D+1h+4h,0.15@0.3,5,True,5.5,81.8,3.29,1408091,-179000,8.22,75.7,1.53,1692934,-857544,6.67,78.6,1.81,3101025,-857544,7.866430167597765,1.9741657570923474,False,7.1073469814615065
SILVER,10,6.0,D+1h+4h,0.15@0.3,10,False,5.75,81.2,3.21,1328416,-179000,7.89,77.5,1.85,2246256,-857544,6.67,79.3,2.1,3574672,-857544,7.42131843575419,2.6194061179368058,False,7.237784448907495
SILVER,10,6.0,D+1h+4h,0.15@0.3,10,True,5.75,81.2,3.21,1328416,-179000,7.89,77.5,1.85,2246256,-857544,6.67,79.3,2.1,3574672,-857544,7.42131843575419,2.6194061179368058,False,7.3327528721821364
SILVER,10,6.0,D+1h+4h,0.2@0.4,10,False,5.0,76.7,3.04,1353978,-200723,6.33,70.2,1.39,1376659,-1577841,5.57,73.5,1.66,2730637,-1577841,6.745504999427071,0.8724953908537045,False,7.429704390444433
SILVER,10,6.0,D+1h+4h,0.2@0.4,10,True,5.0,76.7,3.04,1353978,-200723,6.33,70.2,1.39,1376659,-1577841,5.57,73.5,1.66,2730637,-1577841,6.745504999427071,0.8724953908537045,False,7.3121563285166555
SILVER,10,6.0,D+1h+4h,0.25@0.5,0,False,2.5,66.7,3.23,889816,-200723,3.67,63.6,0.84,-406480,-1198617,3.0,65.1,1.17,483336,-1198617,4.433054507953747,-0.33912417394380356,False,4.387192846344754
SILVER,10,6.0,D+1h+4h,0.25@0.5,0,True,2.5,66.7,3.23,889816,-200723,3.67,63.6,0.84,-406480,-1198617,3.0,65.1,1.17,483336,-1198617,4.433054507953747,-0.33912417394380356,False,4.469060818088651
SILVER,10,6.0,D+1h+4h,0.2@0.4,0,False,2.5,73.3,2.78,618641,-200723,3.67,72.7,1.21,418953,-1069682,3.0,73.0,1.44,1037595,-1069682,3.082063341022205,0.3916612600754243,False,4.7416526974694815
SILVER,10,6.0,D+1h+4h,0.2@0.4,0,True,2.5,73.3,2.78,618641,-200723,3.67,72.7,1.21,418953,-1069682,3.0,73.0,1.44,1037595,-1069682,3.082063341022205,0.3916612600754243,False,4.738179549009575
SILVER,10,6.0,D+1h+4h,0.2@0.4,5,False,4.92,78.0,3.2,1423692,-200723,6.67,70.0,1.3,1165090,-1549796,5.67,73.9,1.57,2588782,-1549796,7.092819457660557,0.751769910362396,False,6.89363474415427
SILVER,10,6.0,D+1h+4h,0.2@0.4,5,True,4.92,78.0,3.2,1423692,-200723,6.67,70.0,1.3,1165090,-1549796,5.67,73.9,1.57,2588782,-1549796,7.092819457660557,0.751769910362396,False,6.791641959652813
SILVER,10,6.0,D+1h+4h,0.25@0.5,5,False,5.0,71.7,2.82,1390164,-200723,6.44,67.2,1.29,1121740,-1215622,5.62,69.5,1.54,2511905,-1215622,6.925783293394379,0.9227704006673128,False,7.289856320547136
SILVER,10,6.0,D+1h+4h,0.25@0.5,5,True,5.0,71.7,2.82,1390164,-200723,6.44,67.2,1.29,1121740,-1215622,5.62,69.5,1.54,2511905,-1215622,6.925783293394379,0.9227704006673128,False,7.195773792141196
SILVER,10,6.0,D+1h+4h,0.25@0.5,10,False,4.58,70.9,3.0,1440454,-200723,6.33,64.9,1.12,511824,-1975868,5.33,67.9,1.39,1952278,-1975868,7.176327575813435,0.2590375470426162,False,7.758636534576618
SILVER,10,6.0,D+1h+4h,0.25@0.5,10,True,4.58,70.9,3.0,1440454,-200723,6.33,64.9,1.12,511824,-1975868,5.33,67.9,1.39,1952278,-1975868,7.176327575813435,0.2590375470426162,False,7.672943844152558
SILVER,10,6.0,1h,0.1@0.3,0,False,7.17,76.7,2.9,1320516,-252340,7.67,79.7,1.05,134053,-1120125,7.38,78.1,1.43,1454569,-1120125,5.233082349211381,0.11967682178328312,False,4.053619651023166
SILVER,10,6.0,1h,0.1@0.3,0,True,7.17,76.7,2.9,1320516,-252340,7.67,79.7,1.05,134053,-1120125,7.38,78.1,1.43,1454569,-1120125,5.233082349211381,0.11967682178328312,False,4.0555745274274875
SILVER,10,6.0,1h,0.1@0.3,5,False,14.67,77.3,1.87,1540407,-320335,15.56,72.1,1.46,3163060,-1221976,15.05,75.0,1.54,4703467,-1221976,4.808737727691323,2.588479642808042,True,4.285945565964258
SILVER,10,6.0,1h,0.1@0.3,5,True,14.67,77.3,1.87,1540407,-320335,15.56,72.1,1.46,3163060,-1221976,15.05,75.0,1.54,4703467,-1221976,4.808737727691323,2.588479642808042,True,4.287336293417733
SILVER,10,6.0,1h,0.1@0.3,10,False,14.25,74.9,1.74,1331176,-320335,15.22,73.7,1.41,2516274,-1030127,14.67,74.4,1.48,3847450,-1030127,4.155574632806281,2.4426832807993577,True,3.838491917620383
SILVER,10,6.0,1h,0.1@0.3,10,True,14.25,74.9,1.74,1331176,-320335,15.22,73.7,1.41,2516274,-1030127,14.67,74.4,1.48,3847450,-1030127,4.155574632806281,2.4426832807993577,True,3.8399974902462812
SILVER,10,6.0,1h,0.15@0.3,0,False,7.17,81.4,3.02,1344257,-249569,7.67,79.7,1.12,324626,-1094904,7.38,80.6,1.49,1668883,-1094904,5.386314005345215,0.2964880939333494,False,4.25138050348024
SILVER,10,6.0,1h,0.15@0.3,0,True,7.17,81.4,3.02,1344257,-249569,7.67,79.7,1.12,324626,-1094904,7.38,80.6,1.49,1668883,-1094904,5.386314005345215,0.2964880939333494,False,4.253229358445557
SILVER,10,6.0,1h,0.15@0.3,5,False,16.42,79.7,1.67,1371771,-320335,16.78,73.5,1.5,3560481,-1057308,16.57,77.0,1.53,4932253,-1057308,4.282301340783867,3.367496510004653,True,4.190189217203179
SILVER,10,6.0,1h,0.15@0.3,5,True,16.42,79.7,1.67,1371771,-320335,16.78,73.5,1.5,3560481,-1057308,16.57,77.0,1.53,4932253,-1057308,4.282301340783867,3.367496510004653,True,4.191460676312765
SILVER,10,6.0,1h,0.15@0.3,10,False,16.08,78.8,1.61,1244279,-320335,16.11,75.2,1.59,3552486,-1008087,16.1,77.2,1.59,4796764,-1008087,3.884305492687343,3.5239875129825102,True,3.688744282215764
SILVER,10,6.0,1h,0.15@0.3,10,True,16.08,78.8,1.61,1244279,-320335,16.11,75.2,1.59,3552486,-1008087,16.1,77.2,1.59,4796764,-1008087,3.884305492687343,3.5239875129825102,True,3.690161498418219
SILVER,10,6.0,1h,0.2@0.4,0,False,7.17,74.4,2.75,1509451,-200723,7.67,78.3,1.55,1586206,-1069682,7.38,76.1,1.83,3095658,-1069682,7.520069947141085,1.4828762192876013,False,4.507577176779408
SILVER,10,6.0,1h,0.2@0.4,0,True,7.17,74.4,2.75,1509451,-200723,7.67,78.3,1.55,1586206,-1069682,7.38,76.1,1.83,3095658,-1069682,7.520069947141085,1.4828762192876013,False,4.51008630609512
SILVER,10,6.0,1h,0.2@0.4,5,False,14.83,74.2,1.78,1593046,-320335,14.33,69.0,1.47,3568643,-1783141,14.62,72.0,1.53,5161689,-1783141,4.973062575116675,2.001324068035001,True,4.5028441119731335
SILVER,10,6.0,1h,0.2@0.4,5,True,14.83,74.2,1.78,1593046,-320335,14.33,69.0,1.47,3568643,-1783141,14.62,72.0,1.53,5161689,-1783141,4.973062575116675,2.001324068035001,True,4.504189512111344
SILVER,10,6.0,1h,0.2@0.4,10,False,14.5,73.0,1.56,1282513,-320335,13.78,68.5,1.38,2758156,-1654270,14.19,71.1,1.43,4040670,-1654270,4.003661791561958,1.6672949397619494,True,3.979453919063696
SILVER,10,6.0,1h,0.2@0.4,10,True,14.5,73.0,1.56,1282513,-320335,13.78,68.5,1.38,2758156,-1654270,14.19,71.1,1.43,4040670,-1654270,4.003661791561958,1.6672949397619494,True,3.9809397058741047
SILVER,10,6.0,1h,0.25@0.5,0,False,7.17,64.0,2.54,1640461,-222941,7.67,68.1,1.07,269987,-1198617,7.38,65.8,1.4,1910449,-1198617,7.358274162222292,0.22524876586933107,False,4.597832599632707
SILVER,10,6.0,1h,0.25@0.5,0,True,7.17,64.0,2.54,1640461,-222941,7.67,68.1,1.07,269987,-1198617,7.38,65.8,1.4,1910449,-1198617,7.358274162222292,0.22524876586933107,False,4.600352748514284
SILVER,10,6.0,1h+4h,0.1@0.3,0,False,4.0,75.0,2.64,858499,-324715,4.56,80.5,0.74,-483384,-1120125,4.24,77.5,1.16,375116,-1120125,2.6438538410606225,-0.4315446936725812,False,3.6034528941115305
SILVER,10,6.0,1h+4h,0.1@0.3,0,True,4.0,75.0,2.64,858499,-324715,4.56,80.5,0.74,-483384,-1120125,4.24,77.5,1.16,375116,-1120125,2.6438538410606225,-0.4315446936725812,False,3.6034528941115305
SILVER,10,6.0,1h+4h,0.1@0.3,5,False,8.0,76.0,2.15,1204180,-266995,9.78,76.1,1.77,2918079,-927820,8.76,76.1,1.85,4122259,-927820,4.5101219123953635,3.145091720376797,False,4.356012064109494
SILVER,10,6.0,1h+4h,0.1@0.3,5,True,8.0,76.0,2.15,1204180,-266995,9.78,76.1,1.77,2918079,-927820,8.76,76.1,1.85,4122259,-927820,4.5101219123953635,3.145091720376797,False,4.356012064109494
SILVER,10,6.0,1h,0.25@0.5,5,False,13.83,66.9,1.69,1509466,-320335,13.67,62.6,1.4,3174456,-1532916,13.76,65.1,1.47,4683922,-1532916,4.712148219832363,2.070861025653069,False,4.810565289115102
SILVER,10,6.0,1h,0.25@0.5,5,True,13.83,66.9,1.69,1509466,-320335,13.67,62.6,1.4,3174456,-1532916,13.76,65.1,1.47,4683922,-1532916,4.712148219832363,2.070861025653069,False,4.812228769156422
SILVER,10,6.0,1h,0.25@0.5,10,False,13.25,66.0,1.57,1346950,-320335,13.67,61.0,1.14,1137619,-2342937,13.43,63.8,1.23,2484569,-2342937,4.2048168323786035,0.4855525351300526,False,4.412608677486034
SILVER,10,6.0,1h,0.25@0.5,10,True,13.25,66.0,1.57,1346950,-320335,13.67,61.0,1.14,1137619,-2342937,13.43,63.8,1.23,2484569,-2342937,4.2048168323786035,0.4855525351300526,False,4.414343035503779
SILVER,10,6.0,1h+4h,0.1@0.3,10,False,8.0,74.0,2.09,1112295,-270144,9.67,78.2,2.0,3213780,-928561,8.71,76.0,2.02,4326075,-928561,4.1174151563610515,3.461032716213582,False,4.567334518424583
SILVER,10,6.0,1h+4h,0.1@0.3,10,True,8.0,74.0,2.09,1112295,-270144,9.67,78.2,2.0,3213780,-928561,8.71,76.0,2.02,4326075,-928561,4.1174151563610515,3.461032716213582,False,4.567334518424583
SILVER,10,6.0,1h+4h,0.15@0.3,0,False,4.0,79.2,2.59,806404,-322191,4.56,80.5,0.9,-182998,-1094904,4.24,79.8,1.27,623406,-1094904,2.502875623465584,-0.1671361142164062,False,3.259206767862107
SILVER,10,6.0,1h+4h,0.15@0.3,0,True,4.0,79.2,2.59,806404,-322191,4.56,80.5,0.9,-182998,-1094904,4.24,79.8,1.27,623406,-1094904,2.502875623465584,-0.1671361142164062,False,3.259206767862107
SILVER,10,6.0,1h+4h,0.15@0.3,5,False,8.75,78.1,2.01,1184620,-258202,10.33,76.3,1.86,3340443,-857544,9.43,77.3,1.89,4525063,-857544,4.587958265234197,3.895360471299432,False,4.331661436936956
SILVER,10,6.0,1h+4h,0.15@0.3,5,True,8.75,78.1,2.01,1184620,-258202,10.33,76.3,1.86,3340443,-857544,9.43,77.3,1.89,4525063,-857544,4.587958265234197,3.895360471299432,False,4.331661436936956
SILVER,10,6.0,1h+4h,0.15@0.3,10,False,8.67,78.8,2.05,1159785,-258202,10.0,77.8,2.17,3893765,-857544,9.24,78.4,2.14,5053550,-857544,4.491773882464117,4.54060083214389,False,4.508086510169632
SILVER,10,6.0,1h+4h,0.15@0.3,10,True,8.67,78.8,2.05,1159785,-258202,10.0,77.8,2.17,3893765,-857544,9.24,78.4,2.14,5053550,-857544,4.491773882464117,4.54060083214389,False,4.508086510169632
SILVER,10,6.0,1h+4h,0.2@0.4,0,False,4.0,72.9,2.16,683447,-347685,4.56,78.0,1.5,999428,-1069682,4.24,75.3,1.65,1682875,-1069682,1.9657074650905273,0.9343225369782795,False,3.487409552225769
SILVER,10,6.0,1h+4h,0.2@0.4,0,True,4.0,72.9,2.16,683447,-347685,4.56,78.0,1.5,999428,-1069682,4.24,75.3,1.65,1682875,-1069682,1.9657074650905273,0.9343225369782795,False,3.487409552225769
SILVER,10,6.0,1h+4h,0.2@0.4,5,False,8.17,71.4,1.87,1147469,-248359,8.33,72.0,1.7,3159585,-1693196,8.24,71.7,1.74,4307054,-1693196,4.62020301257454,1.8660479944436439,False,4.6258705965157745
SILVER,10,6.0,1h+4h,0.2@0.4,5,True,8.17,71.4,1.87,1147469,-248359,8.33,72.0,1.7,3159585,-1693196,8.24,71.7,1.74,4307054,-1693196,4.62020301257454,1.8660479944436439,False,4.6258705965157745
SILVER,10,6.0,1h+4h,0.2@0.4,10,False,8.0,72.9,1.9,1132282,-249568,8.0,72.2,1.83,3371154,-1965650,8.0,72.6,1.84,4503436,-1965650,4.5369678804974996,1.7150326863887264,False,5.096741228674582
SILVER,10,6.0,1h+4h,0.2@0.4,10,True,8.0,72.9,1.9,1132282,-249568,8.0,72.2,1.83,3371154,-1965650,8.0,72.6,1.84,4503436,-1965650,4.5369678804974996,1.7150326863887264,False,5.096741228674582
SILVER,10,6.0,1h+4h,0.25@0.5,0,False,4.0,68.8,2.57,1001268,-347685,4.56,63.4,0.96,-114667,-1259311,4.24,66.3,1.27,886601,-1259311,2.8798136244013977,-0.0910553469317746,False,3.4131921360153146
SILVER,10,6.0,1h+4h,0.25@0.5,0,True,4.0,68.8,2.57,1001268,-347685,4.56,63.4,0.96,-114667,-1259311,4.24,66.3,1.27,886601,-1259311,2.8798136244013977,-0.0910553469317746,False,3.4131921360153146
SILVER,10,6.0,1h+4h,0.25@0.5,5,False,8.08,69.1,1.93,1236641,-200723,8.0,65.3,1.6,2782290,-1786418,8.05,67.5,1.67,4018931,-1786418,6.160933226386613,1.5574686327612015,False,5.238096891783929
SILVER,10,6.0,1h+4h,0.25@0.5,5,True,8.08,69.1,1.93,1236641,-200723,8.0,65.3,1.6,2782290,-1786418,8.05,67.5,1.67,4018931,-1786418,6.160933226386613,1.5574686327612015,False,5.238096891783929
SILVER,10,6.0,1h+4h,0.25@0.5,10,False,7.5,70.0,2.07,1330637,-200723,7.89,63.4,1.43,2172373,-2546664,7.67,67.1,1.56,3503010,-2546664,6.629220368368348,0.8530269403423459,False,5.619966124456478
SILVER,10,6.0,1h+4h,0.25@0.5,10,True,7.5,70.0,2.07,1330637,-200723,7.89,63.4,1.43,2172373,-2546664,7.67,67.1,1.56,3503010,-2546664,6.629220368368348,0.8530269403423459,False,5.619966124456478
SILVER,15,4.0,D,0.1@0.3,0,False,10.25,69.9,1.96,1371454,-268639,10.56,75.8,1.24,968161,-1648279,10.38,72.5,1.42,2339615,-1648279,5.10519321468588,0.5873768943243225,False,5.165883449485219
SILVER,15,4.0,D,0.1@0.3,0,True,10.25,52.0,2.19,1039740,-262799,10.56,63.2,2.11,2030436,-507270,10.38,56.9,2.14,3070176,-507270,3.9564077488879335,4.002673132651251,False,3.8614434229618255
SILVER,15,4.0,D,0.1@0.3,5,False,14.75,71.2,2.21,2177880,-268639,16.78,76.2,1.71,4023027,-1648279,15.62,73.5,1.83,6200907,-1648279,8.107087950744308,2.4407439517217657,True,6.284915702254358
SILVER,15,4.0,D,0.1@0.3,5,True,30.83,47.8,1.57,1306173,-407463,31.22,54.1,1.7,3579707,-864145,31.0,50.5,1.66,4885879,-864145,3.2056235780917532,4.142484189574667,False,4.389590990430596
SILVER,15,4.0,D,0.1@0.3,10,False,15.0,70.0,1.99,1890616,-371072,16.44,75.7,1.64,3683364,-1648279,15.62,72.6,1.73,5573979,-1648279,5.0950112107623315,2.234672649472571,True,5.896930011504236
SILVER,15,4.0,D,0.1@0.3,10,True,27.58,49.2,1.64,1332753,-437060,27.67,57.0,1.75,3571961,-831213,27.62,52.6,1.72,4904715,-831213,3.0493593556948704,4.297287217596453,False,3.9195626012089773
SILVER,15,4.0,D,0.15@0.3,0,False,10.25,74.0,1.62,877271,-261548,10.56,75.8,1.24,982297,-1648279,10.38,74.8,1.34,1859567,-1648279,3.3541491427959684,0.5959531123068365,True,4.221332795979843
SILVER,15,4.0,D,0.15@0.3,0,True,10.25,55.3,1.77,664044,-230304,10.56,63.2,2.06,1921920,-460371,10.38,58.7,1.96,2585965,-460371,2.8833368070029177,4.174719954123956,False,3.2167497260499553
SILVER,15,4.0,D,0.2@0.4,0,False,10.25,67.5,1.39,699356,-359850,10.56,68.4,0.93,-408959,-2589214,10.38,67.9,1.04,290398,-2589214,1.9434653327775462,-0.1579471607986053,False,3.54428410032369
SILVER,15,4.0,D,0.2@0.4,0,True,10.25,52.8,1.52,571616,-310840,10.56,57.9,1.07,227284,-1028288,10.38,55.0,1.19,798900,-1028288,1.838939647407026,0.221031462002863,False,3.1738679533301077
SILVER,15,4.0,D,0.2@0.4,5,False,15.42,70.8,1.81,1813467,-325293,16.22,69.2,1.29,2254963,-2258205,15.76,70.1,1.4,4068430,-2258205,5.574872499561933,0.9985643464610165,True,5.079243791935337
SILVER,15,4.0,D,0.2@0.4,5,True,31.08,48.8,1.49,1221808,-343169,31.33,52.5,1.33,2135695,-974594,31.19,50.4,1.38,3357503,-974594,3.5603682150777023,2.1913689187497565,False,3.630170093220318
SILVER,15,4.0,D,0.15@0.3,5,False,16.25,75.4,2.02,1976430,-291145,18.22,75.0,1.64,3877438,-1648279,17.1,75.2,1.73,5853868,-1648279,6.788473097597417,2.3524160654840593,True,5.853217784915102
SILVER,15,4.0,D,0.15@0.3,5,True,31.83,50.5,1.47,1124015,-354232,32.67,54.8,1.66,3580438,-795110,32.19,52.4,1.6,4704453,-795110,3.1731040673908626,4.503072530844789,False,4.171408220836463
SILVER,15,4.0,D,0.15@0.3,10,False,16.42,73.6,1.81,1671939,-326476,17.78,74.4,1.63,3829632,-1648279,17.0,73.9,1.68,5501572,-1648279,5.121169703132849,2.3234124805327254,True,5.389756147013115
SILVER,15,4.0,D,0.15@0.3,10,True,28.75,52.2,1.51,1130479,-407284,28.89,57.7,1.79,3891881,-781597,28.81,54.5,1.71,5022360,-781597,2.775652861394015,4.979396031458667,False,4.211555684118633
SILVER,15,4.0,D,0.2@0.4,10,False,15.33,70.1,1.7,1589667,-325293,15.89,67.8,1.24,1884164,-2382433,15.57,69.1,1.34,3473831,-2382433,4.886877369018086,0.7908570776177126,True,5.797120046545907
SILVER,15,4.0,D,0.2@0.4,10,True,27.83,50.3,1.53,1219912,-267201,27.56,54.8,1.35,2116606,-1098822,27.71,52.2,1.4,3336518,-1098822,4.5655218356218725,1.9262501114830246,False,4.215690847341232
SILVER,15,4.0,D,0.25@0.5,0,False,10.25,64.2,1.56,1071307,-321932,10.56,65.3,1.12,755108,-2362568,10.38,64.7,1.23,1826415,-2362568,3.3277431258775145,0.31961323441272377,False,3.7910755338227338
SILVER,15,4.0,D,0.25@0.5,0,True,10.25,49.6,1.63,761992,-358128,10.56,56.8,1.09,294156,-1073359,10.38,52.8,1.23,1056147,-1073359,2.127708528794174,0.27405183167980146,False,2.8476933875419776
SILVER,15,4.0,D,0.25@0.5,5,False,14.0,66.1,1.68,1719838,-321932,14.78,65.4,1.33,2574180,-2164274,14.33,65.8,1.42,4294018,-2164274,5.342239976144031,1.1893965366677233,False,4.928870748213068
SILVER,15,4.0,D,0.25@0.5,5,True,30.0,45.6,1.36,1021634,-532058,30.78,50.9,1.34,2124938,-880663,30.33,47.9,1.35,3146573,-880663,1.9201553214123273,2.4128843836972824,False,3.6865059689023636
SILVER,15,4.0,D,0.25@0.5,10,False,13.83,65.1,1.68,1652651,-321932,14.11,63.8,1.32,2511173,-2333737,13.95,64.5,1.41,4163824,-2333737,5.133540623485705,1.076030846663527,False,5.60334695242843
SILVER,15,4.0,D,0.25@0.5,10,True,26.58,46.4,1.48,1167376,-381249,26.78,52.7,1.36,2144599,-1050127,26.67,49.1,1.39,3311975,-1050127,3.061977867482931,2.042228225728888,False,4.346510351689177
SILVER,15,4.0,D+1h,0.1@0.3,0,False,5.33,70.3,3.22,1268676,-195514,5.67,80.4,2.9,2263128,-596362,5.48,74.8,3.0,3531803,-596362,6.488926624180365,3.794889681099735,False,5.407840689544036
SILVER,15,4.0,D+1h,0.1@0.3,0,True,5.33,70.3,3.22,1268676,-195514,5.67,80.4,2.9,2263128,-596362,5.48,74.8,3.0,3531803,-596362,6.488926624180365,3.794889681099735,False,5.433323613976659
SILVER,15,4.0,D+1h,0.1@0.3,5,False,9.83,72.0,2.78,1896335,-248666,10.56,75.8,2.16,3845280,-840548,10.14,73.7,2.31,5741614,-840548,7.626032509470535,4.574729819118004,False,7.204016477401756
SILVER,15,4.0,D+1h,0.1@0.3,5,True,9.83,72.0,2.78,1896335,-248666,10.56,75.8,2.16,3845280,-840548,10.14,73.7,2.31,5741614,-840548,7.626032509470535,4.574729819118004,False,6.503222320419123
SILVER,15,4.0,D+1h,0.1@0.3,10,False,9.67,71.6,2.76,1815711,-296747,10.33,75.3,2.24,3824631,-842617,9.95,73.2,2.37,5640343,-842617,6.1187172911604835,4.538991024391865,False,6.58077509600203
SILVER,15,4.0,D+1h,0.1@0.3,10,True,9.67,71.6,2.76,1815711,-296747,10.33,75.3,2.24,3824631,-842617,9.95,73.2,2.37,5640343,-842617,6.1187172911604835,4.538991024391865,False,6.352662354852995
SILVER,15,4.0,D+1h,0.15@0.3,0,False,5.33,76.6,2.6,889125,-168984,5.67,80.4,2.78,2126436,-562848,5.48,78.3,2.72,3015562,-562848,5.2615928135208065,3.777993348115299,False,4.769783498336691
SILVER,15,4.0,D+1h,0.15@0.3,0,True,5.33,76.6,2.6,889125,-168984,5.67,80.4,2.78,2126436,-562848,5.48,78.3,2.72,3015562,-562848,5.2615928135208065,3.777993348115299,False,4.747882729159528
SILVER,15,4.0,D+1h,0.15@0.3,5,False,10.83,76.2,2.48,1710743,-216009,11.89,74.8,2.0,3589433,-707608,11.29,75.5,2.11,5300176,-707608,7.919776490794365,5.072629195825938,True,6.983907787973159
SILVER,15,4.0,D+1h,0.15@0.3,5,True,10.83,76.2,2.48,1710743,-216009,11.89,74.8,2.0,3589433,-707608,11.29,75.5,2.11,5300176,-707608,7.919776490794365,5.072629195825938,True,6.472642199216546
SILVER,15,4.0,D+1h,0.15@0.3,10,False,10.75,76.0,2.46,1632297,-262311,11.44,74.8,2.2,3894248,-705310,11.05,75.4,2.26,5526544,-705310,6.2227546690760205,5.521328210290511,True,6.781416439646087
SILVER,15,4.0,D+1h,0.15@0.3,10,True,10.75,76.0,2.46,1632297,-262311,11.44,74.8,2.2,3894248,-705310,11.05,75.4,2.26,5526544,-705310,6.2227546690760205,5.521328210290511,True,6.538288575502066
SILVER,15,4.0,D+1h,0.2@0.4,0,False,5.33,73.4,2.01,796937,-250700,5.67,72.5,1.19,450128,-870473,5.48,73.0,1.39,1247064,-870473,3.1788472277622657,0.5171073657655091,False,4.208462484172658
SILVER,15,4.0,D+1h,0.2@0.4,0,True,5.33,73.4,2.01,796937,-250700,5.67,72.5,1.19,450128,-870473,5.48,73.0,1.39,1247064,-870473,3.1788472277622657,0.5171073657655091,False,4.181046117994731
SILVER,15,4.0,D+1h,0.2@0.4,5,False,10.58,73.2,2.17,1633134,-257337,10.89,70.4,1.35,1752279,-1112707,10.71,72.0,1.53,3385413,-1112707,6.346285221324567,1.5747892302286226,True,5.468224366480011
SILVER,15,4.0,D+1h,0.2@0.4,5,True,10.58,73.2,2.17,1633134,-257337,10.89,70.4,1.35,1752279,-1112707,10.71,72.0,1.53,3385413,-1112707,6.346285221324567,1.5747892302286226,True,5.187623756682689
SILVER,15,4.0,D+1h,0.2@0.4,10,False,10.42,74.4,2.22,1582832,-229228,10.44,69.1,1.35,1720287,-1363389,10.43,72.1,1.54,3303119,-1363389,6.9050552288551135,1.2617726855651614,True,6.21435527421556
SILVER,15,4.0,D+1h,0.2@0.4,10,True,10.42,74.4,2.22,1582832,-229228,10.44,69.1,1.35,1720287,-1363389,10.43,72.1,1.54,3303119,-1363389,6.9050552288551135,1.2617726855651614,True,6.215131232252097
SILVER,15,4.0,D+1h,0.25@0.5,0,False,5.33,67.2,2.08,985886,-299945,5.67,70.6,1.19,514460,-891552,5.48,68.7,1.41,1500346,-891552,3.2868892630315556,0.5770386920785328,False,3.551989615504205
SILVER,15,4.0,D+1h,0.25@0.5,0,True,5.33,67.2,2.08,985886,-299945,5.67,70.6,1.19,514460,-891552,5.48,68.7,1.41,1500346,-891552,3.2868892630315556,0.5770386920785328,False,3.363301617664013
SILVER,15,4.0,D+1h,0.25@0.5,5,False,8.92,68.2,2.02,1592238,-446226,10.0,67.8,1.44,2082363,-892645,9.38,68.0,1.59,3674601,-892645,3.568232241061704,2.3328008334780344,False,5.0904247176474575
SILVER,15,4.0,D+1h,0.25@0.5,5,True,8.92,68.2,2.02,1592238,-446226,10.0,67.8,1.44,2082363,-892645,9.38,68.0,1.59,3674601,-892645,3.568232241061704,2.3328008334780344,False,4.496021596785834
SILVER,15,4.0,D+1h,0.25@0.5,10,False,8.58,68.0,2.24,1670048,-267292,9.33,65.5,1.44,2089121,-1252370,8.9,66.8,1.62,3759169,-1252370,6.248028373464226,1.6681340179020576,False,5.710007810625536
SILVER,15,4.0,D+1h,0.25@0.5,10,True,8.58,68.0,2.24,1670048,-267292,9.33,65.5,1.44,2089121,-1252370,8.9,66.8,1.62,3759169,-1252370,6.248028373464226,1.6681340179020576,False,5.4153438833732075
SILVER,15,4.0,D+4h,0.1@0.3,0,False,5.5,71.2,1.86,860818,-384087,7.33,74.2,0.9,-360239,-1753638,6.29,72.7,1.11,500578,-1753638,2.241205768484744,-0.20542381038732052,False,4.269200571110871
SILVER,15,4.0,D+4h,0.1@0.3,0,True,5.5,56.1,2.0,641884,-178606,7.33,62.1,2.04,1458917,-386731,6.29,59.1,2.03,2100801,-386731,3.5938546297436815,3.7724335520038474,False,4.154079062375121
SILVER,15,4.0,D+4h,0.1@0.3,5,False,8.17,72.4,2.24,1534752,-258364,12.0,77.8,1.7,3141921,-1648279,9.81,75.2,1.81,4676673,-1648279,5.940270316297936,1.9061827518278156,False,5.805132048847375
SILVER,15,4.0,D+4h,0.1@0.3,5,True,14.92,53.1,1.97,1288113,-284064,21.11,56.3,2.05,3636587,-551024,17.57,54.7,2.02,4924700,-551024,4.534587276106793,6.599688942768373,False,5.485483116238663
SILVER,15,4.0,D+4h,0.1@0.3,10,False,8.25,71.7,2.12,1416350,-258364,11.78,75.5,1.57,2670464,-1648279,9.76,73.7,1.68,4086813,-1648279,5.481994395504017,1.6201528988720963,False,6.3512303811825905
SILVER,15,4.0,D+4h,0.1@0.3,10,True,13.17,55.1,2.11,1307280,-229237,18.78,58.6,2.11,3595895,-469976,15.57,56.9,2.11,4903175,-469976,5.702744321379184,7.651231126695832,False,5.96959665204127
SILVER,15,4.0,D+4h,0.15@0.3,0,False,5.5,72.7,1.4,396492,-384087,7.33,74.2,0.94,-214656,-1648279,6.29,73.5,1.04,181836,-1648279,1.0322973701270806,-0.13023037968693407,False,2.9580611894253144
SILVER,15,4.0,D+4h,0.15@0.3,0,True,5.5,56.1,1.35,224289,-171737,7.33,62.1,2.09,1528878,-386731,6.29,59.1,1.86,1753167,-386731,1.3060027833256667,3.953337074090259,False,2.972031687789501
SILVER,15,4.0,D+4h,0.2@0.4,0,False,5.5,62.1,1.41,542974,-555981,7.33,69.7,0.72,-1276897,-2917621,6.29,65.9,0.88,-733922,-2917621,0.9766053156492758,-0.4376500580438652,False,2.045729059142325
SILVER,15,4.0,D+4h,0.2@0.4,0,True,5.5,51.5,1.38,340255,-407792,7.33,59.1,1.0,-7859,-999922,6.29,55.3,1.1,332396,-999922,0.8343837054184486,-0.007859613049817886,False,2.0155623072545463
SILVER,15,4.0,D+4h,0.2@0.4,5,False,8.58,66.0,1.7,1162766,-322677,11.56,70.2,1.24,1531946,-2321814,9.86,68.1,1.33,2694712,-2321814,3.6034982350771823,0.6598056519600622,False,3.8854825430171687
SILVER,15,4.0,D+4h,0.2@0.4,5,True,15.33,51.1,1.58,964990,-343169,21.33,53.6,1.29,1521377,-974594,17.9,52.4,1.36,2486367,-974594,2.811996421588197,1.561036698358496,False,3.408426733924877
SILVER,15,4.0,D+4h,0.15@0.3,5,False,9.08,74.3,2.0,1344300,-258364,12.89,75.9,1.64,3073368,-1648279,10.71,75.1,1.72,4417668,-1648279,5.203124274279698,1.8645920987891007,False,5.0482956642107455
SILVER,15,4.0,D+4h,0.15@0.3,5,True,15.83,54.7,1.74,1052695,-284064,22.11,56.3,1.96,3628282,-535099,18.52,55.5,1.9,4680977,-535099,3.7058374169201307,6.7805807897230235,False,4.802350836597374
SILVER,15,4.0,D+4h,0.15@0.3,10,False,9.17,73.6,1.9,1228955,-258364,12.56,74.3,1.6,2936155,-1648279,10.62,74.0,1.67,4165109,-1648279,4.756680497282903,1.7813458765172643,False,5.500333342177046
SILVER,15,4.0,D+4h,0.15@0.3,10,True,14.17,57.1,1.85,1076702,-219107,19.67,58.8,2.15,3926199,-457277,16.52,57.9,2.07,5002901,-457277,4.9140465617255495,8.58604084613921,False,5.388191772407054
SILVER,15,4.0,D+4h,0.2@0.4,10,False,8.5,65.7,1.62,1033470,-322677,11.22,68.3,1.18,1164541,-2631213,9.67,67.0,1.27,2198011,-2631213,3.2028003235433578,0.4425871261657646,False,4.636920153166244
SILVER,15,4.0,D+4h,0.2@0.4,10,True,13.5,52.5,1.62,943524,-267201,18.89,55.3,1.29,1483329,-1098822,15.81,53.9,1.37,2426853,-1098822,3.531139479268416,1.3499265577136241,False,4.417757594951573
SILVER,15,4.0,D+4h,0.25@0.5,0,False,5.5,62.1,1.49,658336,-555981,7.33,66.7,0.98,-87274,-2679418,6.29,64.4,1.09,571062,-2679418,1.1840980177380163,-0.03257199884452519,False,2.3046910210338085
SILVER,15,4.0,D+4h,0.25@0.5,0,True,5.5,50.0,1.39,359161,-410644,7.33,57.6,1.02,54325,-1073359,6.29,53.8,1.11,413485,-1073359,0.8746286320998237,0.05061214374687313,False,1.80015117384216
SILVER,15,4.0,D+4h,0.25@0.5,5,False,8.0,64.6,1.61,1108889,-315026,10.89,68.4,1.31,1887959,-2268642,9.24,66.5,1.38,2996848,-2268642,3.5199920006602627,0.8321978522834366,False,3.5047136755432007
SILVER,15,4.0,D+4h,0.25@0.5,5,True,14.92,48.6,1.46,847275,-532058,20.89,53.2,1.36,1729341,-880663,17.48,51.0,1.39,2576616,-880663,1.5924485676373628,1.9636807723272125,False,3.1659605803870483
SILVER,15,4.0,D+4h,0.25@0.5,10,False,7.83,63.8,1.68,1135292,-296260,10.22,66.3,1.29,1824951,-2384155,8.86,65.1,1.37,2960243,-2384155,3.8320799297913997,0.7654498134559204,False,4.67751752457629
SILVER,15,4.0,D+4h,0.25@0.5,10,True,12.92,49.7,1.66,1011247,-285153,18.22,54.3,1.36,1726649,-1050127,15.19,52.0,1.43,2737896,-1050127,3.546331267775545,1.6442287456660003,False,4.280852726548019
SILVER,15,4.0,D+1h+4h,0.1@0.3,0,False,3.42,73.2,2.64,777599,-135561,4.11,81.1,2.91,1677455,-361929,3.71,76.9,2.81,2455054,-361929,5.736155678993221,4.634762619187741,False,4.879114407683581
SILVER,15,4.0,D+1h+4h,0.1@0.3,0,True,3.42,73.2,2.64,777599,-135561,4.11,81.1,2.91,1677455,-361929,3.71,76.9,2.81,2455054,-361929,5.736155678993221,4.634762619187741,False,5.0481955153409475
SILVER,15,4.0,D+1h+4h,0.1@0.3,5,False,6.0,75.0,2.99,1508675,-198232,8.22,78.4,2.67,3832480,-697817,6.95,76.7,2.75,5341155,-697817,7.610653174058679,5.492098931381723,False,6.920706713835532
SILVER,15,4.0,D+1h+4h,0.1@0.3,5,True,6.0,75.0,2.99,1508675,-198232,8.22,78.4,2.67,3832480,-697817,6.95,76.7,2.75,5341155,-697817,7.610653174058679,5.492098931381723,False,6.764519709369849
SILVER,15,4.0,D+1h+4h,0.1@0.3,10,False,6.0,75.0,3.07,1467336,-158027,7.89,77.5,2.83,3801238,-457277,6.81,76.2,2.89,5268574,-457277,9.285349971840255,8.31276884689149,False,7.4574038384100625
SILVER,15,4.0,D+1h+4h,0.1@0.3,10,True,6.0,75.0,3.07,1467336,-158027,7.89,77.5,2.83,3801238,-457277,6.81,76.2,2.89,5268574,-457277,9.285349971840255,8.31276884689149,False,7.4849975791444585
SILVER,15,4.0,D+1h+4h,0.15@0.3,0,False,3.42,73.2,1.76,360004,-133495,4.11,81.1,2.97,1732628,-361929,3.71,76.9,2.55,2092632,-361929,2.6967601782838306,4.787204120145112,False,3.6478905786370674
SILVER,15,4.0,D+1h+4h,0.15@0.3,0,True,3.42,73.2,1.76,360004,-133495,4.11,81.1,2.97,1732628,-361929,3.71,76.9,2.55,2092632,-361929,2.6967601782838306,4.787204120145112,False,3.678302291214688
SILVER,15,4.0,D+1h+4h,0.15@0.3,5,False,6.92,75.9,2.47,1264850,-198232,9.11,75.6,2.39,3596634,-681892,7.86,75.8,2.41,4861484,-681892,6.380654990112595,5.274492148316742,False,6.0733683975687764
SILVER,15,4.0,D+1h+4h,0.15@0.3,5,True,6.92,75.9,2.47,1264850,-198232,9.11,75.6,2.39,3596634,-681892,7.86,75.8,2.41,4861484,-681892,6.380654990112595,5.274492148316742,False,5.923639711832819
SILVER,15,4.0,D+1h+4h,0.15@0.3,10,False,7.0,76.2,2.52,1228352,-154110,8.67,75.6,2.74,3904000,-533630,7.71,75.9,2.68,5132352,-533630,7.970618389462072,7.315930513651781,False,6.794793781299043
SILVER,15,4.0,D+1h+4h,0.15@0.3,10,True,7.0,76.2,2.52,1228352,-154110,8.67,75.6,2.74,3904000,-533630,7.71,75.9,2.68,5132352,-533630,7.970618389462072,7.315930513651781,False,6.812278899570448
SILVER,15,4.0,D+1h+4h,0.2@0.4,0,False,3.42,65.9,1.66,475969,-331979,4.11,75.7,1.1,182865,-731893,3.71,70.5,1.25,658835,-731893,1.4337322541486057,0.24985209586647228,False,2.424549540704996
SILVER,15,4.0,D+1h+4h,0.2@0.4,0,True,3.42,65.9,1.66,475969,-331979,4.11,75.7,1.1,182865,-731893,3.71,70.5,1.25,658835,-731893,1.4337322541486057,0.24985209586647228,False,2.408747139568238
SILVER,15,4.0,D+1h+4h,0.2@0.4,5,False,6.67,70.0,1.99,1123849,-257337,8.44,72.4,1.44,1762336,-974594,7.43,71.2,1.56,2886185,-974594,4.367226632781139,1.8082770876898482,False,4.225775127956046
SILVER,15,4.0,D+1h+4h,0.2@0.4,5,True,6.67,70.0,1.99,1123849,-257337,8.44,72.4,1.44,1762336,-974594,7.43,71.2,1.56,2886185,-974594,4.367226632781139,1.8082770876898482,False,4.146624946607147
SILVER,15,4.0,D+1h+4h,0.2@0.4,10,False,6.58,70.9,2.01,1075341,-229228,8.0,70.8,1.46,1733739,-1098822,7.19,70.9,1.58,2809080,-1098822,4.691141570837768,1.577816061200085,False,5.546260736933718
SILVER,15,4.0,D+1h+4h,0.2@0.4,10,True,6.58,70.9,2.01,1075341,-229228,8.0,70.8,1.46,1733739,-1098822,7.19,70.9,1.58,2809080,-1098822,4.691141570837768,1.577816061200085,False,5.582742865347614
SILVER,15,4.0,D+1h+4h,0.25@0.5,0,False,3.42,63.4,1.66,494875,-334831,4.11,73.0,1.11,239135,-891552,3.71,67.9,1.25,734011,-891552,1.4779844160188274,0.2682232780589354,False,1.9861807017059383
SILVER,15,4.0,D+1h+4h,0.25@0.5,0,True,3.42,63.4,1.66,494875,-334831,4.11,73.0,1.11,239135,-891552,3.71,67.9,1.25,734011,-891552,1.4779844160188274,0.2682232780589354,False,1.9474970285011641
SILVER,15,4.0,D+1h+4h,0.25@0.5,5,False,6.25,66.7,1.79,1029414,-446226,7.67,72.5,1.64,2241772,-880663,6.86,69.4,1.68,3271186,-880663,2.3069341544419197,2.5455503410498683,False,4.075115169139536
SILVER,15,4.0,D+1h+4h,0.25@0.5,5,True,6.25,66.7,1.79,1029414,-446226,7.67,72.5,1.64,2241772,-880663,6.86,69.4,1.68,3271186,-880663,2.3069341544419197,2.5455503410498683,False,3.860943676581436
SILVER,15,4.0,D+1h+4h,0.25@0.5,10,False,5.92,67.6,2.1,1164382,-229228,7.0,69.8,1.64,2248530,-1050127,6.38,68.7,1.74,3412912,-1050127,5.079580156001884,2.141198159841619,False,4.97213452952417
SILVER,15,4.0,D+1h+4h,0.25@0.5,10,True,5.92,67.6,2.1,1164382,-229228,7.0,69.8,1.64,2248530,-1050127,6.38,68.7,1.74,3412912,-1050127,5.079580156001884,2.141198159841619,False,4.936415946772188
SILVER,15,4.0,1h,0.1@0.3,0,False,9.58,64.3,1.6,782782,-307702,9.0,82.7,5.33,6345088,-361929,9.33,71.9,3.56,7127870,-361929,2.5439613652169957,17.531305863857277,False,2.493813207099363
SILVER,15,4.0,1h,0.1@0.3,0,True,9.58,64.3,1.6,782782,-307702,9.0,82.7,5.33,6345088,-361929,9.33,71.9,3.56,7127870,-361929,2.5439613652169957,17.531305863857277,False,2.493813207099363
SILVER,15,4.0,1h,0.1@0.3,5,False,18.33,69.5,1.43,1057414,-390506,16.33,77.6,2.13,6268949,-1348610,17.48,72.8,1.92,7326363,-1348610,2.707804745637711,4.648452109950245,False,3.31297442764406
SILVER,15,4.0,1h,0.1@0.3,5,True,18.33,69.5,1.43,1057414,-390506,16.33,77.6,2.13,6268949,-1348610,17.48,72.8,1.92,7326363,-1348610,2.707804745637711,4.648452109950245,False,3.31297442764406
SILVER,15,4.0,1h,0.1@0.3,10,False,17.5,70.0,1.53,1176200,-370838,16.33,77.6,2.17,6243832,-1079061,17.0,73.1,1.99,7420032,-1079061,3.1717353669257196,5.786356841735546,True,3.738796010956857
SILVER,15,4.0,1h,0.1@0.3,10,True,17.5,70.0,1.53,1176200,-370838,16.33,77.6,2.17,6243832,-1079061,17.0,73.1,1.99,7420032,-1079061,3.1717353669257196,5.786356841735546,True,3.738796010956857
SILVER,15,4.0,1h,0.15@0.3,0,False,9.58,67.8,1.35,455684,-291303,9.0,82.7,5.16,6095957,-361929,9.33,74.0,3.37,6551641,-361929,1.5642955959945486,16.842963675195964,False,1.635193056925727
SILVER,15,4.0,1h,0.15@0.3,0,True,9.58,67.8,1.35,455684,-291303,9.0,82.7,5.16,6095957,-361929,9.33,74.0,3.37,6551641,-361929,1.5642955959945486,16.842963675195964,False,1.635193056925727
SILVER,15,4.0,1h,0.15@0.3,5,False,20.0,72.1,1.33,881333,-348906,17.78,76.9,2.04,6083700,-1286400,19.05,74.0,1.82,6965033,-1286400,2.5259898081431675,4.729244402985074,False,2.8560814639785184
SILVER,15,4.0,1h,0.15@0.3,5,True,20.0,72.1,1.33,881333,-348906,17.78,76.9,2.04,6083700,-1286400,19.05,74.0,1.82,6965033,-1286400,2.5259898081431675,4.729244402985074,False,2.8560814639785184
SILVER,15,4.0,1h,0.15@0.3,10,False,19.08,73.4,1.42,1012228,-344415,17.56,77.2,2.16,6394437,-1029279,18.43,74.9,1.94,7406666,-1029279,2.938977686802259,6.212540040164037,False,3.388977881372389
SILVER,15,4.0,1h,0.15@0.3,10,True,19.08,73.4,1.42,1012228,-344415,17.56,77.2,2.16,6394437,-1029279,18.43,74.9,1.94,7406666,-1029279,2.938977686802259,6.212540040164037,False,3.388977881372389
SILVER,15,4.0,1h,0.2@0.4,0,False,9.58,67.0,1.19,312802,-552265,9.0,77.8,2.66,4613784,-731893,9.33,71.4,2.11,4926586,-731893,0.5663983775904683,6.3039050790211135,False,1.4123883817060756
SILVER,15,4.0,1h,0.2@0.4,0,True,9.58,67.0,1.19,312802,-552265,9.0,77.8,2.66,4613784,-731893,9.33,71.4,2.11,4926586,-731893,0.5663983775904683,6.3039050790211135,False,1.4123883817060756
SILVER,15,4.0,1h,0.2@0.4,5,False,18.83,68.1,1.17,560072,-363358,16.22,71.9,1.51,3922141,-1277950,17.71,69.6,1.41,4482212,-1277950,1.5413779248014354,3.069087992487969,False,2.0065341015062046
SILVER,15,4.0,1h,0.2@0.4,5,True,18.83,68.1,1.17,560072,-363358,16.22,71.9,1.51,3922141,-1277950,17.71,69.6,1.41,4482212,-1277950,1.5413779248014354,3.069087992487969,False,2.0065341015062046
SILVER,15,4.0,1h,0.2@0.4,10,False,18.0,69.4,1.22,669035,-355181,15.78,71.1,1.52,3893246,-1098822,17.05,70.1,1.44,4562281,-1098822,1.8836452400325467,3.5431088929781165,False,2.443802545378074
SILVER,15,4.0,1h,0.2@0.4,10,True,18.0,69.4,1.22,669035,-355181,15.78,71.1,1.52,3893246,-1098822,17.05,70.1,1.44,4562281,-1098822,1.8836452400325467,3.5431088929781165,False,2.443802545378074
SILVER,15,4.0,1h,0.25@0.5,0,False,9.58,63.5,1.31,548371,-343758,9.0,75.3,2.59,5011287,-714289,9.33,68.4,2.13,5559658,-714289,1.5952239656967984,7.015769527460174,False,1.5663677743967068
SILVER,15,4.0,1h,0.25@0.5,0,True,9.58,63.5,1.31,548371,-343758,9.0,75.3,2.59,5011287,-714289,9.33,68.4,2.13,5559658,-714289,1.5952239656967984,7.015769527460174,False,1.5663677743967068
SILVER,15,4.0,1h+4h,0.1@0.3,0,False,5.67,67.6,1.92,688424,-314781,5.11,82.6,3.63,2335500,-361929,5.43,73.7,2.85,3023924,-361929,2.186993497066214,6.452923087124823,False,2.3534813147334677
SILVER,15,4.0,1h+4h,0.1@0.3,0,True,5.67,67.6,1.92,688424,-314781,5.11,82.6,3.63,2335500,-361929,5.43,73.7,2.85,3023924,-361929,2.186993497066214,6.452923087124823,False,2.3534813147334677
SILVER,15,4.0,1h+4h,0.1@0.3,5,False,10.08,71.9,1.99,1272170,-257578,10.22,78.3,3.05,5936353,-697817,10.14,74.6,2.73,7208523,-697817,4.938969943085201,8.50703407913536,True,4.082791928428435
SILVER,15,4.0,1h+4h,0.1@0.3,5,True,10.08,71.9,1.99,1272170,-257578,10.22,78.3,3.05,5936353,-697817,10.14,74.6,2.73,7208523,-697817,4.938969943085201,8.50703407913536,True,4.082791928428435
SILVER,15,4.0,1h,0.25@0.5,5,False,16.83,64.9,1.21,673362,-424976,15.44,67.6,1.57,4303655,-1029279,16.24,66.0,1.46,4977018,-1029279,1.5844706524603742,4.181232688124406,False,1.9937031591775023
SILVER,15,4.0,1h,0.25@0.5,5,True,16.83,64.9,1.21,673362,-424976,15.44,67.6,1.57,4303655,-1029279,16.24,66.0,1.46,4977018,-1029279,1.5844706524603742,4.181232688124406,False,1.9937031591775023
SILVER,15,4.0,1h,0.25@0.5,10,False,16.0,66.1,1.32,905857,-312485,14.67,66.7,1.58,4384336,-1050127,15.43,66.4,1.51,5290194,-1050127,2.898881546314223,4.17505311262352,False,2.6916638535706543
SILVER,15,4.0,1h,0.25@0.5,10,True,16.0,66.1,1.32,905857,-312485,14.67,66.7,1.58,4384336,-1050127,15.43,66.4,1.51,5290194,-1050127,2.898881546314223,4.17505311262352,False,2.6916638535706543
SILVER,15,4.0,1h+4h,0.1@0.3,10,False,9.83,72.9,2.1,1298214,-235389,10.11,78.0,3.21,5913578,-581708,9.95,75.1,2.87,7211792,-581708,5.515185501446542,10.165887352417364,False,4.5779494739411195
SILVER,15,4.0,1h+4h,0.1@0.3,10,True,9.83,72.9,2.1,1298214,-235389,10.11,78.0,3.21,5913578,-581708,9.95,75.1,2.87,7211792,-581708,5.515185501446542,10.165887352417364,False,4.5779494739411195
SILVER,15,4.0,1h+4h,0.15@0.3,0,False,5.67,67.6,1.4,300924,-309788,5.11,82.6,3.73,2420188,-361929,5.43,73.7,2.66,2721112,-361929,0.9713868839335288,6.686913731698759,False,1.7359325059573125
SILVER,15,4.0,1h+4h,0.15@0.3,0,True,5.67,67.6,1.4,300924,-309788,5.11,82.6,3.73,2420188,-361929,5.43,73.7,2.66,2721112,-361929,0.9713868839335288,6.686913731698759,False,1.7359325059573125
SILVER,15,4.0,1h+4h,0.15@0.3,5,False,11.25,72.6,1.76,1065810,-251214,11.22,75.2,2.71,5650099,-681892,11.24,73.7,2.43,6715909,-681892,4.242637751080752,8.285914778293337,True,3.7747733737096376
SILVER,15,4.0,1h+4h,0.15@0.3,5,True,11.25,72.6,1.76,1065810,-251214,11.22,75.2,2.71,5650099,-681892,11.24,73.7,2.43,6715909,-681892,4.242637751080752,8.285914778293337,True,3.7747733737096376
SILVER,15,4.0,1h+4h,0.15@0.3,10,False,10.92,74.0,1.86,1106798,-203381,11.0,75.8,3.02,5969369,-527333,10.95,74.8,2.67,7076167,-527333,5.441993106534042,11.319923084654288,True,4.2909826700355325
SILVER,15,4.0,1h+4h,0.15@0.3,10,True,10.92,74.0,1.86,1106798,-203381,11.0,75.8,3.02,5969369,-527333,10.95,74.8,2.67,7076167,-527333,5.441993106534042,11.319923084654288,True,4.2909826700355325
SILVER,15,4.0,1h+4h,0.2@0.4,10,False,10.58,66.1,1.34,630853,-315952,9.78,71.6,1.83,3765126,-1375406,10.24,68.4,1.69,4395979,-1375406,1.9966735453486606,2.737465155743104,False,2.7979064695405635
SILVER,15,4.0,1h+4h,0.2@0.4,10,True,10.58,66.1,1.34,630853,-315952,9.78,71.6,1.83,3765126,-1375406,10.24,68.4,1.69,4395979,-1375406,1.9966735453486606,2.737465155743104,False,2.7979064695405635
SILVER,15,4.0,1h+4h,0.25@0.5,0,False,5.67,61.8,1.33,377669,-404499,5.11,73.9,1.48,1134710,-891552,5.43,66.7,1.43,1512379,-891552,0.9336710350334612,1.272735634040415,False,1.1993295721660129
SILVER,15,4.0,1h+4h,0.25@0.5,0,True,5.67,61.8,1.33,377669,-404499,5.11,73.9,1.48,1134710,-891552,5.43,66.7,1.43,1512379,-891552,0.9336710350334612,1.272735634040415,False,1.1993295721660129
SILVER,15,4.0,1h+4h,0.2@0.4,0,False,5.67,63.2,1.3,333446,-441741,5.11,78.3,1.41,817241,-731893,5.43,69.3,1.37,1150687,-731893,0.7548450336283026,1.1166126742570295,False,1.1496041208241212
SILVER,15,4.0,1h+4h,0.2@0.4,0,True,5.67,63.2,1.3,333446,-441741,5.11,78.3,1.41,817241,-731893,5.43,69.3,1.37,1150687,-731893,0.7548450336283026,1.1166126742570295,False,1.1496041208241212
SILVER,15,4.0,1h+4h,0.2@0.4,5,False,10.92,66.4,1.36,701000,-320892,10.22,72.8,1.8,3793724,-1128118,10.62,69.1,1.67,4494724,-1128118,2.1845356069955,3.362878705950973,False,2.1383036994790743
SILVER,15,4.0,1h+4h,0.2@0.4,5,True,10.92,66.4,1.36,701000,-320892,10.22,72.8,1.8,3793724,-1128118,10.62,69.1,1.67,4494724,-1128118,2.1845356069955,3.362878705950973,False,2.1383036994790743
SILVER,15,4.0,1h+4h,0.25@0.5,5,False,10.42,63.2,1.28,604402,-466217,9.56,70.9,1.99,4353508,-1012187,10.05,66.4,1.76,4957910,-1012187,1.2963963133047487,4.301090608751149,False,2.5064226905777844
SILVER,15,4.0,1h+4h,0.25@0.5,5,True,10.42,63.2,1.28,604402,-466217,9.56,70.9,1.99,4353508,-1012187,10.05,66.4,1.76,4957910,-1012187,1.2963963133047487,4.301090608751149,False,2.5064226905777844
SILVER,15,4.0,1h+4h,0.25@0.5,10,False,10.0,64.2,1.4,747780,-272044,8.89,68.8,1.99,4360266,-1371912,9.52,66.0,1.81,5108046,-1371912,2.7487465262972166,3.1782402952959083,False,3.032263348474239
SILVER,15,4.0,1h+4h,0.25@0.5,10,True,10.0,64.2,1.4,747780,-272044,8.89,68.8,1.99,4360266,-1371912,9.52,66.0,1.81,5108046,-1371912,2.7487465262972166,3.1782402952959083,False,3.032263348474239
SILVER,15,5.0,D,0.1@0.3,0,False,6.83,81.7,3.15,1421338,-195593,8.22,77.0,0.85,-610790,-2168549,7.43,79.5,1.17,810548,-2168549,7.266814252043785,-0.2816583807882598,False,6.0158573704569935
SILVER,15,5.0,D,0.1@0.3,0,True,6.83,57.3,1.94,586062,-236741,8.22,67.6,1.06,117838,-1188217,7.43,62.2,1.26,703900,-1188217,2.4755407808533376,0.09917212091730719,False,4.406117020770973
SILVER,15,5.0,D,0.1@0.3,5,False,10.25,79.7,3.02,2213339,-195593,13.56,78.7,1.21,1246882,-2212168,11.67,79.2,1.49,3460221,-2212168,11.31604403020558,0.5636470647798901,True,8.483830940466964
SILVER,15,5.0,D,0.1@0.3,5,True,25.33,50.7,1.78,1378578,-328505,27.56,56.5,1.18,978872,-1733983,26.29,53.3,1.33,2357449,-1733983,4.196520600904096,0.5645222588687432,False,5.525080575248811
SILVER,15,5.0,D,0.1@0.3,10,False,10.0,80.0,3.17,2194692,-195593,13.67,78.9,1.19,1106749,-2262882,11.57,79.4,1.47,3301441,-2262882,11.220708307557018,0.48908825117703886,True,8.078645414855487
SILVER,15,5.0,D,0.1@0.3,10,True,22.25,50.9,1.79,1291478,-291515,24.67,60.4,1.27,1331526,-1754436,23.29,55.2,1.4,2623004,-1754436,4.430228290139444,0.7589481747980548,False,5.826495967596443
SILVER,15,5.0,D,0.15@0.3,0,False,6.83,82.9,3.11,1355223,-195593,8.22,78.4,0.97,-114494,-1850117,7.43,80.8,1.27,1240728,-1850117,6.928790907650069,-0.061884734857309026,False,5.562292092684703
SILVER,15,5.0,D,0.15@0.3,0,True,6.83,58.5,1.91,550064,-234925,8.22,67.6,1.17,351375,-1116691,7.43,62.8,1.34,901439,-1116691,2.341445142066617,0.31465732239267624,False,4.155624064212452
SILVER,15,5.0,D,0.15@0.3,5,False,11.5,79.7,2.68,2124001,-226177,14.0,80.2,1.58,2909571,-1485448,12.57,79.9,1.8,5033572,-1485448,9.390879709254257,1.9587161583576134,True,8.108585264335801
SILVER,15,5.0,D,0.15@0.3,5,True,26.08,52.4,1.85,1504253,-296359,27.78,57.2,1.56,2522809,-977002,26.81,54.5,1.64,4027061,-977002,5.075779713118211,2.5821943046175955,False,5.144306455084439
SILVER,15,5.0,D,0.15@0.3,10,False,10.92,77.9,2.65,2051295,-226177,14.11,79.5,1.17,1147982,-3153851,12.29,78.7,1.4,3199277,-3153851,9.06942350460038,0.36399373337548285,True,8.09717767303551
SILVER,15,5.0,D,0.15@0.3,10,True,22.92,52.0,1.85,1413094,-264665,24.89,60.7,1.22,1254044,-2420425,23.76,55.9,1.37,2667138,-2420425,5.339179717756409,0.51810900978134,False,5.522611495864402
SILVER,15,5.0,D,0.2@0.4,0,False,6.83,73.2,2.98,1685126,-233192,8.22,71.6,1.12,542051,-1850117,7.43,72.4,1.4,2227176,-1850117,7.226345672235754,0.2929820114079272,False,5.370718933736991
SILVER,15,5.0,D,0.2@0.4,0,True,6.83,50.0,1.97,779651,-270353,8.22,64.9,1.06,153249,-1210165,7.43,57.1,1.28,932900,-1210165,2.8838259608733767,0.12663479773419328,False,3.7865703190407425
SILVER,15,5.0,D,0.2@0.4,5,False,10.17,73.8,2.45,2103252,-302962,12.56,72.6,1.25,1688194,-2044372,11.19,73.2,1.47,3791446,-2044372,6.942296393607119,0.8257763264220015,True,7.2758809614371955
SILVER,15,5.0,D,0.2@0.4,5,True,25.25,48.2,1.46,1032472,-447745,27.11,53.3,1.13,799783,-1535925,26.05,50.5,1.22,1832256,-1535925,2.3059375314073858,0.5207174829500139,False,4.871738446553041
SILVER,15,5.0,D,0.2@0.4,10,False,9.58,73.0,2.82,2265023,-229228,12.0,70.4,1.22,1502837,-2260226,10.62,71.7,1.46,3767861,-2260226,9.881092187690857,0.6649056333304723,False,7.432542728949435
SILVER,15,5.0,D,0.2@0.4,10,True,22.08,47.5,1.56,1112433,-294255,23.56,55.2,1.13,743100,-1760809,22.71,50.9,1.24,1855533,-1760809,3.7805067033695265,0.4220219228774955,False,5.747592775485837
SILVER,15,5.0,D,0.25@0.5,0,False,6.83,73.2,3.35,2171563,-229228,8.22,67.6,1.09,473173,-1850117,7.43,70.5,1.44,2644736,-1850117,9.473375852862652,0.2557530145390805,False,6.55208786833645
SILVER,15,5.0,D,0.25@0.5,0,True,6.83,50.0,2.63,1305211,-256636,8.22,59.5,0.97,-96593,-1235558,7.43,54.5,1.33,1208618,-1235558,5.085845321778706,-0.07817763310180502,False,5.045138705092205
SILVER,15,5.0,D+1h,0.1@0.3,0,False,3.58,83.7,3.5,820890,-195593,4.22,84.2,1.12,199815,-1079653,3.86,84.0,1.52,1020704,-1079653,4.1969293379619925,0.18507335227151686,False,5.928953778010985
SILVER,15,5.0,D+1h,0.1@0.3,0,True,3.58,83.7,3.5,820890,-195593,4.22,84.2,1.12,199815,-1079653,3.86,84.0,1.52,1020704,-1079653,4.1969293379619925,0.18507335227151686,False,5.058738357376656
SILVER,15,5.0,D+1h,0.1@0.3,5,False,7.58,79.1,3.05,1689122,-195593,9.56,79.1,1.09,414415,-1787240,8.43,79.1,1.4,2103536,-1787240,8.635902102835992,0.23187428660952084,False,8.228083838436842
SILVER,15,5.0,D+1h,0.1@0.3,5,True,7.58,79.1,3.05,1689122,-195593,9.56,79.1,1.09,414415,-1787240,8.43,79.1,1.4,2103536,-1787240,8.635902102835992,0.23187428660952084,False,7.309098043533825
SILVER,15,5.0,D+1h,0.1@0.3,10,False,7.33,79.5,2.94,1556893,-195593,9.56,80.2,1.23,885478,-1830235,8.29,79.9,1.52,2442371,-1830235,7.959860526705966,0.4838056315172642,False,8.131986266736412
SILVER,15,5.0,D+1h,0.1@0.3,10,True,7.33,79.5,2.94,1556893,-195593,9.56,80.2,1.23,885478,-1830235,8.29,79.9,1.52,2442371,-1830235,7.959860526705966,0.4838056315172642,False,7.061368059863769
SILVER,15,5.0,D+1h,0.15@0.3,0,False,3.58,86.0,3.54,784891,-195593,4.22,84.2,1.26,426007,-978826,3.86,85.2,1.62,1210897,-978826,4.012878784005562,0.43522239907807925,False,5.641882984387084
SILVER,15,5.0,D+1h,0.15@0.3,0,True,3.58,86.0,3.54,784891,-195593,4.22,84.2,1.26,426007,-978826,3.86,85.2,1.62,1210897,-978826,4.012878784005562,0.43522239907807925,False,4.839954498505257
SILVER,15,5.0,D,0.25@0.5,5,False,9.25,73.0,3.01,2542007,-229228,11.89,70.1,1.28,1930631,-1969307,10.38,71.6,1.55,4472638,-1969307,11.089426248102326,0.9803606040094307,False,8.373798381966289
SILVER,15,5.0,D,0.25@0.5,5,True,23.83,46.9,1.97,1799521,-229228,26.11,49.8,1.13,857568,-1460861,24.81,48.2,1.32,2657089,-1460861,7.850354232467238,0.587029156093564,False,6.226588067529771
SILVER,15,5.0,D,0.25@0.5,10,False,8.92,72.0,3.07,2548005,-229228,11.67,69.5,1.26,1739175,-2156931,10.1,70.8,1.53,4287180,-2156931,11.115592336014798,0.8063192563878956,False,8.42687736156312
SILVER,15,5.0,D,0.25@0.5,10,True,20.83,46.0,1.98,1718762,-243116,23.0,52.2,1.09,600387,-1657514,21.76,48.8,1.28,2319149,-1657514,7.069719804537751,0.3622213749024141,False,6.346833974593643
SILVER,15,5.0,D+1h,0.2@0.4,0,False,3.58,69.8,3.0,1014478,-229228,4.22,78.9,1.11,220546,-1156698,3.86,74.1,1.48,1235024,-1156698,4.425628631755283,0.1906686101298697,False,5.139676529258819
SILVER,15,5.0,D+1h,0.2@0.4,0,True,3.58,69.8,3.0,1014478,-229228,4.22,78.9,1.11,220546,-1156698,3.86,74.1,1.48,1235024,-1156698,4.425628631755283,0.1906686101298697,False,4.400117873157365
SILVER,15,5.0,D+1h,0.2@0.4,5,False,7.33,72.7,2.32,1538599,-378499,8.78,72.2,1.13,612966,-1708043,7.95,72.5,1.36,2151564,-1708043,4.065001492738422,0.3588703563083599,False,6.801086962955731
SILVER,15,5.0,D+1h,0.2@0.4,5,True,7.33,72.7,2.32,1538599,-378499,8.78,72.2,1.13,612966,-1708043,7.95,72.5,1.36,2151564,-1708043,4.065001492738422,0.3588703563083599,False,6.0838576671541995
SILVER,15,5.0,D+1h,0.15@0.3,5,False,8.33,81.0,3.16,1775855,-195593,9.78,80.7,1.54,1922101,-977002,8.95,80.9,1.84,3697956,-977002,9.079338217625375,1.9673460238566554,False,7.493935284154387
SILVER,15,5.0,D+1h,0.15@0.3,5,True,8.33,81.0,3.16,1775855,-195593,9.78,80.7,1.54,1922101,-977002,8.95,80.9,1.84,3697956,-977002,9.079338217625375,1.9673460238566554,False,7.07295553807409
SILVER,15,5.0,D+1h,0.15@0.3,10,False,8.08,79.4,2.97,1642145,-195593,9.78,80.7,1.16,771745,-2280736,8.81,80.0,1.44,2413889,-2280736,8.395724795877154,0.3383754191629369,False,7.6141205349810495
SILVER,15,5.0,D+1h,0.15@0.3,10,True,8.08,79.4,2.97,1642145,-195593,9.78,80.7,1.16,771745,-2280736,8.81,80.0,1.44,2413889,-2280736,8.395724795877154,0.3383754191629369,False,7.123294866173481
SILVER,15,5.0,D+1h,0.2@0.4,10,False,7.0,72.6,2.69,1637946,-229228,8.11,69.9,1.14,674691,-2080198,7.48,71.3,1.4,2312637,-2080198,7.145488334758406,0.32433979842303473,False,7.587292579676886
SILVER,15,5.0,D+1h,0.2@0.4,10,True,7.0,72.6,2.69,1637946,-229228,8.11,69.9,1.14,674691,-2080198,7.48,71.3,1.4,2312637,-2080198,7.145488334758406,0.32433979842303473,False,6.559835047396353
SILVER,15,5.0,D+1h,0.25@0.5,0,False,3.58,69.8,4.04,1540038,-229228,4.22,71.1,1.0,8205,-1190395,3.86,70.4,1.54,1548243,-1190395,6.718367738670668,0.006892670080099463,False,6.094684579032336
SILVER,15,5.0,D+1h,0.25@0.5,0,True,3.58,69.8,4.04,1540038,-229228,4.22,71.1,1.0,8205,-1190395,3.86,70.4,1.54,1548243,-1190395,6.718367738670668,0.006892670080099463,False,5.309328250597247
SILVER,15,5.0,D+1h,0.25@0.5,5,False,6.17,70.3,3.15,1987436,-229228,8.11,65.8,1.06,324664,-1584501,7.0,68.0,1.37,2312100,-1584501,8.670127558587955,0.20489983912916432,False,7.766013745757794
SILVER,15,5.0,D+1h,0.25@0.5,5,True,6.17,70.3,3.15,1987436,-229228,8.11,65.8,1.06,324664,-1584501,7.0,68.0,1.37,2312100,-1584501,8.670127558587955,0.20489983912916432,False,7.248522313091408
SILVER,15,5.0,D+1h,0.25@0.5,10,False,6.0,70.8,3.24,1954419,-229228,7.89,64.8,1.03,133208,-1982272,6.81,67.8,1.34,2087627,-1982272,8.52609192594273,0.06719965776644174,False,8.013690085104713
SILVER,15,5.0,D+1h,0.25@0.5,10,True,6.0,70.8,3.24,1954419,-229228,7.89,64.8,1.03,133208,-1982272,6.81,67.8,1.34,2087627,-1982272,8.52609192594273,0.06719965776644174,False,7.313235322856432
SILVER,15,5.0,D+4h,0.1@0.3,0,False,3.42,80.5,3.98,1158541,-195593,5.67,82.4,0.77,-643425,-1948634,4.38,81.5,1.16,515116,-1948634,5.923223223735,-0.33019284278114824,False,4.316290062921378
SILVER,15,5.0,D+4h,0.1@0.3,0,True,3.42,63.4,2.36,506072,-195593,5.67,76.5,1.17,244598,-1116691,4.38,70.7,1.41,750670,-1116691,2.58737275873881,0.2190382120031414,False,4.472108129408445
SILVER,15,5.0,D+4h,0.1@0.3,5,False,5.08,80.3,3.85,1709686,-195593,9.89,82.0,1.27,1161332,-2212168,7.14,81.3,1.58,2871018,-2212168,8.74103878973174,0.5249745950578799,False,6.976049995274605
SILVER,15,5.0,D+4h,0.1@0.3,5,True,11.75,56.7,2.41,1296029,-195593,18.56,58.7,1.12,563284,-1733983,14.67,57.8,1.34,1859313,-1733983,6.6261522651628635,0.32484978226430133,False,6.400358828409975
SILVER,15,5.0,D+4h,0.1@0.3,10,False,4.92,79.7,3.78,1670046,-195593,10.0,81.1,1.22,978010,-2262882,7.1,80.5,1.52,2648055,-2262882,8.538373050160281,0.4321966412742688,False,6.689547403237987
SILVER,15,5.0,D+4h,0.1@0.3,10,True,10.17,56.6,2.27,1142885,-202321,16.56,62.4,1.23,915619,-1754436,12.9,59.8,1.42,2058504,-1754436,5.6488698652141895,0.521887945755787,False,6.480869167081
SILVER,15,5.0,D+4h,0.15@0.3,0,False,3.42,80.5,3.84,1106078,-195593,5.67,84.3,0.92,-194191,-1850117,4.38,82.6,1.31,911886,-1850117,5.654997878247176,-0.10496147000432945,False,3.808291814080044
SILVER,15,5.0,D+4h,0.15@0.3,0,True,3.42,63.4,2.13,421538,-195593,5.67,76.5,1.31,458887,-1116691,4.38,70.7,1.48,880425,-1116691,2.1551793775850876,0.4109346273946866,False,3.65712505008644
SILVER,15,5.0,D+4h,0.15@0.3,5,False,6.0,80.6,3.08,1584376,-226177,10.22,83.7,1.78,2709698,-1485448,7.81,82.3,2.02,4294074,-1485448,7.00502703634764,1.8241621382909399,False,6.628990109044879
SILVER,15,5.0,D+4h,0.15@0.3,5,True,12.58,59.6,2.39,1299809,-195593,18.67,59.5,1.55,2001280,-977002,15.19,59.6,1.72,3301090,-977002,6.645478110157317,2.048388846696322,False,5.841301865632023
SILVER,15,5.0,D+4h,0.15@0.3,10,False,5.83,77.1,2.87,1491683,-226177,10.44,81.9,1.18,921435,-3153851,7.81,79.9,1.4,2413118,-3153851,6.595201987823696,0.2921618681415197,False,6.566994747558755
SILVER,15,5.0,D+4h,0.15@0.3,10,True,11.0,58.3,2.21,1147903,-213606,16.78,62.9,1.16,748675,-2420425,13.48,60.8,1.33,1896578,-2420425,5.373926762356863,0.3093155127715174,False,5.9907319349487
SILVER,15,5.0,D+4h,0.2@0.4,0,False,3.42,70.7,3.02,1041687,-233192,5.67,74.5,1.11,367783,-1850117,4.38,72.8,1.37,1409471,-1850117,4.4670786304847505,0.19878904955740637,False,3.5971356770881613
SILVER,15,5.0,D+4h,0.2@0.4,0,True,3.42,53.7,1.65,323096,-240018,5.67,70.6,1.05,98956,-1210165,4.38,63.0,1.17,422052,-1210165,1.3461323734053279,0.08177066763623142,False,2.73009472257535
SILVER,15,5.0,D+4h,0.2@0.4,5,False,5.75,76.8,2.86,1576705,-302962,9.33,75.0,1.29,1477376,-2044372,7.29,75.8,1.52,3054082,-2044372,5.204299549118371,0.7226551723463245,False,5.083175193802711
SILVER,15,5.0,D+4h,0.2@0.4,5,True,12.5,55.3,1.63,848243,-447745,18.33,55.8,1.07,327631,-1535925,15.0,55.6,1.19,1175874,-1535925,1.8944778836167908,0.21331184790924035,False,4.398193403474801
SILVER,15,5.0,D+4h,0.2@0.4,10,False,5.42,76.9,3.52,1711805,-229228,8.78,72.2,1.25,1292019,-2260226,6.86,74.3,1.51,3003825,-2260226,7.467695918474183,0.5716326597428752,False,5.647837865178569
SILVER,15,5.0,D+4h,0.2@0.4,10,True,10.75,55.0,1.82,918229,-283275,15.78,57.0,1.06,284373,-1760809,12.9,56.1,1.2,1202602,-1760809,3.2414755979172183,0.16150133262608268,False,5.2612493579872535
SILVER,15,5.0,D+4h,0.25@0.5,0,False,3.42,70.7,3.51,1473309,-229228,5.67,68.6,1.07,260200,-1850117,4.38,69.6,1.42,1733509,-1850117,6.427264557558414,0.14063975413446825,False,4.499691494793504
SILVER,15,5.0,D+4h,0.25@0.5,0,True,3.42,53.7,2.66,827591,-229228,5.67,64.7,0.99,-20772,-1176971,4.38,59.8,1.3,806819,-1176971,3.6103399235695464,-0.017648693128377843,False,3.9527270757545026
SILVER,15,5.0,D+4h,0.25@0.5,5,False,4.67,75.0,3.95,1964432,-229228,8.56,71.4,1.34,1735560,-1969307,6.33,72.9,1.65,3699992,-1969307,8.569773326120718,0.881304946359303,False,6.4704868288380855
SILVER,15,5.0,D+4h,0.25@0.5,5,True,11.33,52.9,2.5,1509211,-229228,17.33,51.9,1.18,914321,-1460861,13.9,52.4,1.4,2423531,-1460861,6.583885912715724,0.6258781636308999,False,5.868404905870063
SILVER,15,5.0,D+4h,0.25@0.5,10,False,4.58,74.5,3.93,1950971,-229228,8.33,70.7,1.31,1544105,-2156931,6.19,72.3,1.61,3495075,-2156931,8.511050133491546,0.7158805729065973,False,6.62417195784207
SILVER,15,5.0,D+4h,0.25@0.5,10,True,9.75,52.1,2.48,1424255,-229228,15.22,54.0,1.12,617882,-1657514,12.1,53.1,1.34,2042137,-1657514,6.213268012633709,0.3727763385407303,False,5.994649512464261
SILVER,15,5.0,D+1h+4h,0.1@0.3,0,False,2.08,84.0,3.39,592530,-195593,3.22,89.7,1.19,230078,-977002,2.57,87.0,1.57,822608,-977002,3.0294028927415604,0.23549388844649244,False,4.892179032184256
SILVER,15,5.0,D+1h+4h,0.1@0.3,0,True,2.08,84.0,3.39,592530,-195593,3.22,89.7,1.19,230078,-977002,2.57,87.0,1.57,822608,-977002,3.0294028927415604,0.23549388844649244,False,4.521528980518013
SILVER,15,5.0,D+1h+4h,0.1@0.3,5,False,4.33,82.7,3.51,1324702,-195593,7.44,80.6,1.18,633783,-1703722,5.67,81.5,1.48,1958485,-1703722,6.772747490963378,0.37199907027085405,False,6.673091591938355
SILVER,15,5.0,D+1h+4h,0.1@0.3,5,True,4.33,82.7,3.51,1324702,-195593,7.44,80.6,1.18,633783,-1703722,5.67,81.5,1.48,1958485,-1703722,6.772747490963378,0.37199907027085405,False,6.461602939481468
SILVER,15,5.0,D+1h+4h,0.1@0.3,10,False,4.25,82.4,3.23,1190719,-195593,7.33,81.8,1.36,1091101,-1754436,5.57,82.1,1.64,2281820,-1754436,6.087738313743334,0.6219098331315591,False,6.834297385667781
SILVER,15,5.0,D+1h+4h,0.1@0.3,10,True,4.25,82.4,3.23,1190719,-195593,7.33,81.8,1.36,1091101,-1754436,5.57,82.1,1.64,2281820,-1754436,6.087738313743334,0.6219098331315591,False,6.513241476229327
SILVER,15,5.0,D+1h+4h,0.15@0.3,0,False,2.08,84.0,3.05,507997,-195593,3.22,89.7,1.37,437022,-977002,2.57,87.0,1.66,945019,-977002,2.597214624245244,0.44730921738133594,False,3.9320284543590676
SILVER,15,5.0,D+1h+4h,0.15@0.3,0,True,2.08,84.0,3.05,507997,-195593,3.22,89.7,1.37,437022,-977002,2.57,87.0,1.66,945019,-977002,2.597214624245244,0.44730921738133594,False,3.5820466042928585
SILVER,15,5.0,D+1h+4h,0.15@0.3,5,False,5.25,84.1,3.39,1303860,-195593,7.56,82.4,1.76,2047767,-977002,6.24,83.2,2.03,3351627,-977002,6.666189485308779,2.0959701208390564,False,6.084114861675553
SILVER,15,5.0,D+1h+4h,0.15@0.3,5,True,5.25,84.1,3.39,1303860,-195593,7.56,82.4,1.76,2047767,-977002,6.24,83.2,2.03,3351627,-977002,6.666189485308779,2.0959701208390564,False,6.05142859565825
SILVER,15,5.0,D+1h+4h,0.15@0.3,10,False,5.25,81.0,3.0,1173691,-195593,7.56,82.4,1.24,900144,-2280736,6.24,81.7,1.47,2073835,-2280736,6.00067998343499,0.39467259691608325,False,6.439239841765975
SILVER,15,5.0,D+1h+4h,0.15@0.3,10,True,5.25,81.0,3.0,1173691,-195593,7.56,82.4,1.24,900144,-2280736,6.24,81.7,1.47,2073835,-2280736,6.00067998343499,0.39467259691608325,False,6.317112319219293
SILVER,15,5.0,D+1h+4h,0.2@0.4,0,False,2.08,68.0,2.09,409555,-229228,3.22,79.3,1.04,69756,-1156698,2.57,74.1,1.23,479311,-1156698,1.7866709128029734,0.06030614732626839,False,2.8508446094919053
SILVER,15,5.0,D+1h+4h,0.2@0.4,0,True,2.08,68.0,2.09,409555,-229228,3.22,79.3,1.04,69756,-1156698,2.57,74.1,1.23,479311,-1156698,1.7866709128029734,0.06030614732626839,False,2.538749983783963
SILVER,15,5.0,D+1h+4h,0.2@0.4,5,False,5.25,76.2,2.16,1019579,-378499,6.89,74.2,1.18,721186,-1535925,5.95,75.2,1.36,1740766,-1535925,2.693742916097533,0.4695450624216677,False,4.963867018057477
SILVER,15,5.0,D+1h+4h,0.2@0.4,5,True,5.25,76.2,2.16,1019579,-378499,6.89,74.2,1.18,721186,-1535925,5.95,75.2,1.36,1740766,-1535925,2.693742916097533,0.4695450624216677,False,4.662974139375515
SILVER,15,5.0,D+1h+4h,0.2@0.4,10,False,4.92,78.0,2.73,1140138,-229228,6.22,71.4,1.2,782911,-1751780,5.48,74.8,1.42,1923050,-1751780,4.973816462212295,0.4469231296167327,False,5.757526364039993
SILVER,15,5.0,D+1h+4h,0.2@0.4,10,True,4.92,78.0,2.73,1140138,-229228,6.22,71.4,1.2,782911,-1751780,5.48,74.8,1.42,1923050,-1751780,4.973816462212295,0.4469231296167327,False,5.334904331984297
SILVER,15,5.0,D+1h+4h,0.25@0.5,0,False,2.08,68.0,3.44,914049,-229228,3.22,72.4,0.99,-12471,-1123505,2.57,70.4,1.39,901578,-1123505,3.9875102518017,-0.011100084111775203,False,3.8764606099504753
SILVER,15,5.0,D+1h+4h,0.25@0.5,0,True,2.08,68.0,3.44,914049,-229228,3.22,72.4,0.99,-12471,-1123505,2.57,70.4,1.39,901578,-1123505,3.9875102518017,-0.011100084111775203,False,3.563468983951713
SILVER,15,5.0,D+1h+4h,0.25@0.5,5,False,4.17,76.0,3.38,1494442,-229228,6.22,69.6,1.23,915022,-1466231,5.05,72.6,1.52,2409464,-1466231,6.519456610885232,0.6240640117416696,False,5.999908344610349
SILVER,15,5.0,D+1h+4h,0.25@0.5,5,True,4.17,76.0,3.38,1494442,-229228,6.22,69.6,1.23,915022,-1466231,5.05,72.6,1.52,2409464,-1466231,6.519456610885232,0.6240640117416696,False,5.801319603269849
SILVER,15,5.0,D+1h+4h,0.25@0.5,10,False,4.0,77.1,3.54,1461425,-229228,6.0,68.5,1.18,723566,-1653855,4.86,72.5,1.48,2184991,-1653855,6.3754209782400055,0.4375026831251833,False,6.54396759419199
SILVER,15,5.0,D+1h+4h,0.25@0.5,10,True,4.0,77.1,3.54,1461425,-229228,6.0,68.5,1.18,723566,-1653855,4.86,72.5,1.48,2184991,-1653855,6.3754209782400055,0.4375026831251833,False,6.288658469652231
SILVER,15,5.0,1h,0.1@0.3,0,False,5.92,78.9,1.47,448568,-358093,6.67,83.3,2.11,3380950,-1029279,6.24,80.9,1.96,3829518,-1029279,1.2526578291114319,3.2847750707048333,False,2.0000551463012433
SILVER,15,5.0,1h,0.1@0.3,0,True,5.92,78.9,1.47,448568,-358093,6.67,83.3,2.11,3380950,-1029279,6.24,80.9,1.96,3829518,-1029279,1.2526578291114319,3.2847750707048333,False,2.002010022705564
SILVER,15,5.0,1h,0.1@0.3,5,False,13.67,76.8,1.47,980597,-430314,14.44,76.9,1.35,2508153,-1703722,14.0,76.9,1.38,3488750,-1703722,2.278794089897145,1.47216095114109,False,3.0039227683110896
SILVER,15,5.0,1h,0.1@0.3,5,True,13.67,76.8,1.47,980597,-430314,14.44,76.9,1.35,2508153,-1703722,14.0,76.9,1.38,3488750,-1703722,2.278794089897145,1.47216095114109,False,3.0053134957645646
SILVER,15,5.0,1h,0.1@0.3,10,False,12.92,76.8,1.34,736198,-444029,14.33,77.5,1.41,2775838,-1754436,13.52,77.1,1.39,3512036,-1754436,1.6579953111170667,1.582182536154069,False,2.7578130061934067
SILVER,15,5.0,1h,0.1@0.3,10,True,12.92,76.8,1.34,736198,-444029,14.33,77.5,1.41,2775838,-1754436,13.52,77.1,1.39,3512036,-1754436,1.6579953111170667,1.582182536154069,False,2.759318578819305
SILVER,15,5.0,1h,0.15@0.3,0,False,5.92,80.3,1.48,445029,-482424,6.67,83.3,2.22,3707776,-1029279,6.24,81.7,2.05,4152806,-1029279,0.9224851997413064,3.602304137167862,False,1.7496323184174336
SILVER,15,5.0,1h,0.15@0.3,0,True,5.92,80.3,1.48,445029,-482424,6.67,83.3,2.22,3707776,-1029279,6.24,81.7,2.05,4152806,-1029279,0.9224851997413064,3.602304137167862,False,1.7514811733827504
SILVER,15,5.0,1h,0.15@0.3,5,False,14.83,78.1,1.53,1134634,-436931,14.67,77.3,1.59,3877572,-1538398,14.76,77.7,1.58,5012206,-1538398,2.596826501209573,2.5205258977195757,True,2.8005658665198245
SILVER,15,5.0,1h,0.15@0.3,5,True,14.83,78.1,1.53,1134634,-436931,14.67,77.3,1.59,3877572,-1538398,14.76,77.7,1.58,5012206,-1538398,2.596826501209573,2.5205258977195757,True,2.8018373256294105
SILVER,15,5.0,1h,0.15@0.3,10,False,14.25,77.2,1.31,751415,-455313,14.67,77.3,1.35,2710714,-2752284,14.43,77.2,1.34,3462129,-2752284,1.6503262590789194,0.9848961807720424,False,2.5675053480765397
SILVER,15,5.0,1h,0.15@0.3,10,True,14.25,77.2,1.31,751415,-455313,14.67,77.3,1.35,2710714,-2752284,14.43,77.2,1.34,3462129,-2752284,1.6503262590789194,0.9848961807720424,False,2.5689225642789952
SILVER,15,5.0,1h,0.2@0.4,0,False,5.92,70.4,1.63,707407,-504850,6.67,80.0,2.04,3598322,-1208975,6.24,74.8,1.94,4305729,-1208975,1.4012221451916411,2.97634111540768,False,1.5328183211067032
SILVER,15,5.0,1h,0.2@0.4,0,True,5.92,70.4,1.63,707407,-504850,6.67,80.0,2.04,3598322,-1208975,6.24,74.8,1.94,4305729,-1208975,1.4012221451916411,2.97634111540768,False,1.535327450422415
SILVER,15,5.0,1h,0.2@0.4,5,False,13.75,72.7,1.31,811780,-701360,13.44,70.2,1.34,2623099,-1749074,13.62,71.7,1.33,3434880,-1749074,1.1574369795825254,1.4997072736773858,False,1.9109378520024582
SILVER,15,5.0,1h,0.2@0.4,5,True,13.75,72.7,1.31,811780,-701360,13.44,70.2,1.34,2623099,-1749074,13.62,71.7,1.33,3434880,-1749074,1.1574369795825254,1.4997072736773858,False,1.9122832521406685
SILVER,15,5.0,1h,0.2@0.4,10,False,13.08,71.3,1.22,589782,-524982,13.0,68.4,1.31,2500865,-1751780,13.05,70.1,1.29,3090647,-1751780,1.1234328034104026,1.4276136272819646,False,2.1317396630142182
SILVER,15,5.0,1h,0.2@0.4,10,True,13.08,71.3,1.22,589782,-524982,13.0,68.4,1.31,2500865,-1751780,13.05,70.1,1.29,3090647,-1751780,1.1234328034104026,1.4276136272819646,False,2.1332254498246277
SILVER,15,5.0,1h,0.25@0.5,0,False,5.92,66.2,1.94,1151944,-322861,6.67,71.7,0.99,-41498,-1928395,6.24,68.7,1.21,1110445,-1928395,3.5679255159341015,-0.021519450112658454,False,2.571049806654639
SILVER,15,5.0,1h,0.25@0.5,0,True,5.92,66.2,1.94,1151944,-322861,6.67,71.7,0.99,-41498,-1928395,6.24,68.7,1.21,1110445,-1928395,3.5679255159341015,-0.021519450112658454,False,2.5735699555362146
SILVER,15,5.0,1h,0.25@0.5,5,False,11.75,67.4,1.51,1255325,-444931,13.11,63.6,1.08,747080,-1772799,12.33,65.6,1.18,2002404,-1772799,2.821392530527205,0.4214126925838744,False,3.313479535037659
SILVER,15,5.0,1h,0.25@0.5,5,True,11.75,67.4,1.51,1255325,-444931,13.11,63.6,1.08,747080,-1772799,12.33,65.6,1.18,2002404,-1772799,2.821392530527205,0.4214126925838744,False,3.3151430150789793
SILVER,15,5.0,1h,0.25@0.5,10,False,11.42,67.2,1.46,1143423,-444029,13.0,62.4,1.04,367044,-1772799,12.1,65.0,1.13,1510467,-1772799,2.5751088329816296,0.20704208429720458,False,3.3285623219648635
SILVER,15,5.0,1h,0.25@0.5,10,True,11.42,67.2,1.46,1143423,-444029,13.0,62.4,1.04,367044,-1772799,12.1,65.0,1.13,1510467,-1772799,2.5751088329816296,0.20704208429720458,False,3.3302966799826077
SILVER,15,5.0,1h+4h,0.1@0.3,0,False,3.33,80.0,2.27,602320,-357250,4.0,88.9,1.39,495983,-977002,3.62,84.2,1.63,1098303,-977002,1.6859902029391183,0.5076581214777451,False,2.238752432134421
SILVER,15,5.0,1h+4h,0.1@0.3,0,True,3.33,80.0,2.27,602320,-357250,4.0,88.9,1.39,495983,-977002,3.62,84.2,1.63,1098303,-977002,1.6859902029391183,0.5076581214777451,False,2.238752432134421
SILVER,15,5.0,1h+4h,0.1@0.3,5,False,7.33,77.3,2.07,1097271,-229741,9.22,79.5,1.54,2313180,-1852054,8.14,78.4,1.64,3410451,-1852054,4.776121806730187,1.248980861249186,False,4.008919281717228
SILVER,15,5.0,1h+4h,0.1@0.3,5,True,7.33,77.3,2.07,1097271,-229741,9.22,79.5,1.54,2313180,-1852054,8.14,78.4,1.64,3410451,-1852054,4.776121806730187,1.248980861249186,False,4.008919281717228
SILVER,15,5.0,1h+4h,0.1@0.3,10,False,7.0,76.2,1.94,961693,-235043,9.11,80.5,1.73,2753996,-1895049,7.9,78.3,1.78,3715689,-1895049,4.091561969511962,1.4532584645568531,False,3.992895997051806
SILVER,15,5.0,1h+4h,0.1@0.3,10,True,7.0,76.2,1.94,961693,-235043,9.11,80.5,1.73,2753996,-1895049,7.9,78.3,1.78,3715689,-1895049,4.091561969511962,1.4532584645568531,False,3.992895997051806
SILVER,15,5.0,1h+4h,0.15@0.3,0,False,3.33,80.0,2.13,537667,-351172,4.0,88.9,1.58,748103,-977002,3.62,84.2,1.73,1285769,-977002,1.5310645495654551,0.765712864456777,False,2.029344822749316
SILVER,15,5.0,1h+4h,0.15@0.3,0,True,3.33,80.0,2.13,537667,-351172,4.0,88.9,1.58,748103,-977002,3.62,84.2,1.73,1285769,-977002,1.5310645495654551,0.765712864456777,False,2.029344822749316
SILVER,15,5.0,1h+4h,0.15@0.3,5,False,8.42,78.2,2.02,1110541,-195818,9.44,80.0,2.02,3639356,-977002,8.86,79.0,2.02,4749897,-977002,5.671291709648756,3.725024104351885,False,4.04753149340961
SILVER,15,5.0,1h+4h,0.15@0.3,5,True,8.42,78.2,2.02,1110541,-195818,9.44,80.0,2.02,3639356,-977002,8.86,79.0,2.02,4749897,-977002,5.671291709648756,3.725024104351885,False,4.04753149340961
SILVER,15,5.0,1h+4h,0.15@0.3,10,False,8.17,77.6,1.93,1010155,-205004,9.44,80.0,1.53,2475231,-1668403,8.71,78.7,1.6,3485386,-1668403,4.927489219722542,1.48359299282008,False,4.168944657729384
SILVER,15,5.0,1h+4h,0.15@0.3,10,True,8.17,77.6,1.93,1010155,-205004,9.44,80.0,1.53,2475231,-1668403,8.71,78.7,1.6,3485386,-1668403,4.927489219722542,1.48359299282008,False,4.168944657729384
SILVER,15,5.0,1h+4h,0.2@0.4,0,False,3.33,70.0,1.76,458825,-378729,4.0,80.6,1.23,428564,-1156698,3.62,75.0,1.36,887390,-1156698,1.21148631343256,0.37050638974045086,False,1.6967735638870125
SILVER,15,5.0,1h+4h,0.2@0.4,0,True,3.33,70.0,1.76,458825,-378729,4.0,80.6,1.23,428564,-1156698,3.62,75.0,1.36,887390,-1156698,1.21148631343256,0.37050638974045086,False,1.6967735638870125
SILVER,15,5.0,1h+4h,0.2@0.4,5,False,8.25,71.7,1.49,751338,-467055,8.67,73.1,1.49,2373583,-1887779,8.43,72.3,1.49,3124921,-1887779,1.608671355621929,1.2573415638165273,False,3.111594071434312
SILVER,15,5.0,1h+4h,0.2@0.4,5,True,8.25,71.7,1.49,751338,-467055,8.67,73.1,1.49,2373583,-1887779,8.43,72.3,1.49,3124921,-1887779,1.608671355621929,1.2573415638165273,False,3.111594071434312
SILVER,15,5.0,1h+4h,0.2@0.4,10,False,7.83,72.3,1.65,854196,-333034,8.22,70.3,1.46,2251349,-2259934,8.0,71.4,1.5,3105545,-2259934,2.5648912723625816,0.9962012164957029,False,3.280968170188418
SILVER,15,5.0,1h+4h,0.2@0.4,10,True,7.83,72.3,1.65,854196,-333034,8.22,70.3,1.46,2251349,-2259934,8.0,71.4,1.5,3105545,-2259934,2.5648912723625816,0.9962012164957029,False,3.280968170188418
SILVER,15,5.0,1h+4h,0.25@0.5,0,False,3.33,70.0,2.63,980572,-372653,4.0,69.4,1.05,103762,-1123505,3.62,69.7,1.38,1084334,-1123505,2.6313272669212378,0.0923556192451302,False,2.731957430021093
SILVER,15,5.0,1h+4h,0.25@0.5,0,True,3.33,70.0,2.63,980572,-372653,4.0,69.4,1.05,103762,-1123505,3.62,69.7,1.38,1084334,-1123505,2.6313272669212378,0.0923556192451302,False,2.731957430021093
SILVER,15,5.0,1h+4h,0.25@0.5,5,False,7.0,71.4,2.19,1376113,-229228,8.0,63.9,1.4,2096088,-1889548,7.43,67.9,1.55,3472201,-1889548,6.00325003926222,1.1093065643212028,False,3.8608119083426717
SILVER,15,5.0,1h+4h,0.25@0.5,5,True,7.0,71.4,2.19,1376113,-229228,8.0,63.9,1.4,2096088,-1889548,7.43,67.9,1.55,3472201,-1889548,6.00325003926222,1.1093065643212028,False,3.8608119083426717
SILVER,15,5.0,1h+4h,0.25@0.5,10,False,6.75,71.6,2.21,1337649,-229228,8.0,62.5,1.33,1732717,-2287319,7.29,67.3,1.48,3070366,-2287319,5.835452039017921,0.7575318527935981,False,4.220304866572292
SILVER,15,5.0,1h+4h,0.25@0.5,10,True,6.75,71.6,2.21,1337649,-229228,8.0,62.5,1.33,1732717,-2287319,7.29,67.3,1.48,3070366,-2287319,5.835452039017921,0.7575318527935981,False,4.220304866572292
SILVER,15,6.0,D,0.1@0.3,0,False,5.67,72.1,2.2,949177,-239157,6.78,70.5,1.05,195806,-1773613,6.14,71.3,1.24,1144983,-1773613,3.9688447337941186,0.11039950654398677,False,5.016529863063261
SILVER,15,6.0,D,0.1@0.3,0,True,5.67,54.4,1.56,315373,-126763,6.78,57.4,1.07,118098,-940103,6.14,55.8,1.18,433471,-940103,2.487894732690138,0.1256224052045361,False,4.0555899443158205
SILVER,15,6.0,D,0.1@0.3,5,False,8.33,74.0,2.7,1935199,-197397,10.22,72.8,1.27,1653282,-1768004,9.14,73.4,1.5,3588481,-1768004,9.80358870702189,0.9351121377553444,False,8.178708008827902
SILVER,15,6.0,D,0.1@0.3,5,True,20.92,47.4,1.8,1330972,-226328,22.67,51.0,1.11,651185,-1378036,21.67,49.0,1.27,1982157,-1378036,5.880721784313033,0.47254570998145184,False,6.278074406206253
SILVER,15,6.0,D,0.1@0.3,10,False,7.83,73.4,2.76,1948847,-190504,10.22,73.9,1.29,1647433,-1755470,8.86,73.7,1.52,3596280,-1755470,10.229953176836181,0.9384569374583445,False,8.626360250083684
SILVER,15,6.0,D,0.1@0.3,10,True,19.17,47.4,1.82,1298623,-200507,20.56,54.6,1.23,1086711,-1249794,19.76,50.6,1.37,2385333,-1249794,6.476696574184443,0.8695120955933537,False,6.749690749792622
SILVER,15,6.0,D,0.15@0.3,0,False,5.67,76.5,2.13,863458,-225111,6.78,70.5,1.1,390457,-1636750,6.14,73.6,1.26,1253915,-1636750,3.8356988330201545,0.23855628532152132,False,5.3718085825683595
SILVER,15,6.0,D,0.15@0.3,0,True,5.67,58.8,1.76,411245,-124229,6.78,57.4,1.17,301201,-844671,6.14,58.1,1.31,712446,-844671,3.3103784140579093,0.35658972546707535,False,4.1611578439835375
SILVER,15,6.0,D,0.15@0.3,5,False,8.83,76.4,2.62,1998440,-190504,11.11,75.0,1.29,1775286,-1705822,9.81,75.7,1.52,3773726,-1705822,10.490278419350775,1.0407217165683171,False,8.218992529354402
SILVER,15,6.0,D,0.15@0.3,5,True,21.08,49.0,1.82,1422221,-217072,23.78,52.8,1.1,576332,-1461264,22.24,50.7,1.27,1998553,-1461264,6.551839942507555,0.3944064864391376,False,6.72434555143989
SILVER,15,6.0,D,0.15@0.3,10,False,8.42,76.2,2.56,1837032,-190504,10.56,74.7,1.37,2101589,-1664687,9.33,75.5,1.57,3938620,-1664687,9.643010120522403,1.2624529416040373,False,8.58952462624374
SILVER,15,6.0,D,0.15@0.3,10,True,19.42,48.9,1.88,1418869,-191510,21.11,55.3,1.28,1344009,-1249794,20.14,51.8,1.43,2762878,-1249794,7.408850712756514,1.0753844233529686,False,6.997094677450839
SILVER,15,6.0,D,0.2@0.4,0,False,5.67,70.6,2.24,1072655,-190504,6.78,67.2,1.3,1299417,-1358983,6.14,69.0,1.46,2372071,-1358983,5.630616679964725,0.9561686937952866,False,6.2115160860843766
SILVER,15,6.0,D,0.2@0.4,0,True,5.67,55.9,2.12,674721,-173056,6.78,54.1,1.53,1068855,-621568,6.14,55.0,1.67,1743576,-621568,3.8988593287721893,1.7196107264209226,False,4.853575059450234
SILVER,15,6.0,D,0.2@0.4,5,False,8.0,70.8,2.58,1988764,-190504,9.78,68.2,1.45,2633001,-959561,8.76,69.6,1.66,4621766,-959561,10.439486834922102,2.743964166947177,False,8.705243004351537
SILVER,15,6.0,D,0.2@0.4,5,True,20.33,48.0,2.02,1576528,-193663,21.78,47.4,1.33,1757581,-1114721,20.95,47.7,1.48,3334109,-1114721,8.140574090043012,1.5767003582062238,False,7.031903148665321
SILVER,15,6.0,D,0.2@0.4,10,False,8.25,69.7,2.25,1652579,-190504,9.67,69.0,1.6,3157624,-959238,8.86,69.4,1.73,4810203,-959238,8.674773233107967,3.2918045365175272,False,9.084108286072514
SILVER,15,6.0,D,0.2@0.4,10,True,18.67,47.3,2.02,1527847,-193837,19.78,50.0,1.44,2138288,-1219328,19.14,48.5,1.58,3666135,-1219328,7.882122608170783,1.7536610329624187,False,6.992854407228423
SILVER,15,6.0,D,0.25@0.5,0,False,5.67,63.2,2.27,1324964,-200977,6.78,65.6,1.57,2478733,-838858,6.14,64.3,1.7,3803697,-838858,6.592615075356882,2.9548898621697592,False,5.930716738037299
SILVER,15,6.0,D,0.25@0.5,0,True,5.67,52.9,1.67,436171,-254503,6.78,54.1,2.0,2022009,-621051,6.14,53.5,1.92,2458180,-621051,1.7138147683917282,3.255785756725293,False,4.757168678206577
SILVER,15,6.0,D+1h,0.1@0.3,0,False,2.67,62.5,2.22,442780,-129430,3.22,79.3,1.24,322320,-877831,2.9,70.5,1.45,765100,-877831,3.420999768214479,0.36717773694481054,False,4.904057994736809
SILVER,15,6.0,D+1h,0.1@0.3,0,True,2.67,62.5,2.27,450881,-121329,3.22,79.3,1.24,322320,-877831,2.9,70.5,1.46,773201,-877831,3.716184918692151,0.36717773694481054,False,4.609587218114898
SILVER,15,6.0,D+1h,0.1@0.3,5,False,6.08,69.9,2.71,1482184,-181810,7.44,71.6,1.12,560224,-1801512,6.67,70.7,1.37,2042407,-1801512,8.152378857048568,0.31097433711238115,False,8.075258925342178
SILVER,15,6.0,D+1h,0.1@0.3,5,True,6.08,69.9,2.73,1490284,-181810,7.44,71.6,1.12,560224,-1801512,6.67,70.7,1.38,2050508,-1801512,8.196930861888784,0.31097433711238115,False,7.555679985578501
SILVER,15,6.0,D,0.25@0.5,5,False,7.83,67.0,2.41,1922375,-190504,9.22,65.1,1.48,2792817,-1009367,8.43,66.1,1.66,4715192,-1009367,10.090995464662159,2.7668994528253847,False,8.970530404785066
SILVER,15,6.0,D,0.25@0.5,5,True,20.75,47.4,1.9,1462995,-191718,21.33,46.4,1.45,2369994,-1082065,21.0,46.9,1.55,3832989,-1082065,7.630973617500704,2.1902510477651527,False,7.19603425438736
SILVER,15,6.0,D,0.25@0.5,10,False,7.5,65.6,2.39,1910270,-190504,9.11,67.1,1.68,3475970,-1008965,8.19,66.3,1.83,5386240,-1008965,10.0274534917902,3.445084814636781,False,8.38273932611064
SILVER,15,6.0,D,0.25@0.5,10,True,19.17,47.0,1.84,1349447,-238052,19.33,49.4,1.61,2853882,-1121435,19.24,48.0,1.67,4203329,-1121435,5.668706837161628,2.54484834163371,False,7.293046278614901
SILVER,15,6.0,D+1h,0.1@0.3,10,False,5.75,69.6,2.7,1432951,-182353,7.22,75.4,1.33,1195015,-1392916,6.38,72.4,1.58,2627966,-1392916,7.858115852220693,0.8579232344233249,False,8.349297591094881
SILVER,15,6.0,D+1h,0.1@0.3,10,True,5.75,69.6,2.73,1441051,-182353,7.22,75.4,1.33,1195015,-1392916,6.38,72.4,1.59,2636066,-1392916,7.902535192730583,0.8579232344233249,False,7.653384022696203
SILVER,15,6.0,D+1h,0.15@0.3,0,False,2.67,71.9,2.58,531198,-119344,3.22,79.3,1.38,505423,-829086,2.9,75.4,1.62,1036621,-829086,4.450982035125352,0.6096146841220331,False,5.1133931537415656
SILVER,15,6.0,D+1h,0.15@0.3,0,True,2.67,71.9,2.65,539299,-119344,3.22,79.3,1.38,505423,-829086,2.9,75.4,1.63,1044721,-829086,4.518861442552621,0.6096146841220331,False,5.104201566268184
SILVER,15,6.0,D+1h,0.15@0.3,5,False,6.67,73.8,2.62,1526998,-184652,8.33,73.3,1.15,686051,-1975202,7.38,73.5,1.4,2213049,-1975202,8.26959902952581,0.3473320703401475,False,8.690637643534313
SILVER,15,6.0,D+1h,0.15@0.3,5,True,6.67,73.8,2.64,1535099,-184652,8.33,73.3,1.15,686051,-1975202,7.38,73.5,1.4,2221150,-1975202,8.313470744968914,0.3473320703401475,False,8.160701818467858
SILVER,15,6.0,D+1h,0.15@0.3,10,False,6.42,72.7,2.63,1483074,-187253,7.56,75.0,1.45,1652993,-1377227,6.9,73.8,1.69,3136068,-1377227,7.920161492739769,1.2002327866067104,False,8.613125142987506
SILVER,15,6.0,D+1h,0.15@0.3,10,True,6.42,72.7,2.65,1491175,-187253,7.56,75.0,1.45,1652993,-1377227,6.9,73.8,1.69,3144168,-1377227,7.9634238169748945,1.2002327866067104,False,8.189584287294492
SILVER,15,6.0,D+1h,0.2@0.4,0,False,2.67,68.8,3.35,849015,-119344,3.22,72.4,1.81,1273077,-588619,2.9,70.5,2.1,2122092,-588619,7.114014948384502,2.1628200924536927,False,6.169018833877335
SILVER,15,6.0,D+1h,0.2@0.4,0,True,2.67,68.8,3.43,857116,-119344,3.22,72.4,1.81,1273077,-588619,2.9,70.5,2.11,2130192,-588619,7.181894355811771,2.1628200924536927,False,6.076518391104308
SILVER,15,6.0,D+1h,0.2@0.4,5,False,5.5,74.2,3.3,1736992,-142980,6.67,65.0,1.36,1509665,-1134054,6.0,69.8,1.65,3246657,-1134054,12.148496293187858,1.33121085944761,False,9.128007221028543
SILVER,15,6.0,D+1h,0.2@0.4,5,True,5.5,74.2,3.33,1745093,-142980,6.67,65.0,1.36,1509665,-1134054,6.0,69.8,1.65,3254758,-1134054,12.205154567072318,1.33121085944761,False,8.881461713452389
SILVER,15,6.0,D+1h,0.2@0.4,10,False,5.33,70.3,3.09,1651566,-155101,6.56,66.1,1.56,2034287,-1034220,5.86,68.3,1.83,3685853,-1034220,10.64832592955558,1.966977045502891,False,8.869572852113514
SILVER,15,6.0,D+1h,0.2@0.4,10,True,5.33,70.3,3.12,1659667,-155101,6.56,66.1,1.56,2034287,-1034220,5.86,68.3,1.83,3693954,-1034220,10.700556411628552,1.966977045502891,False,8.80377758782543
SILVER,15,6.0,D+1h,0.25@0.5,0,False,2.67,62.5,2.48,610465,-227268,3.22,72.4,2.42,2226231,-510098,2.9,67.2,2.43,2836696,-510098,2.686101870918915,4.3643201894537915,False,6.104110921764878
SILVER,15,6.0,D+1h,0.25@0.5,0,True,2.67,62.5,2.53,618566,-219167,3.22,72.4,2.42,2226231,-510098,2.9,67.2,2.44,2844796,-510098,2.822350080075924,4.3643201894537915,False,5.5344957521386196
SILVER,15,6.0,D+1h,0.25@0.5,5,False,5.58,68.7,3.05,1687130,-161854,6.33,63.2,1.47,1956294,-1119885,5.9,66.1,1.73,3643424,-1119885,10.423776984195634,1.7468704375895738,False,8.653069204109032
SILVER,15,6.0,D+1h,0.25@0.5,5,True,5.58,68.7,3.08,1695230,-161854,6.33,63.2,1.47,1956294,-1119885,5.9,66.1,1.73,3651524,-1119885,10.473822086571849,1.7468704375895738,False,8.496406390933503
SILVER,15,6.0,D+1h,0.25@0.5,10,False,5.42,66.2,2.8,1555175,-204743,6.22,66.1,1.76,2639447,-890321,5.76,66.1,1.96,4194622,-890321,7.595741978968756,2.964601531357791,False,8.796337417755044
SILVER,15,6.0,D+1h,0.25@0.5,10,True,5.42,66.2,2.83,1563275,-204743,6.22,66.1,1.76,2639447,-890321,5.76,66.1,1.97,4202723,-890321,7.635303771069096,2.964601531357791,False,8.161497890470907
SILVER,15,6.0,D+4h,0.1@0.3,0,False,2.83,67.6,2.81,853668,-229678,4.78,69.8,0.87,-412643,-2382062,3.67,68.8,1.12,441025,-2382062,3.716803524934909,-0.17322932820388387,False,4.034822016615493
SILVER,15,6.0,D+4h,0.1@0.3,0,True,2.83,58.8,2.11,339090,-124229,4.78,60.5,1.03,35552,-898587,3.67,59.7,1.22,374643,-898587,2.7295559007961105,0.039564338233248425,False,3.6451909956522512
SILVER,15,6.0,D+4h,0.1@0.3,5,False,4.17,74.0,3.28,1393211,-190504,7.44,71.6,1.27,1318090,-1928193,5.57,72.6,1.49,2711301,-1928193,7.31329000965859,0.6835882092715823,False,7.0210051773979165
SILVER,15,6.0,D+4h,0.1@0.3,5,True,9.42,54.9,2.44,1134772,-183725,15.0,51.9,1.17,776237,-1249794,11.81,53.2,1.37,1911008,-1249794,6.1764702680636825,0.6210919559543413,False,6.361715006974164
SILVER,15,6.0,D+4h,0.1@0.3,10,False,4.0,72.9,3.3,1403293,-190504,7.56,72.1,1.17,859694,-2214505,5.52,72.4,1.4,2262987,-2214505,7.366212782933692,0.3882104578675596,False,7.127839434829508
SILVER,15,6.0,D+4h,0.1@0.3,10,True,8.83,53.8,2.34,1046477,-191510,14.11,54.3,1.19,787306,-1308184,11.1,54.1,1.38,1833783,-1308184,5.464346509320662,0.6018312408651993,False,6.518083124402487
SILVER,15,6.0,D+4h,0.15@0.3,0,False,2.83,70.6,2.43,673858,-225111,4.78,69.8,0.95,-159740,-2186947,3.67,70.1,1.14,514117,-2186947,2.9934476769238287,-0.07304246513518617,False,4.29639290053145
SILVER,15,6.0,D+4h,0.15@0.3,0,True,2.83,61.8,2.24,376303,-124229,4.78,60.5,1.17,230296,-767790,3.67,61.0,1.36,606599,-767790,3.0291075352775922,0.29994659998176587,False,3.8100107842062068
SILVER,15,6.0,D+4h,0.15@0.3,5,False,4.5,77.8,3.37,1448236,-190504,8.11,74.0,1.29,1416895,-2011130,6.05,75.6,1.52,2865131,-2011130,7.602129089152983,0.7045268083117452,False,6.796209784926509
SILVER,15,6.0,D+4h,0.15@0.3,5,True,9.5,57.0,2.48,1200870,-199187,15.89,54.5,1.14,628092,-1286503,12.24,55.6,1.35,1828962,-1286503,6.0288573049446,0.4882165062965263,False,6.505841133264295
SILVER,15,6.0,D+4h,0.15@0.3,10,False,4.25,76.5,3.36,1440179,-190504,7.67,72.5,1.26,1296276,-1965692,5.71,74.2,1.49,2736455,-1965692,7.559836013941965,0.6594502088831821,False,7.025439835370204
SILVER,15,6.0,D+4h,0.15@0.3,10,True,9.08,56.0,2.39,1118726,-191510,14.44,55.4,1.24,976939,-1249794,11.38,55.6,1.43,2095665,-1249794,5.841606182444781,0.7816800208674389,False,6.6207225164610675
SILVER,15,6.0,D+4h,0.2@0.4,0,False,2.83,67.6,2.89,927701,-190504,4.78,67.4,1.22,747165,-1358983,3.67,67.5,1.43,1674866,-1358983,4.869719270986436,0.5497971644972748,False,5.059209121846992
SILVER,15,6.0,D+4h,0.2@0.4,0,True,2.83,61.8,3.32,706122,-128195,4.78,58.1,1.73,1111275,-588619,3.67,59.7,2.0,1817397,-588619,5.508186746752994,1.8879359993476255,False,4.700458780297227
SILVER,15,6.0,D+4h,0.2@0.4,5,False,4.42,71.7,2.89,1361096,-190504,7.11,68.8,1.59,2512058,-977930,5.57,70.1,1.77,3873155,-977930,7.144710872212657,2.568750319552524,False,7.325374921555057
SILVER,15,6.0,D+4h,0.2@0.4,5,True,9.0,54.6,2.74,1309964,-193663,14.22,49.2,1.7,2430420,-899665,11.24,51.7,1.89,3740383,-899665,6.764141834010626,2.701472214657678,False,6.882245999553993
SILVER,15,6.0,D+4h,0.2@0.4,10,False,4.67,71.4,2.67,1266456,-190504,7.0,69.8,1.67,2713718,-977608,5.67,70.6,1.83,3980174,-977608,6.647923403183135,2.77587540200162,False,7.743789793805452
SILVER,15,6.0,D+4h,0.2@0.4,10,True,8.5,53.9,2.79,1284828,-191510,13.33,50.8,1.73,2460905,-849450,10.57,52.3,1.92,3745732,-849450,6.708934259307608,2.897056919183001,False,6.824843740966042
SILVER,15,6.0,D+4h,0.25@0.5,0,False,2.83,64.7,2.62,857738,-190504,4.78,65.1,1.54,1887326,-838858,3.67,64.9,1.68,2745064,-838858,4.50246713979759,2.2498754258766085,False,4.762140052664565
SILVER,15,6.0,D+4h,0.25@0.5,0,True,2.83,61.8,2.94,590943,-125561,4.78,58.1,2.36,2058485,-439896,3.67,59.7,2.45,2649428,-439896,4.706421579949188,4.679481059159437,False,4.70116393392327
SILVER,15,6.0,D+4h,0.25@0.5,5,False,4.33,69.2,2.56,1305905,-190504,6.56,66.1,1.66,2799761,-922877,5.29,67.6,1.81,4105666,-922877,6.855000419938689,3.0337314723413846,False,7.625022946152114
SILVER,15,6.0,D+4h,0.25@0.5,5,True,9.33,54.5,2.42,1223916,-159518,13.56,47.5,1.93,3080660,-886811,11.14,50.9,2.03,4304576,-886811,7.672588673378553,3.4738630892039004,False,7.194408797126302
SILVER,15,6.0,D+4h,0.25@0.5,10,False,4.33,67.3,2.39,1231680,-190504,6.56,67.8,1.76,3039366,-922475,5.29,67.6,1.88,4271045,-922475,6.465376055095956,3.294794980893791,False,7.172239064088493
SILVER,15,6.0,D+4h,0.25@0.5,10,True,8.83,52.8,2.2,1080716,-191510,12.78,49.6,1.98,3149090,-836596,10.52,51.1,2.03,4229806,-836596,5.643130907002245,3.7641705195817337,False,6.903382134962282
SILVER,15,6.0,D+1h+4h,0.1@0.3,0,False,1.5,66.7,3.11,414602,-119344,2.44,77.3,1.1,118617,-885345,1.9,72.5,1.4,533219,-885345,3.474007909907494,0.13397827965369433,False,3.7561907667376104
SILVER,15,6.0,D+1h+4h,0.1@0.3,0,True,1.5,66.7,3.11,414602,-119344,2.44,77.3,1.1,118617,-885345,1.9,72.5,1.4,533219,-885345,3.474007909907494,0.13397827965369433,False,3.634984049675121
SILVER,15,6.0,D+1h+4h,0.1@0.3,5,False,3.75,75.6,3.23,1096890,-134890,5.56,72.0,1.3,1073057,-1249794,4.52,73.7,1.54,2169947,-1249794,8.13173697086515,0.8585870951532812,False,6.473492090232704
SILVER,15,6.0,D+1h+4h,0.1@0.3,5,True,3.75,75.6,3.23,1096890,-134890,5.56,72.0,1.3,1073057,-1249794,4.52,73.7,1.54,2169947,-1249794,8.13173697086515,0.8585870951532812,False,6.3487240383371315
SILVER,15,6.0,D+1h+4h,0.1@0.3,10,False,3.67,75.0,3.04,1016934,-134890,5.44,75.5,1.41,1255302,-1249794,4.43,75.3,1.64,2272236,-1249794,7.538987323003929,1.0044071262944134,False,6.564749417328976
SILVER,15,6.0,D+1h+4h,0.1@0.3,10,True,3.67,75.0,3.04,1016934,-134890,5.44,75.5,1.41,1255302,-1249794,4.43,75.3,1.64,2272236,-1249794,7.538987323003929,1.0044071262944134,False,6.328709902331483
SILVER,15,6.0,D+1h+4h,0.15@0.3,0,False,1.5,72.2,3.3,451815,-119344,2.44,77.3,1.27,313360,-790201,1.9,75.0,1.57,765175,-790201,3.78582082048532,0.3965573316156269,False,3.949175866152353
SILVER,15,6.0,D+1h+4h,0.15@0.3,0,True,1.5,72.2,3.3,451815,-119344,2.44,77.3,1.27,313360,-790201,1.9,75.0,1.57,765175,-790201,3.78582082048532,0.3965573316156269,False,3.9551923559309006
SILVER,15,6.0,D+1h+4h,0.15@0.3,5,False,3.92,78.7,3.2,1154835,-142980,6.22,75.0,1.32,1131695,-1429483,4.9,76.7,1.56,2286530,-1429483,8.076898866974402,0.791681328144511,False,6.849115775067202
SILVER,15,6.0,D+1h+4h,0.15@0.3,5,True,3.92,78.7,3.2,1154835,-142980,6.22,75.0,1.32,1131695,-1429483,4.9,76.7,1.56,2286530,-1429483,8.076898866974402,0.791681328144511,False,6.693187201666907
SILVER,15,6.0,D+1h+4h,0.15@0.3,10,False,3.92,76.6,3.06,1082247,-131638,5.56,76.0,1.54,1651717,-1249794,4.62,76.3,1.76,2733964,-1249794,8.221387441316336,1.3215913982624337,False,7.089740880028054
SILVER,15,6.0,D+1h+4h,0.15@0.3,10,True,3.92,76.6,3.06,1082247,-131638,5.56,76.0,1.54,1651717,-1249794,4.62,76.3,1.76,2733964,-1249794,8.221387441316336,1.3215913982624337,False,6.90040113897554
SILVER,15,6.0,D+1h+4h,0.2@0.4,0,False,1.5,72.2,4.98,781633,-119344,2.44,72.7,1.94,1194340,-588619,1.9,72.5,2.35,1975973,-588619,6.549411784421504,2.0290544477837105,False,4.610690000906968
SILVER,15,6.0,D+1h+4h,0.2@0.4,0,True,1.5,72.2,4.98,781633,-119344,2.44,72.7,1.94,1194340,-588619,1.9,72.5,2.35,1975973,-588619,6.549411784421504,2.0290544477837105,False,4.684418753009599
SILVER,15,6.0,D+1h+4h,0.2@0.4,5,False,3.5,81.0,3.9,1277725,-142980,4.89,68.2,1.98,2527140,-828795,4.1,74.4,2.27,3804865,-828795,8.936389704853825,3.049173800517619,False,7.1016481953562005
SILVER,15,6.0,D+1h+4h,0.2@0.4,5,True,3.5,81.0,3.9,1277725,-142980,4.89,68.2,1.98,2527140,-828795,4.1,74.4,2.27,3804865,-828795,8.936389704853825,3.049173800517619,False,7.065071231688028
SILVER,15,6.0,D+1h+4h,0.2@0.4,10,False,3.42,80.5,4.05,1261992,-121168,4.78,69.8,2.18,2728800,-828795,4.0,75.0,2.46,3990793,-828795,10.415225141951671,3.292490905471196,False,7.35678086307028
SILVER,15,6.0,D+1h+4h,0.2@0.4,10,True,3.42,80.5,4.05,1261992,-121168,4.78,69.8,2.18,2728800,-828795,4.0,75.0,2.46,3990793,-828795,10.415225141951671,3.292490905471196,False,7.365210721317898
SILVER,15,6.0,D+1h+4h,0.25@0.5,0,False,1.5,72.2,4.4,666455,-129178,2.44,72.7,2.69,2141549,-362049,1.9,72.5,2.92,2808004,-362049,5.15919893480314,5.915080555394436,False,5.025944194441671
SILVER,15,6.0,D+1h+4h,0.25@0.5,0,True,1.5,72.2,4.4,666455,-129178,2.44,72.7,2.69,2141549,-362049,1.9,72.5,2.92,2808004,-362049,5.15919893480314,5.915080555394436,False,5.054273666952393
SILVER,15,6.0,D+1h+4h,0.25@0.5,5,False,3.58,76.7,3.33,1225211,-119344,4.33,66.7,2.27,3073050,-815942,3.9,72.0,2.46,4298260,-815942,10.266213634535461,3.7662603469364244,False,7.271383914191129
SILVER,15,6.0,D+1h+4h,0.25@0.5,5,True,3.58,76.7,3.33,1225211,-119344,4.33,66.7,2.27,3073050,-815942,3.9,72.0,2.46,4298260,-815942,10.266213634535461,3.7662603469364244,False,7.364075364619247
SILVER,15,6.0,D+1h+4h,0.25@0.5,10,False,3.58,74.4,2.88,1090106,-121168,4.33,69.2,2.53,3312654,-815942,3.9,72.0,2.6,4402760,-815942,8.996649280338042,4.0599135722882265,False,7.472967806612415
SILVER,15,6.0,D+1h+4h,0.25@0.5,10,True,3.58,74.4,2.88,1090106,-121168,4.33,69.2,2.53,3312654,-815942,3.9,72.0,2.6,4402760,-815942,8.996649280338042,4.0599135722882265,False,7.3721383158706635
SILVER,15,6.0,1h,0.1@0.3,0,False,4.67,60.7,0.85,-158309,-460444,5.22,70.2,1.25,659855,-1034491,4.9,65.0,1.14,501547,-1034491,-0.3438181407511011,0.6378547517571443,False,1.4866232611479298
SILVER,15,6.0,1h,0.1@0.3,0,True,4.67,60.7,0.86,-150208,-460444,5.22,70.2,1.25,659855,-1034491,4.9,65.0,1.14,509647,-1034491,-0.3262242531122134,0.6378547517571443,False,1.4906727391714196
SILVER,15,6.0,1h,0.1@0.3,5,False,11.42,68.6,1.23,536935,-582429,11.44,66.0,1.23,1682335,-1731133,11.43,67.5,1.23,2219269,-1731133,0.92188919164396,0.9718115245911204,False,2.354749227387286
SILVER,15,6.0,1h,0.1@0.3,5,True,11.42,68.6,1.23,545035,-582429,11.44,66.0,1.23,1682335,-1731133,11.43,67.5,1.23,2227370,-1731133,0.9357964661787102,0.9718115245911204,False,2.359763681995888
SILVER,15,6.0,1h,0.1@0.3,10,False,10.75,67.4,1.1,246620,-597853,11.22,67.3,1.31,2093093,-1278586,10.95,67.4,1.25,2339713,-1278586,0.41250942957549763,1.6370373209154487,False,2.2675824000429587
SILVER,15,6.0,1h,0.1@0.3,10,True,10.75,67.4,1.1,254721,-597853,11.22,67.3,1.31,2093093,-1278586,10.95,67.4,1.25,2347813,-1278586,0.4260595832085814,1.6370373209154487,False,2.271092329612872
SILVER,15,6.0,1h,0.15@0.3,0,False,4.67,66.1,0.96,-36821,-438109,5.22,72.3,1.37,973611,-931030,4.9,68.9,1.26,936790,-931030,-0.08404529466411327,1.0457353683554773,False,1.5290099378952031
SILVER,15,6.0,1h,0.15@0.3,0,True,4.67,66.1,0.97,-28721,-438109,5.22,72.3,1.37,973611,-931030,4.9,68.9,1.26,944890,-931030,-0.06555674501094476,1.0457353683554773,False,1.5353067413398092
SILVER,15,6.0,1h,0.15@0.3,5,False,12.42,71.8,1.27,652941,-579220,12.44,67.0,1.21,1597724,-1683040,12.43,69.7,1.22,2250665,-1683040,1.1272763371430545,0.9493083943340622,False,2.264630926792877
SILVER,15,6.0,1h,0.15@0.3,5,True,12.42,71.8,1.27,661042,-579220,12.44,67.0,1.21,1597724,-1683040,12.43,69.7,1.22,2258766,-1683040,1.141262387348503,0.9493083943340622,False,2.2707676655661553
SILVER,15,6.0,1h,0.15@0.3,10,False,11.92,68.5,1.07,201153,-571543,11.67,67.6,1.37,2536704,-1249794,11.81,68.1,1.28,2737856,-1249794,0.35194727255867014,2.0296976941800007,False,2.2070854466411487
SILVER,15,6.0,1h,0.15@0.3,10,True,11.92,68.5,1.08,209253,-571543,11.67,67.6,1.37,2536704,-1249794,11.81,68.1,1.29,2745957,-1249794,0.3661194345832247,2.0296976941800007,False,2.2117958990792186
SILVER,15,6.0,1h,0.2@0.4,0,False,4.67,62.5,1.23,251032,-322861,5.22,66.0,1.49,1463782,-839875,4.9,64.1,1.42,1714814,-839875,0.7775234543658107,1.7428569727638041,False,2.3954342203847325
SILVER,15,6.0,1h,0.2@0.4,0,True,4.67,62.5,1.24,259133,-322861,5.22,66.0,1.49,1463782,-839875,4.9,64.1,1.42,1722914,-839875,0.8026147475229278,1.7428569727638041,False,2.401653030507807
SILVER,15,6.0,1h,0.2@0.4,5,False,11.25,65.9,1.18,495210,-547387,11.11,61.0,1.31,2336473,-1332047,11.19,63.8,1.28,2831683,-1332047,0.9046798700005664,1.754046966811231,False,2.5393639994345167
SILVER,15,6.0,1h,0.2@0.4,5,True,11.25,65.9,1.19,503311,-547387,11.11,61.0,1.31,2336473,-1332047,11.19,63.8,1.28,2839784,-1332047,0.9194792715208802,1.754046966811231,False,2.5464210006225025
SILVER,15,6.0,1h,0.2@0.4,10,False,10.5,65.1,1.18,468304,-545233,11.11,61.0,1.37,2658776,-1541676,10.76,63.3,1.32,3127080,-1541676,0.8589061923984792,1.724601018631671,False,2.656666091262787
SILVER,15,6.0,1h,0.2@0.4,10,True,10.5,65.1,1.18,476405,-545233,11.11,61.0,1.37,2658776,-1541676,10.76,63.3,1.32,3135181,-1541676,0.8737640605025742,1.724601018631671,False,2.661619511896628
SILVER,15,6.0,1h,0.25@0.5,0,False,4.67,60.7,1.06,63054,-418968,5.22,63.8,1.82,2555452,-786745,4.9,62.1,1.61,2618506,-786745,0.15049836741708197,3.2481324952811903,False,2.7439845523037847
SILVER,15,6.0,1h,0.25@0.5,0,True,4.67,60.7,1.06,71154,-410868,5.22,63.8,1.82,2555452,-786745,4.9,62.1,1.62,2626606,-786745,0.1731797073512661,3.2481324952811903,False,2.7492003140000745
SILVER,15,6.0,1h+4h,0.1@0.3,0,False,2.5,66.7,1.68,277456,-157160,2.89,73.1,1.49,708066,-797573,2.67,69.6,1.53,985522,-797573,1.7654364978365997,0.8877757898023128,False,1.8131156682237075
SILVER,15,6.0,1h+4h,0.1@0.3,0,True,2.5,66.7,1.68,277456,-157160,2.89,73.1,1.49,708066,-797573,2.67,69.6,1.53,985522,-797573,1.7654364978365997,0.8877757898023128,False,1.8156290807435487
SILVER,15,6.0,1h+4h,0.1@0.3,5,False,6.42,71.4,1.76,786118,-269235,7.0,69.8,1.66,2970271,-1771731,6.67,70.7,1.68,3756389,-1771731,2.9198209742418335,1.6764796687533265,False,2.9770225760562186
SILVER,15,6.0,1h+4h,0.1@0.3,5,True,6.42,71.4,1.76,786118,-269235,7.0,69.8,1.66,2970271,-1771731,6.67,70.7,1.68,3756389,-1771731,2.9198209742418335,1.6764796687533265,False,2.9787609853730626
SILVER,15,6.0,1h,0.25@0.5,5,False,10.58,64.6,1.3,738942,-486931,10.33,58.1,1.4,2988879,-1180126,10.48,61.8,1.38,3727820,-1180126,1.5175497144359262,2.532677866600685,False,2.9252597291084355
SILVER,15,6.0,1h,0.25@0.5,5,True,10.58,64.6,1.31,747042,-486931,10.33,58.1,1.4,2988879,-1180126,10.48,61.8,1.38,3735921,-1180126,1.5341845148491264,2.532677866600685,False,2.9311586139544574
SILVER,15,6.0,1h,0.25@0.5,10,False,10.0,64.2,1.23,566603,-518924,10.44,59.6,1.5,3513251,-1346385,10.19,62.1,1.43,4079853,-1346385,1.0918805065867063,2.609395529510504,False,2.908680283315958
SILVER,15,6.0,1h,0.25@0.5,10,True,10.0,64.2,1.23,574703,-518924,10.44,59.6,1.5,3513251,-1346385,10.19,62.1,1.43,4087954,-1346385,1.107489728746406,2.609395529510504,False,2.91261686688062
SILVER,15,6.0,1h+4h,0.1@0.3,10,False,6.08,71.2,1.71,720351,-269220,6.89,72.6,1.79,3140670,-1771731,6.43,71.9,1.77,3861020,-1771731,2.675696456429686,1.7726562328028352,False,2.8405273718540758
SILVER,15,6.0,1h+4h,0.1@0.3,10,True,6.08,71.2,1.71,720351,-269220,6.89,72.6,1.79,3140670,-1771731,6.43,71.9,1.77,3861020,-1771731,2.675696456429686,1.7726562328028352,False,2.8424631080873732
SILVER,15,6.0,1h+4h,0.15@0.3,0,False,2.5,70.0,1.83,338498,-150104,2.89,73.1,1.63,907982,-781883,2.67,71.4,1.67,1246480,-781883,2.255089804402281,1.1612760476951156,False,2.136214592750558
SILVER,15,6.0,1h+4h,0.15@0.3,0,True,2.5,70.0,1.83,338498,-150104,2.89,73.1,1.63,907982,-781883,2.67,71.4,1.67,1246480,-781883,2.255089804402281,1.1612760476951156,False,2.138525661457204
SILVER,15,6.0,1h+4h,0.15@0.3,5,False,6.58,73.4,1.84,894148,-268733,7.78,71.4,1.61,2847051,-1777415,7.1,72.5,1.65,3741199,-1777415,3.327272794930284,1.6017930533949585,False,3.3809233039874362
SILVER,15,6.0,1h+4h,0.15@0.3,5,True,6.58,73.4,1.84,894148,-268733,7.78,71.4,1.61,2847051,-1777415,7.1,72.5,1.65,3741199,-1777415,3.327272794930284,1.6017930533949585,False,3.38247730956582
SILVER,15,6.0,1h+4h,0.15@0.3,10,False,6.42,71.4,1.74,795155,-265850,7.11,71.9,1.8,3359257,-1756041,6.71,71.6,1.79,4154412,-1756041,2.990991160428813,1.912971849746105,False,3.255332391169623
SILVER,15,6.0,1h+4h,0.15@0.3,10,True,6.42,71.4,1.74,795155,-265850,7.11,71.9,1.8,3359257,-1756041,6.71,71.6,1.79,4154412,-1756041,2.990991160428813,1.912971849746105,False,3.257103911422692
SILVER,15,6.0,1h+4h,0.2@0.4,0,False,2.5,66.7,2.43,623678,-176333,2.89,69.2,2.14,1794575,-766195,2.67,67.9,2.21,2418253,-766195,3.536932962066091,2.3421909566102626,False,2.5940919272814305
SILVER,15,6.0,1h+4h,0.2@0.4,0,True,2.5,66.7,2.43,623678,-176333,2.89,69.2,2.14,1794575,-766195,2.67,67.9,2.21,2418253,-766195,3.536932962066091,2.3421909566102626,False,2.59722833892607
SILVER,15,6.0,1h+4h,0.2@0.4,5,False,6.42,71.4,1.88,953604,-225901,6.33,64.9,2.16,4286900,-984807,6.38,68.7,2.1,5240504,-984807,4.221335894927424,4.353035670948724,False,3.339524352359311
SILVER,15,6.0,1h+4h,0.2@0.4,5,True,6.42,71.4,1.88,953604,-225901,6.33,64.9,2.16,4286900,-984807,6.38,68.7,2.1,5240504,-984807,4.221335894927424,4.353035670948724,False,3.3411687303060127
SILVER,15,6.0,1h+4h,0.2@0.4,10,False,6.0,72.2,1.98,968324,-225901,6.44,65.5,2.19,4318965,-1123410,6.19,69.2,2.14,5287288,-1123410,4.286497182394058,3.8445135791919247,False,3.3328909930080983
SILVER,15,6.0,1h+4h,0.2@0.4,10,True,6.0,72.2,1.98,968324,-225901,6.44,65.5,2.19,4318965,-1123410,6.19,69.2,2.14,5287288,-1123410,4.286497182394058,3.8445135791919247,False,3.3347482265211106
SILVER,15,6.0,1h+4h,0.25@0.5,0,False,2.5,70.0,2.3,550350,-169457,2.89,69.2,2.75,2747179,-464145,2.67,69.6,2.66,3297529,-464145,3.247726561900659,5.918794773185104,False,2.717545078342659
SILVER,15,6.0,1h+4h,0.25@0.5,0,True,2.5,70.0,2.3,550350,-169457,2.89,69.2,2.75,2747179,-464145,2.67,69.6,2.66,3297529,-464145,3.247726561900659,5.918794773185104,False,2.7207852697618278
SILVER,15,6.0,1h+4h,0.25@0.5,5,False,6.08,71.2,1.9,974014,-292603,5.78,63.5,2.37,4867526,-984807,5.95,68.0,2.26,5841541,-984807,3.3287902037914856,4.942619213713956,False,3.8406771278947107
SILVER,15,6.0,1h+4h,0.25@0.5,5,True,6.08,71.2,1.9,974014,-292603,5.78,63.5,2.37,4867526,-984807,5.95,68.0,2.26,5841541,-984807,3.3287902037914856,4.942619213713956,False,3.8427564779463608
SILVER,15,6.0,1h+4h,0.25@0.5,10,False,5.83,70.0,1.77,853535,-292603,6.0,64.8,2.42,4950496,-1071322,5.9,67.7,2.26,5804031,-1071322,2.917041178661873,4.6209225610974105,False,3.8579889510688945
SILVER,15,6.0,1h+4h,0.25@0.5,10,True,5.83,70.0,1.77,853535,-292603,6.0,64.8,2.42,4950496,-1071322,5.9,67.7,2.26,5804031,-1071322,2.917041178661873,4.6209225610974105,False,3.860218839948852
