symbol,tf,mult,filt,lock,reentry_h,exit_htf,tpm_25,win_25,pf_25,net_25,dd_25,tpm_26,win_26,pf_26,net_26,dd_26,tpm_all,win_all,pf_all,net_all,dd_all
SILVER,3,4.0,D,0.1@0.3,0,False,56.08,29.3,1.02,78889,-824990,57.89,58.5,0.85,-1446790,-2389426,56.86,42.0,0.9,-1367901,-2389426
SILVER,3,4.0,D,0.1@0.3,0,True,56.08,26.3,0.84,-432284,-836375,57.89,48.9,0.68,-2539624,-3276106,56.86,36.2,0.72,-2971908,-3276106
SILVER,3,4.0,D,0.1@0.3,5,False,72.83,30.1,1.19,815606,-980883,82.33,59.0,1.0,-13266,-2399404,76.9,43.3,1.05,802340,-2399404
SILVER,3,4.0,D,0.1@0.3,5,True,114.83,27.6,0.9,-505109,-1475277,122.22,47.8,0.83,-2213971,-3950377,118.0,36.6,0.85,-2719080,-3950377
SILVER,3,4.0,D,0.1@0.3,10,False,68.83,30.4,1.23,925945,-987036,72.89,60.1,0.97,-407719,-2132004,70.57,43.5,1.03,518226,-2132004
SILVER,3,4.0,D,0.1@0.3,10,True,95.58,28.2,0.98,-106335,-1286646,97.33,49.4,0.82,-1976413,-3563876,96.33,37.4,0.86,-2082748,-3563876
SILVER,3,4.0,D,0.15@0.3,0,False,56.08,40.0,1.08,251935,-772679,57.89,67.8,0.74,-2466753,-3573419,56.86,52.1,0.83,-2214818,-3573419
SILVER,3,4.0,D,0.15@0.3,0,True,56.08,32.7,0.89,-287178,-805925,57.89,54.9,0.53,-3748049,-4281688,56.86,42.4,0.62,-4035227,-4281688
SILVER,3,4.0,D,0.2@0.4,0,False,56.08,48.1,1.0,7257,-1019790,57.89,67.9,0.89,-1203251,-2993653,56.86,56.8,0.92,-1195994,-2993653
SILVER,3,4.0,D,0.2@0.4,0,True,56.08,36.6,0.95,-162098,-940339,57.89,53.7,0.7,-2759615,-3438582,56.86,44.1,0.76,-2921713,-3438582
SILVER,3,4.0,D,0.2@0.4,5,False,73.08,49.5,1.14,688289,-1242898,77.33,67.7,1.1,1463717,-2270046,74.9,57.5,1.11,2152007,-2270046
SILVER,3,4.0,D,0.2@0.4,5,True,114.08,35.4,0.97,-176022,-1578568,119.22,50.2,0.92,-1202906,-3518143,116.29,41.9,0.93,-1378928,-3518143
SILVER,3,4.0,D,0.15@0.3,5,False,76.25,41.5,1.2,882062,-1000788,85.56,67.5,1.01,130699,-2449333,80.24,53.4,1.06,1012761,-2449333
SILVER,3,4.0,D,0.15@0.3,5,True,116.75,32.3,0.93,-346050,-1461901,124.11,51.7,0.84,-2170160,-3641990,119.9,40.9,0.86,-2516210,-3641990
SILVER,3,4.0,D,0.15@0.3,10,False,71.42,41.9,1.24,986150,-982338,77.11,69.2,0.9,-1162893,-2475700,73.86,54.1,0.99,-176743,-2475700
SILVER,3,4.0,D,0.15@0.3,10,True,97.0,33.2,1.01,34440,-1272577,100.33,54.2,0.75,-2890736,-3580046,98.43,42.4,0.82,-2856297,-3580046
SILVER,3,4.0,D+1h,0.1@0.3,0,False,32.5,29.2,1.06,115721,-427687,35.67,58.6,0.79,-1348131,-2276837,33.86,42.5,0.85,-1232410,-2276837
SILVER,3,4.0,D+1h,0.1@0.3,0,True,32.5,29.2,1.06,115721,-427687,35.67,58.6,0.79,-1348131,-2276837,33.86,42.5,0.85,-1232410,-2276837
SILVER,3,4.0,D+1h,0.1@0.3,5,False,43.0,30.4,1.38,988408,-465545,52.67,59.7,0.97,-244145,-2163175,47.14,44.4,1.06,744263,-2163175
SILVER,3,4.0,D+1h,0.1@0.3,5,True,43.0,30.4,1.38,988408,-465545,52.67,59.7,0.97,-244145,-2163175,47.14,44.4,1.06,744263,-2163175
SILVER,3,4.0,D,0.2@0.4,10,False,68.58,49.8,1.2,947941,-1217279,72.78,68.9,1.02,226205,-2592611,70.38,58.3,1.06,1174146,-2592611
SILVER,3,4.0,D,0.2@0.4,10,True,95.5,36.6,1.05,218223,-1398059,98.0,52.8,0.87,-1603483,-3536241,96.57,43.6,0.92,-1385260,-3536241
SILVER,3,4.0,D,0.25@0.5,0,False,56.08,52.3,1.11,479411,-1024852,57.89,63.7,0.99,-153090,-2881463,56.86,57.3,1.02,326321,-2881463
SILVER,3,4.0,D,0.25@0.5,0,True,56.08,39.7,1.06,195812,-905520,57.89,51.4,0.85,-1505630,-2887279,56.86,44.8,0.9,-1309818,-2887279
SILVER,3,4.0,D,0.25@0.5,5,False,68.33,53.0,1.25,1292451,-1138168,73.78,63.6,1.07,1138400,-2298484,70.67,57.7,1.12,2430851,-2298484
SILVER,3,4.0,D,0.25@0.5,5,True,111.42,35.5,0.97,-150322,-1656918,116.33,47.7,0.9,-1545406,-3573742,113.52,40.9,0.92,-1695729,-3573742
SILVER,3,4.0,D,0.25@0.5,10,False,65.08,53.0,1.28,1378748,-1155067,70.33,63.8,1.0,-37922,-2484767,67.33,57.9,1.07,1340826,-2484767
SILVER,3,4.0,D,0.25@0.5,10,True,93.08,37.0,1.05,257001,-1419510,95.22,49.5,0.88,-1655891,-3444345,94.0,42.4,0.92,-1398889,-3444345
SILVER,3,4.0,D+1h,0.1@0.3,10,False,40.67,31.1,1.41,1044936,-493602,46.67,60.7,0.95,-420965,-2256692,43.24,44.8,1.06,623971,-2256692
SILVER,3,4.0,D+1h,0.1@0.3,10,True,40.67,31.1,1.41,1044936,-493602,46.67,60.7,0.95,-420965,-2256692,43.24,44.8,1.06,623971,-2256692
SILVER,3,4.0,D+1h,0.15@0.3,0,False,32.5,39.7,1.13,257340,-399653,35.67,67.9,0.59,-2565154,-3121285,33.86,52.5,0.72,-2307814,-3121285
SILVER,3,4.0,D+1h,0.15@0.3,0,True,32.5,39.7,1.13,257340,-399653,35.67,67.9,0.59,-2565154,-3121285,33.86,52.5,0.72,-2307814,-3121285
SILVER,3,4.0,D+1h,0.2@0.4,0,False,32.5,46.7,1.18,389031,-600092,35.67,66.7,0.79,-1543490,-2249695,33.86,55.7,0.88,-1154459,-2249695
SILVER,3,4.0,D+1h,0.2@0.4,0,True,32.5,46.7,1.18,389031,-600092,35.67,66.7,0.79,-1543490,-2249695,33.86,55.7,0.88,-1154459,-2249695
SILVER,3,4.0,D+1h,0.2@0.4,5,False,42.42,49.3,1.44,1275624,-637745,49.67,67.1,1.08,778227,-2168660,45.52,57.6,1.16,2053851,-2168660
SILVER,3,4.0,D+1h,0.2@0.4,5,True,42.42,49.3,1.44,1275624,-637745,49.67,67.1,1.08,778227,-2168660,45.52,57.6,1.16,2053851,-2168660
SILVER,3,4.0,D+1h,0.2@0.4,10,False,40.75,48.9,1.47,1330683,-698059,47.33,68.5,1.0,-32718,-2334473,43.57,58.0,1.11,1297965,-2334473
SILVER,3,4.0,D+1h,0.2@0.4,10,True,40.75,48.9,1.47,1330683,-698059,47.33,68.5,1.0,-32718,-2334473,43.57,58.0,1.11,1297965,-2334473
SILVER,3,4.0,D+1h,0.25@0.5,0,False,32.5,51.8,1.29,743632,-543882,35.67,63.2,0.97,-282185,-2146892,33.86,57.0,1.04,461447,-2146892
SILVER,3,4.0,D+1h,0.25@0.5,0,True,32.5,51.8,1.29,743632,-543882,35.67,63.2,0.97,-282185,-2146892,33.86,57.0,1.04,461447,-2146892
SILVER,3,4.0,D+1h,0.15@0.3,5,False,44.92,41.7,1.44,1145437,-454772,54.56,67.8,0.97,-244569,-1953516,49.05,54.2,1.08,900867,-1953516
SILVER,3,4.0,D+1h,0.15@0.3,5,True,44.92,41.7,1.44,1145437,-454772,54.56,67.8,0.97,-244569,-1953516,49.05,54.2,1.08,900867,-1953516
SILVER,3,4.0,D+1h,0.15@0.3,10,False,42.08,42.0,1.47,1183997,-486609,49.67,69.4,0.84,-1366815,-2163206,45.33,54.8,0.98,-182818,-2163206
SILVER,3,4.0,D+1h,0.15@0.3,10,True,42.08,42.0,1.47,1183997,-486609,49.67,69.4,0.84,-1366815,-2163206,45.33,54.8,0.98,-182818,-2163206
SILVER,3,4.0,D+1h,0.25@0.5,5,False,39.75,51.6,1.41,1324486,-659039,46.89,62.8,1.04,445323,-1980468,42.81,56.8,1.13,1769809,-1980468
SILVER,3,4.0,D+1h,0.25@0.5,5,True,39.75,51.6,1.41,1324486,-659039,46.89,62.8,1.04,445323,-1980468,42.81,56.8,1.13,1769809,-1980468
SILVER,3,4.0,D+1h,0.25@0.5,10,False,38.33,51.3,1.45,1384361,-674237,44.67,63.2,0.99,-79996,-2161475,41.05,56.8,1.1,1304365,-2161475
SILVER,3,4.0,D+1h,0.25@0.5,10,True,38.33,51.3,1.45,1384361,-674237,44.67,63.2,0.99,-79996,-2161475,41.05,56.8,1.1,1304365,-2161475
SILVER,3,4.0,D+4h,0.1@0.3,0,False,29.83,32.1,0.92,-174253,-522273,41.44,59.2,0.91,-630726,-1633144,34.81,46.0,0.91,-804979,-1633144
SILVER,3,4.0,D+4h,0.1@0.3,0,True,29.83,28.5,0.76,-434514,-562024,41.44,52.3,0.81,-1192705,-2047567,34.81,40.6,0.8,-1627220,-2047567
SILVER,3,4.0,D+4h,0.1@0.3,5,False,39.33,34.7,1.26,722755,-454719,58.78,59.0,1.08,832672,-2070731,47.67,47.6,1.12,1555427,-2070731
SILVER,3,4.0,D+4h,0.1@0.3,5,True,57.5,30.4,1.04,116049,-645937,83.56,49.7,0.99,-141830,-1996616,68.67,40.5,1.0,-25781,-1996616
SILVER,3,4.0,D+4h,0.1@0.3,10,False,37.17,35.0,1.29,779182,-504451,52.22,60.2,1.03,277442,-1915085,43.62,47.9,1.09,1056624,-1915085
SILVER,3,4.0,D+4h,0.1@0.3,10,True,47.83,32.1,1.13,340092,-616479,67.67,52.1,0.97,-218111,-2103213,56.33,42.3,1.01,121981,-2103213
SILVER,3,4.0,D+4h,0.15@0.3,0,False,29.83,45.3,1.0,4220,-477614,41.44,68.9,0.74,-1807705,-2914371,34.81,57.3,0.8,-1803484,-2914371
SILVER,3,4.0,D+4h,0.15@0.3,0,True,29.83,37.7,0.84,-294893,-447604,41.44,59.0,0.59,-2489196,-3022835,34.81,48.6,0.65,-2784089,-3022835
SILVER,3,4.0,D+4h,0.2@0.4,0,False,29.83,49.4,0.98,-51490,-580479,41.44,68.6,0.9,-831750,-2607069,34.81,59.2,0.92,-883240,-2607069
SILVER,3,4.0,D+4h,0.2@0.4,0,True,29.83,40.5,0.93,-136008,-472001,41.44,57.1,0.75,-1784127,-2463094,34.81,49.0,0.79,-1920135,-2463094
SILVER,3,4.0,D+4h,0.2@0.4,5,False,39.58,49.5,1.24,780485,-593908,55.44,67.9,1.17,1901663,-2020815,46.38,58.9,1.18,2682148,-2020815
SILVER,3,4.0,D+4h,0.2@0.4,5,True,57.0,38.3,1.14,426502,-704179,81.67,52.4,1.04,465014,-2360442,67.57,45.6,1.06,891516,-2360442
SILVER,3,4.0,D+4h,0.15@0.3,5,False,41.5,46.2,1.29,813123,-441628,60.89,67.7,1.07,768100,-2035423,49.81,57.5,1.12,1581223,-2035423
SILVER,3,4.0,D+4h,0.15@0.3,5,True,59.08,36.5,1.06,178940,-626264,85.11,54.2,0.98,-226713,-1847208,70.24,45.7,1.0,-47773,-1847208
SILVER,3,4.0,D+4h,0.15@0.3,10,False,38.67,47.4,1.32,855238,-483069,55.67,69.7,0.92,-695622,-2265184,45.95,59.0,1.01,159616,-2265184
SILVER,3,4.0,D+4h,0.15@0.3,10,True,49.0,39.3,1.15,388100,-592560,70.67,57.5,0.85,-1277834,-2117873,58.29,48.8,0.92,-889734,-2117873
SILVER,3,4.0,D+4h,0.2@0.4,10,False,36.92,50.6,1.32,972878,-617242,53.22,69.7,1.06,604139,-2142431,43.9,60.5,1.12,1577017,-2142431
SILVER,3,4.0,D+4h,0.2@0.4,10,True,47.5,41.2,1.25,699516,-635974,69.0,56.0,0.98,-177705,-2468934,56.71,49.0,1.04,521811,-2468934
SILVER,3,4.0,D+4h,0.25@0.5,0,False,29.83,51.1,1.01,30452,-644513,41.44,63.3,0.98,-172894,-2486371,34.81,57.3,0.99,-142442,-2486371
SILVER,3,4.0,D+4h,0.25@0.5,0,True,29.83,42.2,0.94,-126716,-493507,41.44,53.9,0.9,-750052,-2249543,34.81,48.2,0.91,-876768,-2249543
SILVER,3,4.0,D+1h+4h,0.1@0.3,0,False,19.75,33.8,0.89,-164482,-397819,27.67,59.4,0.89,-578107,-1523411,23.14,46.9,0.89,-742589,-1523411
SILVER,3,4.0,D+1h+4h,0.1@0.3,0,True,19.75,33.8,0.89,-164482,-397819,27.67,59.4,0.89,-578107,-1523411,23.14,46.9,0.89,-742589,-1523411
SILVER,3,4.0,D+1h+4h,0.1@0.3,5,False,26.83,37.9,1.46,840917,-294447,40.0,60.3,1.09,643202,-1199315,32.48,49.7,1.17,1484119,-1199315
SILVER,3,4.0,D+1h+4h,0.1@0.3,5,True,26.83,37.9,1.46,840917,-294447,40.0,60.3,1.09,643202,-1199315,32.48,49.7,1.17,1484119,-1199315
SILVER,3,4.0,D+1h+4h,0.1@0.3,10,False,25.58,38.1,1.47,842742,-361867,36.0,61.1,1.05,296310,-1582780,30.05,49.9,1.14,1139052,-1582780
SILVER,3,4.0,D+1h+4h,0.1@0.3,10,True,25.58,38.1,1.47,842742,-361867,36.0,61.1,1.05,296310,-1582780,30.05,49.9,1.14,1139052,-1582780
SILVER,3,4.0,D+1h+4h,0.15@0.3,0,False,19.75,47.3,0.98,-26414,-288230,27.67,69.1,0.63,-1880470,-2436600,23.14,58.4,0.71,-1906884,-2436600
SILVER,3,4.0,D+1h+4h,0.15@0.3,0,True,19.75,47.3,0.98,-26414,-288230,27.67,69.1,0.63,-1880470,-2436600,23.14,58.4,0.71,-1906884,-2436600
SILVER,3,4.0,D+4h,0.25@0.5,5,False,36.75,51.9,1.32,1109665,-606937,53.22,63.0,1.12,1388874,-2159774,43.81,57.7,1.16,2498538,-2159774
SILVER,3,4.0,D+4h,0.25@0.5,5,True,55.42,38.2,1.11,367570,-797097,79.44,49.5,1.01,129067,-2222165,65.71,44.1,1.03,496637,-2222165
SILVER,3,4.0,D+4h,0.25@0.5,10,False,35.17,53.1,1.37,1216530,-593493,51.22,63.8,1.02,199640,-2102354,42.05,58.7,1.1,1416170,-2102354
SILVER,3,4.0,D+4h,0.25@0.5,10,True,46.25,41.4,1.21,648588,-672841,66.78,52.2,0.97,-348594,-2322919,55.05,47.1,1.02,299994,-2322919
SILVER,3,4.0,D+1h+4h,0.15@0.3,5,False,28.42,49.9,1.49,898922,-271506,41.56,68.7,1.07,536859,-1187598,34.05,59.7,1.15,1435781,-1187598
SILVER,3,4.0,D+1h+4h,0.15@0.3,5,True,28.42,49.9,1.49,898922,-271506,41.56,68.7,1.07,536859,-1187598,34.05,59.7,1.15,1435781,-1187598
SILVER,3,4.0,D+1h+4h,0.15@0.3,10,False,26.75,50.8,1.49,889054,-332902,39.0,70.1,0.89,-778755,-1511088,32.0,60.9,1.01,110299,-1511088
SILVER,3,4.0,D+1h+4h,0.15@0.3,10,True,26.75,50.8,1.49,889054,-332902,39.0,70.1,0.89,-778755,-1511088,32.0,60.9,1.01,110299,-1511088
SILVER,3,4.0,D+1h+4h,0.2@0.4,0,False,19.75,51.9,1.08,137150,-367755,27.67,67.1,0.81,-1151849,-1858054,23.14,59.7,0.87,-1014698,-1858054
SILVER,3,4.0,D+1h+4h,0.2@0.4,0,True,19.75,51.9,1.08,137150,-367755,27.67,67.1,0.81,-1151849,-1858054,23.14,59.7,0.87,-1014698,-1858054
SILVER,3,4.0,D+1h+4h,0.2@0.4,5,False,26.33,54.4,1.55,1143628,-395647,38.11,67.1,1.15,1240826,-1545802,31.38,61.0,1.23,2384453,-1545802
SILVER,3,4.0,D+1h+4h,0.2@0.4,5,True,26.33,54.4,1.55,1143628,-395647,38.11,67.1,1.15,1240826,-1545802,31.38,61.0,1.23,2384453,-1545802
SILVER,3,4.0,D+1h+4h,0.2@0.4,10,False,25.25,54.8,1.59,1196685,-449254,37.33,68.8,1.04,334911,-1851617,30.43,62.1,1.16,1531596,-1851617
SILVER,3,4.0,D+1h+4h,0.2@0.4,10,True,25.25,54.8,1.59,1196685,-449254,37.33,68.8,1.04,334911,-1851617,30.43,62.1,1.16,1531596,-1851617
SILVER,3,4.0,D+1h+4h,0.25@0.5,0,False,19.75,54.0,1.08,143796,-389030,27.67,62.7,0.98,-110454,-1716012,23.14,58.4,1.0,33341,-1716012
SILVER,3,4.0,D+1h+4h,0.25@0.5,0,True,19.75,54.0,1.08,143796,-389030,27.67,62.7,0.98,-110454,-1716012,23.14,58.4,1.0,33341,-1716012
SILVER,3,4.0,D+1h+4h,0.25@0.5,5,False,24.75,55.2,1.47,1086247,-433853,35.89,62.2,1.1,912062,-1413693,29.52,58.9,1.18,1998309,-1413693
SILVER,3,4.0,D+1h+4h,0.25@0.5,5,True,24.75,55.2,1.47,1086247,-433853,35.89,62.2,1.1,912062,-1413693,29.52,58.9,1.18,1998309,-1413693
SILVER,3,4.0,D+1h+4h,0.25@0.5,10,False,24.0,55.9,1.51,1146155,-433696,35.11,63.0,1.02,186738,-1696239,28.76,59.6,1.13,1332893,-1696239
SILVER,3,4.0,D+1h+4h,0.25@0.5,10,True,24.0,55.9,1.51,1146155,-433696,35.11,63.0,1.02,186738,-1696239,28.76,59.6,1.13,1332893,-1696239
SILVER,3,4.0,1h,0.1@0.3,0,False,59.25,26.9,0.77,-876711,-1213466,56.11,58.4,1.11,963643,-2652258,57.9,40.0,1.01,86932,-2652258
SILVER,3,4.0,1h,0.1@0.3,0,True,59.25,26.9,0.77,-876711,-1213466,56.11,58.4,1.11,963643,-2652258,57.9,40.0,1.01,86932,-2652258
SILVER,3,4.0,1h,0.1@0.3,5,False,79.17,28.1,0.96,-218737,-1156551,80.78,59.1,1.15,1953164,-1861167,79.86,41.6,1.1,1734427,-1861167
SILVER,3,4.0,1h,0.1@0.3,5,True,79.17,28.1,0.96,-218737,-1156551,80.78,59.1,1.15,1953164,-1861167,79.86,41.6,1.1,1734427,-1861167
SILVER,3,4.0,1h,0.1@0.3,10,False,73.92,28.6,1.02,79193,-1092995,72.44,60.0,1.15,1723650,-2104770,73.29,41.9,1.11,1802844,-2104770
SILVER,3,4.0,1h,0.1@0.3,10,True,73.92,28.6,1.02,79193,-1092995,72.44,60.0,1.15,1723650,-2104770,73.29,41.9,1.11,1802844,-2104770
SILVER,3,4.0,1h,0.15@0.3,0,False,59.25,37.0,0.82,-679506,-1113347,56.11,67.1,0.98,-211563,-3253796,57.9,49.5,0.93,-891069,-3253796
SILVER,3,4.0,1h,0.15@0.3,0,True,59.25,37.0,0.82,-679506,-1113347,56.11,67.1,0.98,-211563,-3253796,57.9,49.5,0.93,-891069,-3253796
SILVER,3,4.0,1h,0.15@0.3,5,False,83.17,39.5,0.93,-385528,-1178501,84.11,67.1,1.15,2019028,-1593809,83.57,51.4,1.09,1633500,-1593809
SILVER,3,4.0,1h,0.15@0.3,5,True,83.17,39.5,0.93,-385528,-1178501,84.11,67.1,1.15,2019028,-1593809,83.57,51.4,1.09,1633500,-1593809
SILVER,3,4.0,1h,0.15@0.3,10,False,77.25,40.0,0.98,-121180,-1107279,76.67,68.3,1.06,735385,-2134018,77.0,52.1,1.04,614205,-2134018
SILVER,3,4.0,1h,0.15@0.3,10,True,77.25,40.0,0.98,-121180,-1107279,76.67,68.3,1.06,735385,-2134018,77.0,52.1,1.04,614205,-2134018
SILVER,3,4.0,1h,0.2@0.4,0,False,59.25,44.9,0.9,-434869,-1117460,56.11,63.8,1.13,1460813,-2173306,57.9,52.7,1.07,1025944,-2173306
SILVER,3,4.0,1h,0.2@0.4,0,True,59.25,44.9,0.9,-434869,-1117460,56.11,63.8,1.13,1460813,-2173306,57.9,52.7,1.07,1025944,-2173306
SILVER,3,4.0,1h,0.2@0.4,5,False,78.25,47.0,1.01,40412,-1326514,76.89,64.7,1.24,3539490,-1788983,77.67,54.5,1.18,3579902,-1788983
SILVER,3,4.0,1h,0.2@0.4,5,True,78.25,47.0,1.01,40412,-1326514,76.89,64.7,1.24,3539490,-1788983,77.67,54.5,1.18,3579902,-1788983
SILVER,3,4.0,1h,0.2@0.4,10,False,74.08,46.8,1.07,350958,-1256398,73.22,65.7,1.18,2475832,-2455943,73.71,54.8,1.15,2826791,-2455943
SILVER,3,4.0,1h,0.2@0.4,10,True,74.08,46.8,1.07,350958,-1256398,73.22,65.7,1.18,2475832,-2455943,73.71,54.8,1.15,2826791,-2455943
SILVER,3,4.0,1h,0.25@0.5,0,False,59.25,50.2,0.97,-133559,-1145948,56.11,60.4,1.25,3037933,-2208074,57.9,54.4,1.17,2904374,-2208074
SILVER,3,4.0,1h,0.25@0.5,0,True,59.25,50.2,0.97,-133559,-1145948,56.11,60.4,1.25,3037933,-2208074,57.9,54.4,1.17,2904374,-2208074
SILVER,3,4.0,1h,0.25@0.5,5,False,74.5,50.4,1.0,15302,-1501187,73.22,60.2,1.21,3355040,-1333468,73.95,54.6,1.15,3370341,-1501187
SILVER,3,4.0,1h,0.25@0.5,5,True,74.5,50.4,1.0,15302,-1501187,73.22,60.2,1.21,3355040,-1333468,73.95,54.6,1.15,3370341,-1501187
SILVER,3,4.0,1h,0.25@0.5,10,False,70.83,50.6,1.04,236033,-1367193,69.33,60.7,1.19,2819807,-1781740,70.19,54.9,1.15,3055840,-1781740
SILVER,3,4.0,1h,0.25@0.5,10,True,70.83,50.6,1.04,236033,-1367193,69.33,60.7,1.19,2819807,-1781740,70.19,54.9,1.15,3055840,-1781740
SILVER,3,4.0,1h+4h,0.1@0.3,0,False,33.25,29.6,0.72,-688318,-886309,35.33,57.5,1.02,107569,-2544308,34.14,42.0,0.94,-580749,-2544308
SILVER,3,4.0,1h+4h,0.1@0.3,0,True,33.25,29.6,0.72,-688318,-886309,35.33,57.5,1.02,107569,-2544308,34.14,42.0,0.94,-580749,-2544308
SILVER,3,4.0,1h+4h,0.1@0.3,5,False,44.75,33.3,1.04,134632,-474955,51.56,59.1,1.15,1343637,-2072418,47.67,45.3,1.12,1478269,-2072418
SILVER,3,4.0,1h+4h,0.1@0.3,5,True,44.75,33.3,1.04,134632,-474955,51.56,59.1,1.15,1343637,-2072418,47.67,45.3,1.12,1478269,-2072418
SILVER,3,4.0,1h+4h,0.1@0.3,10,False,42.25,33.3,1.07,225318,-481347,46.22,59.6,1.14,1131519,-2216936,43.95,45.2,1.12,1356837,-2216936
SILVER,3,4.0,1h+4h,0.1@0.3,10,True,42.25,33.3,1.07,225318,-481347,46.22,59.6,1.14,1131519,-2216936,43.95,45.2,1.12,1356837,-2216936
SILVER,3,4.0,1h+4h,0.15@0.3,0,False,33.25,42.4,0.79,-499289,-722728,35.33,67.0,0.81,-1233465,-3271468,34.14,53.3,0.8,-1732754,-3271468
SILVER,3,4.0,1h+4h,0.15@0.3,0,True,33.25,42.4,0.79,-499289,-722728,35.33,67.0,0.81,-1233465,-3271468,34.14,53.3,0.8,-1732754,-3271468
SILVER,3,4.0,1h+4h,0.15@0.3,5,False,47.08,45.7,1.07,212835,-481121,53.56,67.4,1.14,1298465,-1852397,49.86,55.7,1.12,1511300,-1852397
SILVER,3,4.0,1h+4h,0.15@0.3,5,True,47.08,45.7,1.07,212835,-481121,53.56,67.4,1.14,1298465,-1852397,49.86,55.7,1.12,1511300,-1852397
SILVER,3,4.0,1h+4h,0.15@0.3,10,False,44.17,46.0,1.09,280840,-489242,49.67,68.7,1.01,106858,-2301914,46.52,56.4,1.03,387699,-2301914
SILVER,3,4.0,1h+4h,0.15@0.3,10,True,44.17,46.0,1.09,280840,-489242,49.67,68.7,1.01,106858,-2301914,46.52,56.4,1.03,387699,-2301914
SILVER,3,4.0,1h+4h,0.2@0.4,0,False,33.25,48.1,0.87,-339107,-713319,35.33,63.5,0.99,-61314,-2480817,34.14,55.0,0.96,-400421,-2480817
SILVER,3,4.0,1h+4h,0.2@0.4,0,True,33.25,48.1,0.87,-339107,-713319,35.33,63.5,0.99,-61314,-2480817,34.14,55.0,0.96,-400421,-2480817
SILVER,3,4.0,1h+4h,0.2@0.4,5,False,43.75,50.5,1.13,465628,-596626,48.78,64.9,1.22,2257272,-2053772,45.9,57.1,1.2,2722900,-2053772
SILVER,3,4.0,1h+4h,0.2@0.4,5,True,43.75,50.5,1.13,465628,-596626,48.78,64.9,1.22,2257272,-2053772,45.9,57.1,1.2,2722900,-2053772
SILVER,3,4.0,1h+4h,0.2@0.4,10,False,41.83,50.4,1.18,608658,-629243,47.22,66.1,1.14,1338623,-2489135,44.14,57.6,1.15,1947281,-2489135
SILVER,3,4.0,1h+4h,0.2@0.4,10,True,41.83,50.4,1.18,608658,-629243,47.22,66.1,1.14,1338623,-2489135,44.14,57.6,1.15,1947281,-2489135
SILVER,3,4.0,1h+4h,0.25@0.5,0,False,33.25,51.1,0.88,-348248,-727494,35.33,59.7,1.13,1169907,-2371335,34.14,55.0,1.07,821659,-2371335
SILVER,3,4.0,1h+4h,0.25@0.5,0,True,33.25,51.1,0.88,-348248,-727494,35.33,59.7,1.13,1169907,-2371335,34.14,55.0,1.07,821659,-2371335
SILVER,3,5.0,D,0.1@0.3,0,False,39.0,33.1,0.92,-273977,-1102193,40.33,66.4,0.87,-1170153,-3034796,39.57,47.7,0.89,-1444130,-3034796
SILVER,3,5.0,D,0.1@0.3,0,True,39.0,28.6,1.05,130267,-698044,40.33,53.4,0.9,-642815,-2279875,39.57,39.5,0.94,-512548,-2279875
SILVER,3,5.0,D,0.1@0.3,5,False,52.0,34.0,1.07,314257,-805611,58.78,67.3,1.15,1712842,-1952630,54.9,49.3,1.13,2027099,-1952630
SILVER,3,5.0,D,0.1@0.3,5,True,94.92,29.0,0.94,-268538,-1291346,100.0,49.2,1.06,611975,-2818222,97.1,37.9,1.02,343438,-2818222
SILVER,3,4.0,1h+4h,0.25@0.5,5,False,42.08,52.3,1.11,410278,-781242,46.22,59.6,1.16,1819231,-1957869,43.86,55.6,1.15,2229510,-1957869
SILVER,3,4.0,1h+4h,0.25@0.5,5,True,42.08,52.3,1.11,410278,-781242,46.22,59.6,1.16,1819231,-1957869,43.86,55.6,1.15,2229510,-1957869
SILVER,3,4.0,1h+4h,0.25@0.5,10,False,40.33,52.9,1.16,564858,-667888,44.56,60.3,1.11,1202988,-2340684,42.14,56.3,1.12,1767846,-2340684
SILVER,3,4.0,1h+4h,0.25@0.5,10,True,40.33,52.9,1.16,564858,-667888,44.56,60.3,1.11,1202988,-2340684,42.14,56.3,1.12,1767846,-2340684
SILVER,3,5.0,D,0.1@0.3,10,False,49.33,34.8,1.09,399058,-794989,53.56,67.4,1.03,381141,-2605662,51.14,49.4,1.05,780199,-2605662
SILVER,3,5.0,D,0.1@0.3,10,True,76.75,30.0,1.04,155421,-1041854,78.22,51.4,1.04,324885,-2343951,77.38,39.3,1.04,480307,-2343951
SILVER,3,5.0,D,0.15@0.3,0,False,39.0,47.0,0.85,-502357,-1028288,40.33,69.4,0.87,-1223427,-3014751,39.57,56.8,0.86,-1725784,-3014751
SILVER,3,5.0,D,0.15@0.3,0,True,39.0,35.9,0.93,-157112,-663575,40.33,54.8,0.86,-874593,-2469015,39.57,44.2,0.88,-1031706,-2469015
SILVER,3,5.0,D,0.15@0.3,5,False,55.42,50.1,1.01,30782,-876906,62.44,71.0,1.11,1336906,-2504244,58.43,59.7,1.08,1367688,-2504244
SILVER,3,5.0,D,0.15@0.3,5,True,96.92,35.1,0.89,-508489,-1291766,102.56,51.0,1.03,295894,-3026725,99.33,42.1,0.99,-212594,-3026725
SILVER,3,5.0,D,0.15@0.3,10,False,52.0,51.1,1.06,248468,-834762,57.44,71.2,0.96,-441047,-2823501,54.33,60.2,0.99,-192579,-2823501
SILVER,3,5.0,D,0.15@0.3,10,True,78.33,36.8,0.99,-27554,-1032577,81.44,53.9,0.97,-326659,-2872821,79.67,44.3,0.97,-354213,-2872821
SILVER,3,5.0,D,0.2@0.4,0,False,39.0,58.1,0.83,-669558,-973581,40.33,65.6,0.98,-242345,-2305415,39.57,61.4,0.94,-911903,-2305415
SILVER,3,5.0,D,0.2@0.4,0,True,39.0,42.7,0.89,-288650,-680744,40.33,51.0,1.02,120491,-1828731,39.57,46.3,0.98,-168158,-1828731
SILVER,3,5.0,D,0.2@0.4,5,False,52.33,60.4,1.04,177792,-809962,56.78,66.9,1.13,1731406,-1648445,54.24,63.3,1.11,1909199,-1648445
SILVER,3,5.0,D,0.2@0.4,5,True,95.25,38.0,0.88,-571851,-1448573,98.56,47.4,1.04,522031,-2769480,96.67,42.1,1.0,-49820,-2769480
SILVER,3,5.0,D,0.2@0.4,10,False,50.0,59.7,1.02,77618,-818310,53.67,66.0,1.04,502234,-1740802,51.57,62.5,1.03,579852,-1740802
SILVER,3,5.0,D,0.2@0.4,10,True,77.42,39.8,0.92,-340708,-1183210,77.67,48.9,1.08,815170,-2155142,77.52,43.7,1.03,474462,-2155142
SILVER,3,5.0,D,0.25@0.5,0,False,39.0,58.3,0.86,-602326,-952792,40.33,61.2,1.16,1881162,-1937202,39.57,59.6,1.08,1278836,-1937202
SILVER,3,5.0,D,0.25@0.5,0,True,39.0,42.3,0.93,-213570,-635204,40.33,49.3,1.31,2390761,-1330698,39.57,45.4,1.21,2177191,-1330698
SILVER,3,5.0,D,0.25@0.5,5,False,48.75,59.3,1.08,416825,-890728,52.11,62.0,1.19,2559961,-1888204,50.19,60.5,1.16,2976785,-1888204
SILVER,3,5.0,D,0.25@0.5,5,True,92.92,36.6,0.95,-222683,-1290560,95.22,45.3,1.17,1958291,-1417717,93.9,40.4,1.1,1735608,-1417717
SILVER,3,5.0,D,0.25@0.5,10,False,47.17,59.4,1.07,337550,-848969,49.33,61.3,1.13,1739292,-2028806,48.1,60.2,1.11,2076841,-2028806
SILVER,3,5.0,D,0.25@0.5,10,True,75.08,38.6,1.01,38878,-1049065,75.0,46.8,1.17,1782730,-1689691,75.05,42.1,1.12,1821608,-1689691
SILVER,3,5.0,D+1h,0.1@0.3,0,False,22.42,34.9,1.31,574877,-360300,24.44,69.1,1.02,76291,-1833308,23.29,50.3,1.09,651168,-1833308
SILVER,3,5.0,D+1h,0.1@0.3,0,True,22.42,34.9,1.31,574877,-360300,24.44,69.1,1.02,76291,-1833308,23.29,50.3,1.09,651168,-1833308
SILVER,3,5.0,D+1h,0.1@0.3,5,False,30.83,34.9,1.44,1090682,-484219,37.0,68.8,1.3,2072199,-1724394,33.48,50.9,1.34,3162881,-1724394
SILVER,3,5.0,D+1h,0.1@0.3,5,True,30.83,34.9,1.44,1090682,-484219,37.0,68.8,1.3,2072199,-1724394,33.48,50.9,1.34,3162881,-1724394
SILVER,3,5.0,D+1h,0.1@0.3,10,False,29.42,36.0,1.48,1165940,-429954,33.78,69.4,1.21,1372783,-1828892,31.29,51.4,1.29,2538723,-1828892
SILVER,3,5.0,D+1h,0.1@0.3,10,True,29.42,36.0,1.48,1165940,-429954,33.78,69.4,1.21,1372783,-1828892,31.29,51.4,1.29,2538723,-1828892
SILVER,3,5.0,D+1h,0.15@0.3,0,False,22.42,47.2,1.16,285637,-333958,24.44,71.4,0.97,-155252,-2073616,23.29,58.1,1.02,130385,-2073616
SILVER,3,5.0,D+1h,0.15@0.3,0,True,22.42,47.2,1.16,285637,-333958,24.44,71.4,0.97,-155252,-2073616,23.29,58.1,1.02,130385,-2073616
SILVER,3,5.0,D+1h,0.15@0.3,5,False,32.83,51.5,1.33,846453,-500497,39.44,72.1,1.24,1751827,-2027618,35.67,61.3,1.26,2598280,-2027618
SILVER,3,5.0,D+1h,0.15@0.3,5,True,32.83,51.5,1.33,846453,-500497,39.44,72.1,1.24,1751827,-2027618,35.67,61.3,1.26,2598280,-2027618
SILVER,3,5.0,D+1h,0.15@0.3,10,False,31.0,52.2,1.4,979763,-445522,36.89,73.2,1.1,697905,-2028049,33.52,62.1,1.18,1677668,-2028049
SILVER,3,5.0,D+1h,0.15@0.3,10,True,31.0,52.2,1.4,979763,-445522,36.89,73.2,1.1,697905,-2028049,33.52,62.1,1.18,1677668,-2028049
SILVER,3,5.0,D+1h,0.2@0.4,0,False,22.42,59.1,1.07,154266,-408740,24.44,65.9,1.14,855350,-1194755,23.29,62.2,1.13,1009616,-1194755
SILVER,3,5.0,D+1h,0.2@0.4,0,True,22.42,59.1,1.07,154266,-408740,24.44,65.9,1.14,855350,-1194755,23.29,62.2,1.13,1009616,-1194755
SILVER,3,5.0,D+1h,0.2@0.4,5,False,31.17,61.2,1.28,784869,-510564,35.56,66.2,1.25,2032662,-1465462,33.05,63.5,1.26,2817532,-1465462
SILVER,3,5.0,D+1h,0.2@0.4,5,True,31.17,61.2,1.28,784869,-510564,35.56,66.2,1.25,2032662,-1465462,33.05,63.5,1.26,2817532,-1465462
SILVER,3,5.0,D+1h,0.2@0.4,10,False,30.08,59.8,1.23,659727,-479342,33.22,65.6,1.25,1894048,-1383532,31.43,62.4,1.24,2553775,-1383532
SILVER,3,5.0,D+1h,0.2@0.4,10,True,30.08,59.8,1.23,659727,-479342,33.22,65.6,1.25,1894048,-1383532,31.43,62.4,1.24,2553775,-1383532
SILVER,3,5.0,D+1h,0.25@0.5,0,False,22.42,58.4,1.1,228669,-409377,24.44,63.2,1.49,3120775,-1098161,23.29,60.5,1.38,3349445,-1098161
SILVER,3,5.0,D+1h,0.25@0.5,0,True,22.42,58.4,1.1,228669,-409377,24.44,63.2,1.49,3120775,-1098161,23.29,60.5,1.38,3349445,-1098161
SILVER,3,5.0,D+1h,0.25@0.5,5,False,28.83,59.2,1.4,1135556,-498609,32.22,62.4,1.38,3074528,-1419982,30.29,60.7,1.38,4210084,-1419982
SILVER,3,5.0,D+1h,0.25@0.5,5,True,28.83,59.2,1.4,1135556,-498609,32.22,62.4,1.38,3074528,-1419982,30.29,60.7,1.38,4210084,-1419982
SILVER,3,5.0,D+1h,0.25@0.5,10,False,27.75,58.6,1.36,1040875,-464470,30.44,62.0,1.37,2905781,-1398145,28.9,60.1,1.37,3946655,-1398145
SILVER,3,5.0,D+1h,0.25@0.5,10,True,27.75,58.6,1.36,1040875,-464470,30.44,62.0,1.37,2905781,-1398145,28.9,60.1,1.37,3946655,-1398145
SILVER,3,5.0,D+4h,0.1@0.3,0,False,20.08,38.2,0.8,-463506,-866026,29.11,64.5,0.84,-1152070,-2723137,23.95,51.9,0.83,-1615576,-2723137
SILVER,3,5.0,D+4h,0.1@0.3,0,True,20.08,33.2,0.93,-106655,-490889,29.11,52.3,0.97,-157260,-1820875,23.95,43.1,0.96,-263915,-1820875
SILVER,3,5.0,D+4h,0.1@0.3,5,False,27.67,38.9,1.1,294112,-477811,41.67,64.8,1.19,1769234,-1987915,33.67,52.6,1.17,2063347,-1987915
SILVER,3,5.0,D+4h,0.1@0.3,5,True,45.67,32.3,1.12,326660,-465633,68.11,49.3,1.26,1962684,-1589518,55.29,41.3,1.22,2289344,-1589518
SILVER,3,5.0,D+4h,0.1@0.3,10,False,25.67,41.2,1.15,422159,-428571,38.78,65.3,1.03,298148,-2428250,31.29,54.0,1.06,720306,-2428250
SILVER,3,5.0,D+4h,0.1@0.3,10,True,36.33,35.3,1.26,612604,-329778,54.67,51.8,1.18,1242003,-1631753,44.19,44.1,1.2,1854607,-1631753
SILVER,3,5.0,D+4h,0.15@0.3,0,False,20.08,51.9,0.69,-724732,-820774,29.11,67.6,0.8,-1452996,-3033457,23.95,60.0,0.77,-2177728,-3033457
SILVER,3,5.0,D+4h,0.15@0.3,0,True,20.08,41.9,0.76,-363320,-441076,29.11,53.8,0.9,-486161,-2127693,23.95,48.1,0.87,-849481,-2127693
SILVER,3,5.0,D+4h,0.2@0.4,0,False,20.08,58.9,0.71,-750564,-766715,29.11,63.7,0.92,-683671,-2720334,23.95,61.4,0.87,-1434236,-2720334
SILVER,3,5.0,D+4h,0.2@0.4,0,True,20.08,46.5,0.74,-452381,-501514,29.11,49.2,1.05,258742,-1717036,23.95,47.9,0.97,-193638,-1717036
SILVER,3,5.0,D+4h,0.2@0.4,5,False,27.92,61.2,1.1,302980,-437230,41.33,66.4,1.16,1649792,-1770604,33.67,63.9,1.15,1952771,-1770604
SILVER,3,5.0,D+4h,0.2@0.4,5,True,46.17,41.7,1.03,95520,-461079,67.56,48.4,1.21,1837817,-1480249,55.33,45.2,1.17,1933336,-1480249
SILVER,3,5.0,D+4h,0.15@0.3,5,False,29.5,54.2,1.03,98384,-478594,44.78,68.7,1.11,1047943,-2756305,36.05,62.0,1.09,1146327,-2756305
SILVER,3,5.0,D+4h,0.15@0.3,5,True,47.0,39.5,1.05,131009,-455310,70.33,51.5,1.19,1474267,-2049718,57.0,45.9,1.15,1605276,-2049718
SILVER,3,5.0,D+4h,0.15@0.3,10,False,27.17,56.1,1.12,319029,-421410,42.44,69.9,0.92,-731216,-3019852,33.71,63.6,0.97,-412188,-3019852
SILVER,3,5.0,D+4h,0.15@0.3,10,True,37.5,43.1,1.2,457176,-310155,57.56,54.8,1.06,440190,-2105516,46.1,49.4,1.1,897366,-2105516
SILVER,3,5.0,D+4h,0.2@0.4,10,False,26.67,61.2,1.07,207356,-437230,39.67,65.8,1.05,441062,-1945364,32.24,63.7,1.05,648418,-1945364
SILVER,3,5.0,D+4h,0.2@0.4,10,True,37.33,45.3,1.06,164620,-346314,54.56,50.1,1.22,1663947,-1332920,44.71,47.8,1.18,1828567,-1332920
SILVER,3,5.0,D+4h,0.25@0.5,0,False,20.08,57.7,0.71,-792780,-813627,29.11,58.8,1.14,1251853,-1562986,23.95,58.3,1.04,459073,-1562986
SILVER,3,5.0,D+4h,0.25@0.5,0,True,20.08,45.2,0.78,-422023,-476810,29.11,46.9,1.36,2221139,-1019346,23.95,46.1,1.22,1799116,-1019346
SILVER,3,5.0,D+4h,0.25@0.5,5,False,25.08,60.1,1.18,570908,-471494,37.89,61.6,1.22,2361940,-1631305,30.57,60.9,1.21,2932848,-1631305
SILVER,3,5.0,D+4h,0.25@0.5,5,True,44.25,39.7,1.16,449927,-439161,65.0,45.6,1.28,2412938,-1252959,53.14,42.8,1.25,2862865,-1252959
SILVER,3,5.0,D+4h,0.25@0.5,10,False,24.58,60.3,1.12,402531,-471494,36.11,60.3,1.13,1377928,-1654590,29.52,60.3,1.13,1780459,-1654590
SILVER,3,5.0,D+4h,0.25@0.5,10,True,35.5,43.7,1.19,524390,-342684,52.11,46.9,1.27,2229073,-1162237,42.62,45.4,1.25,2753463,-1162237
SILVER,3,5.0,D+1h+4h,0.1@0.3,0,False,13.17,41.8,1.1,128543,-318766,18.78,66.9,1.08,348327,-1442277,15.57,54.7,1.09,476870,-1442277
SILVER,3,5.0,D+1h+4h,0.1@0.3,0,True,13.17,41.8,1.1,128543,-318766,18.78,66.9,1.08,348327,-1442277,15.57,54.7,1.09,476870,-1442277
SILVER,3,5.0,D+1h+4h,0.1@0.3,5,False,18.58,43.9,1.57,980812,-294572,28.11,66.8,1.47,2583681,-1096582,22.67,56.1,1.5,3564493,-1096582
SILVER,3,5.0,D+1h+4h,0.1@0.3,5,True,18.58,43.9,1.57,980812,-294572,28.11,66.8,1.47,2583681,-1096582,22.67,56.1,1.5,3564493,-1096582
SILVER,3,5.0,D+1h+4h,0.1@0.3,10,False,17.5,45.7,1.65,1059283,-254506,26.44,67.2,1.31,1617130,-1402753,21.33,57.1,1.39,2676413,-1402753
SILVER,3,5.0,D+1h+4h,0.1@0.3,10,True,17.5,45.7,1.65,1059283,-254506,26.44,67.2,1.31,1617130,-1402753,21.33,57.1,1.39,2676413,-1402753
SILVER,3,5.0,D+1h+4h,0.15@0.3,0,False,13.17,55.1,0.9,-128121,-270680,18.78,69.2,1.0,14242,-1772140,15.57,62.4,0.98,-113879,-1772140
SILVER,3,5.0,D+1h+4h,0.15@0.3,0,True,13.17,55.1,0.9,-128121,-270680,18.78,69.2,1.0,14242,-1772140,15.57,62.4,0.98,-113879,-1772140
SILVER,3,5.0,D+1h+4h,0.15@0.3,5,False,19.92,59.4,1.45,783140,-292053,30.33,70.7,1.36,2095963,-1429959,24.38,65.4,1.38,2879103,-1429959
SILVER,3,5.0,D+1h+4h,0.15@0.3,5,True,19.92,59.4,1.45,783140,-292053,30.33,70.7,1.36,2095963,-1429959,24.38,65.4,1.38,2879103,-1429959
SILVER,3,5.0,D+1h+4h,0.15@0.3,10,False,18.67,60.3,1.55,902553,-235490,29.33,71.6,1.15,803443,-1685276,23.24,66.4,1.24,1705996,-1685276
SILVER,3,5.0,D+1h+4h,0.15@0.3,10,True,18.67,60.3,1.55,902553,-235490,29.33,71.6,1.15,803443,-1685276,23.24,66.4,1.24,1705996,-1685276
SILVER,3,5.0,D+1h+4h,0.2@0.4,0,False,13.17,62.0,0.85,-217182,-344047,18.78,63.3,1.16,780997,-1167794,15.57,62.7,1.09,563815,-1167794
SILVER,3,5.0,D+1h+4h,0.2@0.4,0,True,13.17,62.0,0.85,-217182,-344047,18.78,63.3,1.16,780997,-1167794,15.57,62.7,1.09,563815,-1167794
SILVER,3,5.0,D+1h+4h,0.2@0.4,5,False,19.08,65.5,1.39,744865,-316760,27.56,66.1,1.39,2490611,-962138,22.71,65.8,1.39,3235476,-962138
SILVER,3,5.0,D+1h+4h,0.2@0.4,5,True,19.08,65.5,1.39,744865,-316760,27.56,66.1,1.39,2490611,-962138,22.71,65.8,1.39,3235476,-962138
SILVER,3,5.0,D+1h+4h,0.2@0.4,10,False,18.5,64.4,1.31,605505,-311752,26.33,65.0,1.34,2074912,-991199,21.86,64.7,1.33,2680417,-991199
SILVER,3,5.0,D+1h+4h,0.2@0.4,10,True,18.5,64.4,1.31,605505,-311752,26.33,65.0,1.34,2074912,-991199,21.86,64.7,1.33,2680417,-991199
SILVER,3,5.0,D+1h+4h,0.25@0.5,0,False,13.17,60.1,0.88,-186825,-296214,18.78,59.8,1.51,2741804,-898996,15.57,59.9,1.36,2554979,-898996
SILVER,3,5.0,D+1h+4h,0.25@0.5,0,True,13.17,60.1,0.88,-186825,-296214,18.78,59.8,1.51,2741804,-898996,15.57,59.9,1.36,2554979,-898996
SILVER,3,5.0,1h,0.1@0.3,0,False,40.67,30.1,0.88,-406448,-1015261,38.78,65.0,1.41,3211811,-1636315,39.86,44.7,1.25,2805363,-1636315
SILVER,3,5.0,1h,0.1@0.3,0,True,40.67,30.1,0.88,-406448,-1015261,38.78,65.0,1.41,3211811,-1636315,39.86,44.7,1.25,2805363,-1636315
SILVER,3,5.0,1h,0.1@0.3,5,False,58.5,31.5,0.9,-486289,-1102946,57.67,65.7,1.37,4232379,-1338962,58.14,46.0,1.23,3746090,-1338962
SILVER,3,5.0,1h,0.1@0.3,5,True,58.5,31.5,0.9,-486289,-1102946,57.67,65.7,1.37,4232379,-1338962,58.14,46.0,1.23,3746090,-1338962
SILVER,3,5.0,D+1h+4h,0.25@0.5,5,False,17.17,63.6,1.57,1098734,-298834,25.0,61.8,1.48,3139231,-955074,20.52,62.6,1.5,4237965,-955074
SILVER,3,5.0,D+1h+4h,0.25@0.5,5,True,17.17,63.6,1.57,1098734,-298834,25.0,61.8,1.48,3139231,-955074,20.52,62.6,1.5,4237965,-955074
SILVER,3,5.0,D+1h+4h,0.25@0.5,10,False,16.67,63.0,1.48,965254,-307056,23.89,60.0,1.42,2706475,-933237,19.76,61.4,1.43,3671729,-933237
SILVER,3,5.0,D+1h+4h,0.25@0.5,10,True,16.67,63.0,1.48,965254,-307056,23.89,60.0,1.42,2706475,-933237,19.76,61.4,1.43,3671729,-933237
SILVER,3,5.0,1h,0.1@0.3,10,False,55.08,32.4,0.96,-168910,-949092,53.44,65.5,1.32,3424395,-1571676,54.38,46.3,1.21,3255485,-1571676
SILVER,3,5.0,1h,0.1@0.3,10,True,55.08,32.4,0.96,-168910,-949092,53.44,65.5,1.32,3424395,-1571676,54.38,46.3,1.21,3255485,-1571676
SILVER,3,5.0,1h,0.15@0.3,0,False,40.67,43.9,0.81,-618886,-929503,38.78,68.5,1.41,3178783,-1665194,39.86,54.1,1.23,2559898,-1665194
SILVER,3,5.0,1h,0.15@0.3,0,True,40.67,43.9,0.81,-618886,-929503,38.78,68.5,1.41,3178783,-1665194,39.86,54.1,1.23,2559898,-1665194
SILVER,3,5.0,1h,0.15@0.3,5,False,61.75,47.1,0.86,-735822,-1065517,61.89,69.7,1.34,4028429,-1442581,61.81,56.8,1.19,3292607,-1442581
SILVER,3,5.0,1h,0.15@0.3,5,True,61.75,47.1,0.86,-735822,-1065517,61.89,69.7,1.34,4028429,-1442581,61.81,56.8,1.19,3292607,-1442581
SILVER,3,5.0,1h,0.15@0.3,10,False,57.42,47.8,0.94,-299145,-909051,57.44,70.2,1.27,2977481,-1733404,57.43,57.4,1.17,2678336,-1733404
SILVER,3,5.0,1h,0.15@0.3,10,True,57.42,47.8,0.94,-299145,-909051,57.44,70.2,1.27,2977481,-1733404,57.43,57.4,1.17,2678336,-1733404
SILVER,3,5.0,1h,0.2@0.4,0,False,40.67,56.6,0.75,-1003397,-1019547,38.78,63.3,1.46,4101800,-1000326,39.86,59.4,1.24,3098404,-1116878
SILVER,3,5.0,1h,0.2@0.4,0,True,40.67,56.6,0.75,-1003397,-1019547,38.78,63.3,1.46,4101800,-1000326,39.86,59.4,1.24,3098404,-1116878
SILVER,3,5.0,1h,0.2@0.4,5,False,58.42,58.1,0.88,-630071,-950813,55.44,63.7,1.35,4536713,-1345776,57.14,60.4,1.21,3906641,-1345776
SILVER,3,5.0,1h,0.2@0.4,5,True,58.42,58.1,0.88,-630071,-950813,55.44,63.7,1.35,4536713,-1345776,57.14,60.4,1.21,3906641,-1345776
SILVER,3,5.0,1h,0.2@0.4,10,False,54.67,57.5,0.89,-579610,-923468,52.11,63.5,1.35,4287240,-1438802,53.57,60.0,1.21,3707630,-1438802
SILVER,3,5.0,1h,0.2@0.4,10,True,54.67,57.5,0.89,-579610,-923468,52.11,63.5,1.35,4287240,-1438802,53.57,60.0,1.21,3707630,-1438802
SILVER,3,5.0,1h,0.25@0.5,0,False,40.67,57.4,0.78,-938033,-958879,38.78,59.9,1.68,6621522,-1016030,39.86,58.4,1.41,5683489,-1016030
SILVER,3,5.0,1h,0.25@0.5,0,True,40.67,57.4,0.78,-938033,-958879,38.78,59.9,1.68,6621522,-1016030,39.86,58.4,1.41,5683489,-1016030
SILVER,3,5.0,1h,0.25@0.5,5,False,53.58,58.3,0.91,-531084,-886799,50.89,59.8,1.43,5625298,-1165898,52.43,58.9,1.27,5094214,-1165898
SILVER,3,5.0,1h,0.25@0.5,5,True,53.58,58.3,0.91,-531084,-886799,50.89,59.8,1.43,5625298,-1165898,52.43,58.9,1.27,5094214,-1165898
SILVER,3,5.0,1h,0.25@0.5,10,False,50.75,58.1,0.93,-393469,-759437,48.33,59.5,1.45,5586178,-1154959,49.71,58.7,1.29,5192709,-1154959
SILVER,3,5.0,1h,0.25@0.5,10,True,50.75,58.1,0.93,-393469,-759437,48.33,59.5,1.45,5586178,-1154959,49.71,58.7,1.29,5192709,-1154959
SILVER,3,5.0,1h+4h,0.1@0.3,10,False,30.67,38.6,1.16,423611,-472549,33.11,65.4,1.51,3432686,-1420782,31.71,50.6,1.41,3856297,-1420782
SILVER,3,5.0,1h+4h,0.1@0.3,10,True,30.67,38.6,1.16,423611,-472549,33.11,65.4,1.51,3432686,-1420782,31.71,50.6,1.41,3856297,-1420782
SILVER,3,5.0,1h+4h,0.15@0.3,0,False,22.58,50.6,0.73,-530992,-630043,23.78,67.8,1.4,2129622,-1643903,23.1,58.1,1.22,1598630,-1643903
SILVER,3,5.0,1h+4h,0.15@0.3,0,True,22.58,50.6,0.73,-530992,-630043,23.78,67.8,1.4,2129622,-1643903,23.1,58.1,1.22,1598630,-1643903
SILVER,3,5.0,1h+4h,0.1@0.3,0,False,22.58,35.1,0.84,-331999,-737528,23.78,65.0,1.45,2402748,-1542032,23.1,48.2,1.28,2070749,-1542032
SILVER,3,5.0,1h+4h,0.1@0.3,0,True,22.58,35.1,0.84,-331999,-737528,23.78,65.0,1.45,2402748,-1542032,23.1,48.2,1.28,2070749,-1542032
SILVER,3,5.0,1h+4h,0.1@0.3,5,False,32.42,37.8,1.11,314278,-517225,35.33,65.4,1.61,4329234,-1114612,33.67,50.2,1.47,4643512,-1114612
SILVER,3,5.0,1h+4h,0.1@0.3,5,True,32.42,37.8,1.11,314278,-517225,35.33,65.4,1.61,4329234,-1114612,33.67,50.2,1.47,4643512,-1114612
SILVER,3,5.0,1h+4h,0.15@0.3,5,False,34.25,53.5,1.05,132276,-525808,38.0,69.3,1.53,3902206,-1350399,35.86,60.7,1.39,4034481,-1350399
SILVER,3,5.0,1h+4h,0.15@0.3,5,True,34.25,53.5,1.05,132276,-525808,38.0,69.3,1.53,3902206,-1350399,35.86,60.7,1.39,4034481,-1350399
SILVER,3,5.0,1h+4h,0.15@0.3,10,False,32.0,53.9,1.13,338169,-468552,36.11,70.2,1.39,2700990,-1542299,33.76,61.4,1.31,3039158,-1542299
SILVER,3,5.0,1h+4h,0.15@0.3,10,True,32.0,53.9,1.13,338169,-468552,36.11,70.2,1.39,2700990,-1542299,33.76,61.4,1.31,3039158,-1542299
SILVER,3,5.0,1h+4h,0.2@0.4,0,False,22.58,59.0,0.71,-647061,-663212,23.78,62.1,1.45,2780452,-894182,23.1,60.4,1.25,2133390,-894182
SILVER,3,5.0,1h+4h,0.2@0.4,0,True,22.58,59.0,0.71,-647061,-663212,23.78,62.1,1.45,2780452,-894182,23.1,60.4,1.25,2133390,-894182
SILVER,3,5.0,1h+4h,0.2@0.4,5,False,32.58,60.1,1.04,113355,-516229,34.89,64.3,1.47,3959079,-1058040,33.57,62.0,1.35,4072434,-1058040
SILVER,3,5.0,1h+4h,0.2@0.4,5,True,32.58,60.1,1.04,113355,-516229,34.89,64.3,1.47,3959079,-1058040,33.57,62.0,1.35,4072434,-1058040
SILVER,3,5.0,1h+4h,0.2@0.4,10,False,30.67,59.8,1.05,142706,-378518,33.0,63.6,1.47,3712231,-1097975,31.67,61.5,1.35,3854938,-1097975
SILVER,3,5.0,1h+4h,0.2@0.4,10,True,30.67,59.8,1.05,142706,-378518,33.0,63.6,1.47,3712231,-1097975,31.67,61.5,1.35,3854938,-1097975
SILVER,3,5.0,1h+4h,0.25@0.5,0,False,22.58,58.7,0.75,-620733,-641580,23.78,57.9,1.7,4721346,-898996,23.1,58.4,1.44,4100612,-898996
SILVER,3,5.0,1h+4h,0.25@0.5,0,True,22.58,58.7,0.75,-620733,-641580,23.78,57.9,1.7,4721346,-898996,23.1,58.4,1.44,4100612,-898996
SILVER,3,5.0,1h+4h,0.25@0.5,5,False,29.42,60.9,1.17,542852,-461993,32.0,59.7,1.56,4736538,-1050976,30.52,60.4,1.46,5279390,-1050976
SILVER,3,5.0,1h+4h,0.25@0.5,5,True,29.42,60.9,1.17,542852,-461993,32.0,59.7,1.56,4736538,-1050976,30.52,60.4,1.46,5279390,-1050976
SILVER,3,5.0,1h+4h,0.25@0.5,10,False,28.08,60.8,1.17,512919,-373429,30.44,58.8,1.54,4468040,-1029139,29.1,59.9,1.44,4980958,-1029139
SILVER,3,5.0,1h+4h,0.25@0.5,10,True,28.08,60.8,1.17,512919,-373429,30.44,58.8,1.54,4468040,-1029139,29.1,59.9,1.44,4980958,-1029139
SILVER,3,6.0,D,0.1@0.3,0,False,28.58,39.7,0.97,-87986,-710851,28.44,69.5,1.4,2373402,-1177232,28.52,52.4,1.25,2285416,-1177232
SILVER,3,6.0,D,0.1@0.3,0,True,28.58,34.1,1.24,524037,-381148,28.44,56.6,1.22,834911,-736979,28.52,43.7,1.23,1358948,-736979
SILVER,3,6.0,D,0.1@0.3,5,False,39.5,42.2,1.09,373419,-609017,42.78,67.3,1.4,3737723,-1451230,40.9,53.4,1.31,4111142,-1451230
SILVER,3,6.0,D,0.1@0.3,5,True,83.25,31.6,0.92,-337916,-995807,86.11,48.4,1.1,912492,-1610283,84.48,39.0,1.04,574576,-1610283
SILVER,3,6.0,D,0.1@0.3,10,False,37.75,42.4,1.12,455089,-662107,40.11,68.1,1.39,3260399,-1412318,38.76,53.8,1.3,3715488,-1412318
SILVER,3,6.0,D,0.1@0.3,10,True,66.42,33.1,1.0,514,-856516,66.11,51.6,1.16,1218760,-1238516,66.29,41.0,1.11,1219274,-1238516
SILVER,3,6.0,D,0.15@0.3,0,False,28.58,58.3,1.0,12862,-591299,28.44,71.5,1.43,2532993,-1069286,28.52,63.9,1.28,2545856,-1069286
SILVER,3,6.0,D,0.15@0.3,0,True,28.58,43.1,1.21,447169,-381148,28.44,58.2,1.24,912537,-686501,28.52,49.6,1.23,1359707,-686501
SILVER,3,6.0,D,0.15@0.3,5,False,42.75,60.0,1.1,391737,-605603,45.44,70.4,1.4,3788013,-1455670,43.9,64.6,1.31,4179750,-1455670
SILVER,3,6.0,D,0.15@0.3,5,True,85.83,37.2,0.87,-593417,-1248618,87.67,49.8,1.1,941483,-1722645,86.62,42.7,1.03,348065,-1722645
SILVER,3,6.0,D,0.15@0.3,10,False,40.0,61.0,1.16,601242,-614949,42.44,70.7,1.37,3120852,-1468655,41.05,65.3,1.3,3722094,-1468655
SILVER,3,6.0,D,0.15@0.3,10,True,68.08,39.9,0.97,-103457,-866393,67.33,53.0,1.15,1133203,-1194056,67.76,45.5,1.09,1029746,-1194056
SILVER,3,6.0,D,0.2@0.4,10,False,37.0,62.6,1.22,916413,-664834,38.0,68.7,1.6,5202491,-1216211,37.43,65.3,1.48,6118904,-1216211
SILVER,3,6.0,D,0.2@0.4,10,True,66.42,39.8,1.09,337258,-963120,64.44,51.2,1.34,2597091,-1266403,65.57,44.6,1.25,2934349,-1266403
SILVER,3,6.0,D,0.25@0.5,0,False,28.58,57.4,1.2,749710,-657600,28.44,65.6,1.71,5152989,-1118421,28.52,60.9,1.53,5902699,-1118421
SILVER,3,6.0,D,0.25@0.5,0,True,28.58,42.0,1.39,959580,-554090,28.44,53.9,1.51,2451399,-662931,28.52,47.1,1.47,3410979,-662931
SILVER,3,6.0,D,0.2@0.4,0,False,28.58,60.6,1.13,474555,-636840,28.44,69.9,1.71,4647715,-984002,28.52,64.6,1.51,5122270,-984002
SILVER,3,6.0,D,0.2@0.4,0,True,28.58,44.9,1.31,725033,-497449,28.44,57.0,1.57,2426587,-648484,28.52,50.1,1.48,3151620,-648484
SILVER,3,6.0,D,0.2@0.4,5,False,38.33,63.0,1.2,847219,-651892,40.22,70.7,1.63,5586218,-1214957,39.14,66.4,1.49,6433436,-1214957
SILVER,3,6.0,D,0.2@0.4,5,True,83.25,37.5,0.99,-32138,-1120515,83.67,48.9,1.32,2699107,-939233,83.43,42.4,1.21,2666969,-1120515
SILVER,3,6.0,D+1h,0.1@0.3,0,False,16.5,44.4,1.53,889884,-375670,17.33,71.2,1.42,1311944,-606077,16.86,56.2,1.46,2201829,-606077
SILVER,3,6.0,D+1h,0.1@0.3,0,True,16.5,44.4,1.53,889884,-375670,17.33,71.2,1.47,1414911,-606077,16.86,56.2,1.49,2304795,-606077
SILVER,3,6.0,D+1h,0.1@0.3,5,False,23.58,43.8,1.39,901102,-375670,28.11,68.0,1.4,2445628,-878756,25.52,55.2,1.4,3346730,-878756
SILVER,3,6.0,D+1h,0.1@0.3,5,True,23.58,43.8,1.39,901102,-375670,28.11,68.0,1.42,2548594,-878756,25.52,55.2,1.41,3449696,-878756
SILVER,3,6.0,D,0.25@0.5,5,False,35.83,58.4,1.21,963429,-709142,37.78,65.6,1.56,5502899,-1369417,36.67,61.6,1.45,6466329,-1369417
SILVER,3,6.0,D,0.25@0.5,5,True,81.42,35.6,1.06,254748,-1207214,82.0,47.0,1.35,3092617,-910942,81.67,40.5,1.25,3347365,-1207214
SILVER,3,6.0,D,0.25@0.5,10,False,34.92,59.2,1.24,1024472,-646610,35.89,65.3,1.64,5784862,-1414908,35.33,61.9,1.51,6809334,-1414908
SILVER,3,6.0,D,0.25@0.5,10,True,64.92,38.1,1.16,631346,-974718,62.89,49.5,1.43,3334097,-1339621,64.05,42.9,1.34,3965443,-1339621
SILVER,3,6.0,D+1h,0.1@0.3,10,False,22.83,44.5,1.39,911604,-375670,26.22,69.9,1.44,2302111,-928910,24.29,56.3,1.42,3213715,-928910
SILVER,3,6.0,D+1h,0.1@0.3,10,True,22.83,44.5,1.39,911604,-375670,26.22,69.9,1.46,2405077,-928910,24.29,56.3,1.44,3316682,-928910
SILVER,3,6.0,D+1h,0.15@0.3,0,False,16.5,59.6,1.49,812281,-375670,17.33,73.7,1.45,1389484,-566468,16.86,65.8,1.46,2201765,-566468
SILVER,3,6.0,D+1h,0.15@0.3,0,True,16.5,59.6,1.49,812281,-375670,17.33,73.7,1.5,1492450,-566468,16.86,65.8,1.49,2304731,-566468
SILVER,3,6.0,D+1h,0.15@0.3,5,False,26.17,58.9,1.24,630307,-392114,29.67,71.2,1.4,2488122,-852861,27.67,64.5,1.36,3118429,-852861
SILVER,3,6.0,D+1h,0.15@0.3,5,True,26.17,58.9,1.24,630307,-392114,29.67,71.2,1.43,2591088,-852861,27.67,64.5,1.37,3221396,-852861
SILVER,3,6.0,D+1h,0.15@0.3,10,False,24.5,60.5,1.33,792856,-382914,27.44,72.5,1.42,2234878,-879648,25.76,66.0,1.39,3027735,-879648
SILVER,3,6.0,D+1h,0.15@0.3,10,True,24.5,60.5,1.33,792856,-382914,27.44,72.5,1.45,2337845,-879648,25.76,66.0,1.41,3130701,-879648
SILVER,3,6.0,D+1h,0.2@0.4,10,False,22.83,62.4,1.5,1249783,-435354,24.67,70.7,1.7,3701472,-956797,23.62,66.1,1.64,4951254,-956797
SILVER,3,6.0,D+1h,0.2@0.4,10,True,22.83,62.4,1.5,1249783,-435354,24.67,70.7,1.74,3804438,-956797,23.62,66.1,1.66,5054221,-956797
SILVER,3,6.0,D+1h,0.25@0.5,0,False,16.5,58.1,1.66,1327318,-407706,17.33,66.7,1.72,2926151,-487384,16.86,61.9,1.7,4253469,-487384
SILVER,3,6.0,D+1h,0.25@0.5,0,True,16.5,58.1,1.66,1327318,-407706,17.33,66.7,1.76,3029118,-487384,16.86,61.9,1.73,4356435,-487384
SILVER,3,6.0,D+1h,0.2@0.4,0,False,16.5,62.6,1.59,1089409,-375670,17.33,71.8,1.83,2901340,-493071,16.86,66.7,1.75,3990749,-493071
SILVER,3,6.0,D+1h,0.2@0.4,0,True,16.5,62.6,1.59,1089409,-375670,17.33,71.8,1.89,3004306,-493071,16.86,66.7,1.78,4093715,-493071
SILVER,3,6.0,D+1h,0.2@0.4,5,False,23.58,64.0,1.48,1219380,-400476,25.89,72.1,1.71,3846516,-896241,24.57,67.6,1.64,5065896,-896241
SILVER,3,6.0,D+1h,0.2@0.4,5,True,23.58,64.0,1.48,1219380,-400476,25.89,72.1,1.74,3949482,-896241,24.57,67.6,1.66,5168862,-896241
SILVER,3,6.0,D+1h,0.25@0.5,5,False,21.67,59.2,1.61,1503457,-489246,24.11,67.3,1.67,3969405,-910942,22.71,62.9,1.65,5472862,-910942
SILVER,3,6.0,D+1h,0.25@0.5,5,True,21.67,59.2,1.61,1503457,-489246,24.11,67.3,1.7,4072371,-910942,22.71,62.9,1.67,5575829,-910942
SILVER,3,6.0,D+1h,0.25@0.5,10,False,21.25,59.2,1.64,1543069,-449098,23.0,67.1,1.77,4186911,-1030015,22.0,62.8,1.73,5729980,-1030015
SILVER,3,6.0,D+1h,0.25@0.5,10,True,21.25,59.2,1.64,1543069,-449098,23.0,67.1,1.8,4289877,-1030015,22.0,62.8,1.75,5832946,-1030015
SILVER,3,6.0,D+4h,0.1@0.3,0,False,14.5,47.1,0.93,-157397,-569401,20.22,68.7,1.47,1991131,-1177232,16.95,58.1,1.29,1833734,-1177232
SILVER,3,6.0,D+4h,0.1@0.3,0,True,14.5,44.3,1.24,340106,-381148,20.22,59.3,1.3,866866,-654906,16.95,52.0,1.28,1206972,-654906
SILVER,3,6.0,D+4h,0.1@0.3,5,False,20.08,48.5,1.16,409780,-506362,31.11,66.8,1.51,3585981,-1180138,24.81,58.3,1.42,3995762,-1180138
SILVER,3,6.0,D+4h,0.1@0.3,5,True,38.5,37.0,1.12,307364,-353582,58.11,50.7,1.32,2107357,-912000,46.9,44.3,1.27,2414721,-912000
SILVER,3,6.0,D+4h,0.1@0.3,10,False,19.08,49.8,1.19,487118,-510954,29.44,67.9,1.49,3075274,-1273821,23.52,59.5,1.41,3562392,-1273821
SILVER,3,6.0,D+4h,0.1@0.3,10,True,30.08,41.3,1.23,520739,-349675,45.44,54.5,1.39,2066372,-744590,36.67,48.3,1.35,2587111,-744590
SILVER,3,6.0,D+4h,0.15@0.3,0,False,14.5,60.3,0.92,-165359,-557279,20.22,71.4,1.5,2126225,-1069286,16.95,66.0,1.31,1960866,-1069286
SILVER,3,6.0,D+4h,0.15@0.3,0,True,14.5,50.6,1.23,324313,-381148,20.22,61.5,1.34,992017,-566468,16.95,56.2,1.3,1316330,-566468
SILVER,3,6.0,D+4h,0.15@0.3,5,False,22.58,58.7,1.09,263680,-488320,32.44,70.2,1.51,3623871,-1158447,26.81,64.7,1.39,3887551,-1158447
SILVER,3,6.0,D+4h,0.15@0.3,5,True,40.83,41.0,1.02,44576,-429704,59.0,52.2,1.33,2133597,-852805,48.62,46.8,1.23,2178173,-852805
SILVER,3,6.0,D+4h,0.15@0.3,10,False,20.67,60.5,1.18,460468,-496278,31.0,71.0,1.48,2976863,-1258386,25.1,66.0,1.39,3437331,-1258386
SILVER,3,6.0,D+4h,0.15@0.3,10,True,31.5,46.0,1.16,390209,-344048,46.33,56.1,1.38,1998595,-685865,37.86,51.3,1.31,2388804,-685865
SILVER,3,6.0,D+4h,0.2@0.4,0,False,14.5,63.8,1.22,490626,-551995,20.22,71.4,1.9,4097083,-984002,16.95,67.7,1.68,4587709,-984002
SILVER,3,6.0,D+4h,0.2@0.4,0,True,14.5,51.7,1.43,646155,-381148,20.22,60.4,1.74,2363311,-493071,16.95,56.2,1.64,3009466,-493071
SILVER,3,6.0,D+4h,0.2@0.4,5,False,19.08,65.5,1.41,1076276,-472104,28.89,72.3,1.81,5192135,-1155655,23.29,69.1,1.7,6268411,-1155655
SILVER,3,6.0,D+4h,0.2@0.4,5,True,38.5,41.8,1.31,796096,-347963,56.44,51.6,1.53,3152133,-693150,46.19,46.9,1.47,3948229,-693150
SILVER,3,6.0,D+4h,0.2@0.4,10,False,18.75,65.3,1.42,1077232,-483428,27.56,70.2,1.78,4879654,-1216211,22.52,67.9,1.68,5956886,-1216211
SILVER,3,6.0,D+4h,0.2@0.4,10,True,30.42,46.8,1.44,1006856,-346798,44.33,54.4,1.59,3143833,-695402,36.38,50.8,1.55,4150689,-695402
SILVER,3,6.0,D+4h,0.25@0.5,0,False,14.5,57.5,1.28,660321,-539152,20.22,67.0,1.83,4330819,-1118421,16.95,62.4,1.66,4991140,-1118421
SILVER,3,6.0,D+4h,0.25@0.5,0,True,14.5,47.1,1.45,746179,-381148,20.22,56.6,1.6,2218329,-487384,16.95,52.0,1.55,2964508,-487384
SILVER,3,6.0,D+4h,0.25@0.5,5,False,17.75,59.6,1.42,1120366,-470575,27.22,67.8,1.73,5138057,-1246366,21.81,64.0,1.64,6258423,-1246366
SILVER,3,6.0,D+4h,0.25@0.5,5,True,37.33,39.5,1.41,1005925,-385975,54.89,49.4,1.55,3504005,-910942,44.86,44.7,1.52,4509929,-910942
SILVER,3,6.0,D+4h,0.25@0.5,10,False,17.25,59.9,1.43,1125243,-470575,26.0,67.1,1.81,5252750,-1414908,21.0,63.7,1.7,6377993,-1414908
SILVER,3,6.0,D+4h,0.25@0.5,10,True,29.17,44.3,1.54,1184675,-346798,42.89,52.3,1.7,3784154,-794732,35.05,48.5,1.65,4968829,-794732
SILVER,3,6.0,D+1h+4h,0.1@0.3,0,False,9.83,54.2,1.4,497466,-375670,13.11,72.0,1.42,1063330,-606077,11.24,63.1,1.42,1560796,-606077
SILVER,3,6.0,D+1h+4h,0.1@0.3,0,True,9.83,54.2,1.4,497466,-375670,13.11,72.0,1.48,1166296,-606077,11.24,63.1,1.45,1663762,-606077
SILVER,3,6.0,D+1h+4h,0.1@0.3,5,False,13.58,55.2,1.52,839766,-375670,21.67,69.2,1.58,2740315,-720881,17.05,62.8,1.56,3580081,-720881
SILVER,3,6.0,D+1h+4h,0.1@0.3,5,True,13.58,55.2,1.52,839766,-375670,21.67,69.2,1.62,2843282,-685573,17.05,62.8,1.59,3683047,-685573
SILVER,3,6.0,D+1h+4h,0.1@0.3,10,False,13.17,56.3,1.54,861269,-375670,20.33,71.0,1.61,2454076,-771130,16.24,64.2,1.59,3315345,-771130
SILVER,3,6.0,D+1h+4h,0.1@0.3,10,True,13.17,56.3,1.54,861269,-375670,20.33,71.0,1.65,2557042,-668164,16.24,64.2,1.62,3418311,-668164
SILVER,3,6.0,D+1h+4h,0.15@0.3,0,False,9.83,63.6,1.39,481673,-375670,13.11,75.4,1.47,1184012,-566468,11.24,69.5,1.44,1665685,-566468
SILVER,3,6.0,D+1h+4h,0.15@0.3,0,True,9.83,63.6,1.39,481673,-375670,13.11,75.4,1.53,1286978,-566468,11.24,69.5,1.48,1768651,-566468
SILVER,3,6.0,D+1h+4h,0.15@0.3,5,False,15.92,61.3,1.29,564060,-375670,22.56,72.4,1.58,2756354,-729678,18.76,67.0,1.5,3320414,-729678
SILVER,3,6.0,D+1h+4h,0.15@0.3,5,True,15.92,61.3,1.29,564060,-375670,22.56,72.4,1.62,2859321,-633263,18.76,67.0,1.52,3423380,-633263
SILVER,3,6.0,D+1h+4h,0.15@0.3,10,False,14.58,63.4,1.41,717820,-375670,21.22,73.8,1.59,2378514,-744919,17.43,68.9,1.53,3096334,-744919
SILVER,3,6.0,D+1h+4h,0.15@0.3,10,True,14.58,63.4,1.41,717820,-375670,21.22,73.8,1.63,2481480,-641953,17.43,68.9,1.56,3199301,-641953
SILVER,3,6.0,D+1h+4h,0.2@0.4,0,False,9.83,65.3,1.62,803515,-375670,13.11,73.7,1.92,2557493,-493071,11.24,69.5,1.82,3361008,-493071
SILVER,3,6.0,D+1h+4h,0.2@0.4,0,True,9.83,65.3,1.62,803515,-375670,13.11,73.7,1.99,2660459,-493071,11.24,69.5,1.87,3463974,-493071
SILVER,3,6.0,D+1h+4h,0.2@0.4,5,False,13.58,68.1,1.79,1324081,-375670,20.0,74.4,1.93,3808017,-493071,16.33,71.4,1.89,5132098,-493071
SILVER,3,6.0,D+1h+4h,0.2@0.4,5,True,13.58,68.1,1.79,1324081,-375670,20.0,74.4,1.98,3910983,-493071,16.33,71.4,1.92,5235065,-493071
SILVER,3,6.0,D+1h+4h,0.2@0.4,10,False,13.5,67.3,1.81,1339281,-375670,19.22,72.3,1.86,3533097,-673454,15.95,69.9,1.84,4872378,-673454
SILVER,3,6.0,D+1h+4h,0.2@0.4,10,True,13.5,67.3,1.81,1339281,-375670,19.22,72.3,1.91,3636063,-570488,15.95,69.9,1.88,4975344,-570488
SILVER,3,6.0,D+1h+4h,0.25@0.5,0,False,9.83,58.5,1.62,903539,-375670,13.11,67.8,1.73,2412511,-487384,11.24,63.1,1.7,3316050,-487384
SILVER,3,6.0,D+1h+4h,0.25@0.5,0,True,9.83,58.5,1.62,903539,-375670,13.11,67.8,1.79,2515477,-487384,11.24,63.1,1.73,3419016,-487384
SILVER,3,6.0,D+1h+4h,0.25@0.5,5,False,12.42,63.8,1.97,1531707,-375670,18.44,69.9,1.86,3922851,-910942,15.0,67.0,1.89,5454558,-910942
SILVER,3,6.0,D+1h+4h,0.25@0.5,5,True,12.42,63.8,1.97,1531707,-375670,18.44,69.9,1.91,4025817,-910942,15.0,67.0,1.92,5557524,-910942
SILVER,3,6.0,D+1h+4h,0.25@0.5,10,False,12.25,63.3,1.96,1516904,-375670,17.78,68.8,1.93,3945023,-589538,14.62,66.1,1.94,5461927,-589538
SILVER,3,6.0,D+1h+4h,0.25@0.5,10,True,12.25,63.3,1.96,1516904,-375670,17.78,68.8,1.98,4047989,-589538,14.62,66.1,1.97,5564894,-589538
SILVER,3,6.0,1h,0.1@0.3,0,False,29.42,38.5,1.09,250315,-519623,26.89,71.5,1.55,2558043,-696883,28.33,51.9,1.37,2808357,-696883
SILVER,3,6.0,1h,0.1@0.3,0,True,29.42,38.5,1.09,250315,-519623,26.89,71.5,1.58,2661009,-696883,28.33,51.9,1.39,2911324,-696883
SILVER,3,6.0,1h,0.1@0.3,5,False,44.17,38.3,0.97,-139459,-718929,42.22,68.2,1.64,5709607,-926653,43.33,50.8,1.42,5570149,-926653
SILVER,3,6.0,1h,0.1@0.3,5,True,44.17,38.3,0.97,-139459,-718929,42.22,68.2,1.66,5812574,-823687,43.33,50.8,1.43,5673115,-823687
SILVER,3,6.0,1h,0.1@0.3,10,False,41.58,39.9,1.01,37115,-676824,39.56,69.4,1.63,4947240,-979417,40.71,52.2,1.42,4984355,-979417
SILVER,3,6.0,1h,0.1@0.3,10,True,41.58,39.9,1.01,37115,-676824,39.56,69.4,1.65,5050207,-876451,40.71,52.2,1.43,5087322,-876451
SILVER,3,6.0,1h,0.15@0.3,0,False,29.42,54.7,1.02,71140,-519623,26.89,73.6,1.57,2656944,-586680,28.33,62.4,1.36,2728085,-586680
SILVER,3,6.0,1h,0.15@0.3,0,True,29.42,54.7,1.02,71140,-519623,26.89,73.6,1.6,2759911,-586680,28.33,62.4,1.38,2831051,-586680
SILVER,3,6.0,1h,0.15@0.3,5,False,48.33,55.2,0.9,-475873,-910008,44.56,70.3,1.65,5913252,-913592,46.71,61.4,1.39,5437379,-913592
SILVER,3,6.0,1h,0.15@0.3,5,True,48.33,55.2,0.9,-475873,-910008,44.56,70.3,1.67,6016218,-810626,46.71,61.4,1.4,5540345,-910008
SILVER,3,6.0,1h,0.15@0.3,10,False,44.33,57.1,0.98,-82173,-622101,41.56,71.7,1.63,5062581,-928805,43.14,63.1,1.41,4980409,-928805
SILVER,3,6.0,1h,0.15@0.3,10,True,44.33,57.1,0.98,-82173,-622101,41.56,71.7,1.65,5165548,-825838,43.14,63.1,1.42,5083375,-825838
SILVER,3,6.0,1h,0.2@0.4,0,False,29.42,62.3,1.12,393766,-627088,26.89,70.2,1.71,3884492,-512649,28.33,65.5,1.49,4278259,-627088
SILVER,3,6.0,1h,0.2@0.4,0,True,29.42,62.3,1.12,393766,-627088,26.89,70.2,1.74,3987458,-503110,28.33,65.5,1.51,4381225,-627088
SILVER,3,6.0,1h,0.2@0.4,5,False,42.83,63.8,1.05,230766,-760879,40.0,70.0,1.92,7710494,-658099,41.62,66.4,1.61,7941260,-760879
SILVER,3,6.0,1h,0.2@0.4,5,True,42.83,63.8,1.05,230766,-760879,40.0,70.0,1.95,7813460,-658099,41.62,66.4,1.63,8044227,-760879
SILVER,3,6.0,1h,0.2@0.4,10,False,40.83,63.3,1.09,395315,-760879,37.78,69.4,1.86,6920900,-718809,39.52,65.8,1.59,7316215,-760879
SILVER,3,6.0,1h,0.2@0.4,10,True,40.83,63.3,1.09,395315,-760879,37.78,69.4,1.88,7023866,-718809,39.52,65.8,1.6,7419181,-760879
SILVER,3,6.0,1h,0.25@0.5,0,False,29.42,60.3,1.23,782154,-539038,26.89,65.3,1.66,4097306,-533599,28.33,62.4,1.51,4879460,-539038
SILVER,3,6.0,1h,0.25@0.5,0,True,29.42,60.3,1.23,782154,-539038,26.89,65.3,1.68,4200272,-533599,28.33,62.4,1.52,4982426,-539038
SILVER,3,6.0,1h,0.25@0.5,5,False,39.58,61.5,1.15,683909,-760879,37.78,65.0,1.75,6803011,-910942,38.81,62.9,1.55,7486920,-910942
SILVER,3,6.0,1h,0.25@0.5,5,True,39.58,61.5,1.15,683909,-760879,37.78,65.0,1.77,6905977,-910942,38.81,62.9,1.56,7589886,-910942
SILVER,3,6.0,1h,0.25@0.5,10,False,38.17,61.1,1.19,825629,-760879,35.78,65.2,1.84,7050405,-808769,37.14,62.8,1.62,7876034,-808769
SILVER,3,6.0,1h,0.25@0.5,10,True,38.17,61.1,1.19,825629,-760879,35.78,65.2,1.86,7153371,-808769,37.14,62.8,1.63,7979000,-808769
SILVER,3,6.0,1h+4h,0.1@0.3,0,False,16.75,46.8,1.24,398561,-375670,16.33,72.8,1.61,1766143,-606077,16.57,57.8,1.47,2164703,-606077
SILVER,3,6.0,1h+4h,0.1@0.3,0,True,16.75,46.8,1.24,398561,-375670,16.33,72.8,1.67,1869109,-606077,16.57,57.8,1.51,2267670,-606077
SILVER,3,6.0,1h+4h,0.1@0.3,5,False,23.92,46.0,1.2,495377,-407841,26.56,68.6,1.75,4524984,-858077,25.05,56.3,1.59,5020361,-858077
SILVER,3,6.0,1h+4h,0.1@0.3,5,True,23.92,46.0,1.2,495377,-407841,26.56,68.6,1.78,4627950,-858077,25.05,56.3,1.61,5123327,-858077
SILVER,3,6.0,1h+4h,0.1@0.3,10,False,22.67,47.8,1.25,595998,-377989,24.78,70.9,1.85,4401228,-951761,23.57,58.2,1.66,4997226,-951761
SILVER,3,6.0,1h+4h,0.1@0.3,10,True,22.67,47.8,1.25,595998,-377989,24.78,70.9,1.89,4504194,-951761,23.57,58.2,1.69,5100192,-951761
SILVER,3,6.0,1h+4h,0.15@0.3,0,False,16.75,57.7,1.15,246404,-375670,16.33,75.5,1.67,1937238,-566468,16.57,65.2,1.48,2183642,-566468
SILVER,3,6.0,1h+4h,0.15@0.3,0,True,16.75,57.7,1.15,246404,-375670,16.33,75.5,1.73,2040204,-566468,16.57,65.2,1.51,2286608,-566468
SILVER,3,6.0,1h+4h,0.2@0.4,10,False,22.58,66.1,1.5,1154908,-375670,23.78,70.6,2.06,5644293,-906705,23.1,68.0,1.89,6799201,-906705
SILVER,3,6.0,1h+4h,0.2@0.4,10,True,22.58,66.1,1.5,1154908,-375670,23.78,70.6,2.1,5747259,-906705,23.1,68.0,1.92,6902168,-906705
SILVER,3,6.0,1h+4h,0.25@0.5,0,False,16.75,61.2,1.42,830969,-375670,16.33,66.7,1.78,3002819,-487384,16.57,63.5,1.66,3833788,-487384
SILVER,3,6.0,1h+4h,0.25@0.5,0,True,16.75,61.2,1.42,830969,-375670,16.33,66.7,1.83,3105786,-487384,16.57,63.5,1.69,3936754,-487384
SILVER,3,6.0,1h+4h,0.2@0.4,0,False,16.75,63.7,1.36,642517,-375670,16.33,72.8,1.98,3187476,-493071,16.57,67.5,1.76,3829993,-493071
SILVER,3,6.0,1h+4h,0.2@0.4,0,True,16.75,63.7,1.36,642517,-375670,16.33,72.8,2.04,3290442,-493071,16.57,67.5,1.8,3932960,-493071
SILVER,3,6.0,1h+4h,0.2@0.4,5,False,23.08,65.7,1.45,1096001,-375670,25.0,71.6,2.05,5762747,-846148,23.9,68.3,1.87,6858748,-846148
SILVER,3,6.0,1h+4h,0.2@0.4,5,True,23.08,65.7,1.45,1096001,-375670,25.0,71.6,2.09,5865714,-846148,23.9,68.3,1.89,6961714,-846148
SILVER,3,6.0,1h+4h,0.15@0.3,5,False,27.17,56.7,1.07,200739,-498510,27.44,71.3,1.76,4558125,-842663,27.29,63.0,1.54,4758864,-842663
SILVER,3,6.0,1h+4h,0.15@0.3,5,True,27.17,56.7,1.07,200739,-498510,27.44,71.3,1.79,4661091,-842663,27.29,63.0,1.56,4861830,-842663
SILVER,3,6.0,1h+4h,0.15@0.3,10,False,24.5,58.8,1.22,534735,-393714,25.67,73.2,1.84,4339818,-869450,25.0,65.1,1.64,4874553,-869450
SILVER,3,6.0,1h+4h,0.15@0.3,10,True,24.5,58.8,1.22,534735,-393714,25.67,73.2,1.87,4442784,-869450,25.0,65.1,1.66,4977519,-869450
SILVER,3,6.0,1h+4h,0.25@0.5,5,False,21.5,64.0,1.56,1322969,-375670,23.33,66.7,1.94,5676683,-910942,22.29,65.2,1.84,6999653,-910942
SILVER,3,6.0,1h+4h,0.25@0.5,5,True,21.5,64.0,1.56,1322969,-375670,23.33,66.7,1.98,5779649,-910942,22.29,65.2,1.86,7102619,-910942
SILVER,3,6.0,1h+4h,0.25@0.5,10,False,20.83,63.6,1.6,1381294,-375670,22.22,67.0,2.09,5953447,-1006035,21.43,65.1,1.95,7334741,-1006035
SILVER,3,6.0,1h+4h,0.25@0.5,10,True,20.83,63.6,1.6,1381294,-375670,22.22,67.0,2.13,6056413,-1006035,21.43,65.1,1.97,7437707,-1006035
SILVER,5,4.0,D,0.1@0.3,0,False,31.33,38.6,1.21,606291,-678815,31.33,68.8,1.24,1588805,-1363603,31.33,51.5,1.23,2195096,-1363603
SILVER,5,4.0,D,0.1@0.3,0,True,31.33,35.6,1.47,911316,-534775,31.33,59.2,1.42,1854973,-633533,31.33,45.7,1.43,2766288,-633533
SILVER,5,4.0,D,0.1@0.3,5,False,42.75,40.5,1.3,1083292,-730515,46.67,71.7,1.42,3703734,-1190971,44.43,54.6,1.38,4787026,-1190971
SILVER,5,4.0,D,0.1@0.3,5,True,76.92,33.3,1.14,555842,-1132575,78.67,53.8,1.32,2764182,-998879,77.67,42.2,1.27,3320024,-1132575
SILVER,5,4.0,D,0.1@0.3,10,False,41.42,40.0,1.27,973820,-813578,42.67,70.1,1.39,3286049,-1190971,41.95,53.1,1.36,4259869,-1190971
SILVER,5,4.0,D,0.1@0.3,10,True,63.33,34.9,1.25,846961,-1016542,62.0,55.4,1.36,2673454,-814864,62.76,43.6,1.32,3520415,-1016542
SILVER,5,4.0,D,0.15@0.3,0,False,31.33,56.4,1.14,406103,-647307,31.33,72.7,1.32,2050203,-1314084,31.33,63.4,1.26,2456306,-1314084
SILVER,5,4.0,D,0.15@0.3,0,True,31.33,44.9,1.32,620527,-546395,31.33,61.0,1.49,2180677,-589769,31.33,51.8,1.44,2801204,-589769
SILVER,5,4.0,D,0.15@0.3,5,False,45.67,57.5,1.25,955491,-744225,48.56,74.6,1.47,4319493,-1163836,46.9,65.1,1.41,5274984,-1163836
SILVER,5,4.0,D,0.15@0.3,5,True,79.5,40.1,1.09,372959,-1206992,79.89,54.9,1.37,3270955,-822036,79.67,46.5,1.28,3643913,-1206992
SILVER,5,4.0,D,0.15@0.3,10,False,43.42,58.0,1.28,985277,-820075,44.11,73.3,1.45,3834011,-1163836,43.71,64.6,1.4,4819288,-1163836
SILVER,5,4.0,D,0.15@0.3,10,True,65.33,42.6,1.21,729362,-1092942,62.78,56.6,1.42,3172536,-712918,64.24,48.5,1.35,3901898,-1092942
SILVER,5,4.0,D,0.2@0.4,0,False,31.33,60.6,1.03,116706,-967239,31.33,66.3,1.43,3315224,-1264555,31.33,63.1,1.31,3431930,-1264555
SILVER,5,4.0,D,0.2@0.4,0,True,31.33,47.1,1.32,731733,-626027,31.33,57.4,1.61,3031136,-578710,31.33,51.5,1.52,3762869,-626027
SILVER,5,4.0,D,0.2@0.4,5,False,43.58,63.9,1.17,694881,-843634,45.0,69.1,1.46,4736914,-1136691,44.19,66.2,1.38,5431795,-1136691
SILVER,5,4.0,D,0.2@0.4,5,True,77.5,41.1,1.06,262223,-1200598,78.33,52.5,1.38,3548039,-1238943,77.86,46.0,1.28,3810262,-1238943
SILVER,5,4.0,D,0.2@0.4,10,False,42.08,63.4,1.13,549162,-858034,41.22,68.5,1.53,4944564,-1136691,41.71,65.5,1.41,5493726,-1136691
SILVER,5,4.0,D,0.2@0.4,10,True,64.17,44.2,1.13,505221,-1061681,61.22,53.9,1.5,3912554,-949622,62.9,48.2,1.38,4417775,-1061681
SILVER,5,4.0,D,0.25@0.5,0,False,31.33,61.7,1.23,818326,-700373,31.33,60.6,1.45,3922323,-1430262,31.33,61.2,1.39,4740650,-1430262
SILVER,5,4.0,D,0.25@0.5,0,True,31.33,46.8,1.43,1051182,-596342,31.33,53.5,1.69,3897667,-563283,31.33,49.7,1.61,4948848,-596342
SILVER,5,4.0,D+1h,0.1@0.3,0,False,18.33,41.8,1.78,1170033,-406645,19.11,70.3,1.57,2031046,-754631,18.67,54.3,1.63,3201079,-754631
SILVER,5,4.0,D+1h,0.1@0.3,0,True,18.33,41.8,1.78,1170033,-406645,19.11,70.3,1.57,2031046,-754631,18.67,54.3,1.63,3201079,-754631
SILVER,5,4.0,D+1h,0.1@0.3,5,False,25.58,40.7,1.72,1502841,-614826,29.33,72.0,1.74,3866706,-1014806,27.19,55.2,1.74,5369548,-1014806
SILVER,5,4.0,D+1h,0.1@0.3,5,True,25.58,40.7,1.72,1502841,-614826,29.33,72.0,1.74,3866706,-1014806,27.19,55.2,1.74,5369548,-1014806
SILVER,5,4.0,D,0.25@0.5,5,False,40.33,63.2,1.32,1360729,-819461,41.22,64.2,1.48,5008791,-1109535,40.71,63.6,1.43,6369520,-1109535
SILVER,5,4.0,D,0.25@0.5,5,True,75.75,40.5,1.12,544657,-1145401,76.11,49.9,1.39,3690965,-1264765,75.9,44.5,1.31,4235622,-1264765
SILVER,5,4.0,D,0.25@0.5,10,False,39.33,62.9,1.26,1133583,-872777,38.67,63.5,1.5,4931402,-1109535,39.05,63.2,1.43,6064984,-1109535
SILVER,5,4.0,D,0.25@0.5,10,True,62.25,42.8,1.19,744004,-1036803,59.89,50.8,1.45,3783615,-954747,61.24,46.2,1.36,4527619,-1036803
SILVER,5,4.0,D+1h,0.1@0.3,10,False,24.92,41.1,1.7,1439320,-620874,27.22,71.0,1.7,3509296,-875595,25.9,54.6,1.7,4948616,-875595
SILVER,5,4.0,D+1h,0.1@0.3,10,True,24.92,41.1,1.7,1439320,-620874,27.22,71.0,1.7,3509296,-875595,25.9,54.6,1.7,4948616,-875595
SILVER,5,4.0,D+1h,0.15@0.3,0,False,18.33,55.9,1.6,873546,-416765,19.11,73.3,1.66,2328830,-589769,18.67,63.5,1.64,3202376,-589769
SILVER,5,4.0,D+1h,0.15@0.3,0,True,18.33,55.9,1.6,873546,-416765,19.11,73.3,1.66,2328830,-589769,18.67,63.5,1.64,3202376,-589769
SILVER,5,4.0,D+1h,0.2@0.4,0,False,18.33,60.9,1.56,991540,-486952,19.11,69.8,1.78,3190741,-722532,18.67,64.8,1.71,4182281,-722532
SILVER,5,4.0,D+1h,0.2@0.4,0,True,18.33,60.9,1.56,991540,-486952,19.11,69.8,1.78,3190741,-722532,18.67,64.8,1.71,4182281,-722532
SILVER,5,4.0,D+1h,0.2@0.4,5,False,26.0,62.2,1.52,1251877,-627640,29.0,72.0,1.78,4637504,-1257729,27.29,66.7,1.7,5889382,-1257729
SILVER,5,4.0,D+1h,0.2@0.4,5,True,26.0,62.2,1.52,1251877,-627640,29.0,72.0,1.78,4637504,-1257729,27.29,66.7,1.7,5889382,-1257729
SILVER,5,4.0,D+1h,0.15@0.3,5,False,28.08,55.8,1.61,1321075,-662077,30.44,74.1,1.77,4266800,-945709,29.1,64.0,1.73,5587876,-945709
SILVER,5,4.0,D+1h,0.15@0.3,5,True,28.08,55.8,1.61,1321075,-662077,30.44,74.1,1.77,4266800,-945709,29.1,64.0,1.73,5587876,-945709
SILVER,5,4.0,D+1h,0.15@0.3,10,False,26.83,56.2,1.63,1328193,-666554,27.89,73.3,1.76,3919754,-807970,27.29,63.7,1.72,5247948,-807970
SILVER,5,4.0,D+1h,0.15@0.3,10,True,26.83,56.2,1.63,1328193,-666554,27.89,73.3,1.76,3919754,-807970,27.29,63.7,1.72,5247948,-807970
SILVER,5,4.0,D+1h,0.2@0.4,10,False,25.58,62.5,1.46,1139404,-648054,26.44,71.4,1.9,4752636,-1073048,25.95,66.4,1.76,5892040,-1073048
SILVER,5,4.0,D+1h,0.2@0.4,10,True,25.58,62.5,1.46,1139404,-648054,26.44,71.4,1.9,4752636,-1073048,25.95,66.4,1.76,5892040,-1073048
SILVER,5,4.0,D+1h,0.25@0.5,0,False,18.33,60.9,1.67,1317968,-455857,19.11,63.4,1.85,4050080,-769007,18.67,62.0,1.79,5368047,-769007
SILVER,5,4.0,D+1h,0.25@0.5,0,True,18.33,60.9,1.67,1317968,-455857,19.11,63.4,1.85,4050080,-769007,18.67,62.0,1.79,5368047,-769007
SILVER,5,4.0,D+1h,0.25@0.5,5,False,24.25,62.2,1.59,1520804,-578059,26.78,66.4,1.76,4704677,-1116058,25.33,64.1,1.71,6225481,-1116058
SILVER,5,4.0,D+1h,0.25@0.5,5,True,24.25,62.2,1.59,1520804,-578059,26.78,66.4,1.76,4704677,-1116058,25.33,64.1,1.71,6225481,-1116058
SILVER,5,4.0,D+1h,0.25@0.5,10,False,23.67,61.3,1.52,1365000,-588679,25.11,65.0,1.76,4548411,-1133568,24.29,62.9,1.68,5913411,-1133568
SILVER,5,4.0,D+1h,0.25@0.5,10,True,23.67,61.3,1.52,1365000,-588679,25.11,65.0,1.76,4548411,-1133568,24.29,62.9,1.68,5913411,-1133568
SILVER,5,4.0,D+4h,0.1@0.3,0,False,16.58,45.7,1.22,418665,-477063,22.11,67.3,1.24,1249673,-1363603,18.95,56.5,1.23,1668338,-1363603
SILVER,5,4.0,D+4h,0.1@0.3,0,True,16.58,45.7,1.44,581306,-325013,22.11,59.8,1.43,1520605,-1005341,18.95,52.8,1.43,2101911,-1005341
SILVER,5,4.0,D+4h,0.1@0.3,5,False,21.42,46.7,1.42,996053,-499528,33.22,70.2,1.51,3531588,-1190971,26.48,59.4,1.49,4527640,-1190971
SILVER,5,4.0,D+4h,0.1@0.3,5,True,36.17,40.1,1.45,1019009,-490077,53.78,55.8,1.56,3415533,-781055,43.71,48.4,1.53,4434542,-781055
SILVER,5,4.0,D+4h,0.1@0.3,10,False,21.08,47.0,1.39,914189,-536183,31.0,69.9,1.52,3317781,-1190971,25.33,59.0,1.49,4231970,-1190971
SILVER,5,4.0,D+4h,0.1@0.3,10,True,29.42,44.2,1.6,1174782,-428500,43.22,59.1,1.62,3260949,-603871,35.33,52.0,1.61,4435731,-603871
SILVER,5,4.0,D+4h,0.15@0.3,0,False,16.58,59.3,1.09,167814,-459775,22.11,71.9,1.31,1609500,-1314084,18.95,65.6,1.25,1777314,-1314084
SILVER,5,4.0,D+4h,0.15@0.3,0,True,16.58,52.3,1.22,290831,-324727,22.11,62.3,1.52,1820119,-874615,18.95,57.3,1.44,2110950,-874615
SILVER,5,4.0,D+4h,0.15@0.3,5,False,23.5,57.1,1.34,846257,-536703,34.33,73.1,1.56,3995681,-1163836,28.14,65.5,1.5,4841938,-1163836
SILVER,5,4.0,D+4h,0.15@0.3,5,True,38.17,44.3,1.36,836301,-545219,54.67,57.1,1.6,3807188,-766952,45.24,50.9,1.54,4643489,-766952
SILVER,5,4.0,D+4h,0.15@0.3,10,False,22.5,58.5,1.37,864571,-557417,31.78,73.1,1.58,3755304,-1163836,26.48,66.0,1.52,4619875,-1163836
SILVER,5,4.0,D+4h,0.15@0.3,10,True,30.83,49.5,1.54,1077277,-468679,43.67,60.6,1.69,3686397,-589769,36.33,55.2,1.65,4763674,-589769
SILVER,5,4.0,D+4h,0.2@0.4,0,False,16.58,59.3,0.98,-53637,-670010,22.11,64.8,1.45,2836924,-1264555,18.95,62.1,1.32,2783287,-1264555
SILVER,5,4.0,D+4h,0.2@0.4,0,True,16.58,50.3,1.27,422695,-385467,22.11,58.3,1.7,2790870,-698335,18.95,54.3,1.58,3213565,-698335
SILVER,5,4.0,D+4h,0.2@0.4,5,False,22.5,63.3,1.27,725625,-478210,31.78,66.8,1.5,4161600,-1136691,26.48,65.1,1.45,4887224,-1136691
SILVER,5,4.0,D+4h,0.2@0.4,5,True,37.0,44.8,1.31,791191,-508756,53.11,53.8,1.56,3903975,-947351,43.9,49.5,1.5,4695166,-947351
SILVER,5,4.0,D+4h,0.2@0.4,10,False,22.0,62.9,1.21,564453,-513342,29.33,67.4,1.64,4671109,-1136691,25.14,65.2,1.52,5235562,-1136691
SILVER,5,4.0,D+4h,0.2@0.4,10,True,30.33,49.5,1.37,871294,-452823,42.11,56.7,1.74,4250914,-729972,35.38,53.2,1.63,5122208,-729972
SILVER,5,4.0,D+4h,0.25@0.5,0,False,16.58,58.3,1.2,473446,-492531,22.11,60.3,1.58,4004164,-1430262,18.95,59.3,1.48,4477610,-1430262
SILVER,5,4.0,D+4h,0.25@0.5,0,True,16.58,48.2,1.38,679029,-376746,22.11,55.8,1.87,3862967,-644090,18.95,52.0,1.73,4541996,-644090
SILVER,5,4.0,D+4h,0.25@0.5,5,False,20.42,61.6,1.45,1234332,-425197,28.67,63.2,1.62,4895535,-1109535,23.95,62.4,1.57,6129867,-1109535
SILVER,5,4.0,D+4h,0.25@0.5,5,True,35.83,43.3,1.36,964709,-495046,51.44,52.5,1.68,4533881,-821619,42.52,48.0,1.59,5498590,-821619
SILVER,5,4.0,D+4h,0.25@0.5,10,False,20.42,62.4,1.36,1023231,-467420,27.0,63.0,1.68,5110360,-1109535,23.24,62.7,1.6,6133591,-1109535
SILVER,5,4.0,D+4h,0.25@0.5,10,True,29.25,47.6,1.42,1037429,-437159,40.78,54.5,1.76,4526231,-651704,34.19,51.1,1.66,5563660,-651704
SILVER,5,4.0,D+1h+4h,0.1@0.3,0,False,11.5,51.4,1.55,622245,-299214,14.44,68.5,1.64,1900433,-872722,12.76,59.7,1.62,2522678,-872722
SILVER,5,4.0,D+1h+4h,0.1@0.3,0,True,11.5,51.4,1.55,622245,-299214,14.44,68.5,1.64,1900433,-872722,12.76,59.7,1.62,2522678,-872722
SILVER,5,4.0,D+1h+4h,0.1@0.3,5,False,14.92,53.1,1.94,1353821,-338753,22.22,69.5,1.93,3878186,-781055,18.05,61.7,1.93,5232007,-781055
SILVER,5,4.0,D+1h+4h,0.1@0.3,5,True,14.92,53.1,1.94,1353821,-338753,22.22,69.5,1.93,3878186,-781055,18.05,61.7,1.93,5232007,-781055
SILVER,5,4.0,D+1h+4h,0.1@0.3,10,False,14.67,54.5,1.92,1295222,-338036,21.22,70.2,1.93,3639112,-603871,17.48,62.7,1.93,4934334,-603871
SILVER,5,4.0,D+1h+4h,0.1@0.3,10,True,14.67,54.5,1.92,1295222,-338036,21.22,70.2,1.93,3639112,-603871,17.48,62.7,1.93,4934334,-603871
SILVER,5,4.0,D+1h+4h,0.15@0.3,0,False,11.5,60.9,1.3,330698,-298181,14.44,72.3,1.74,2180248,-755282,12.76,66.4,1.62,2510947,-755282
SILVER,5,4.0,D+1h+4h,0.15@0.3,0,True,11.5,60.9,1.3,330698,-298181,14.44,72.3,1.74,2180248,-755282,12.76,66.4,1.62,2510947,-755282
SILVER,5,4.0,D+1h+4h,0.15@0.3,5,False,16.92,60.6,1.75,1164238,-394196,23.11,72.1,1.95,4194085,-766952,19.57,66.4,1.9,5358323,-766952
SILVER,5,4.0,D+1h+4h,0.15@0.3,5,True,16.92,60.6,1.75,1164238,-394196,23.11,72.1,1.95,4194085,-766952,19.57,66.4,1.9,5358323,-766952
SILVER,5,4.0,D+1h+4h,0.15@0.3,10,False,16.08,63.2,1.82,1194621,-378202,21.67,72.8,2.0,3994915,-589769,18.48,68.0,1.95,5189536,-589769
SILVER,5,4.0,D+1h+4h,0.15@0.3,10,True,16.08,63.2,1.82,1194621,-378202,21.67,72.8,2.0,3994915,-589769,18.48,68.0,1.95,5189536,-589769
SILVER,5,4.0,D+1h+4h,0.2@0.4,0,False,11.5,58.7,1.34,466795,-360397,14.44,68.5,1.93,3153158,-671596,12.76,63.4,1.76,3619953,-671596
SILVER,5,4.0,D+1h+4h,0.2@0.4,0,True,11.5,58.7,1.34,466795,-360397,14.44,68.5,1.93,3153158,-671596,12.76,63.4,1.76,3619953,-671596
SILVER,5,4.0,D+1h+4h,0.2@0.4,5,False,15.75,63.5,1.64,1121059,-362166,21.56,68.6,1.89,4388682,-891996,18.24,66.1,1.82,5509740,-891996
SILVER,5,4.0,D+1h+4h,0.2@0.4,5,True,15.75,63.5,1.64,1121059,-362166,21.56,68.6,1.89,4388682,-891996,18.24,66.1,1.82,5509740,-891996
SILVER,5,4.0,D+1h+4h,0.2@0.4,10,False,15.58,63.6,1.54,988185,-370439,20.11,69.1,2.08,4657223,-691283,17.52,66.3,1.92,5645408,-691283
SILVER,5,4.0,D+1h+4h,0.2@0.4,10,True,15.58,63.6,1.54,988185,-370439,20.11,69.1,2.08,4657223,-691283,17.52,66.3,1.92,5645408,-691283
SILVER,5,4.0,D+1h+4h,0.25@0.5,0,False,11.5,55.8,1.46,725192,-349614,14.44,64.6,2.1,4219099,-623506,12.76,60.1,1.91,4944291,-623506
SILVER,5,4.0,D+1h+4h,0.25@0.5,0,True,11.5,55.8,1.46,725192,-349614,14.44,64.6,2.1,4219099,-623506,12.76,60.1,1.91,4944291,-623506
SILVER,5,4.0,D+1h+4h,0.25@0.5,5,False,14.58,60.6,1.69,1295503,-346355,19.89,67.0,2.1,5079679,-563283,16.86,63.8,1.98,6375182,-563283
SILVER,5,4.0,D+1h+4h,0.25@0.5,5,True,14.58,60.6,1.69,1295503,-346355,19.89,67.0,2.1,5079679,-563283,16.86,63.8,1.98,6375182,-563283
SILVER,5,4.0,D+1h+4h,0.25@0.5,10,False,14.5,60.9,1.6,1155567,-352713,18.78,65.7,2.11,4995982,-578737,16.33,63.3,1.96,6151549,-578737
SILVER,5,4.0,D+1h+4h,0.25@0.5,10,True,14.5,60.9,1.6,1155567,-352713,18.78,65.7,2.11,4995982,-578737,16.33,63.3,1.96,6151549,-578737
SILVER,5,4.0,1h,0.1@0.3,0,False,32.42,37.3,1.28,704941,-696232,29.67,70.0,2.14,6843854,-792952,31.24,50.6,1.88,7548795,-792952
SILVER,5,4.0,1h,0.1@0.3,0,True,32.42,37.3,1.28,704941,-696232,29.67,70.0,2.14,6843854,-792952,31.24,50.6,1.88,7548795,-792952
SILVER,5,4.0,1h,0.1@0.3,5,False,47.17,36.9,1.15,606880,-1012135,45.22,70.8,1.77,6937388,-781055,46.33,51.1,1.58,7544268,-1012135
SILVER,5,4.0,1h,0.1@0.3,5,True,47.17,36.9,1.15,606880,-1012135,45.22,70.8,1.77,6937388,-781055,46.33,51.1,1.58,7544268,-1012135
SILVER,5,4.0,1h,0.1@0.3,10,False,44.42,38.1,1.19,716283,-942234,42.0,70.1,1.74,6495582,-919239,43.38,51.4,1.58,7211865,-942234
SILVER,5,4.0,1h,0.1@0.3,10,True,44.42,38.1,1.19,716283,-942234,42.0,70.1,1.74,6495582,-919239,43.38,51.4,1.58,7211865,-942234
SILVER,5,4.0,1h,0.15@0.3,0,False,32.42,54.2,1.19,470907,-685586,29.67,73.0,2.19,7140308,-778695,31.24,61.9,1.9,7611216,-778695
SILVER,5,4.0,1h,0.15@0.3,0,True,32.42,54.2,1.19,470907,-685586,29.67,73.0,2.19,7140308,-778695,31.24,61.9,1.9,7611216,-778695
SILVER,5,4.0,1h,0.15@0.3,5,False,51.33,53.7,1.09,360406,-1125349,48.22,73.0,1.76,7215490,-766952,50.0,61.7,1.56,7575896,-1125349
SILVER,5,4.0,1h,0.15@0.3,5,True,51.33,53.7,1.09,360406,-1125349,48.22,73.0,1.76,7215490,-766952,50.0,61.7,1.56,7575896,-1125349
SILVER,5,4.0,1h,0.15@0.3,10,False,47.25,55.6,1.18,672473,-986455,43.56,72.7,1.78,6985995,-904982,45.67,62.6,1.6,7658467,-986455
SILVER,5,4.0,1h,0.15@0.3,10,True,47.25,55.6,1.18,672473,-986455,43.56,72.7,1.78,6985995,-904982,45.67,62.6,1.6,7658467,-986455
SILVER,5,4.0,1h,0.2@0.4,0,False,32.42,62.2,1.22,627015,-653298,29.67,68.2,1.98,6788708,-750016,31.24,64.6,1.76,7415723,-750016
SILVER,5,4.0,1h,0.2@0.4,0,True,32.42,62.2,1.22,627015,-653298,29.67,68.2,1.98,6788708,-750016,31.24,64.6,1.76,7415723,-750016
SILVER,5,4.0,1h,0.2@0.4,5,False,47.08,63.2,1.09,418227,-902746,44.89,69.1,1.71,7363573,-781620,46.14,65.6,1.52,7781800,-902746
SILVER,5,4.0,1h,0.2@0.4,5,True,47.08,63.2,1.09,418227,-902746,44.89,69.1,1.71,7363573,-781620,46.14,65.6,1.52,7781800,-902746
SILVER,5,4.0,1h,0.2@0.4,10,False,44.83,63.6,1.09,388699,-807063,41.44,68.6,1.71,6862094,-888782,43.38,65.6,1.51,7250793,-888782
SILVER,5,4.0,1h,0.2@0.4,10,True,44.83,63.6,1.09,388699,-807063,41.44,68.6,1.71,6862094,-888782,43.38,65.6,1.51,7250793,-888782
SILVER,5,4.0,1h,0.25@0.5,0,False,32.42,60.9,1.24,774041,-754414,29.67,63.7,2.09,8329556,-734789,31.24,62.0,1.83,9103597,-754414
SILVER,5,4.0,1h,0.25@0.5,0,True,32.42,60.9,1.24,774041,-754414,29.67,63.7,2.09,8329556,-734789,31.24,62.0,1.83,9103597,-754414
SILVER,5,4.0,1h,0.25@0.5,5,False,43.33,62.5,1.16,703024,-905701,40.89,64.9,1.74,7743404,-881600,42.29,63.5,1.57,8446429,-905701
SILVER,5,4.0,1h,0.25@0.5,5,True,43.33,62.5,1.16,703024,-905701,40.89,64.9,1.74,7743404,-881600,42.29,63.5,1.57,8446429,-905701
SILVER,5,4.0,1h,0.25@0.5,10,False,42.0,61.9,1.11,517120,-926677,38.89,64.0,1.69,7085735,-881600,40.67,62.8,1.51,7602855,-926677
SILVER,5,4.0,1h,0.25@0.5,10,True,42.0,61.9,1.11,517120,-926677,38.89,64.0,1.69,7085735,-881600,40.67,62.8,1.51,7602855,-926677
SILVER,5,4.0,1h+4h,0.1@0.3,0,False,18.92,44.5,1.38,581031,-469258,18.33,66.1,2.13,4679579,-1073611,18.67,53.6,1.93,5260610,-1073611
SILVER,5,4.0,1h+4h,0.1@0.3,0,True,18.92,44.5,1.38,581031,-469258,18.33,66.1,2.13,4679579,-1073611,18.67,53.6,1.93,5260610,-1073611
SILVER,5,4.0,1h+4h,0.1@0.3,5,False,25.33,45.7,1.59,1234029,-418306,28.0,67.5,1.99,5682326,-950469,26.48,55.6,1.89,6916355,-950469
SILVER,5,4.0,1h+4h,0.1@0.3,5,True,25.33,45.7,1.59,1234029,-418306,28.0,67.5,1.99,5682326,-950469,26.48,55.6,1.89,6916355,-950469
SILVER,5,4.0,1h+4h,0.1@0.3,10,False,24.25,47.4,1.63,1249983,-387421,26.56,67.8,2.02,5484063,-850579,25.24,56.6,1.91,6734046,-850579
SILVER,5,4.0,1h+4h,0.1@0.3,10,True,24.25,47.4,1.63,1249983,-387421,26.56,67.8,2.02,5484063,-850579,25.24,56.6,1.91,6734046,-850579
SILVER,5,4.0,1h+4h,0.15@0.3,0,False,18.92,59.0,1.23,333933,-438416,18.33,70.3,2.21,5000913,-984743,18.67,63.8,1.95,5334846,-984743
SILVER,5,4.0,1h+4h,0.15@0.3,0,True,18.92,59.0,1.23,333933,-438416,18.33,70.3,2.21,5000913,-984743,18.67,63.8,1.95,5334846,-984743
SILVER,5,4.0,1h+4h,0.15@0.3,5,False,28.33,58.8,1.46,1029105,-520332,29.56,70.3,1.98,5922831,-905414,28.86,63.9,1.84,6951936,-905414
SILVER,5,4.0,1h+4h,0.15@0.3,5,True,28.33,58.8,1.46,1029105,-520332,29.56,70.3,1.98,5922831,-905414,28.86,63.9,1.84,6951936,-905414
SILVER,5,4.0,1h+4h,0.15@0.3,10,False,26.25,61.0,1.59,1180283,-422136,27.22,71.4,2.09,5913122,-774744,26.67,65.5,1.95,7093405,-774744
SILVER,5,4.0,1h+4h,0.15@0.3,10,True,26.25,61.0,1.59,1180283,-422136,27.22,71.4,2.09,5913122,-774744,26.67,65.5,1.95,7093405,-774744
SILVER,5,4.0,1h+4h,0.2@0.4,0,False,18.92,62.6,1.3,543698,-374436,18.33,66.1,2.29,6012332,-946074,18.67,64.0,2.01,6556031,-946074
SILVER,5,4.0,1h+4h,0.2@0.4,0,True,18.92,62.6,1.3,543698,-374436,18.33,66.1,2.29,6012332,-946074,18.67,64.0,2.01,6556031,-946074
SILVER,5,4.0,1h+4h,0.2@0.4,5,False,25.92,64.6,1.42,1038108,-348173,27.22,66.1,1.93,6211880,-1169622,26.48,65.3,1.8,7249988,-1169622
SILVER,5,4.0,1h+4h,0.2@0.4,5,True,25.92,64.6,1.42,1038108,-348173,27.22,66.1,1.93,6211880,-1169622,26.48,65.3,1.8,7249988,-1169622
SILVER,5,4.0,1h+4h,0.2@0.4,10,False,25.0,65.0,1.41,999581,-359801,25.33,66.7,2.11,6555138,-968909,25.14,65.7,1.91,7554719,-968909
SILVER,5,4.0,1h+4h,0.2@0.4,10,True,25.0,65.0,1.41,999581,-359801,25.33,66.7,2.11,6555138,-968909,25.14,65.7,1.91,7554719,-968909
SILVER,5,4.0,1h+4h,0.25@0.5,0,False,18.92,58.1,1.27,576994,-535556,18.33,63.0,2.41,7137653,-780027,18.67,60.2,2.07,7714647,-780027
SILVER,5,4.0,1h+4h,0.25@0.5,0,True,18.92,58.1,1.27,576994,-535556,18.33,63.0,2.41,7137653,-780027,18.67,60.2,2.07,7714647,-780027
SILVER,5,4.0,1h+4h,0.25@0.5,5,False,24.33,61.6,1.38,1025114,-465795,25.11,64.2,2.1,6948098,-838853,24.67,62.7,1.89,7973212,-838853
SILVER,5,4.0,1h+4h,0.25@0.5,5,True,24.33,61.6,1.38,1025114,-465795,25.11,64.2,2.1,6948098,-838853,24.67,62.7,1.89,7973212,-838853
SILVER,5,4.0,1h+4h,0.25@0.5,10,False,23.92,62.0,1.36,963847,-463271,23.78,63.6,2.14,6946319,-856363,23.86,62.7,1.9,7910166,-856363
SILVER,5,4.0,1h+4h,0.25@0.5,10,True,23.92,62.0,1.36,963847,-463271,23.78,63.6,2.14,6946319,-856363,23.86,62.7,1.9,7910166,-856363
SILVER,5,5.0,D,0.1@0.3,0,False,21.83,46.9,1.57,1267585,-474165,21.78,71.4,1.35,2332164,-1005573,21.81,57.4,1.41,3599749,-1005573
SILVER,5,5.0,D,0.1@0.3,0,True,21.83,40.8,1.66,1080244,-455938,21.78,62.8,1.41,1693129,-899455,21.81,50.2,1.48,2773373,-899455
SILVER,5,5.0,D,0.1@0.3,5,False,32.08,47.3,1.41,1240425,-644131,33.56,72.5,1.4,3687086,-1043585,32.71,58.4,1.4,4927511,-1043585
SILVER,5,5.0,D,0.1@0.3,5,True,65.58,35.3,1.1,363407,-819556,66.44,53.2,1.18,1588824,-1078743,65.95,43.0,1.16,1952231,-1078743
SILVER,5,5.0,D,0.1@0.3,10,False,30.83,47.3,1.41,1233928,-741469,30.67,73.9,1.64,4881987,-832668,30.76,58.7,1.57,6115915,-832668
SILVER,5,5.0,D,0.1@0.3,10,True,53.67,37.6,1.24,742493,-778484,51.33,56.1,1.42,2893668,-904358,52.67,45.3,1.36,3636161,-904358
SILVER,5,5.0,D,0.15@0.3,0,False,21.83,64.9,1.35,768019,-463510,21.78,73.0,1.39,2548447,-939655,21.81,68.3,1.38,3316466,-939655
SILVER,5,5.0,D,0.15@0.3,0,True,21.83,50.8,1.33,543106,-455938,21.78,64.3,1.46,1934035,-847558,21.81,56.6,1.43,2477141,-847558
SILVER,5,5.0,D,0.15@0.3,5,False,34.33,65.5,1.39,1197625,-626145,34.78,73.8,1.43,4102227,-1041751,34.52,69.1,1.42,5299853,-1041751
SILVER,5,5.0,D,0.15@0.3,5,True,67.33,42.3,1.04,128745,-816638,67.11,53.8,1.21,1913773,-879167,67.24,47.2,1.16,2042518,-879167
SILVER,5,5.0,D,0.15@0.3,10,False,32.58,65.2,1.42,1255371,-693277,32.33,75.6,1.63,4988065,-806809,32.48,69.6,1.57,6243436,-806809
SILVER,5,5.0,D,0.15@0.3,10,True,55.17,45.3,1.16,514314,-763990,52.22,57.0,1.41,2923886,-816963,53.9,50.2,1.34,3438199,-816963
SILVER,5,5.0,D,0.2@0.4,0,False,21.83,67.6,1.6,1453689,-455939,21.78,71.4,1.4,2824318,-1060348,21.81,69.2,1.45,4278007,-1060348
SILVER,5,5.0,D,0.2@0.4,0,True,21.83,52.7,1.56,1001340,-455938,21.78,63.8,1.45,2005543,-795884,21.81,57.4,1.48,3006883,-795884
SILVER,5,5.0,D,0.2@0.4,5,False,30.42,68.2,1.54,1659254,-560767,31.44,72.1,1.56,5063847,-1012721,30.86,69.9,1.56,6723102,-1012721
SILVER,5,5.0,D,0.2@0.4,5,True,65.25,42.0,1.05,176939,-845991,65.33,52.6,1.34,2996802,-1066601,65.29,46.5,1.25,3173742,-1066601
SILVER,5,5.0,D,0.2@0.4,10,False,29.08,67.9,1.55,1672082,-547676,30.22,72.4,1.59,5041512,-1029567,29.57,69.9,1.58,6713594,-1029567
SILVER,5,5.0,D,0.2@0.4,10,True,53.08,44.7,1.18,576588,-730793,51.11,55.2,1.45,3422381,-922193,52.24,49.1,1.37,3998969,-922193
SILVER,5,5.0,D,0.25@0.5,0,False,21.83,63.0,1.72,1915301,-373447,21.78,66.8,1.8,6290523,-1380130,21.81,64.6,1.78,8205824,-1380130
SILVER,5,5.0,D,0.25@0.5,0,True,21.83,50.0,1.73,1400571,-455938,21.78,60.2,1.78,4015131,-1089772,21.81,54.4,1.77,5415702,-1089772
SILVER,5,5.0,D,0.25@0.5,5,False,27.25,63.0,1.68,2133670,-592320,27.78,65.6,1.66,6350425,-1254690,27.48,64.1,1.66,8484095,-1254690
SILVER,5,5.0,D,0.25@0.5,5,True,62.92,39.5,1.21,777388,-772672,63.0,49.2,1.31,2977802,-1377003,62.95,43.6,1.28,3755189,-1377003
SILVER,5,5.0,D,0.25@0.5,10,False,27.0,62.7,1.67,2085546,-634052,26.89,65.7,1.67,6369896,-1437727,26.95,64.0,1.67,8455442,-1437727
SILVER,5,5.0,D,0.25@0.5,10,True,51.58,42.3,1.35,1133324,-710179,49.22,51.0,1.37,3248378,-1228242,50.57,46.0,1.37,4381703,-1228242
SILVER,5,5.0,D+1h,0.1@0.3,0,False,12.33,48.0,1.97,1291110,-439718,13.22,69.7,1.73,2263484,-422753,12.71,57.7,1.8,3554593,-439718
SILVER,5,5.0,D+1h,0.1@0.3,0,True,12.33,48.0,1.97,1291110,-439718,13.22,69.7,1.79,2366450,-422753,12.71,57.7,1.85,3657560,-439718
SILVER,5,5.0,D+1h,0.1@0.3,5,False,19.58,46.4,1.61,1215767,-439718,21.44,72.0,1.61,3312917,-877569,20.38,57.9,1.61,4528684,-877569
SILVER,5,5.0,D+1h,0.1@0.3,5,True,19.58,46.4,1.61,1215767,-439718,21.44,72.0,1.64,3415883,-877569,20.38,57.9,1.63,4631650,-877569
SILVER,5,5.0,D+1h,0.1@0.3,10,False,18.92,47.1,1.65,1254804,-452786,19.67,73.4,2.03,4333162,-671087,19.24,58.7,1.91,5587966,-671087
SILVER,5,5.0,D+1h,0.1@0.3,10,True,18.92,47.1,1.65,1254804,-452786,19.67,73.4,2.08,4436128,-671087,19.24,58.7,1.94,5690932,-671087
SILVER,5,5.0,D+1h,0.15@0.3,0,False,12.33,65.5,1.57,752218,-439718,13.22,72.3,1.81,2490919,-422753,12.71,68.5,1.74,3243138,-439718
SILVER,5,5.0,D+1h,0.15@0.3,0,True,12.33,65.5,1.57,752218,-439718,13.22,72.3,1.87,2593885,-422753,12.71,68.5,1.78,3346104,-439718
SILVER,5,5.0,D+1h,0.15@0.3,5,False,21.25,65.9,1.49,999015,-439718,22.11,73.4,1.65,3697855,-799197,21.62,69.2,1.61,4696870,-799197
SILVER,5,5.0,D+1h,0.15@0.3,5,True,21.25,65.9,1.49,999015,-439718,22.11,73.4,1.68,3800821,-799197,21.62,69.2,1.63,4799837,-799197
SILVER,5,5.0,D+1h,0.15@0.3,10,False,20.33,65.2,1.53,1043204,-439718,20.56,75.1,2.01,4407706,-597804,20.43,69.5,1.86,5450910,-597804
SILVER,5,5.0,D+1h,0.15@0.3,10,True,20.33,65.2,1.53,1043204,-439718,20.56,75.1,2.06,4510672,-597804,20.43,69.5,1.89,5553876,-597804
SILVER,5,5.0,D+1h,0.2@0.4,0,False,12.33,68.9,1.82,1203132,-439718,13.22,72.3,1.76,2569270,-422753,12.71,70.4,1.78,3772402,-439718
SILVER,5,5.0,D+1h,0.2@0.4,0,True,12.33,68.9,1.82,1203132,-439718,13.22,72.3,1.81,2672236,-422753,12.71,70.4,1.82,3875368,-439718
SILVER,5,5.0,D+1h,0.2@0.4,5,False,19.08,68.6,1.49,1058797,-439718,20.44,72.8,1.86,4451618,-661534,19.67,70.5,1.75,5510415,-661534
SILVER,5,5.0,D+1h,0.2@0.4,5,True,19.08,68.6,1.49,1058797,-439718,20.44,72.8,1.89,4554584,-661534,19.67,70.5,1.77,5613381,-661534
SILVER,5,5.0,D+1h,0.2@0.4,10,False,18.17,67.4,1.54,1117556,-439718,19.56,73.3,1.95,4604852,-678381,18.76,70.1,1.83,5722407,-678381
SILVER,5,5.0,D+1h,0.2@0.4,10,True,18.17,67.4,1.54,1117556,-439718,19.56,73.3,2.0,4707818,-678381,18.76,70.1,1.86,5825374,-678381
SILVER,5,5.0,D+1h,0.25@0.5,0,False,12.33,64.2,2.01,1606944,-439718,13.22,66.4,2.14,4590054,-714796,12.71,65.2,2.1,6196999,-714796
SILVER,5,5.0,D+1h,0.25@0.5,0,True,12.33,64.2,2.01,1606944,-439718,13.22,66.4,2.19,4693020,-714796,12.71,65.2,2.14,6299965,-714796
SILVER,5,5.0,D+4h,0.1@0.3,0,False,10.75,55.8,1.87,1067073,-455939,15.67,70.2,1.31,1663975,-996613,12.86,63.3,1.42,2731049,-996613
SILVER,5,5.0,D+4h,0.1@0.3,0,True,10.75,51.2,1.68,742506,-455938,15.67,64.5,1.49,1685805,-899455,12.86,58.1,1.53,2428311,-899455
SILVER,5,5.0,D+4h,0.1@0.3,5,False,16.08,54.9,1.84,1374008,-447376,24.22,71.6,1.39,2929501,-1043585,19.57,63.7,1.47,4303510,-1043585
SILVER,5,5.0,D+4h,0.1@0.3,5,True,30.33,42.0,1.45,897911,-333585,45.33,55.6,1.35,2360557,-799197,36.76,49.2,1.38,3258468,-799197
SILVER,5,5.0,D+4h,0.1@0.3,10,False,15.42,54.6,1.81,1339551,-451124,22.44,74.3,1.7,4142437,-832668,18.43,64.9,1.72,5481987,-832668
SILVER,5,5.0,D+4h,0.1@0.3,10,True,24.08,46.7,1.68,1140554,-314584,35.44,60.2,1.72,3553639,-636682,28.95,53.8,1.71,4694193,-636682
SILVER,5,5.0,D+4h,0.15@0.3,0,False,10.75,69.0,1.4,493107,-455939,15.67,72.3,1.33,1751689,-969986,12.86,70.7,1.34,2244796,-969986
SILVER,5,5.0,D+4h,0.15@0.3,0,True,10.75,56.6,1.16,176836,-455938,15.67,66.7,1.54,1852235,-847558,12.86,61.9,1.45,2029071,-847558
SILVER,5,5.0,D+1h,0.25@0.5,5,False,16.75,63.2,1.79,1661681,-439718,18.22,64.0,1.71,4371320,-873856,17.38,63.6,1.73,6033001,-873856
SILVER,5,5.0,D+1h,0.25@0.5,5,True,16.75,63.2,1.79,1661681,-439718,18.22,64.0,1.74,4474286,-873856,17.38,63.6,1.75,6135967,-873856
SILVER,5,5.0,D+1h,0.25@0.5,10,False,16.67,62.5,1.82,1678394,-439718,17.78,63.8,1.72,4363644,-1056893,17.14,63.1,1.75,6042038,-1056893
SILVER,5,5.0,D+1h,0.25@0.5,10,True,16.67,62.5,1.82,1678394,-439718,17.78,63.8,1.75,4466611,-1056893,17.14,63.1,1.77,6145004,-1056893
SILVER,5,5.0,D+4h,0.15@0.3,5,False,17.83,69.6,1.78,1299497,-441784,25.33,72.8,1.4,3127056,-910109,21.05,71.3,1.47,4426553,-910109
SILVER,5,5.0,D+4h,0.15@0.3,5,True,31.83,47.6,1.32,663129,-333585,45.89,56.4,1.37,2548334,-799197,37.86,52.2,1.36,3211463,-799197
SILVER,5,5.0,D+4h,0.15@0.3,10,False,16.83,68.3,1.79,1294393,-447405,24.0,76.4,1.68,4163885,-801583,19.9,72.5,1.71,5458278,-801583
SILVER,5,5.0,D+4h,0.15@0.3,10,True,25.42,52.8,1.52,897052,-314584,36.33,61.5,1.68,3475653,-636682,30.1,57.3,1.64,4372705,-636682
SILVER,5,5.0,D+4h,0.2@0.4,10,False,14.08,72.8,2.08,1723069,-443687,22.0,72.2,1.66,4331624,-1029567,17.48,72.5,1.74,6054693,-1029567
SILVER,5,5.0,D+4h,0.2@0.4,10,True,23.42,52.0,1.6,1067406,-314584,34.89,59.2,1.77,4139816,-636682,28.33,55.8,1.73,5207222,-636682
SILVER,5,5.0,D+4h,0.25@0.5,0,False,10.75,65.9,2.2,1713355,-373447,15.67,66.7,1.9,5627038,-1380130,12.86,66.3,1.96,7340393,-1380130
SILVER,5,5.0,D+4h,0.25@0.5,0,True,10.75,52.7,1.87,1108325,-455938,15.67,61.7,1.93,3941078,-1089772,12.86,57.4,1.91,5049403,-1089772
SILVER,5,5.0,D+4h,0.2@0.4,0,False,10.75,71.3,1.91,1208382,-455939,15.67,70.9,1.37,2093135,-1060348,12.86,71.1,1.47,3301517,-1060348
SILVER,5,5.0,D+4h,0.2@0.4,0,True,10.75,57.4,1.59,693880,-455938,15.67,66.0,1.53,1941532,-795884,12.86,61.9,1.54,2635412,-795884
SILVER,5,5.0,D+4h,0.2@0.4,5,False,14.58,72.6,2.08,1733685,-436193,23.0,72.5,1.63,4300188,-1012721,18.19,72.5,1.71,6033873,-1012721
SILVER,5,5.0,D+4h,0.2@0.4,5,True,29.67,46.9,1.39,816264,-333585,44.11,55.4,1.64,3937466,-644457,35.86,51.4,1.58,4753730,-644457
SILVER,5,5.0,D+4h,0.25@0.5,5,False,13.0,66.7,2.34,2170800,-373447,19.67,65.0,1.78,5819078,-1254690,15.86,65.8,1.88,7989878,-1254690
SILVER,5,5.0,D+4h,0.25@0.5,5,True,28.58,42.9,1.61,1301591,-333585,42.0,51.9,1.62,4175363,-714796,34.33,47.6,1.62,5476954,-714796
SILVER,5,5.0,D+4h,0.25@0.5,10,False,12.92,67.1,2.35,2159536,-373447,19.11,64.5,1.77,5721572,-1437727,15.57,65.7,1.87,7881107,-1437727
SILVER,5,5.0,D+4h,0.25@0.5,10,True,22.67,47.8,1.86,1543275,-314584,33.33,54.7,1.66,4157357,-734523,27.24,51.4,1.71,5700632,-734523
SILVER,5,5.0,D+1h+4h,0.1@0.3,0,False,7.33,60.2,1.8,796311,-439718,10.0,71.1,1.82,2156934,-422753,8.48,65.7,1.82,2953245,-439718
SILVER,5,5.0,D+1h+4h,0.1@0.3,0,True,7.33,60.2,1.8,796311,-439718,10.0,71.1,1.9,2259900,-422753,8.48,65.7,1.87,3056212,-439718
SILVER,5,5.0,D+1h+4h,0.1@0.3,5,False,11.33,60.3,1.91,1205165,-439718,16.44,71.6,1.75,3312057,-799197,13.52,66.2,1.79,4517223,-799197
SILVER,5,5.0,D+1h+4h,0.1@0.3,5,True,11.33,60.3,1.91,1205165,-439718,16.44,71.6,1.79,3415023,-799197,13.52,66.2,1.82,4620189,-799197
SILVER,5,5.0,D+1h+4h,0.1@0.3,10,False,11.0,61.4,1.99,1240684,-439718,15.11,74.3,2.38,4389197,-485450,12.76,67.9,2.27,5629881,-485450
SILVER,5,5.0,D+1h+4h,0.1@0.3,10,True,11.0,61.4,1.99,1240684,-439718,15.11,74.3,2.46,4492163,-422753,12.76,67.9,2.33,5732848,-439718
SILVER,5,5.0,D+1h+4h,0.15@0.3,0,False,7.33,68.2,1.23,229293,-439718,10.0,74.4,1.88,2310685,-422753,8.48,71.3,1.7,2539978,-439718
SILVER,5,5.0,D+1h+4h,0.15@0.3,0,True,7.33,68.2,1.23,229293,-439718,10.0,74.4,1.96,2413651,-422753,8.48,71.3,1.75,2642945,-439718
SILVER,5,5.0,D+1h+4h,0.2@0.4,0,False,7.33,69.3,1.68,740812,-439718,10.0,74.4,1.85,2413321,-422753,8.48,71.9,1.81,3154133,-439718
SILVER,5,5.0,D+1h+4h,0.2@0.4,0,True,7.33,69.3,1.68,740812,-439718,10.0,74.4,1.92,2516288,-422753,8.48,71.9,1.85,3257100,-439718
SILVER,5,5.0,D+1h+4h,0.2@0.4,5,False,10.67,73.4,1.78,1113144,-439718,15.33,73.9,2.21,4645744,-430310,12.67,73.7,2.09,5758888,-439718
SILVER,5,5.0,D+1h+4h,0.2@0.4,5,True,10.67,73.4,1.78,1113144,-439718,15.33,73.9,2.27,4748710,-422753,12.67,73.7,2.13,5861854,-439718
SILVER,5,5.0,D+1h+4h,0.15@0.3,5,False,12.83,71.4,1.7,963789,-439718,16.89,73.0,1.77,3559161,-799197,14.57,72.2,1.75,4522950,-799197
SILVER,5,5.0,D+1h+4h,0.15@0.3,5,True,12.83,71.4,1.7,963789,-439718,16.89,73.0,1.81,3662127,-799197,14.57,72.2,1.78,4625916,-799197
SILVER,5,5.0,D+1h+4h,0.15@0.3,10,False,12.33,70.9,1.75,989257,-439718,15.89,76.2,2.31,4349907,-514915,13.86,73.5,2.15,5339163,-514915
SILVER,5,5.0,D+1h+4h,0.15@0.3,10,True,12.33,70.9,1.75,989257,-439718,15.89,76.2,2.38,4452873,-422753,13.86,73.5,2.2,5442130,-439718
SILVER,5,5.0,D+1h+4h,0.2@0.4,10,False,10.33,72.6,1.85,1156321,-439718,14.67,74.2,2.33,4747355,-427368,12.19,73.4,2.2,5903676,-439718
SILVER,5,5.0,D+1h+4h,0.2@0.4,10,True,10.33,72.6,1.85,1156321,-439718,14.67,74.2,2.4,4850322,-422753,12.19,73.4,2.24,6006643,-439718
SILVER,5,5.0,D+1h+4h,0.25@0.5,0,False,7.33,62.5,1.98,1158087,-439718,10.0,67.8,2.3,4416775,-714796,8.48,65.2,2.21,5574862,-714796
SILVER,5,5.0,D+1h+4h,0.25@0.5,0,True,7.33,62.5,1.98,1158087,-439718,10.0,67.8,2.37,4519742,-714796,8.48,65.2,2.27,5677828,-714796
SILVER,5,5.0,D+1h+4h,0.25@0.5,5,False,9.58,65.2,2.11,1599167,-439718,13.22,65.5,2.1,4892547,-714796,11.14,65.4,2.1,6491714,-714796
SILVER,5,5.0,D+1h+4h,0.25@0.5,5,True,9.58,65.2,2.11,1599167,-439718,13.22,65.5,2.15,4995513,-714796,11.14,65.4,2.14,6594680,-714796
SILVER,5,5.0,D+1h+4h,0.25@0.5,10,False,9.58,65.2,2.19,1634553,-439718,13.11,64.4,2.06,4767895,-714796,11.1,64.8,2.09,6402448,-714796
SILVER,5,5.0,D+1h+4h,0.25@0.5,10,True,9.58,65.2,2.19,1634553,-439718,13.11,64.4,2.11,4870861,-714796,11.1,64.8,2.13,6505414,-714796
SILVER,5,5.0,1h,0.1@0.3,0,False,21.92,45.6,1.73,1373311,-439718,20.22,70.3,1.93,4136753,-544152,21.19,55.7,1.87,5510065,-544152
SILVER,5,5.0,1h,0.1@0.3,0,True,21.92,45.6,1.73,1373311,-439718,20.22,70.3,1.98,4239720,-544152,21.19,55.7,1.91,5613031,-544152
SILVER,5,5.0,1h,0.1@0.3,5,False,35.83,44.7,1.14,513944,-729480,33.0,72.4,1.88,6647977,-893182,34.62,56.0,1.64,7161921,-893182
SILVER,5,5.0,1h,0.1@0.3,5,True,35.83,44.7,1.14,513944,-729480,33.0,72.4,1.91,6750943,-893182,34.62,56.0,1.66,7264887,-893182
SILVER,5,5.0,1h,0.1@0.3,10,False,34.17,46.3,1.2,685260,-729480,30.89,72.3,2.17,7501065,-689539,32.76,56.8,1.84,8186325,-729480
SILVER,5,5.0,1h,0.1@0.3,10,True,34.17,46.3,1.2,685260,-729480,30.89,72.3,2.21,7604031,-689539,32.76,56.8,1.85,8289291,-729480
SILVER,5,5.0,1h,0.15@0.3,0,False,21.92,67.3,1.43,801222,-439718,20.22,73.1,1.98,4340601,-501602,21.19,69.7,1.82,5141823,-501602
SILVER,5,5.0,1h,0.15@0.3,0,True,21.92,67.3,1.43,801222,-439718,20.22,73.1,2.03,4443567,-498668,21.19,69.7,1.85,5244789,-498668
SILVER,5,5.0,1h,0.15@0.3,5,False,38.33,65.9,1.11,412787,-729480,34.67,73.7,1.92,7212800,-799197,36.76,69.0,1.66,7625587,-799197
SILVER,5,5.0,1h,0.15@0.3,5,True,38.33,65.9,1.11,412787,-729480,34.67,73.7,1.94,7315766,-799197,36.76,69.0,1.67,7728554,-799197
SILVER,5,5.0,1h,0.15@0.3,10,False,36.17,66.8,1.18,628640,-729480,32.22,74.1,2.17,7708848,-586299,34.48,69.8,1.83,8337488,-729480
SILVER,5,5.0,1h,0.15@0.3,10,True,36.17,66.8,1.18,628640,-729480,32.22,74.1,2.2,7811814,-586299,34.48,69.8,1.85,8440454,-729480
SILVER,5,5.0,1h,0.2@0.4,0,False,21.92,66.9,1.52,1163996,-477936,20.22,72.5,1.81,4075884,-555970,21.19,69.2,1.72,5239880,-555970
SILVER,5,5.0,1h,0.2@0.4,0,True,21.92,66.9,1.52,1163996,-477936,20.22,72.5,1.85,4178850,-555970,21.19,69.2,1.75,5342846,-555970
SILVER,5,5.0,1h,0.2@0.4,5,False,34.08,67.5,1.15,585752,-729480,31.22,71.2,2.0,7694899,-572028,32.86,69.0,1.72,8280652,-729480
SILVER,5,5.0,1h,0.2@0.4,5,True,34.08,67.5,1.15,585752,-729480,31.22,71.2,2.03,7797866,-572028,32.86,69.0,1.74,8383618,-729480
SILVER,5,5.0,1h,0.2@0.4,10,False,32.58,67.0,1.17,636225,-729480,30.0,71.1,2.04,7522981,-551438,31.48,68.7,1.74,8159206,-729480
SILVER,5,5.0,1h,0.2@0.4,10,True,32.58,67.0,1.17,636225,-729480,30.0,71.1,2.06,7625947,-551438,31.48,68.7,1.76,8262172,-729480
SILVER,5,5.0,1h,0.25@0.5,0,False,21.92,62.0,1.68,1671647,-439718,20.22,67.6,2.15,6694705,-714796,21.19,64.3,2.01,8366352,-714796
SILVER,5,5.0,1h,0.25@0.5,0,True,21.92,62.0,1.68,1671647,-439718,20.22,67.6,2.18,6797672,-714796,21.19,64.3,2.03,8469319,-714796
SILVER,5,5.0,1h+4h,0.1@0.3,0,False,12.83,55.2,1.47,641006,-439718,12.22,71.8,1.99,2829663,-422753,12.57,62.1,1.82,3470669,-439718
SILVER,5,5.0,1h+4h,0.1@0.3,0,True,12.83,55.2,1.47,641006,-439718,12.22,71.8,2.06,2932629,-422753,12.57,62.1,1.87,3573635,-439718
SILVER,5,5.0,1h+4h,0.1@0.3,5,False,19.5,56.0,1.47,932935,-439718,20.44,71.7,1.95,5143534,-799197,19.9,62.9,1.82,6076469,-799197
SILVER,5,5.0,1h+4h,0.1@0.3,5,True,19.5,56.0,1.47,932935,-439718,20.44,71.7,1.99,5246500,-799197,19.9,62.9,1.85,6179435,-799197
SILVER,5,5.0,1h,0.25@0.5,5,False,30.5,61.2,1.32,1217051,-729480,28.78,65.6,1.93,8005873,-837815,29.76,63.0,1.74,9222925,-837815
SILVER,5,5.0,1h,0.25@0.5,5,True,30.5,61.2,1.32,1217051,-729480,28.78,65.6,1.95,8108840,-837815,29.76,63.0,1.75,9325891,-837815
SILVER,5,5.0,1h,0.25@0.5,10,False,30.17,61.0,1.32,1200466,-729480,28.11,64.0,1.89,7731408,-1019243,29.29,62.3,1.72,8931873,-1019243
SILVER,5,5.0,1h,0.25@0.5,10,True,30.17,61.0,1.32,1200466,-729480,28.11,64.0,1.91,7834374,-1019243,29.29,62.3,1.73,9034840,-1019243
SILVER,5,5.0,1h+4h,0.1@0.3,10,False,18.75,57.3,1.56,1030598,-439718,19.0,73.1,2.47,6149420,-496445,18.86,64.1,2.19,7180018,-496445
SILVER,5,5.0,1h+4h,0.1@0.3,10,True,18.75,57.3,1.56,1030598,-439718,19.0,73.1,2.53,6252386,-496052,18.86,64.1,2.23,7282984,-496052
SILVER,5,5.0,1h+4h,0.15@0.3,0,False,12.83,68.2,1.08,108452,-439718,12.22,75.5,2.06,3014829,-422753,12.57,71.2,1.74,3123280,-439718
SILVER,5,5.0,1h+4h,0.15@0.3,0,True,12.83,68.2,1.08,108452,-439718,12.22,75.5,2.13,3117795,-422753,12.57,71.2,1.79,3226247,-439718
SILVER,5,5.0,1h+4h,0.2@0.4,0,False,12.83,65.6,1.32,519267,-439718,12.22,75.5,2.09,3284826,-422753,12.57,69.7,1.82,3804093,-439718
SILVER,5,5.0,1h+4h,0.2@0.4,0,True,12.83,65.6,1.32,519267,-439718,12.22,75.5,2.16,3387792,-422753,12.57,69.7,1.86,3907059,-439718
SILVER,5,5.0,1h+4h,0.2@0.4,5,False,18.17,69.3,1.4,878474,-439718,19.0,72.5,2.33,6539384,-595100,18.52,70.7,2.04,7417857,-595100
SILVER,5,5.0,1h+4h,0.2@0.4,5,True,18.17,69.3,1.4,878474,-439718,19.0,72.5,2.38,6642350,-595100,18.52,70.7,2.07,7520824,-595100
SILVER,5,5.0,1h+4h,0.15@0.3,5,False,21.17,69.3,1.37,767091,-439718,21.11,72.6,1.92,5308203,-799197,21.14,70.7,1.77,6075294,-799197
SILVER,5,5.0,1h+4h,0.15@0.3,5,True,21.17,69.3,1.37,767091,-439718,21.11,72.6,1.95,5411169,-799197,21.14,70.7,1.8,6178260,-799197
SILVER,5,5.0,1h+4h,0.15@0.3,10,False,20.17,69.8,1.46,888051,-439718,19.89,75.4,2.39,6127943,-553429,20.05,72.2,2.11,7015994,-553429
SILVER,5,5.0,1h+4h,0.15@0.3,10,True,20.17,69.8,1.46,888051,-439718,19.89,75.4,2.45,6230910,-473552,20.05,72.2,2.15,7118961,-473552
SILVER,5,5.0,1h+4h,0.2@0.4,10,False,17.58,68.7,1.46,963098,-439718,18.11,73.0,2.47,6717072,-611946,17.81,70.6,2.16,7680171,-611946
SILVER,5,5.0,1h+4h,0.2@0.4,10,True,17.58,68.7,1.46,963098,-439718,18.11,73.0,2.53,6820039,-611946,17.81,70.6,2.19,7783137,-611946
SILVER,5,5.0,1h+4h,0.25@0.5,0,False,12.83,57.8,1.55,980059,-439718,12.22,70.0,2.45,5232021,-714796,12.57,62.9,2.15,6212079,-714796
SILVER,5,5.0,1h+4h,0.25@0.5,0,True,12.83,57.8,1.55,980059,-439718,12.22,70.0,2.52,5334987,-714796,12.57,62.9,2.19,6315046,-714796
SILVER,5,5.0,1h+4h,0.25@0.5,5,False,16.75,59.7,1.58,1315505,-439718,17.22,65.8,2.23,6773723,-837070,16.95,62.4,2.04,8089228,-837070
SILVER,5,5.0,1h+4h,0.25@0.5,5,True,16.75,59.7,1.58,1315505,-439718,17.22,65.8,2.27,6876689,-837070,16.95,62.4,2.06,8192194,-837070
SILVER,5,5.0,1h+4h,0.25@0.5,10,False,16.58,60.3,1.65,1407875,-439718,17.0,64.7,2.19,6630943,-1020106,16.76,62.2,2.04,8038818,-1020106
SILVER,5,5.0,1h+4h,0.25@0.5,10,True,16.58,60.3,1.65,1407875,-439718,17.0,64.7,2.23,6733909,-1020106,16.76,62.2,2.07,8141784,-1020106
SILVER,5,6.0,D,0.1@0.3,0,False,16.58,57.3,2.17,1755165,-387503,15.67,78.7,2.59,5686223,-926085,16.19,66.2,2.46,7441388,-926085
SILVER,5,6.0,D,0.1@0.3,0,True,16.58,43.2,2.43,1509529,-273769,15.67,66.7,2.59,3421267,-476820,16.19,52.9,2.54,4930796,-476820
SILVER,5,6.0,D,0.1@0.3,5,False,23.75,57.5,1.94,2076150,-392539,23.89,75.8,2.28,7233839,-905896,23.81,65.4,2.18,9309989,-905896
SILVER,5,6.0,D,0.1@0.3,5,True,57.33,37.4,1.28,831593,-606917,56.11,53.5,1.6,3893578,-858019,56.81,44.2,1.5,4725170,-858019
SILVER,5,6.0,D,0.1@0.3,10,False,23.08,58.1,2.05,2161389,-339104,22.33,78.1,2.66,7879872,-905896,22.76,66.5,2.48,10041261,-905896
SILVER,5,6.0,D,0.1@0.3,10,True,46.92,39.8,1.51,1234242,-475535,44.44,56.0,1.95,4716299,-822480,45.86,46.5,1.81,5950541,-822480
SILVER,5,6.0,D,0.15@0.3,0,False,16.58,69.8,1.79,1178488,-365549,15.67,78.7,2.32,4743490,-914281,16.19,73.5,2.17,5921979,-914281
SILVER,5,6.0,D,0.15@0.3,0,True,16.58,51.8,2.08,1136429,-239068,15.67,66.7,2.63,3510001,-476820,16.19,57.9,2.45,4646429,-476820
SILVER,5,6.0,D,0.15@0.3,5,False,26.33,70.3,1.68,1685574,-362072,26.78,76.8,2.11,6729489,-1031843,26.52,73.1,1.99,8415063,-1031843
SILVER,5,6.0,D,0.15@0.3,5,True,59.0,41.9,1.19,594457,-655914,57.89,54.3,1.56,3816890,-1006399,58.52,47.2,1.44,4411347,-1006399
SILVER,5,6.0,D,0.15@0.3,10,False,25.42,70.8,1.76,1752634,-363999,24.67,79.7,2.48,7383717,-1031843,25.1,74.6,2.25,9136351,-1031843
SILVER,5,6.0,D,0.15@0.3,10,True,48.42,45.3,1.41,1035900,-459926,45.89,57.1,1.9,4672932,-935323,47.33,50.2,1.74,5708832,-935323
SILVER,5,6.0,D,0.2@0.4,0,False,16.58,69.8,1.72,1296007,-467845,15.67,74.5,2.26,5413378,-977759,16.19,71.8,2.1,6709385,-977759
SILVER,5,6.0,D,0.2@0.4,0,True,16.58,52.3,1.98,1175524,-244141,15.67,62.4,2.45,3995251,-476820,16.19,56.5,2.31,5170775,-476820
SILVER,5,6.0,D,0.2@0.4,5,False,24.42,68.6,1.68,1826506,-497883,22.67,72.1,2.22,7316524,-957242,23.67,70.0,2.05,9143030,-957242
SILVER,5,6.0,D,0.2@0.4,5,True,57.5,40.9,1.3,939563,-542266,54.89,50.6,1.59,4177781,-1456658,56.38,44.9,1.5,5117344,-1456658
SILVER,5,6.0,D,0.2@0.4,10,False,23.58,69.6,1.78,1955512,-443790,22.0,73.7,2.31,7400494,-903924,22.9,71.3,2.15,9356006,-903924
SILVER,5,6.0,D,0.2@0.4,10,True,46.83,44.3,1.56,1410710,-401475,43.89,52.7,1.79,4635104,-1093743,45.57,47.8,1.72,6045814,-1093743
SILVER,5,6.0,D,0.25@0.5,0,False,16.58,63.3,1.57,1186549,-293620,15.67,66.7,2.18,6143842,-954375,16.19,64.7,2.01,7330391,-954375
SILVER,5,6.0,D,0.25@0.5,0,True,16.58,49.7,1.75,997775,-300389,15.67,59.6,2.77,5249993,-476820,16.19,53.8,2.46,6247768,-476820
SILVER,5,6.0,D,0.25@0.5,5,False,22.25,61.8,1.65,1810204,-410186,21.56,64.9,2.01,6864065,-930577,21.95,63.1,1.9,8674270,-930577
SILVER,5,6.0,D,0.25@0.5,5,True,56.33,38.5,1.26,837953,-526955,54.11,48.9,1.62,4407313,-1080699,55.38,42.8,1.51,5245266,-1080699
SILVER,5,6.0,D,0.25@0.5,10,False,22.0,62.5,1.68,1820155,-393246,21.0,65.6,2.04,6895426,-859409,21.57,63.8,1.93,8715581,-859409
SILVER,5,6.0,D,0.25@0.5,10,True,46.17,41.5,1.43,1166415,-402085,43.11,50.3,1.79,4874838,-769341,44.86,45.1,1.68,6041253,-769341
SILVER,5,6.0,D+1h,0.1@0.3,0,False,9.5,56.1,3.13,1694045,-157976,8.89,82.5,3.07,3499417,-476820,9.24,67.0,3.09,5193462,-476820
SILVER,5,6.0,D+1h,0.1@0.3,0,True,9.5,56.1,3.13,1694045,-157976,8.89,82.5,3.07,3499417,-476820,9.24,67.0,3.09,5193462,-476820
SILVER,5,6.0,D+1h,0.1@0.3,5,False,14.92,56.4,2.22,1696223,-222141,15.89,78.3,2.31,4994279,-656586,15.33,66.1,2.29,6690502,-656586
SILVER,5,6.0,D+1h,0.1@0.3,5,True,14.92,56.4,2.22,1696223,-222141,15.89,78.3,2.31,4994279,-656586,15.33,66.1,2.29,6690502,-656586
SILVER,5,6.0,D+1h,0.1@0.3,10,False,14.67,56.2,2.41,1792796,-205474,14.89,80.6,2.91,5600232,-577705,14.76,66.8,2.76,7393028,-577705
SILVER,5,6.0,D+1h,0.1@0.3,10,True,14.67,56.2,2.41,1792796,-205474,14.89,80.6,2.91,5600232,-577705,14.76,66.8,2.76,7393028,-577705
SILVER,5,6.0,D+1h,0.15@0.3,0,False,9.5,71.1,2.67,1319670,-131074,8.89,82.5,3.11,3578275,-476820,9.24,75.8,2.97,4897944,-476820
SILVER,5,6.0,D+1h,0.15@0.3,0,True,9.5,71.1,2.67,1319670,-131074,8.89,82.5,3.11,3578275,-476820,9.24,75.8,2.97,4897944,-476820
SILVER,5,6.0,D+1h,0.2@0.4,0,False,9.5,71.9,2.45,1360040,-131074,8.89,75.0,2.76,4070204,-476820,9.24,73.2,2.67,5430244,-476820
SILVER,5,6.0,D+1h,0.2@0.4,0,True,9.5,71.9,2.45,1360040,-131074,8.89,75.0,2.76,4070204,-476820,9.24,73.2,2.67,5430244,-476820
SILVER,5,6.0,D+1h,0.2@0.4,5,False,15.17,70.3,2.12,1769704,-249760,14.89,70.9,2.12,4969014,-771288,15.05,70.6,2.12,6738718,-771288
SILVER,5,6.0,D+1h,0.2@0.4,5,True,15.17,70.3,2.12,1769704,-249760,14.89,70.9,2.12,4969014,-771288,15.05,70.6,2.12,6738718,-771288
SILVER,5,6.0,D+1h,0.15@0.3,5,False,16.67,71.0,1.9,1429642,-254845,17.44,78.3,2.19,4917581,-811121,17.0,74.2,2.11,6347224,-811121
SILVER,5,6.0,D+1h,0.15@0.3,5,True,16.67,71.0,1.9,1429642,-254845,17.44,78.3,2.19,4917581,-811121,17.0,74.2,2.11,6347224,-811121
SILVER,5,6.0,D+1h,0.15@0.3,10,False,16.25,71.3,2.1,1563945,-241201,16.11,81.4,2.76,5556854,-696701,16.19,75.6,2.55,7120799,-696701
SILVER,5,6.0,D+1h,0.15@0.3,10,True,16.25,71.3,2.1,1563945,-241201,16.11,81.4,2.76,5556854,-696701,16.19,75.6,2.55,7120799,-696701
SILVER,5,6.0,D+1h,0.2@0.4,10,False,14.67,71.6,2.37,1933096,-212573,14.56,72.5,2.32,5209568,-583003,14.62,72.0,2.33,7142664,-583003
SILVER,5,6.0,D+1h,0.2@0.4,10,True,14.67,71.6,2.37,1933096,-212573,14.56,72.5,2.32,5209568,-583003,14.62,72.0,2.33,7142664,-583003
SILVER,5,6.0,D+1h,0.25@0.5,0,False,9.5,67.5,2.11,1182292,-190564,8.89,70.0,3.12,5324946,-476820,9.24,68.6,2.82,6507237,-476820
SILVER,5,6.0,D+1h,0.25@0.5,0,True,9.5,67.5,2.11,1182292,-190564,8.89,70.0,3.12,5324946,-476820,9.24,68.6,2.82,6507237,-476820
SILVER,5,6.0,D+1h,0.25@0.5,5,False,14.0,64.3,2.02,1692742,-205363,14.0,65.9,2.22,5361181,-509195,14.0,65.0,2.17,7053923,-509195
SILVER,5,6.0,D+1h,0.25@0.5,5,True,14.0,64.3,2.02,1692742,-205363,14.0,65.9,2.22,5361181,-509195,14.0,65.0,2.17,7053923,-509195
SILVER,5,6.0,D+1h,0.25@0.5,10,False,14.0,64.9,2.09,1713448,-187621,13.67,66.7,2.39,5611937,-478712,13.86,65.6,2.3,7325385,-478712
SILVER,5,6.0,D+1h,0.25@0.5,10,True,14.0,64.9,2.09,1713448,-187621,13.67,66.7,2.39,5611937,-478712,13.86,65.6,2.3,7325385,-478712
SILVER,5,6.0,D+4h,0.1@0.3,10,False,11.67,65.7,3.76,2186782,-131074,16.0,78.5,2.62,6338096,-1008582,13.52,72.2,2.82,8524879,-1008582
SILVER,5,6.0,D+4h,0.1@0.3,10,True,21.25,46.7,2.34,1488262,-143675,30.22,59.9,2.42,4909223,-476820,25.1,53.5,2.4,6397485,-476820
SILVER,5,6.0,D+4h,0.15@0.3,0,False,8.42,77.2,3.02,1169774,-131074,10.89,78.6,2.27,3972632,-914281,9.48,77.9,2.39,5142407,-914281
SILVER,5,6.0,D+4h,0.15@0.3,0,True,8.42,55.4,2.37,823440,-131074,10.89,67.3,2.79,3173191,-476820,9.48,61.3,2.68,3996631,-476820
SILVER,5,6.0,D+4h,0.1@0.3,0,False,8.42,66.3,4.09,1807644,-131074,10.89,78.6,2.36,4267365,-926085,9.48,72.4,2.63,6075009,-926085
SILVER,5,6.0,D+4h,0.1@0.3,0,True,8.42,49.5,3.03,1226472,-131074,10.89,67.3,2.78,3148339,-476820,9.48,58.3,2.84,4374811,-476820
SILVER,5,6.0,D+4h,0.1@0.3,5,False,12.25,64.6,3.24,2072211,-131074,17.0,76.5,2.3,5868889,-1008582,14.29,70.7,2.46,7941100,-1008582
SILVER,5,6.0,D+4h,0.1@0.3,5,True,27.0,42.6,1.84,1215939,-238835,37.22,56.4,1.96,4330398,-534493,31.38,49.6,1.93,5546337,-534493
SILVER,5,6.0,D+4h,0.15@0.3,5,False,13.83,76.5,2.65,1765015,-190600,19.11,77.3,2.1,5414479,-1091817,16.1,76.9,2.2,7179494,-1091817
SILVER,5,6.0,D+4h,0.15@0.3,5,True,28.0,47.6,1.66,1031043,-293276,38.44,57.2,1.89,4306512,-476820,32.48,52.5,1.83,5337555,-476820
SILVER,5,6.0,D+4h,0.15@0.3,10,False,13.0,78.2,3.1,1894715,-190600,17.78,80.6,2.43,5931486,-1091817,15.05,79.4,2.55,7826201,-1091817
SILVER,5,6.0,D+4h,0.15@0.3,10,True,22.08,53.2,2.21,1376748,-198115,31.22,61.2,2.33,4887384,-476820,26.0,57.3,2.3,6264132,-476820
SILVER,5,6.0,D+4h,0.2@0.4,10,False,11.67,76.4,3.15,2157452,-190600,15.56,72.9,2.32,6024385,-957296,13.33,74.6,2.47,8181837,-957296
SILVER,5,6.0,D+4h,0.2@0.4,10,True,21.08,51.4,2.33,1623174,-193031,29.33,56.4,2.3,5184623,-735466,24.62,54.0,2.3,6807797,-735466
SILVER,5,6.0,D+4h,0.25@0.5,0,False,8.42,65.3,1.9,894091,-171426,10.89,65.3,2.21,5376826,-954375,9.48,65.3,2.15,6270917,-954375
SILVER,5,6.0,D+4h,0.25@0.5,0,True,8.42,50.5,1.47,398434,-173805,10.89,59.2,2.99,4757164,-476820,9.48,54.8,2.6,5155598,-476820
SILVER,5,6.0,D+4h,0.2@0.4,0,False,8.42,74.3,2.8,1363378,-131074,10.89,72.4,2.21,4510925,-977759,9.48,73.4,2.31,5874303,-977759
SILVER,5,6.0,D+4h,0.2@0.4,0,True,8.42,53.5,2.13,841122,-131074,10.89,62.2,2.62,3631674,-476820,9.48,57.8,2.5,4472795,-476820
SILVER,5,6.0,D+4h,0.2@0.4,5,False,12.33,73.6,2.77,2033255,-190600,15.67,71.6,2.32,6125538,-969148,13.76,72.7,2.41,8158794,-969148
SILVER,5,6.0,D+4h,0.2@0.4,5,True,27.0,45.7,1.8,1293756,-288191,35.67,53.6,2.11,5094036,-858649,30.71,49.6,2.03,6387792,-858649
SILVER,5,6.0,D+1h+4h,0.1@0.3,0,False,5.58,64.2,3.72,1316501,-131074,6.67,83.3,3.04,3107100,-476820,6.05,73.2,3.21,4423600,-476820
SILVER,5,6.0,D+1h+4h,0.1@0.3,0,True,5.58,64.2,3.72,1316501,-131074,6.67,83.3,3.04,3107100,-476820,6.05,73.2,3.21,4423600,-476820
SILVER,5,6.0,D+1h+4h,0.1@0.3,5,False,9.08,66.1,2.98,1530492,-200404,12.11,78.9,2.6,4706127,-476820,10.38,72.5,2.68,6236619,-476820
SILVER,5,6.0,D+1h+4h,0.1@0.3,5,True,9.08,66.1,2.98,1530492,-200404,12.11,78.9,2.6,4706127,-476820,10.38,72.5,2.68,6236619,-476820
SILVER,5,6.0,D+4h,0.25@0.5,5,False,11.08,65.4,2.53,1991041,-131074,14.56,63.4,2.06,5728282,-903810,12.57,64.4,2.15,7719323,-903810
SILVER,5,6.0,D+4h,0.25@0.5,5,True,26.08,42.2,1.74,1280287,-223582,35.11,50.9,2.02,4996730,-849455,29.95,46.6,1.95,6277017,-849455
SILVER,5,6.0,D+4h,0.25@0.5,10,False,11.0,66.7,2.6,1979191,-131074,14.56,63.4,2.0,5563535,-888995,12.52,65.0,2.11,7542725,-888995
SILVER,5,6.0,D+4h,0.25@0.5,10,True,20.58,47.0,2.06,1482940,-136387,28.67,53.1,2.16,5130768,-726272,24.05,50.1,2.14,6613708,-726272
SILVER,5,6.0,D+1h+4h,0.1@0.3,10,False,8.83,66.0,3.42,1622548,-131074,11.56,80.8,3.3,5221962,-476820,10.0,73.3,3.33,6844509,-476820
SILVER,5,6.0,D+1h+4h,0.1@0.3,10,True,8.83,66.0,3.42,1622548,-131074,11.56,80.8,3.3,5221962,-476820,10.0,73.3,3.33,6844509,-476820
SILVER,5,6.0,D+1h+4h,0.15@0.3,0,False,5.58,73.1,2.89,913468,-131074,6.67,83.3,3.06,3125459,-476820,6.05,78.0,3.02,4038927,-476820
SILVER,5,6.0,D+1h+4h,0.15@0.3,0,True,5.58,73.1,2.89,913468,-131074,6.67,83.3,3.06,3125459,-476820,6.05,78.0,3.02,4038927,-476820
SILVER,5,6.0,D+1h+4h,0.15@0.3,5,False,10.08,76.9,2.51,1340774,-254845,13.11,78.8,2.43,4695379,-476820,11.38,77.8,2.45,6036153,-476820
SILVER,5,6.0,D+1h+4h,0.15@0.3,5,True,10.08,76.9,2.51,1340774,-254845,13.11,78.8,2.43,4695379,-476820,11.38,77.8,2.45,6036153,-476820
SILVER,5,6.0,D+1h+4h,0.15@0.3,10,False,9.67,78.4,3.14,1505146,-190600,12.33,82.0,3.08,5213262,-476820,10.81,80.2,3.09,6718407,-476820
SILVER,5,6.0,D+1h+4h,0.15@0.3,10,True,9.67,78.4,3.14,1505146,-190600,12.33,82.0,3.08,5213262,-476820,10.81,80.2,3.09,6718407,-476820
SILVER,5,6.0,D+1h+4h,0.2@0.4,10,False,8.67,76.9,3.23,1753579,-190600,10.78,73.2,2.87,5266002,-613910,9.57,75.1,2.95,7019581,-613910
SILVER,5,6.0,D+1h+4h,0.2@0.4,10,True,8.67,76.9,3.23,1753579,-190600,10.78,73.2,2.87,5266002,-613910,9.57,75.1,2.95,7019581,-613910
SILVER,5,6.0,D+1h+4h,0.25@0.5,0,False,5.58,65.7,1.68,488463,-151333,6.67,70.0,3.21,4716763,-476820,6.05,67.7,2.82,5205226,-476820
SILVER,5,6.0,D+1h+4h,0.25@0.5,0,True,5.58,65.7,1.68,488463,-151333,6.67,70.0,3.21,4716763,-476820,6.05,67.7,2.82,5205226,-476820
SILVER,5,6.0,D+1h+4h,0.2@0.4,0,False,5.58,70.1,2.5,931150,-131074,6.67,75.0,2.8,3591273,-476820,6.05,72.4,2.73,4522423,-476820
SILVER,5,6.0,D+1h+4h,0.2@0.4,0,True,5.58,70.1,2.5,931150,-131074,6.67,75.0,2.8,3591273,-476820,6.05,72.4,2.73,4522423,-476820
SILVER,5,6.0,D+1h+4h,0.2@0.4,5,False,9.08,74.3,2.7,1606108,-249760,10.67,72.9,2.74,5238405,-532918,9.76,73.7,2.73,6844513,-532918
SILVER,5,6.0,D+1h+4h,0.2@0.4,5,True,9.08,74.3,2.7,1606108,-249760,10.67,72.9,2.74,5238405,-532918,9.76,73.7,2.73,6844513,-532918
SILVER,5,6.0,D+1h+4h,0.25@0.5,5,False,8.17,68.4,2.56,1611175,-185151,10.11,64.8,2.55,5166656,-523724,9.0,66.7,2.55,6777831,-523724
SILVER,5,6.0,D+1h+4h,0.25@0.5,5,True,8.17,68.4,2.56,1611175,-185151,10.11,64.8,2.55,5166656,-523724,9.0,66.7,2.55,6777831,-523724
SILVER,5,6.0,D+1h+4h,0.25@0.5,10,False,8.17,69.4,2.74,1631881,-131074,10.11,64.8,2.62,5237704,-540780,9.0,67.2,2.64,6869585,-540780
SILVER,5,6.0,D+1h+4h,0.25@0.5,10,True,8.17,69.4,2.74,1631881,-131074,10.11,64.8,2.62,5237704,-540780,9.0,67.2,2.64,6869585,-540780
SILVER,5,6.0,1h,0.1@0.3,0,False,16.25,52.3,2.07,1450227,-431436,14.0,81.7,2.55,4249242,-476820,15.29,63.9,2.39,5699469,-476820
SILVER,5,6.0,1h,0.1@0.3,0,True,16.25,52.3,2.07,1450227,-431436,14.0,81.7,2.55,4249242,-476820,15.29,63.9,2.39,5699469,-476820
SILVER,5,6.0,1h,0.1@0.3,5,False,27.92,53.1,1.22,681882,-472453,25.67,77.1,2.18,7179825,-800399,26.95,62.9,1.85,7861707,-800399
SILVER,5,6.0,1h,0.1@0.3,5,True,27.92,53.1,1.22,681882,-472453,25.67,77.1,2.18,7179825,-800399,26.95,62.9,1.85,7861707,-800399
SILVER,5,6.0,1h,0.1@0.3,10,False,27.0,53.4,1.31,883094,-445959,24.44,77.7,2.27,7042449,-594768,25.9,63.2,1.95,7925544,-594768
SILVER,5,6.0,1h,0.1@0.3,10,True,27.0,53.4,1.31,883094,-445959,24.44,77.7,2.27,7042449,-594768,25.9,63.2,1.95,7925544,-594768
SILVER,5,6.0,1h,0.15@0.3,0,False,16.25,71.8,1.85,1146986,-366359,14.0,81.7,2.48,4078878,-476820,15.29,75.7,2.28,5225864,-476820
SILVER,5,6.0,1h,0.15@0.3,0,True,16.25,71.8,1.85,1146986,-366359,14.0,81.7,2.48,4078878,-476820,15.29,75.7,2.28,5225864,-476820
SILVER,5,6.0,1h,0.15@0.3,5,False,30.17,71.3,1.17,565206,-441356,27.89,76.9,1.97,6718053,-934456,29.19,73.6,1.71,7283258,-934456
SILVER,5,6.0,1h,0.15@0.3,5,True,30.17,71.3,1.17,565206,-441356,27.89,76.9,1.97,6718053,-934456,29.19,73.6,1.71,7283258,-934456
SILVER,5,6.0,1h,0.15@0.3,10,False,29.0,71.6,1.24,731408,-447289,26.22,78.4,2.12,6804912,-693915,27.81,74.3,1.82,7536321,-693915
SILVER,5,6.0,1h,0.15@0.3,10,True,29.0,71.6,1.24,731408,-447289,26.22,78.4,2.12,6804912,-693915,27.81,74.3,1.82,7536321,-693915
SILVER,5,6.0,1h,0.2@0.4,0,False,16.25,70.8,1.84,1291148,-326305,14.0,75.4,3.34,8198849,-476820,15.29,72.6,2.88,9489997,-476820
SILVER,5,6.0,1h,0.2@0.4,0,True,16.25,70.8,1.84,1291148,-326305,14.0,75.4,3.34,8198849,-476820,15.29,72.6,2.88,9489997,-476820
SILVER,5,6.0,1h,0.2@0.4,5,False,26.58,68.0,1.31,1019437,-418629,23.89,69.8,2.1,7934315,-772593,25.43,68.7,1.85,8953752,-772593
SILVER,5,6.0,1h,0.2@0.4,5,True,26.58,68.0,1.31,1019437,-418629,23.89,69.8,2.1,7934315,-772593,25.43,68.7,1.85,8953752,-772593
SILVER,5,6.0,1h,0.2@0.4,10,False,25.83,69.4,1.39,1194688,-376013,23.11,71.2,2.22,7980317,-531649,24.67,70.1,1.96,9175005,-531649
SILVER,5,6.0,1h,0.2@0.4,10,True,25.83,69.4,1.39,1194688,-376013,23.11,71.2,2.22,7980317,-531649,24.67,70.1,1.96,9175005,-531649
SILVER,5,6.0,1h,0.25@0.5,0,False,16.25,65.6,1.56,985272,-277390,14.0,69.8,3.41,9369634,-476820,15.29,67.3,2.83,10354907,-476820
SILVER,5,6.0,1h,0.25@0.5,0,True,16.25,65.6,1.56,985272,-277390,14.0,69.8,3.41,9369634,-476820,15.29,67.3,2.83,10354907,-476820
SILVER,5,6.0,1h,0.25@0.5,5,False,24.75,63.6,1.35,1110672,-373445,22.11,65.3,2.22,8471524,-667800,23.62,64.3,1.95,9582196,-667800
SILVER,5,6.0,1h,0.25@0.5,5,True,24.75,63.6,1.35,1110672,-373445,22.11,65.3,2.22,8471524,-667800,23.62,64.3,1.95,9582196,-667800
SILVER,5,6.0,1h,0.25@0.5,10,False,24.58,63.7,1.36,1094256,-361114,21.56,64.9,2.22,8297784,-551818,23.29,64.2,1.95,9392041,-551818
SILVER,5,6.0,1h,0.25@0.5,10,True,24.58,63.7,1.36,1094256,-361114,21.56,64.9,2.22,8297784,-551818,23.29,64.2,1.95,9392041,-551818
SILVER,5,6.0,1h+4h,0.1@0.3,0,False,9.17,59.1,2.44,1167613,-179560,8.44,84.2,3.17,3631794,-476820,8.86,69.4,2.93,4799407,-476820
SILVER,5,6.0,1h+4h,0.1@0.3,0,True,9.17,59.1,2.44,1167613,-179560,8.44,84.2,3.17,3631794,-476820,8.86,69.4,2.93,4799407,-476820
SILVER,5,6.0,1h+4h,0.1@0.3,5,False,15.25,60.7,1.86,1235386,-200404,15.78,78.2,2.6,6304486,-608710,15.48,68.3,2.4,7539872,-608710
SILVER,5,6.0,1h+4h,0.1@0.3,5,True,15.25,60.7,1.86,1235386,-200404,15.78,78.2,2.6,6304486,-608710,15.48,68.3,2.4,7539872,-608710
SILVER,5,6.0,1h+4h,0.1@0.3,10,False,14.67,60.2,2.01,1329049,-160841,15.11,79.4,3.07,6808324,-608710,14.86,68.6,2.76,8137373,-608710
SILVER,5,6.0,1h+4h,0.1@0.3,10,True,14.67,60.2,2.01,1329049,-160841,15.11,79.4,3.07,6808324,-608710,14.86,68.6,2.76,8137373,-608710
SILVER,5,6.0,1h+4h,0.15@0.3,0,False,9.17,70.9,2.0,802237,-160321,8.44,84.2,2.97,3303331,-476820,8.86,76.3,2.66,4105568,-476820
SILVER,5,6.0,1h+4h,0.15@0.3,0,True,9.17,70.9,2.0,802237,-160321,8.44,84.2,2.97,3303331,-476820,8.86,76.3,2.66,4105568,-476820
SILVER,5,6.0,1h+4h,0.15@0.3,5,False,16.42,73.1,1.7,1091629,-254845,17.0,78.4,2.45,6215521,-696657,16.67,75.4,2.25,7307150,-696657
SILVER,5,6.0,1h+4h,0.15@0.3,5,True,16.42,73.1,1.7,1091629,-254845,17.0,78.4,2.45,6215521,-696657,16.67,75.4,2.25,7307150,-696657
SILVER,5,6.0,1h+4h,0.15@0.3,10,False,15.67,72.9,1.83,1184984,-190600,16.11,80.7,2.91,6717958,-696657,15.86,76.3,2.6,7902942,-696657
SILVER,5,6.0,1h+4h,0.15@0.3,10,True,15.67,72.9,1.83,1184984,-190600,16.11,80.7,2.91,6717958,-696657,15.86,76.3,2.6,7902942,-696657
SILVER,5,6.0,1h+4h,0.2@0.4,0,False,9.17,68.2,1.89,857875,-171183,8.44,75.0,2.85,4257977,-476820,8.86,71.0,2.57,5115852,-476820
SILVER,5,6.0,1h+4h,0.2@0.4,0,True,9.17,68.2,1.89,857875,-171183,8.44,75.0,2.85,4257977,-476820,8.86,71.0,2.57,5115852,-476820
SILVER,5,6.0,1h+4h,0.2@0.4,5,False,14.67,69.9,1.89,1420626,-249760,13.89,72.8,2.89,7427336,-576498,14.33,71.1,2.6,8847963,-576498
SILVER,5,6.0,1h+4h,0.2@0.4,5,True,14.67,69.9,1.89,1420626,-249760,13.89,72.8,2.89,7427336,-576498,14.33,71.1,2.6,8847963,-576498
SILVER,5,6.0,1h+4h,0.2@0.4,10,False,14.25,71.9,2.08,1552373,-190600,13.89,73.6,3.07,7548417,-564646,14.1,72.6,2.79,9100791,-564646
SILVER,5,6.0,1h+4h,0.2@0.4,10,True,14.25,71.9,2.08,1552373,-190600,13.89,73.6,3.07,7548417,-564646,14.1,72.6,2.79,9100791,-564646
SILVER,5,6.0,1h+4h,0.25@0.5,0,False,9.17,61.8,1.29,333124,-281278,8.44,67.1,3.0,5253583,-476820,8.86,64.0,2.48,5586707,-476820
SILVER,5,6.0,1h+4h,0.25@0.5,0,True,9.17,61.8,1.29,333124,-281278,8.44,67.1,3.0,5253583,-476820,8.86,64.0,2.48,5586707,-476820
SILVER,10,4.0,D,0.1@0.3,0,False,15.67,61.2,1.53,829666,-440701,14.89,75.4,1.97,4008321,-1096494,15.33,67.1,1.85,4837987,-1096494
SILVER,10,4.0,D,0.1@0.3,0,True,15.67,47.3,1.85,758934,-260348,14.89,62.7,2.2,2699024,-531423,15.33,53.7,2.1,3457958,-531423
SILVER,10,4.0,D,0.1@0.3,5,False,23.33,60.0,1.58,1334643,-439626,23.89,70.7,1.44,3309114,-1368891,23.57,64.6,1.47,4643756,-1368891
SILVER,10,4.0,D,0.1@0.3,5,True,44.58,42.6,1.34,857585,-475751,45.67,51.6,1.21,1569897,-888931,45.05,46.5,1.25,2427482,-888931
SILVER,10,4.0,D,0.1@0.3,10,False,22.83,59.9,1.57,1278724,-498245,22.33,73.6,1.75,4457290,-1099924,22.62,65.7,1.7,5736014,-1099924
SILVER,10,4.0,D,0.1@0.3,10,True,37.83,43.8,1.47,1032667,-373837,38.11,56.0,1.58,3046228,-709301,37.95,49.1,1.55,4078895,-709301
SILVER,10,4.0,D,0.15@0.3,0,False,15.67,73.4,1.38,581274,-386059,14.89,76.1,1.9,3742989,-1096494,15.33,74.5,1.76,4324264,-1096494
SILVER,10,4.0,D,0.15@0.3,0,True,15.67,53.7,1.77,677833,-231736,14.89,63.4,2.14,2568271,-500293,15.33,57.8,2.03,3246103,-500293
SILVER,5,6.0,1h+4h,0.25@0.5,5,False,13.42,64.0,1.81,1376052,-185151,12.89,62.9,2.63,7206025,-598515,13.19,63.5,2.4,8582077,-598515
SILVER,5,6.0,1h+4h,0.25@0.5,5,True,13.42,64.0,1.81,1376052,-185151,12.89,62.9,2.63,7206025,-598515,13.19,63.5,2.4,8582077,-598515
SILVER,5,6.0,1h+4h,0.25@0.5,10,False,13.33,65.0,1.89,1409089,-163866,12.89,62.9,2.68,7277074,-583700,13.14,64.1,2.47,8686162,-583700
SILVER,5,6.0,1h+4h,0.25@0.5,10,True,13.33,65.0,1.89,1409089,-163866,12.89,62.9,2.68,7277074,-583700,13.14,64.1,2.47,8686162,-583700
SILVER,10,4.0,D,0.15@0.3,5,False,25.58,74.3,1.62,1433328,-441099,25.78,72.0,1.38,3014548,-1251928,25.67,73.3,1.43,4447876,-1251928
SILVER,10,4.0,D,0.15@0.3,5,True,45.83,48.4,1.36,925186,-428216,46.78,52.7,1.2,1498685,-965232,46.24,50.3,1.24,2423872,-965232
SILVER,10,4.0,D,0.15@0.3,10,False,25.08,75.7,1.65,1439502,-455728,24.11,74.2,1.65,4209986,-1139958,24.67,75.1,1.65,5649487,-1139958
SILVER,10,4.0,D,0.15@0.3,10,True,39.25,50.5,1.5,1112845,-322966,39.11,56.8,1.52,2884319,-920779,39.19,53.2,1.51,3997164,-920779
SILVER,10,4.0,D,0.2@0.4,0,False,15.58,68.4,1.53,1127080,-590122,15.0,71.9,1.8,3747971,-1096494,15.33,69.9,1.71,4875052,-1096494
SILVER,10,4.0,D,0.2@0.4,0,True,15.58,53.5,2.06,1218095,-174651,15.0,59.3,2.09,2873641,-451852,15.33,55.9,2.08,4091736,-451852
SILVER,10,4.0,D,0.2@0.4,5,False,22.5,70.4,1.66,1774813,-410047,23.44,68.7,1.64,4662694,-1096494,22.9,69.6,1.65,6437507,-1096494
SILVER,10,4.0,D,0.2@0.4,5,True,44.0,47.2,1.46,1257513,-371348,45.56,50.2,1.41,2966580,-872766,44.67,48.5,1.42,4224093,-872766
SILVER,10,4.0,D,0.2@0.4,10,False,22.08,70.9,1.69,1799273,-417578,22.56,70.4,1.75,5014328,-1096494,22.29,70.7,1.74,6813601,-1096494
SILVER,10,4.0,D,0.2@0.4,10,True,37.42,48.8,1.58,1412437,-337132,38.33,53.6,1.61,3658458,-704132,37.81,50.9,1.6,5070895,-704132
SILVER,10,4.0,D,0.25@0.5,0,False,15.58,59.9,1.23,576411,-556324,15.0,67.4,1.58,3046609,-1468146,15.33,63.0,1.47,3623020,-1468146
SILVER,10,4.0,D,0.25@0.5,0,True,15.58,47.6,1.45,615039,-262101,15.0,56.3,1.49,1535236,-578618,15.33,51.2,1.48,2150276,-578618
SILVER,10,4.0,D,0.25@0.5,5,False,20.5,61.0,1.47,1416314,-407601,20.56,65.9,1.68,4684579,-1096494,20.52,63.1,1.62,6100892,-1096494
SILVER,10,4.0,D,0.25@0.5,5,True,42.83,42.6,1.3,892657,-433116,43.89,47.3,1.25,1857660,-937606,43.29,44.7,1.26,2750317,-937606
SILVER,10,4.0,D,0.25@0.5,10,False,20.25,61.3,1.49,1434071,-417467,20.11,65.7,1.68,4662384,-1096494,20.19,63.2,1.62,6096456,-1096494
SILVER,10,4.0,D,0.25@0.5,10,True,36.33,43.3,1.38,1033671,-425970,36.89,49.4,1.33,2202693,-875293,36.57,46.0,1.34,3236364,-875293
SILVER,10,4.0,D+1h,0.1@0.3,0,False,8.42,62.4,2.69,970568,-165798,8.44,76.3,2.48,2684004,-628140,8.43,68.4,2.53,3654572,-628140
SILVER,10,4.0,D+1h,0.1@0.3,0,True,8.42,62.4,2.69,970568,-165798,8.44,76.3,2.48,2684004,-628140,8.43,68.4,2.53,3654572,-628140
SILVER,10,4.0,D+1h,0.1@0.3,5,False,14.08,60.4,2.66,1735981,-272379,16.11,71.0,1.31,1579237,-1000169,14.95,65.3,1.54,3315219,-1000169
SILVER,10,4.0,D+1h,0.1@0.3,5,True,14.08,60.4,2.66,1735981,-272379,16.11,71.0,1.31,1579237,-1000169,14.95,65.3,1.54,3315219,-1000169
SILVER,10,4.0,D+1h,0.1@0.3,10,False,13.83,61.4,2.78,1759589,-219315,15.11,75.0,1.87,3042144,-820682,14.38,67.5,2.07,4801733,-820682
SILVER,10,4.0,D+1h,0.1@0.3,10,True,13.83,61.4,2.78,1759589,-219315,15.11,75.0,1.87,3042144,-820682,14.38,67.5,2.07,4801733,-820682
SILVER,10,4.0,D+1h,0.15@0.3,0,False,8.42,74.3,2.57,891016,-138831,8.44,77.6,2.41,2559506,-595865,8.43,75.7,2.45,3450522,-595865
SILVER,10,4.0,D+1h,0.15@0.3,0,True,8.42,74.3,2.57,891016,-138831,8.44,77.6,2.41,2559506,-595865,8.43,75.7,2.45,3450522,-595865
SILVER,10,4.0,D+1h,0.2@0.4,0,False,8.33,74.0,2.72,1429573,-154082,8.56,72.7,2.32,2883756,-521577,8.43,73.4,2.43,4313329,-521577
SILVER,10,4.0,D+1h,0.2@0.4,0,True,8.33,74.0,2.72,1429573,-154082,8.56,72.7,2.32,2883756,-521577,8.43,73.4,2.43,4313329,-521577
SILVER,10,4.0,D+1h,0.2@0.4,5,False,13.67,75.0,2.63,2039349,-284254,15.89,69.2,1.6,2963849,-918155,14.62,72.3,1.81,5003197,-918155
SILVER,10,4.0,D+1h,0.2@0.4,5,True,13.67,75.0,2.63,2039349,-284254,15.89,69.2,1.6,2963849,-918155,14.62,72.3,1.81,5003197,-918155
SILVER,10,4.0,D+1h,0.15@0.3,5,False,15.33,74.5,2.66,1789212,-239458,17.22,72.9,1.28,1496055,-1296373,16.14,73.7,1.52,3285268,-1296373
SILVER,10,4.0,D+1h,0.15@0.3,5,True,15.33,74.5,2.66,1789212,-239458,17.22,72.9,1.28,1496055,-1296373,16.14,73.7,1.52,3285268,-1296373
SILVER,10,4.0,D+1h,0.15@0.3,10,False,15.25,76.0,2.8,1822328,-194483,16.11,75.9,1.74,2868265,-1091484,15.62,75.9,1.96,4690593,-1091484
SILVER,10,4.0,D+1h,0.15@0.3,10,True,15.25,76.0,2.8,1822328,-194483,16.11,75.9,1.74,2868265,-1091484,15.62,75.9,1.96,4690593,-1091484
SILVER,10,4.0,D+1h,0.2@0.4,10,False,13.58,75.5,2.68,2046496,-253692,15.22,70.8,1.87,3642302,-794626,14.29,73.3,2.05,5688798,-794626
SILVER,10,4.0,D+1h,0.2@0.4,10,True,13.58,75.5,2.68,2046496,-253692,15.22,70.8,1.87,3642302,-794626,14.29,73.3,2.05,5688798,-794626
SILVER,10,4.0,D+1h,0.25@0.5,0,False,8.33,63.0,1.79,824759,-213400,8.56,67.5,1.58,1543805,-667561,8.43,65.0,1.64,2368564,-667561
SILVER,10,4.0,D+1h,0.25@0.5,0,True,8.33,63.0,1.79,824759,-213400,8.56,67.5,1.58,1543805,-667561,8.43,65.0,1.64,2368564,-667561
SILVER,10,4.0,D+1h,0.25@0.5,5,False,12.58,62.3,2.08,1643078,-312147,14.0,64.3,1.48,2366570,-1188169,13.19,63.2,1.63,4009647,-1188169
SILVER,10,4.0,D+1h,0.25@0.5,5,True,12.58,62.3,2.08,1643078,-312147,14.0,64.3,1.48,2366570,-1188169,13.19,63.2,1.63,4009647,-1188169
SILVER,10,4.0,D+1h,0.25@0.5,10,False,12.58,62.3,2.07,1629097,-312147,13.56,63.1,1.58,2693234,-1064640,13.0,62.6,1.7,4322331,-1064640
SILVER,10,4.0,D+1h,0.25@0.5,10,True,12.58,62.3,2.07,1629097,-312147,13.56,63.1,1.58,2693234,-1064640,13.0,62.6,1.7,4322331,-1064640
SILVER,10,4.0,D+4h,0.1@0.3,0,False,8.17,63.3,2.36,1063491,-332583,10.22,76.1,2.0,3425969,-1096494,9.05,69.5,2.07,4489461,-1096494
SILVER,10,4.0,D+4h,0.1@0.3,0,True,8.17,53.1,2.62,756338,-112141,10.22,64.1,2.38,2390160,-451852,9.05,58.4,2.43,3146498,-451852
SILVER,10,4.0,D+4h,0.1@0.3,5,False,11.75,62.4,2.25,1416564,-291038,16.89,71.7,1.48,2745350,-1212450,13.95,67.2,1.6,4161914,-1212450
SILVER,10,4.0,D+4h,0.1@0.3,5,True,21.0,46.0,1.83,1020125,-253182,30.56,54.5,1.37,1960301,-801968,25.1,50.5,1.46,2980426,-801968
SILVER,10,4.0,D+4h,0.1@0.3,10,False,11.25,63.0,2.35,1451032,-291038,15.67,75.2,1.92,4058626,-1096494,13.14,69.2,2.01,5509658,-1096494
SILVER,10,4.0,D+4h,0.1@0.3,10,True,17.17,48.1,2.08,1128226,-185855,25.67,59.7,1.97,3364971,-661663,20.81,54.2,2.0,4493196,-661663
SILVER,10,4.0,D+4h,0.15@0.3,0,False,8.17,76.5,1.96,741010,-329343,10.22,77.2,2.02,3472208,-1096494,9.05,76.8,2.01,4213218,-1096494
SILVER,10,4.0,D+4h,0.15@0.3,0,True,8.17,57.1,2.4,648356,-105212,10.22,65.2,2.52,2632272,-451852,9.05,61.1,2.5,3280628,-451852
SILVER,10,4.0,D+4h,0.15@0.3,5,False,13.17,75.9,2.27,1420856,-287868,18.0,73.5,1.49,2910576,-1103936,15.24,74.7,1.62,4331432,-1103936
SILVER,10,4.0,D+4h,0.15@0.3,5,True,21.92,51.7,1.86,1063675,-231133,30.89,55.8,1.46,2412323,-724408,25.76,53.8,1.54,3475998,-724408
SILVER,10,4.0,D+4h,0.15@0.3,10,False,12.67,78.3,2.48,1498919,-290726,16.56,75.8,1.89,4126174,-1096494,14.33,77.1,2.0,5625093,-1096494
SILVER,10,4.0,D+4h,0.15@0.3,10,True,18.25,54.3,2.11,1168178,-184956,25.89,60.5,2.05,3726295,-590899,21.52,57.5,2.06,4894474,-590899
SILVER,10,4.0,D+4h,0.2@0.4,0,False,8.08,68.0,1.77,953514,-560554,10.33,72.0,1.79,3017912,-1096494,9.05,70.0,1.78,3971427,-1096494
SILVER,10,4.0,D+4h,0.2@0.4,0,True,8.08,54.6,2.21,857232,-159404,10.33,61.3,2.28,2583651,-451852,9.05,57.9,2.26,3440883,-451852
SILVER,10,4.0,D+4h,0.2@0.4,5,False,11.58,71.9,2.05,1573446,-434774,16.44,70.3,1.76,4008416,-1096494,13.67,71.1,1.82,5581862,-1096494
SILVER,10,4.0,D+4h,0.2@0.4,5,True,21.0,50.8,1.86,1243031,-230320,29.89,53.5,1.77,3671407,-658564,24.81,52.2,1.79,4914437,-658564
SILVER,10,4.0,D+4h,0.2@0.4,10,False,11.33,73.5,2.14,1627007,-434774,15.67,71.6,1.89,4354211,-1096494,13.19,72.6,1.94,5981217,-1096494
SILVER,10,4.0,D+4h,0.2@0.4,10,True,17.33,52.9,2.04,1329707,-192270,25.33,57.5,2.12,4291623,-568141,20.76,55.3,2.1,5621330,-568141
SILVER,10,4.0,D+4h,0.25@0.5,0,False,8.08,58.8,1.29,411850,-596827,10.33,67.7,1.58,2386960,-2070876,9.05,63.2,1.5,2798810,-2070876
SILVER,10,4.0,D+4h,0.25@0.5,0,True,8.08,47.4,1.37,310016,-201252,10.33,58.1,1.57,1296782,-710357,9.05,52.6,1.52,1606798,-710357
SILVER,10,4.0,D+4h,0.25@0.5,5,False,10.83,61.5,1.76,1293795,-384444,14.33,67.4,1.75,3779377,-1096494,12.33,64.5,1.75,5073172,-1096494
SILVER,10,4.0,D+4h,0.25@0.5,5,True,20.33,44.7,1.59,955321,-258951,28.89,50.8,1.54,2620769,-473112,24.0,47.8,1.55,3576090,-473112
SILVER,10,4.0,D+4h,0.25@0.5,10,False,10.67,62.5,1.81,1337972,-384444,13.89,66.4,1.76,3881405,-1096494,12.05,64.4,1.77,5219377,-1096494
SILVER,10,4.0,D+4h,0.25@0.5,10,True,16.75,45.3,1.69,1029992,-245006,24.44,53.2,1.71,3022577,-451852,20.05,49.4,1.7,4052569,-451852
SILVER,10,4.0,D+1h+4h,0.1@0.3,0,False,5.17,67.7,3.58,868136,-91977,6.11,78.2,2.71,2410598,-452498,5.57,72.6,2.87,3278734,-452498
SILVER,10,4.0,D+1h+4h,0.1@0.3,0,True,5.17,67.7,3.58,868136,-91977,6.11,78.2,2.71,2410598,-452498,5.57,72.6,2.87,3278734,-452498
SILVER,10,4.0,D+1h+4h,0.1@0.3,5,False,8.33,67.0,3.56,1473834,-143900,12.11,72.5,1.52,1911352,-930722,9.95,69.9,1.8,3385186,-930722
SILVER,10,4.0,D+1h+4h,0.1@0.3,5,True,8.33,67.0,3.56,1473834,-143900,12.11,72.5,1.52,1911352,-930722,9.95,69.9,1.8,3385186,-930722
SILVER,10,4.0,D+1h+4h,0.1@0.3,10,False,8.08,69.1,3.89,1510785,-140332,11.22,77.2,2.46,3278404,-818258,9.43,73.2,2.74,4789189,-818258
SILVER,10,4.0,D+1h+4h,0.1@0.3,10,True,8.08,69.1,3.89,1510785,-140332,11.22,77.2,2.46,3278404,-818258,9.43,73.2,2.74,4789189,-818258
SILVER,10,4.0,D+1h+4h,0.15@0.3,0,False,5.17,74.2,3.3,761702,-87621,6.11,80.0,2.88,2654366,-451852,5.57,76.9,2.96,3416068,-451852
SILVER,10,4.0,D+1h+4h,0.15@0.3,0,True,5.17,74.2,3.3,761702,-87621,6.11,80.0,2.88,2654366,-451852,5.57,76.9,2.96,3416068,-451852
SILVER,10,4.0,D+1h+4h,0.15@0.3,5,False,9.25,76.6,3.53,1499943,-137209,12.44,75.0,1.65,2349893,-856933,10.62,75.8,1.91,3849836,-856933
SILVER,10,4.0,D+1h+4h,0.15@0.3,5,True,9.25,76.6,3.53,1499943,-137209,12.44,75.0,1.65,2349893,-856933,10.62,75.8,1.91,3849836,-856933
SILVER,10,4.0,D+1h+4h,0.15@0.3,10,False,9.17,78.2,3.84,1531036,-137209,11.44,78.6,2.56,3626248,-751264,10.14,78.4,2.8,5157285,-751264
SILVER,10,4.0,D+1h+4h,0.15@0.3,10,True,9.17,78.2,3.84,1531036,-137209,11.44,78.6,2.56,3626248,-751264,10.14,78.4,2.8,5157285,-751264
SILVER,10,4.0,D+1h+4h,0.2@0.4,0,False,5.08,70.5,2.68,968873,-136811,6.22,75.0,2.56,2616262,-451852,5.57,72.6,2.59,3585135,-451852
SILVER,10,4.0,D+1h+4h,0.2@0.4,0,True,5.08,70.5,2.68,968873,-136811,6.22,75.0,2.56,2616262,-451852,5.57,72.6,2.59,3585135,-451852
SILVER,10,4.0,D+1h+4h,0.2@0.4,5,False,8.42,75.2,3.03,1622613,-149244,11.44,72.8,2.13,3596635,-619958,9.71,74.0,2.31,5219248,-619958
SILVER,10,4.0,D+1h+4h,0.2@0.4,5,True,8.42,75.2,3.03,1622613,-149244,11.44,72.8,2.13,3596635,-619958,9.71,74.0,2.31,5219248,-619958
SILVER,10,4.0,D+1h+4h,0.2@0.4,10,False,8.33,76.0,3.14,1643850,-125904,10.89,74.5,2.61,4179234,-569806,9.43,75.3,2.73,5823084,-569806
SILVER,10,4.0,D+1h+4h,0.2@0.4,10,True,8.33,76.0,3.14,1643850,-125904,10.89,74.5,2.61,4179234,-569806,9.43,75.3,2.73,5823084,-569806
SILVER,10,4.0,D+1h+4h,0.25@0.5,0,False,5.08,59.0,1.59,419898,-173084,6.22,69.6,1.69,1332181,-662044,5.57,64.1,1.66,1752079,-662044
SILVER,10,4.0,D+1h+4h,0.25@0.5,0,True,5.08,59.0,1.59,419898,-173084,6.22,69.6,1.69,1332181,-662044,5.57,64.1,1.66,1752079,-662044
SILVER,10,4.0,D+1h+4h,0.25@0.5,5,False,7.83,63.8,2.41,1364696,-143449,10.33,67.7,1.91,2861363,-601648,8.9,65.8,2.03,4226059,-601648
SILVER,10,4.0,D+1h+4h,0.25@0.5,5,True,7.83,63.8,2.41,1364696,-143449,10.33,67.7,1.91,2861363,-601648,8.9,65.8,2.03,4226059,-601648
SILVER,10,4.0,D+1h+4h,0.25@0.5,10,False,7.83,63.8,2.41,1364696,-143449,9.89,66.3,2.1,3225554,-478119,8.71,65.0,2.18,4590251,-478119
SILVER,10,4.0,D+1h+4h,0.25@0.5,10,True,7.83,63.8,2.41,1364696,-143449,9.89,66.3,2.1,3225554,-478119,8.71,65.0,2.18,4590251,-478119
SILVER,10,4.0,1h,0.1@0.3,0,False,15.42,56.8,1.4,525477,-371447,13.33,76.7,2.51,3961935,-872675,14.52,64.6,2.14,4487412,-872675
SILVER,10,4.0,1h,0.1@0.3,0,True,15.42,56.8,1.4,525477,-371447,13.33,76.7,2.51,3961935,-872675,14.52,64.6,2.14,4487412,-872675
SILVER,10,4.0,1h,0.1@0.3,5,False,25.92,56.9,1.24,657132,-493692,25.0,72.4,1.66,4611160,-1037827,25.52,63.4,1.54,5268292,-1037827
SILVER,10,4.0,1h,0.1@0.3,5,True,25.92,56.9,1.24,657132,-493692,25.0,72.4,1.66,4611160,-1037827,25.52,63.4,1.54,5268292,-1037827
SILVER,10,4.0,1h,0.1@0.3,10,False,25.42,57.0,1.25,674448,-461450,24.11,73.7,2.05,5950056,-838516,24.86,64.0,1.79,6624504,-838516
SILVER,10,4.0,1h,0.1@0.3,10,True,25.42,57.0,1.25,674448,-461450,24.11,73.7,2.05,5950056,-838516,24.86,64.0,1.79,6624504,-838516
SILVER,10,4.0,1h,0.15@0.3,0,False,15.42,70.8,1.36,478678,-351668,13.33,77.5,2.33,3493985,-798716,14.52,73.4,2.01,3972663,-798716
SILVER,10,4.0,1h,0.15@0.3,0,True,15.42,70.8,1.36,478678,-351668,13.33,77.5,2.33,3493985,-798716,14.52,73.4,2.01,3972663,-798716
SILVER,10,4.0,1h,0.15@0.3,5,False,28.17,71.0,1.25,717885,-467294,26.56,72.8,1.57,4246202,-898993,27.48,71.8,1.48,4964086,-898993
SILVER,10,4.0,1h,0.15@0.3,5,True,28.17,71.0,1.25,717885,-467294,26.56,72.8,1.57,4246202,-898993,27.48,71.8,1.48,4964086,-898993
SILVER,10,4.0,1h,0.15@0.3,10,False,27.58,71.6,1.29,795467,-402048,25.56,73.9,1.85,5330481,-866428,26.71,72.5,1.68,6125948,-866428
SILVER,10,4.0,1h,0.15@0.3,10,True,27.58,71.6,1.29,795467,-402048,25.56,73.9,1.85,5330481,-866428,26.71,72.5,1.68,6125948,-866428
SILVER,10,4.0,1h,0.2@0.4,0,False,15.33,67.4,1.56,971062,-295335,13.44,73.6,3.54,7636905,-550724,14.52,69.8,2.82,8607967,-550724
SILVER,10,4.0,1h,0.2@0.4,0,True,15.33,67.4,1.56,971062,-295335,13.44,73.6,3.54,7636905,-550724,14.52,69.8,2.82,8607967,-550724
SILVER,10,4.0,1h,0.2@0.4,5,False,25.58,69.7,1.35,1038285,-382724,23.78,68.7,1.9,6457652,-812810,24.81,69.3,1.74,7495938,-812810
SILVER,10,4.0,1h,0.2@0.4,5,True,25.58,69.7,1.35,1038285,-382724,23.78,68.7,1.9,6457652,-812810,24.81,69.3,1.74,7495938,-812810
SILVER,10,4.0,1h,0.2@0.4,10,False,25.42,70.2,1.36,1067041,-351411,23.22,69.9,2.13,7352440,-848077,24.48,70.0,1.89,8419482,-848077
SILVER,10,4.0,1h,0.2@0.4,10,True,25.42,70.2,1.36,1067041,-351411,23.22,69.9,2.13,7352440,-848077,24.48,70.0,1.89,8419482,-848077
SILVER,10,4.0,1h,0.25@0.5,0,False,15.33,60.3,1.21,423697,-350150,13.44,67.8,2.8,6627200,-451852,14.52,63.3,2.24,7050898,-451852
SILVER,10,4.0,1h,0.25@0.5,0,True,15.33,60.3,1.21,423697,-350150,13.44,67.8,2.8,6627200,-451852,14.52,63.3,2.24,7050898,-451852
SILVER,10,4.0,1h+4h,0.1@0.3,0,False,8.83,58.5,1.51,464169,-236812,7.78,77.1,2.68,2926347,-715808,8.38,65.9,2.28,3390516,-715808
SILVER,10,4.0,1h+4h,0.1@0.3,0,True,8.83,58.5,1.51,464169,-236812,7.78,77.1,2.68,2926347,-715808,8.38,65.9,2.28,3390516,-715808
SILVER,10,4.0,1h+4h,0.1@0.3,5,False,14.0,61.3,1.7,981837,-292592,15.33,71.7,1.85,3922982,-814433,14.57,66.0,1.82,4904819,-814433
SILVER,10,4.0,1h+4h,0.1@0.3,5,True,14.0,61.3,1.7,981837,-292592,15.33,71.7,1.85,3922982,-814433,14.57,66.0,1.82,4904819,-814433
SILVER,10,4.0,1h,0.25@0.5,5,False,22.92,60.7,1.26,837340,-361830,21.44,63.7,1.89,6222017,-589159,22.29,62.0,1.69,7059357,-594040
SILVER,10,4.0,1h,0.25@0.5,5,True,22.92,60.7,1.26,837340,-361830,21.44,63.7,1.89,6222017,-589159,22.29,62.0,1.69,7059357,-594040
SILVER,10,4.0,1h,0.25@0.5,10,False,22.83,59.9,1.24,767562,-411783,21.0,63.0,1.99,6754527,-671818,22.05,61.1,1.75,7522089,-671818
SILVER,10,4.0,1h,0.25@0.5,10,True,22.83,59.9,1.24,767562,-411783,21.0,63.0,1.99,6754527,-671818,22.05,61.1,1.75,7522089,-671818
SILVER,10,4.0,1h+4h,0.1@0.3,10,False,13.75,61.8,1.72,986332,-292592,14.44,75.4,2.66,5290824,-701969,14.05,67.8,2.38,6277156,-701969
SILVER,10,4.0,1h+4h,0.1@0.3,10,True,13.75,61.8,1.72,986332,-292592,14.44,75.4,2.66,5290824,-701969,14.05,67.8,2.38,6277156,-701969
SILVER,10,4.0,1h+4h,0.15@0.3,0,False,8.83,67.0,1.43,383648,-230440,7.78,78.6,2.84,3205702,-699260,8.38,71.6,2.36,3589349,-699260
SILVER,10,4.0,1h+4h,0.15@0.3,0,True,8.83,67.0,1.43,383648,-230440,7.78,78.6,2.84,3205702,-699260,8.38,71.6,2.36,3589349,-699260
SILVER,10,4.0,1h+4h,0.15@0.3,5,False,15.17,70.9,1.7,1017924,-271192,15.67,73.8,1.97,4422191,-767021,15.38,72.1,1.9,5440116,-767021
SILVER,10,4.0,1h+4h,0.15@0.3,5,True,15.17,70.9,1.7,1017924,-271192,15.67,73.8,1.97,4422191,-767021,15.38,72.1,1.9,5440116,-767021
SILVER,10,4.0,1h+4h,0.15@0.3,10,False,15.0,71.1,1.74,1036743,-271192,14.67,76.5,2.74,5699367,-661352,14.86,73.4,2.44,6736109,-661352
SILVER,10,4.0,1h+4h,0.15@0.3,10,True,15.0,71.1,1.74,1036743,-271192,14.67,76.5,2.74,5699367,-661352,14.86,73.4,2.44,6736109,-661352
SILVER,10,4.0,1h+4h,0.2@0.4,10,False,14.25,70.2,1.71,1153574,-323484,13.78,75.0,2.97,6532284,-617932,14.05,72.2,2.56,7685858,-617932
SILVER,10,4.0,1h+4h,0.2@0.4,10,True,14.25,70.2,1.71,1153574,-323484,13.78,75.0,2.97,6532284,-617932,14.05,72.2,2.56,7685858,-617932
SILVER,10,4.0,1h+4h,0.25@0.5,0,False,8.75,56.2,1.07,91081,-364073,7.89,66.2,1.9,2150169,-822181,8.38,60.2,1.61,2241251,-822181
SILVER,10,4.0,1h+4h,0.25@0.5,0,True,8.75,56.2,1.07,91081,-364073,7.89,66.2,1.9,2150169,-822181,8.38,60.2,1.61,2241251,-822181
SILVER,10,4.0,1h+4h,0.2@0.4,0,False,8.75,62.9,1.5,592703,-325721,7.89,74.6,2.65,3250716,-650454,8.38,67.6,2.22,3843419,-650454
SILVER,10,4.0,1h+4h,0.2@0.4,0,True,8.75,62.9,1.5,592703,-325721,7.89,74.6,2.65,3250716,-650454,8.38,67.6,2.22,3843419,-650454
SILVER,10,4.0,1h+4h,0.2@0.4,5,False,14.33,69.2,1.67,1111187,-323484,14.11,73.2,2.52,5942560,-741461,14.24,70.9,2.27,7053748,-741461
SILVER,10,4.0,1h+4h,0.2@0.4,5,True,14.33,69.2,1.67,1111187,-323484,14.11,73.2,2.52,5942560,-741461,14.24,70.9,2.27,7053748,-741461
SILVER,10,4.0,1h+4h,0.25@0.5,5,False,13.25,60.4,1.5,911227,-227584,12.89,65.5,2.24,5107849,-725829,13.1,62.5,2.01,6019076,-725829
SILVER,10,4.0,1h+4h,0.25@0.5,5,True,13.25,60.4,1.5,911227,-227584,12.89,65.5,2.24,5107849,-725829,13.1,62.5,2.01,6019076,-725829
SILVER,10,4.0,1h+4h,0.25@0.5,10,False,13.25,59.7,1.47,884060,-238874,12.56,64.6,2.4,5478215,-658852,12.95,61.8,2.1,6362275,-658852
SILVER,10,4.0,1h+4h,0.25@0.5,10,True,13.25,59.7,1.47,884060,-238874,12.56,64.6,2.4,5478215,-658852,12.95,61.8,2.1,6362275,-658852
SILVER,10,5.0,D,0.1@0.3,0,False,11.0,69.7,2.16,1599178,-232821,11.33,77.5,1.54,2739375,-2661414,11.14,73.1,1.67,4338553,-2661414
SILVER,10,5.0,D,0.1@0.3,0,True,11.0,56.8,3.15,1476595,-177318,11.33,61.8,1.53,1733601,-1324085,11.14,59.0,1.81,3210196,-1324085
SILVER,10,5.0,D,0.1@0.3,5,False,16.42,69.5,2.08,2075589,-323455,17.0,72.5,1.39,2899871,-2133588,16.67,70.9,1.53,4975460,-2133588
SILVER,10,5.0,D,0.1@0.3,5,True,34.33,48.1,1.83,1653638,-366712,36.89,49.7,1.16,1189558,-1184455,35.43,48.8,1.3,2843197,-1184455
SILVER,10,5.0,D,0.1@0.3,10,False,16.25,68.2,1.96,1891631,-356378,16.56,73.2,1.44,3153967,-2133588,16.38,70.3,1.55,5045598,-2133588
SILVER,10,5.0,D,0.1@0.3,10,True,30.92,48.5,1.82,1542718,-391611,32.22,53.4,1.31,2011359,-926071,31.48,50.7,1.42,3554077,-926071
SILVER,10,5.0,D,0.15@0.3,0,False,11.0,72.7,1.98,1327924,-232821,11.33,78.4,1.56,2769653,-2661414,11.14,75.2,1.65,4097577,-2661414
SILVER,10,5.0,D,0.15@0.3,0,True,11.0,59.1,2.88,1263386,-168707,11.33,61.8,1.59,1932810,-1324085,11.14,60.3,1.81,3196196,-1324085
SILVER,10,5.0,D,0.15@0.3,5,False,18.42,74.7,2.05,2109476,-351313,19.0,74.3,1.42,3161956,-2133588,18.67,74.5,1.55,5271433,-2133588
SILVER,10,5.0,D,0.15@0.3,5,True,35.75,50.3,1.77,1620352,-406201,38.89,51.7,1.1,779847,-1096271,37.1,51.0,1.24,2400199,-1096271
SILVER,10,5.0,D,0.15@0.3,10,False,18.25,73.1,1.9,1863127,-387070,18.44,75.3,1.53,3786501,-2133588,18.33,74.0,1.61,5649628,-2133588
SILVER,10,5.0,D,0.15@0.3,10,True,32.33,51.0,1.74,1487186,-433815,34.11,55.7,1.3,1988133,-905807,33.1,53.1,1.4,3475318,-905807
SILVER,10,5.0,D,0.2@0.4,0,False,11.0,68.2,1.58,1000253,-347054,11.33,69.6,1.0,25884,-2790062,11.14,68.8,1.12,1026137,-2790062
SILVER,10,5.0,D,0.2@0.4,0,True,11.0,53.8,1.81,800937,-196679,11.33,58.8,1.22,837736,-1324085,11.14,56.0,1.34,1638673,-1324085
SILVER,10,5.0,D,0.2@0.4,5,False,16.0,70.8,1.92,2028000,-347054,16.56,71.1,1.37,2843334,-2133588,16.24,71.0,1.49,4871334,-2133588
SILVER,10,5.0,D,0.2@0.4,5,True,34.92,48.0,1.62,1429243,-347516,36.89,49.1,1.2,1492131,-957406,35.76,48.5,1.29,2921373,-957406
SILVER,10,5.0,D,0.2@0.4,10,False,15.83,69.5,1.83,1872993,-347054,16.0,70.8,1.39,2992698,-2133588,15.9,70.1,1.49,4865690,-2133588
SILVER,10,5.0,D,0.2@0.4,10,True,31.17,48.4,1.62,1368548,-364095,32.0,52.4,1.34,2300817,-865438,31.52,50.2,1.41,3669365,-865438
SILVER,10,5.0,D,0.25@0.5,0,False,11.0,66.7,1.65,1192360,-410736,11.33,63.7,0.83,-1211883,-3650371,11.14,65.4,1.0,-19523,-3650371
SILVER,10,5.0,D,0.25@0.5,0,True,11.0,53.0,1.82,832684,-184720,11.33,56.9,0.99,-27584,-1539358,11.14,54.7,1.15,805100,-1539358
SILVER,10,5.0,D+1h,0.1@0.3,0,False,5.67,76.5,4.78,1606482,-174277,6.11,74.5,1.9,2101900,-642574,5.86,75.6,2.34,3708383,-642574
SILVER,10,5.0,D+1h,0.1@0.3,0,True,5.67,76.5,4.78,1606482,-174277,6.11,74.5,1.9,2101900,-642574,5.86,75.6,2.34,3708383,-642574
SILVER,10,5.0,D+1h,0.1@0.3,5,False,9.75,76.9,4.21,2314589,-291605,11.78,69.8,1.29,1519578,-993384,10.62,73.5,1.65,3834167,-993384
SILVER,10,5.0,D+1h,0.1@0.3,5,True,9.75,76.9,4.21,2314589,-291605,11.78,69.8,1.29,1519578,-993384,10.62,73.5,1.65,3834167,-993384
SILVER,10,5.0,D+1h,0.1@0.3,10,False,10.0,74.2,3.66,2107057,-324132,11.44,70.9,1.44,2052702,-964030,10.62,72.6,1.76,4159759,-964030
SILVER,10,5.0,D+1h,0.1@0.3,10,True,10.0,74.2,3.66,2107057,-324132,11.44,70.9,1.44,2052702,-964030,10.62,72.6,1.76,4159759,-964030
SILVER,10,5.0,D+1h,0.15@0.3,0,False,5.67,80.9,4.39,1390735,-165666,6.11,74.5,1.98,2297900,-642574,5.86,78.0,2.34,3688635,-642574
SILVER,10,5.0,D+1h,0.15@0.3,0,True,5.67,80.9,4.39,1390735,-165666,6.11,74.5,1.98,2297900,-642574,5.86,78.0,2.34,3688635,-642574
SILVER,10,5.0,D,0.25@0.5,5,False,15.0,66.1,1.84,1967334,-410736,15.44,66.2,1.29,2352782,-2133588,15.19,66.1,1.41,4320116,-2133588
SILVER,10,5.0,D,0.25@0.5,5,True,34.58,46.3,1.58,1390279,-314774,35.56,47.2,1.21,1578915,-1054251,35.0,46.7,1.29,2969194,-1054251
SILVER,10,5.0,D,0.25@0.5,10,False,14.83,65.7,1.8,1877927,-410736,15.22,65.7,1.26,2125555,-2133588,15.0,65.7,1.38,4003482,-2133588
SILVER,10,5.0,D,0.25@0.5,10,True,30.75,46.3,1.59,1349274,-364499,31.0,50.2,1.24,1735032,-924030,30.86,48.0,1.32,3084306,-924030
SILVER,10,5.0,D+1h,0.15@0.3,5,False,11.25,80.7,3.64,2243976,-341039,13.78,72.6,1.19,1069643,-1020207,12.33,76.8,1.52,3313619,-1020207
SILVER,10,5.0,D+1h,0.15@0.3,5,True,11.25,80.7,3.64,2243976,-341039,13.78,72.6,1.19,1069643,-1020207,12.33,76.8,1.52,3313619,-1020207
SILVER,10,5.0,D+1h,0.15@0.3,10,False,11.5,78.3,3.18,2014173,-375952,13.33,74.2,1.41,1989252,-935812,12.29,76.4,1.69,4003425,-935812
SILVER,10,5.0,D+1h,0.15@0.3,10,True,11.5,78.3,3.18,2014173,-375952,13.33,74.2,1.41,1989252,-935812,12.29,76.4,1.69,4003425,-935812
SILVER,10,5.0,D+1h,0.2@0.4,0,False,5.67,70.6,2.28,928732,-161155,6.11,69.1,1.41,1206035,-642574,5.86,69.9,1.59,2134767,-642574
SILVER,10,5.0,D+1h,0.2@0.4,0,True,5.67,70.6,2.28,928732,-161155,6.11,69.1,1.41,1206035,-642574,5.86,69.9,1.59,2134767,-642574
SILVER,10,5.0,D+1h,0.2@0.4,5,False,10.67,74.2,2.64,1916233,-285154,11.22,69.3,1.51,2524447,-1121600,10.9,72.1,1.73,4440680,-1121600
SILVER,10,5.0,D+1h,0.2@0.4,5,True,10.67,74.2,2.64,1916233,-285154,11.22,69.3,1.51,2524447,-1121600,10.9,72.1,1.73,4440680,-1121600
SILVER,10,5.0,D+1h,0.2@0.4,10,False,10.58,72.4,2.45,1759165,-309007,10.67,69.8,1.68,3044456,-984030,10.62,71.3,1.84,4803621,-984030
SILVER,10,5.0,D+1h,0.2@0.4,10,True,10.58,72.4,2.45,1759165,-309007,10.67,69.8,1.68,3044456,-984030,10.62,71.3,1.84,4803621,-984030
SILVER,10,5.0,D+1h,0.25@0.5,0,False,5.67,69.1,2.28,960479,-149003,6.11,65.5,1.1,340715,-1128185,5.86,67.5,1.32,1301194,-1128185
SILVER,10,5.0,D+1h,0.25@0.5,0,True,5.67,69.1,2.28,960479,-149003,6.11,65.5,1.1,340715,-1128185,5.86,67.5,1.32,1301194,-1128185
SILVER,10,5.0,D+1h,0.25@0.5,5,False,10.33,70.2,2.49,1871720,-254337,10.11,64.8,1.45,2297642,-1207825,10.24,67.9,1.65,4169362,-1207825
SILVER,10,5.0,D+1h,0.25@0.5,5,True,10.33,70.2,2.49,1871720,-254337,10.11,64.8,1.45,2297642,-1207825,10.24,67.9,1.65,4169362,-1207825
SILVER,10,5.0,D+1h,0.25@0.5,10,False,10.25,69.1,2.4,1782491,-308123,9.89,64.0,1.42,2165082,-1070255,10.1,67.0,1.62,3947573,-1070255
SILVER,10,5.0,D+1h,0.25@0.5,10,True,10.25,69.1,2.4,1782491,-308123,9.89,64.0,1.42,2165082,-1070255,10.1,67.0,1.62,3947573,-1070255
SILVER,10,5.0,D+4h,0.1@0.3,0,False,6.0,68.1,2.05,999191,-362599,7.67,78.3,1.32,1431365,-2661414,6.71,73.0,1.45,2430556,-2661414
SILVER,10,5.0,D+4h,0.1@0.3,0,True,6.0,59.7,3.38,1025650,-109027,7.67,63.8,1.53,1392254,-1324085,6.71,61.7,1.79,2417904,-1324085
SILVER,10,5.0,D+4h,0.1@0.3,5,False,9.25,70.3,2.1,1414356,-331660,12.44,74.1,1.34,2072427,-2133588,10.62,72.2,1.47,3486783,-2133588
SILVER,10,5.0,D+4h,0.1@0.3,5,True,15.92,53.4,2.5,1465059,-191888,25.0,52.9,1.24,1375538,-1184455,19.81,53.1,1.42,2840597,-1184455
SILVER,10,5.0,D+4h,0.1@0.3,10,False,9.08,68.8,1.94,1255876,-331660,11.89,75.7,1.45,2519726,-2133588,10.29,72.2,1.54,3775602,-2133588
SILVER,10,5.0,D+4h,0.1@0.3,10,True,13.92,53.9,2.39,1328980,-191888,21.67,57.4,1.5,2358764,-871953,17.24,55.8,1.65,3687744,-871953
SILVER,10,5.0,D+4h,0.15@0.3,0,False,6.0,70.8,1.82,772444,-344599,7.67,79.7,1.34,1477441,-2661414,6.71,75.2,1.43,2249885,-2661414
SILVER,10,5.0,D+4h,0.15@0.3,0,True,6.0,61.1,2.89,789016,-109027,7.67,63.8,1.6,1581699,-1324085,6.71,62.4,1.78,2370715,-1324085
SILVER,10,5.0,D+4h,0.15@0.3,5,False,10.0,73.3,2.1,1462355,-323382,13.44,76.9,1.42,2537663,-2133588,11.48,75.1,1.55,4000018,-2133588
SILVER,10,5.0,D+4h,0.15@0.3,5,True,16.58,55.3,2.46,1493212,-164562,26.11,55.3,1.24,1384197,-1096271,20.67,55.3,1.43,2877409,-1096271
SILVER,10,5.0,D+4h,0.15@0.3,10,False,9.92,72.3,1.94,1286026,-323382,13.0,78.6,1.57,3192449,-2133588,11.24,75.4,1.65,4478475,-2133588
SILVER,10,5.0,D+4h,0.15@0.3,10,True,14.67,56.2,2.35,1346977,-185782,22.89,60.2,1.55,2577664,-796259,18.19,58.4,1.69,3924641,-796259
SILVER,10,5.0,D+4h,0.2@0.4,0,False,6.0,66.7,1.38,458632,-564151,7.67,71.0,0.9,-510496,-2661414,6.71,68.8,0.99,-51864,-2661414
SILVER,10,5.0,D+4h,0.2@0.4,0,True,6.0,54.2,1.49,340369,-267403,7.67,60.9,1.18,563631,-1324085,6.71,57.4,1.24,904000,-1324085
SILVER,10,5.0,D+4h,0.2@0.4,5,False,8.83,69.8,1.89,1356404,-356984,11.44,74.8,1.48,2684666,-2133588,9.95,72.2,1.56,4041069,-2133588
SILVER,10,5.0,D+4h,0.2@0.4,5,True,16.25,51.3,1.91,1214260,-170315,24.22,53.2,1.45,2346104,-912593,19.67,52.3,1.55,3560364,-912593
SILVER,10,5.0,D+4h,0.2@0.4,10,False,8.92,69.2,1.81,1245384,-356984,11.11,75.0,1.52,2892940,-2133588,9.86,72.0,1.58,4138325,-2133588
SILVER,10,5.0,D+4h,0.2@0.4,10,True,14.17,52.4,1.92,1150910,-189848,21.0,57.7,1.71,3171932,-796259,17.1,55.2,1.76,4322842,-796259
SILVER,10,5.0,D+4h,0.25@0.5,0,False,6.0,62.5,1.45,572382,-555536,7.67,62.3,0.7,-1731271,-3461886,6.71,62.4,0.84,-1158888,-3461886
SILVER,10,5.0,D+4h,0.25@0.5,0,True,6.0,51.4,1.47,340504,-257959,7.67,56.5,0.91,-318297,-1481943,6.71,53.9,1.01,22207,-1481943
SILVER,10,5.0,D+4h,0.25@0.5,5,False,8.42,64.4,1.87,1372253,-356984,10.89,67.3,1.32,2020899,-2133588,9.48,65.8,1.43,3393152,-2133588
SILVER,10,5.0,D+4h,0.25@0.5,5,True,15.92,48.2,1.89,1231757,-167411,23.22,50.2,1.43,2283985,-829923,19.05,49.2,1.52,3515742,-829923
SILVER,10,5.0,D+4h,0.25@0.5,10,False,8.42,63.4,1.82,1305416,-356984,10.67,66.7,1.28,1793671,-2133588,9.38,65.0,1.39,3099087,-2133588
SILVER,10,5.0,D+4h,0.25@0.5,10,True,13.75,47.9,1.87,1168940,-220090,20.22,53.8,1.48,2421110,-796259,16.52,51.0,1.56,3590050,-796259
SILVER,10,5.0,D+1h+4h,0.1@0.3,0,False,3.58,79.1,4.6,1103717,-90359,4.33,79.5,2.01,1807411,-642574,3.9,79.3,2.39,2911129,-642574
SILVER,10,5.0,D+1h+4h,0.1@0.3,0,True,3.58,79.1,4.6,1103717,-90359,4.33,79.5,2.01,1807411,-642574,3.9,79.3,2.39,2911129,-642574
SILVER,10,5.0,D+1h+4h,0.1@0.3,5,False,6.08,82.2,4.95,1775730,-166894,9.22,74.7,1.52,1950072,-873569,7.43,78.2,1.89,3725802,-873569
SILVER,10,5.0,D+1h+4h,0.1@0.3,5,True,6.08,82.2,4.95,1775730,-166894,9.22,74.7,1.52,1950072,-873569,7.43,78.2,1.89,3725802,-873569
SILVER,10,5.0,D+1h+4h,0.1@0.3,10,False,6.25,78.7,4.06,1592013,-166894,8.67,76.9,1.88,2663614,-735999,7.29,77.8,2.2,4255626,-735999
SILVER,10,5.0,D+1h+4h,0.1@0.3,10,True,6.25,78.7,4.06,1592013,-166894,8.67,76.9,1.88,2663614,-735999,7.29,77.8,2.2,4255626,-735999
SILVER,10,5.0,D+1h+4h,0.15@0.3,0,False,3.58,81.4,3.96,865958,-90359,4.33,79.5,2.12,1993647,-642574,3.9,80.5,2.38,2859605,-642574
SILVER,10,5.0,D+1h+4h,0.15@0.3,0,True,3.58,81.4,3.96,865958,-90359,4.33,79.5,2.12,1993647,-642574,3.9,80.5,2.38,2859605,-642574
SILVER,10,5.0,D+1h+4h,0.15@0.3,5,False,6.75,84.0,4.63,1788387,-155931,10.33,78.5,1.53,1944888,-660809,8.29,81.0,1.9,3733275,-660809
SILVER,10,5.0,D+1h+4h,0.15@0.3,5,True,6.75,84.0,4.63,1788387,-155931,10.33,78.5,1.53,1944888,-660809,8.29,81.0,1.9,3733275,-660809
SILVER,10,5.0,D+1h+4h,0.15@0.3,10,False,7.0,81.0,3.83,1594513,-155931,9.89,80.9,1.97,2868670,-642574,8.24,80.9,2.27,4463183,-642574
SILVER,10,5.0,D+1h+4h,0.15@0.3,10,True,7.0,81.0,3.83,1594513,-155931,9.89,80.9,1.97,2868670,-642574,8.24,80.9,2.27,4463183,-642574
SILVER,10,5.0,D+1h+4h,0.2@0.4,0,False,3.58,69.8,1.73,417808,-231448,4.33,74.4,1.43,978788,-642574,3.9,72.0,1.49,1396596,-642574
SILVER,10,5.0,D+1h+4h,0.2@0.4,0,True,3.58,69.8,1.73,417808,-231448,4.33,74.4,1.43,978788,-642574,3.9,72.0,1.49,1396596,-642574
SILVER,10,5.0,D+1h+4h,0.2@0.4,5,False,6.67,75.0,2.71,1430960,-149003,8.11,76.7,2.03,3249394,-642574,7.29,75.8,2.17,4680355,-642574
SILVER,10,5.0,D+1h+4h,0.2@0.4,5,True,6.67,75.0,2.71,1430960,-149003,8.11,76.7,2.03,3249394,-642574,7.29,75.8,2.17,4680355,-642574
SILVER,10,5.0,D+1h+4h,0.2@0.4,10,False,6.75,74.1,2.54,1320210,-149003,7.67,78.3,2.39,3805538,-642574,7.14,76.0,2.42,5125748,-642574
SILVER,10,5.0,D+1h+4h,0.2@0.4,10,True,6.75,74.1,2.54,1320210,-149003,7.67,78.3,2.39,3805538,-642574,7.14,76.0,2.42,5125748,-642574
SILVER,10,5.0,D+1h+4h,0.25@0.5,0,False,3.58,65.1,1.69,417943,-211657,4.33,66.7,1.04,96860,-983377,3.9,65.9,1.16,514803,-983377
SILVER,10,5.0,D+1h+4h,0.25@0.5,0,True,3.58,65.1,1.69,417943,-211657,4.33,66.7,1.04,96860,-983377,3.9,65.9,1.16,514803,-983377
SILVER,10,5.0,D+1h+4h,0.25@0.5,5,False,6.33,71.1,2.71,1480968,-149003,7.22,70.8,1.91,3034898,-642574,6.71,70.9,2.08,4515866,-642574
SILVER,10,5.0,D+1h+4h,0.25@0.5,5,True,6.33,71.1,2.71,1480968,-149003,7.22,70.8,1.91,3034898,-642574,6.71,70.9,2.08,4515866,-642574
SILVER,10,5.0,D+1h+4h,0.25@0.5,10,False,6.33,69.7,2.61,1413920,-149003,7.0,69.8,1.87,2902339,-642574,6.62,69.8,2.02,4316259,-642574
SILVER,10,5.0,D+1h+4h,0.25@0.5,10,True,6.33,69.7,2.61,1413920,-149003,7.0,69.8,1.87,2902339,-642574,6.62,69.8,2.02,4316259,-642574
SILVER,10,5.0,1h,0.1@0.3,0,False,10.42,72.0,2.27,1308610,-243310,9.78,77.3,2.8,5133678,-642574,10.14,74.2,2.66,6442288,-642574
SILVER,10,5.0,1h,0.1@0.3,0,True,10.42,72.0,2.27,1308610,-243310,9.78,77.3,2.8,5133678,-642574,10.14,74.2,2.66,6442288,-642574
SILVER,10,5.0,1h,0.1@0.3,5,False,19.0,71.9,1.7,1495080,-311761,18.11,69.9,1.43,3165385,-1164349,18.62,71.1,1.49,4660465,-1164349
SILVER,10,5.0,1h,0.1@0.3,5,True,19.0,71.9,1.7,1495080,-311761,18.11,69.9,1.43,3165385,-1164349,18.62,71.1,1.49,4660465,-1164349
SILVER,10,5.0,1h,0.1@0.3,10,False,19.08,70.3,1.59,1273495,-334105,17.89,70.8,1.61,4015993,-1047268,18.57,70.5,1.6,5289488,-1047268
SILVER,10,5.0,1h,0.1@0.3,10,True,19.08,70.3,1.59,1273495,-334105,17.89,70.8,1.61,4015993,-1047268,18.57,70.5,1.6,5289488,-1047268
SILVER,10,5.0,1h,0.15@0.3,0,False,10.42,75.2,2.12,1132382,-236301,9.78,77.3,2.89,5375528,-642574,10.14,76.1,2.69,6507910,-642574
SILVER,10,5.0,1h,0.15@0.3,0,True,10.42,75.2,2.12,1132382,-236301,9.78,77.3,2.89,5375528,-642574,10.14,76.1,2.69,6507910,-642574
SILVER,10,5.0,1h,0.15@0.3,5,False,20.75,75.1,1.59,1385285,-383440,20.56,72.4,1.37,2870578,-1007778,20.67,74.0,1.42,4255863,-1007778
SILVER,10,5.0,1h,0.15@0.3,5,True,20.75,75.1,1.59,1385285,-383440,20.56,72.4,1.37,2870578,-1007778,20.67,74.0,1.42,4255863,-1007778
SILVER,10,5.0,1h,0.15@0.3,10,False,21.0,74.6,1.45,1094178,-394007,20.33,74.3,1.61,4124570,-1011951,20.71,74.5,1.56,5218748,-1011951
SILVER,10,5.0,1h,0.15@0.3,10,True,21.0,74.6,1.45,1094178,-394007,20.33,74.3,1.61,4124570,-1011951,20.71,74.5,1.56,5218748,-1011951
SILVER,10,5.0,1h,0.2@0.4,0,False,10.42,67.2,1.53,726320,-286425,9.78,73.9,2.55,5323729,-642574,10.14,70.0,2.26,6050049,-642574
SILVER,10,5.0,1h,0.2@0.4,0,True,10.42,67.2,1.53,726320,-286425,9.78,73.9,2.55,5323729,-642574,10.14,70.0,2.26,6050049,-642574
SILVER,10,5.0,1h,0.2@0.4,5,False,19.42,70.8,1.44,1163249,-289791,17.11,69.5,1.73,4989483,-708630,18.43,70.3,1.65,6152733,-708630
SILVER,10,5.0,1h,0.2@0.4,5,True,19.42,70.8,1.44,1163249,-289791,17.11,69.5,1.73,4989483,-708630,18.43,70.3,1.65,6152733,-708630
SILVER,10,5.0,1h,0.2@0.4,10,False,19.17,69.1,1.37,987144,-289791,16.67,70.7,1.95,5925242,-697941,18.1,69.7,1.77,6912385,-697941
SILVER,10,5.0,1h,0.2@0.4,10,True,19.17,69.1,1.37,987144,-289791,16.67,70.7,1.95,5925242,-697941,18.1,69.7,1.77,6912385,-697941
SILVER,10,5.0,1h,0.25@0.5,0,False,10.42,67.2,1.64,897402,-262673,9.78,71.6,2.18,4542401,-794437,10.14,69.0,2.04,5439803,-794437
SILVER,10,5.0,1h,0.25@0.5,0,True,10.42,67.2,1.64,897402,-262673,9.78,71.6,2.18,4542401,-794437,10.14,69.0,2.04,5439803,-794437
SILVER,10,5.0,1h,0.25@0.5,5,False,17.92,66.5,1.5,1323421,-289791,15.56,66.4,1.72,4985753,-721733,16.9,66.5,1.66,6309174,-721733
SILVER,10,5.0,1h,0.25@0.5,5,True,17.92,66.5,1.5,1323421,-289791,15.56,66.4,1.72,4985753,-721733,16.9,66.5,1.66,6309174,-721733
SILVER,10,5.0,1h,0.25@0.5,10,False,17.58,66.8,1.53,1350537,-289791,15.22,66.4,1.77,5252377,-721733,16.57,66.7,1.71,6602914,-721733
SILVER,10,5.0,1h,0.25@0.5,10,True,17.58,66.8,1.53,1350537,-289791,15.22,66.4,1.77,5252377,-721733,16.57,66.7,1.71,6602914,-721733
SILVER,10,5.0,1h+4h,0.1@0.3,0,False,5.92,71.8,2.71,996693,-329402,5.56,80.0,1.95,1896756,-642574,5.76,75.2,2.12,2893450,-642574
SILVER,10,5.0,1h+4h,0.1@0.3,0,True,5.92,71.8,2.71,996693,-329402,5.56,80.0,1.95,1896756,-642574,5.76,75.2,2.12,2893450,-642574
SILVER,10,5.0,1h+4h,0.1@0.3,5,False,10.67,75.0,2.46,1508315,-305228,11.56,75.0,1.8,3574579,-746017,11.05,75.0,1.92,5082894,-746017
SILVER,10,5.0,1h+4h,0.1@0.3,5,True,10.67,75.0,2.46,1508315,-305228,11.56,75.0,1.8,3574579,-746017,11.05,75.0,1.92,5082894,-746017
SILVER,10,5.0,1h+4h,0.1@0.3,10,False,10.83,73.8,2.22,1324345,-314754,11.11,77.0,2.14,4291279,-642574,10.95,75.2,2.16,5615625,-642574
SILVER,10,5.0,1h+4h,0.1@0.3,10,True,10.83,73.8,2.22,1324345,-314754,11.11,77.0,2.14,4291279,-642574,10.95,75.2,2.16,5615625,-642574
SILVER,10,5.0,1h+4h,0.15@0.3,0,False,5.92,74.6,2.4,792300,-318930,5.56,80.0,2.07,2134306,-642574,5.76,76.9,2.14,2926606,-642574
SILVER,10,5.0,1h+4h,0.15@0.3,0,True,5.92,74.6,2.4,792300,-318930,5.56,80.0,2.07,2134306,-642574,5.76,76.9,2.14,2926606,-642574
SILVER,10,5.0,1h+4h,0.15@0.3,5,False,11.25,77.8,2.47,1581437,-258293,12.78,78.3,1.83,3655400,-655098,11.9,78.0,1.95,5236837,-655098
SILVER,10,5.0,1h+4h,0.15@0.3,5,True,11.25,77.8,2.47,1581437,-258293,12.78,78.3,1.83,3655400,-655098,11.9,78.0,1.95,5236837,-655098
SILVER,10,5.0,1h+4h,0.15@0.3,10,False,11.67,77.1,2.08,1300092,-247426,12.56,80.5,2.24,4586371,-642574,12.05,78.7,2.2,5886463,-642574
SILVER,10,5.0,1h+4h,0.15@0.3,10,True,11.67,77.1,2.08,1300092,-247426,12.56,80.5,2.24,4586371,-642574,12.05,78.7,2.2,5886463,-642574
SILVER,10,5.0,1h+4h,0.2@0.4,0,False,5.92,66.2,1.48,405745,-293184,5.56,76.0,1.59,1464268,-642574,5.76,70.2,1.56,1870012,-642574
SILVER,10,5.0,1h+4h,0.2@0.4,0,True,5.92,66.2,1.48,405745,-293184,5.56,76.0,1.59,1464268,-642574,5.76,70.2,1.56,1870012,-642574
SILVER,10,5.0,1h+4h,0.2@0.4,5,False,11.0,71.2,1.86,1230451,-251916,10.33,75.3,2.27,5062130,-642574,10.71,72.9,2.16,6292582,-642574
SILVER,10,5.0,1h+4h,0.2@0.4,5,True,11.0,71.2,1.86,1230451,-251916,10.33,75.3,2.27,5062130,-642574,10.71,72.9,2.16,6292582,-642574
SILVER,10,5.0,1h+4h,0.2@0.4,10,False,11.0,71.2,1.83,1164032,-251916,10.11,76.9,2.57,5627358,-642574,10.62,73.5,2.36,6791390,-642574
SILVER,10,5.0,1h+4h,0.2@0.4,10,True,11.0,71.2,1.83,1164032,-251916,10.11,76.9,2.57,5627358,-642574,10.62,73.5,2.36,6791390,-642574
SILVER,10,5.0,1h+4h,0.25@0.5,0,False,5.92,64.8,1.51,446981,-274399,5.56,70.0,1.21,615505,-1036939,5.76,66.9,1.28,1062485,-1036939
SILVER,10,5.0,1h+4h,0.25@0.5,0,True,5.92,64.8,1.51,446981,-274399,5.56,70.0,1.21,615505,-1036939,5.76,66.9,1.28,1062485,-1036939
SILVER,10,5.0,1h+4h,0.25@0.5,5,False,10.17,67.2,1.86,1298150,-248746,9.0,71.6,2.27,5058010,-642574,9.67,69.0,2.16,6356160,-642574
SILVER,10,5.0,1h+4h,0.25@0.5,5,True,10.17,67.2,1.86,1298150,-248746,9.0,71.6,2.27,5058010,-642574,9.67,69.0,2.16,6356160,-642574
SILVER,10,5.0,1h+4h,0.25@0.5,10,False,10.0,68.3,1.93,1314000,-248746,8.78,70.9,2.23,4925450,-642574,9.48,69.3,2.15,6239451,-642574
SILVER,10,5.0,1h+4h,0.25@0.5,10,True,10.0,68.3,1.93,1314000,-248746,8.78,70.9,2.23,4925450,-642574,9.48,69.3,2.15,6239451,-642574
SILVER,10,6.0,D,0.1@0.3,0,False,8.0,77.1,2.84,1705764,-393771,9.33,72.6,1.18,739041,-1602967,8.57,75.0,1.48,2444805,-1602967
SILVER,10,6.0,D,0.1@0.3,0,True,8.0,53.1,2.99,1172372,-179000,9.33,61.9,0.89,-294733,-1442465,8.57,57.2,1.27,877640,-1442465
SILVER,10,6.0,D,0.1@0.3,5,False,11.67,75.0,2.53,2200335,-393771,13.78,71.8,1.53,2873592,-1263178,12.57,73.5,1.74,5073927,-1263178
SILVER,10,6.0,D,0.1@0.3,5,True,28.67,46.5,1.79,1430980,-215821,31.67,49.8,1.12,751974,-1214679,29.95,48.0,1.27,2182954,-1214679
SILVER,10,6.0,D,0.1@0.3,10,False,11.75,75.2,2.4,2028885,-393771,14.0,72.2,1.46,2534062,-1263178,12.71,73.8,1.66,4562947,-1263178
SILVER,10,6.0,D,0.1@0.3,10,True,26.0,47.4,1.83,1373451,-279222,28.22,53.9,1.21,1118019,-1364133,26.95,50.4,1.35,2491470,-1364133
SILVER,10,6.0,D,0.15@0.3,0,False,8.0,81.2,2.91,1716400,-393771,9.33,72.6,1.12,513798,-1366697,8.57,77.2,1.44,2230199,-1366697
SILVER,10,6.0,D,0.15@0.3,0,True,8.0,56.2,3.03,1135627,-179000,9.33,61.9,0.92,-215803,-1349656,8.57,58.9,1.28,919823,-1349656
SILVER,10,6.0,D,0.2@0.4,0,False,8.0,76.0,2.83,1950935,-393771,9.33,70.2,1.37,1643877,-1069682,8.57,73.3,1.65,3594812,-1069682
SILVER,10,6.0,D,0.2@0.4,0,True,8.0,51.0,2.67,1218115,-200723,9.33,61.9,1.29,813624,-1069682,8.57,56.1,1.58,2031739,-1069682
SILVER,10,6.0,D,0.2@0.4,5,False,11.67,75.7,2.48,2279804,-393771,13.0,70.9,1.52,3087601,-1549796,12.24,73.5,1.72,5367405,-1549796
SILVER,10,6.0,D,0.2@0.4,5,True,29.17,46.6,1.61,1267741,-299548,31.0,48.4,1.07,472310,-1851944,29.95,47.4,1.19,1740051,-1851944
SILVER,10,6.0,D,0.15@0.3,5,False,12.83,77.9,2.41,2184071,-393771,15.67,71.6,1.45,2658523,-1306796,14.05,74.9,1.65,4842594,-1306796
SILVER,10,6.0,D,0.15@0.3,5,True,29.75,49.0,1.71,1367989,-255832,33.44,51.5,1.04,289810,-1254249,31.33,50.2,1.19,1657799,-1254249
SILVER,10,6.0,D,0.15@0.3,10,False,12.92,78.7,2.36,2079011,-393771,15.44,71.9,1.47,2748399,-1306796,14.0,75.5,1.66,4827410,-1306796
SILVER,10,6.0,D,0.15@0.3,10,True,27.08,50.2,1.76,1350604,-286653,29.56,55.3,1.19,1087657,-1223132,28.14,52.5,1.33,2438261,-1223132
SILVER,10,6.0,D,0.2@0.4,10,False,11.58,74.1,2.36,2156527,-393771,12.78,70.4,1.48,2865240,-1577841,12.1,72.4,1.67,5021766,-1577841
SILVER,10,6.0,D,0.2@0.4,10,True,26.25,46.0,1.56,1164709,-315918,27.11,51.6,1.15,931745,-2095589,26.62,48.5,1.25,2096455,-2095589
SILVER,10,6.0,D,0.25@0.5,0,False,8.0,68.8,2.68,2097814,-393771,9.33,63.1,1.33,1724886,-1570015,8.57,66.1,1.59,3822699,-1570015
SILVER,10,6.0,D,0.25@0.5,0,True,8.0,45.8,2.67,1419426,-255489,9.33,57.1,0.95,-164722,-1438404,8.57,51.1,1.31,1254704,-1438404
SILVER,10,6.0,D,0.25@0.5,5,False,10.92,71.0,2.37,2235659,-408749,12.33,65.8,1.44,2768133,-1355001,11.52,68.6,1.63,5003792,-1355001
SILVER,10,6.0,D,0.25@0.5,5,True,28.25,44.0,1.64,1339926,-223357,30.89,47.1,1.04,263799,-1803724,29.38,45.4,1.17,1603725,-1803724
SILVER,10,6.0,D,0.25@0.5,10,False,10.58,70.1,2.38,2250536,-408749,12.44,63.4,1.24,1721451,-2155382,11.38,66.9,1.46,3971986,-2155382
SILVER,10,6.0,D,0.25@0.5,10,True,25.0,43.3,1.7,1380036,-268644,27.33,49.6,0.96,-309868,-2535160,26.0,46.2,1.12,1070169,-2535160
SILVER,10,6.0,D+1h,0.1@0.3,0,False,4.25,78.4,4.89,1362072,-179000,5.0,73.3,0.83,-412339,-1375222,4.57,76.0,1.34,949733,-1375222
SILVER,10,6.0,D+1h,0.1@0.3,0,True,4.25,78.4,4.89,1362072,-179000,5.0,73.3,0.83,-412339,-1375222,4.57,76.0,1.34,949733,-1375222
SILVER,10,6.0,D+1h,0.1@0.3,5,False,8.0,77.1,3.72,1973748,-179000,9.67,71.3,1.21,929741,-1163275,8.71,74.3,1.55,2903488,-1163275
SILVER,10,6.0,D+1h,0.1@0.3,5,True,8.0,77.1,3.72,1973748,-179000,9.67,71.3,1.21,929741,-1163275,8.71,74.3,1.55,2903488,-1163275
SILVER,10,6.0,D+1h,0.1@0.3,10,False,8.25,75.8,3.56,1839189,-195551,9.78,72.7,1.25,1047920,-1341538,8.9,74.3,1.59,2887109,-1341538
SILVER,10,6.0,D+1h,0.1@0.3,10,True,8.25,75.8,3.56,1839189,-195551,9.78,72.7,1.25,1047920,-1341538,8.9,74.3,1.59,2887109,-1341538
SILVER,10,6.0,D+1h,0.15@0.3,0,False,4.25,84.3,5.14,1325326,-179000,5.0,73.3,0.86,-345469,-1282413,4.57,79.2,1.35,979857,-1282413
SILVER,10,6.0,D+1h,0.15@0.3,0,True,4.25,84.3,5.14,1325326,-179000,5.0,73.3,0.86,-345469,-1282413,4.57,79.2,1.35,979857,-1282413
SILVER,10,6.0,D+1h,0.15@0.3,5,False,9.08,80.7,3.27,1906606,-181936,10.78,72.2,1.22,1071323,-1021939,9.81,76.7,1.53,2977929,-1021939
SILVER,10,6.0,D+1h,0.15@0.3,5,True,9.08,80.7,3.27,1906606,-181936,10.78,72.2,1.22,1071323,-1021939,9.81,76.7,1.53,2977929,-1021939
SILVER,10,6.0,D+1h,0.15@0.3,10,False,9.33,80.4,3.19,1813659,-195861,10.44,73.4,1.38,1618908,-1019631,9.81,77.2,1.68,3432567,-1019631
SILVER,10,6.0,D+1h,0.15@0.3,10,True,9.33,80.4,3.19,1813659,-195861,10.44,73.4,1.38,1618908,-1019631,9.81,77.2,1.68,3432567,-1019631
SILVER,10,6.0,D+1h,0.2@0.4,10,False,8.5,73.5,2.57,1678943,-201199,8.56,67.5,1.18,886840,-2042484,8.52,70.9,1.42,2565783,-2042484
SILVER,10,6.0,D+1h,0.2@0.4,10,True,8.5,73.5,2.57,1678943,-201199,8.56,67.5,1.18,886840,-2042484,8.52,70.9,1.42,2565783,-2042484
SILVER,10,6.0,D+1h,0.25@0.5,0,False,4.25,64.7,3.63,1609126,-201817,5.0,66.7,0.91,-267050,-1364614,4.57,65.6,1.37,1342076,-1364614
SILVER,10,6.0,D+1h,0.25@0.5,0,True,4.25,64.7,3.63,1609126,-201817,5.0,66.7,0.91,-267050,-1364614,4.57,65.6,1.37,1342076,-1364614
SILVER,10,6.0,D+1h,0.2@0.4,0,False,4.25,74.5,3.88,1407814,-200723,5.0,73.3,1.27,682961,-1069682,4.57,74.0,1.7,2090775,-1069682
SILVER,10,6.0,D+1h,0.2@0.4,0,True,4.25,74.5,3.88,1407814,-200723,5.0,73.3,1.27,682961,-1069682,4.57,74.0,1.7,2090775,-1069682
SILVER,10,6.0,D+1h,0.2@0.4,5,False,8.5,75.5,2.71,1770679,-200723,8.89,67.5,1.12,675270,-1770030,8.67,72.0,1.38,2445950,-1770030
SILVER,10,6.0,D+1h,0.2@0.4,5,True,8.5,75.5,2.71,1770679,-200723,8.89,67.5,1.12,675270,-1770030,8.67,72.0,1.38,2445950,-1770030
SILVER,10,6.0,D+1h,0.25@0.5,5,False,7.92,70.5,2.65,1793171,-200723,8.78,63.3,1.05,263073,-1887475,8.29,67.2,1.31,2056244,-1887475
SILVER,10,6.0,D+1h,0.25@0.5,5,True,7.92,70.5,2.65,1793171,-200723,8.78,63.3,1.05,263073,-1887475,8.29,67.2,1.31,2056244,-1887475
SILVER,10,6.0,D+1h,0.25@0.5,10,False,7.42,68.5,2.71,1816268,-200723,8.78,60.8,0.91,-558459,-2647720,8.0,64.9,1.18,1257808,-2647720
SILVER,10,6.0,D+1h,0.25@0.5,10,True,7.42,68.5,2.71,1816268,-200723,8.78,60.8,0.91,-558459,-2647720,8.0,64.9,1.18,1257808,-2647720
SILVER,10,6.0,D+4h,0.1@0.3,0,False,4.08,77.6,2.88,1157733,-427642,6.33,77.2,1.23,571010,-1242052,5.05,77.4,1.55,1728743,-1242052
SILVER,10,6.0,D+4h,0.1@0.3,0,True,4.08,57.1,2.81,735459,-197067,6.33,64.9,0.68,-640433,-1120125,5.05,61.3,1.04,95026,-1120125
SILVER,10,6.0,D+4h,0.1@0.3,5,False,6.25,76.0,2.54,1511698,-252413,10.0,76.7,1.99,3164640,-857544,7.86,76.4,2.12,4676339,-857544
SILVER,10,6.0,D+4h,0.1@0.3,5,True,12.67,52.0,2.2,1179269,-179000,21.22,54.5,1.27,1153924,-857544,16.33,53.4,1.44,2333192,-857544
SILVER,10,6.0,D+4h,0.1@0.3,10,False,6.42,74.0,2.34,1358879,-252413,10.0,77.8,1.97,3002632,-857544,7.95,76.0,2.06,4361512,-857544
SILVER,10,6.0,D+4h,0.1@0.3,10,True,11.25,52.6,2.26,1110809,-179000,18.67,59.5,1.48,1665143,-857544,14.43,56.4,1.64,2775952,-857544
SILVER,10,6.0,D+4h,0.15@0.3,0,False,4.08,81.6,2.83,1096700,-427642,6.33,77.2,1.19,478784,-1094904,5.05,79.2,1.51,1575485,-1094904
SILVER,10,6.0,D+4h,0.15@0.3,0,True,4.08,59.2,2.69,660716,-186586,6.33,64.9,0.81,-382760,-1094904,5.05,62.3,1.12,277956,-1094904
SILVER,10,6.0,D+4h,0.2@0.4,0,False,4.08,75.5,2.59,1080206,-453136,6.33,70.2,1.47,1360600,-1069682,5.05,72.6,1.68,2440806,-1069682
SILVER,10,6.0,D+4h,0.2@0.4,0,True,4.08,53.1,2.06,498200,-212080,6.33,63.2,1.22,487808,-1069682,5.05,58.5,1.37,986009,-1069682
SILVER,10,6.0,D+4h,0.2@0.4,5,False,5.75,76.8,3.0,1787321,-252413,9.22,71.1,1.65,2735840,-1549796,7.24,73.7,1.89,4523161,-1549796
SILVER,10,6.0,D+4h,0.2@0.4,5,True,12.5,50.0,2.1,1196112,-200723,20.22,51.6,1.18,925977,-1549796,15.81,50.9,1.34,2122089,-1549796
SILVER,10,6.0,D+4h,0.15@0.3,5,False,6.75,77.8,2.41,1506477,-252413,11.22,76.2,1.93,3193830,-857544,8.67,76.9,2.04,4700307,-857544
SILVER,10,6.0,D+4h,0.15@0.3,5,True,13.17,54.4,2.1,1177865,-179000,22.22,56.0,1.24,1069213,-857544,17.05,55.3,1.41,2247077,-857544
SILVER,10,6.0,D+4h,0.15@0.3,10,False,6.92,77.1,2.26,1381835,-252413,11.0,76.8,1.99,3289443,-857544,8.67,76.9,2.05,4671278,-857544
SILVER,10,6.0,D+4h,0.15@0.3,10,True,11.75,56.0,2.19,1149929,-179000,19.44,60.6,1.52,1840448,-857544,15.05,58.5,1.66,2990377,-857544
SILVER,10,6.0,D+4h,0.2@0.4,10,False,5.83,74.3,2.77,1675033,-252413,9.11,69.5,1.55,2382451,-1577841,7.24,71.7,1.77,4057484,-1577841
SILVER,10,6.0,D+4h,0.2@0.4,10,True,11.0,49.2,2.0,1096068,-200723,17.44,55.4,1.31,1353065,-1577841,13.76,52.6,1.44,2449132,-1577841
SILVER,10,6.0,D+4h,0.25@0.5,0,False,4.08,69.4,2.71,1309992,-453136,6.33,61.4,1.46,1634012,-1198983,5.05,65.1,1.69,2944005,-1198983
SILVER,10,6.0,D+4h,0.25@0.5,0,True,4.08,49.0,2.47,769375,-212080,6.33,56.1,0.86,-365961,-1241567,5.05,52.8,1.13,403414,-1241567
SILVER,10,6.0,D+1h+4h,0.1@0.3,0,False,2.5,80.0,4.02,855900,-179000,3.67,75.8,0.62,-696230,-1120125,3.0,77.8,1.08,159670,-1120125
SILVER,10,6.0,D+1h+4h,0.1@0.3,0,True,2.5,80.0,4.02,855900,-179000,3.67,75.8,0.62,-696230,-1120125,3.0,77.8,1.08,159670,-1120125
SILVER,10,6.0,D+1h+4h,0.1@0.3,5,False,5.0,80.0,3.69,1414124,-179000,7.78,75.7,1.44,1360687,-857544,6.19,77.7,1.77,2774811,-857544
SILVER,10,6.0,D+1h+4h,0.1@0.3,5,True,5.0,80.0,3.69,1414124,-179000,7.78,75.7,1.44,1360687,-857544,6.19,77.7,1.77,2774811,-857544
SILVER,10,6.0,D+1h+4h,0.1@0.3,10,False,5.25,76.2,3.49,1292458,-179000,7.67,78.3,1.65,1656388,-857544,6.29,77.3,1.97,2948846,-857544
SILVER,10,6.0,D+1h+4h,0.1@0.3,10,True,5.25,76.2,3.49,1292458,-179000,7.67,78.3,1.65,1656388,-857544,6.29,77.3,1.97,2948846,-857544
SILVER,10,6.0,D+1h+4h,0.15@0.3,0,False,2.5,83.3,3.92,781157,-179000,3.67,75.8,0.75,-450617,-1094904,3.0,79.4,1.16,330540,-1094904
SILVER,10,6.0,D+1h+4h,0.15@0.3,0,True,2.5,83.3,3.92,781157,-179000,3.67,75.8,0.75,-450617,-1094904,3.0,79.4,1.16,330540,-1094904
SILVER,10,6.0,D+4h,0.25@0.5,5,False,5.83,70.0,2.61,1697553,-252413,8.67,65.4,1.59,2644081,-1215622,7.05,67.6,1.79,4341634,-1215622
SILVER,10,6.0,D+4h,0.25@0.5,5,True,12.58,47.7,1.96,1161077,-200723,20.0,50.0,1.18,900534,-1273968,15.76,48.9,1.33,2061611,-1273968
SILVER,10,6.0,D+4h,0.25@0.5,10,False,5.67,67.6,2.56,1681838,-252413,8.67,62.8,1.36,1809014,-1975868,6.95,65.1,1.57,3490852,-1975868
SILVER,10,6.0,D+4h,0.25@0.5,10,True,10.67,46.1,2.03,1182621,-200723,17.44,52.9,1.1,506136,-2034213,13.57,49.8,1.27,1688757,-2034213
SILVER,10,6.0,D+1h+4h,0.15@0.3,5,False,5.5,81.8,3.29,1408091,-179000,8.22,75.7,1.53,1692934,-857544,6.67,78.6,1.81,3101025,-857544
SILVER,10,6.0,D+1h+4h,0.15@0.3,5,True,5.5,81.8,3.29,1408091,-179000,8.22,75.7,1.53,1692934,-857544,6.67,78.6,1.81,3101025,-857544
SILVER,10,6.0,D+1h+4h,0.15@0.3,10,False,5.75,81.2,3.21,1328416,-179000,7.89,77.5,1.85,2246256,-857544,6.67,79.3,2.1,3574672,-857544
SILVER,10,6.0,D+1h+4h,0.15@0.3,10,True,5.75,81.2,3.21,1328416,-179000,7.89,77.5,1.85,2246256,-857544,6.67,79.3,2.1,3574672,-857544
SILVER,10,6.0,D+1h+4h,0.2@0.4,10,False,5.0,76.7,3.04,1353978,-200723,6.33,70.2,1.39,1376659,-1577841,5.57,73.5,1.66,2730637,-1577841
SILVER,10,6.0,D+1h+4h,0.2@0.4,10,True,5.0,76.7,3.04,1353978,-200723,6.33,70.2,1.39,1376659,-1577841,5.57,73.5,1.66,2730637,-1577841
SILVER,10,6.0,D+1h+4h,0.25@0.5,0,False,2.5,66.7,3.23,889816,-200723,3.67,63.6,0.84,-406480,-1198617,3.0,65.1,1.17,483336,-1198617
SILVER,10,6.0,D+1h+4h,0.25@0.5,0,True,2.5,66.7,3.23,889816,-200723,3.67,63.6,0.84,-406480,-1198617,3.0,65.1,1.17,483336,-1198617
SILVER,10,6.0,D+1h+4h,0.2@0.4,0,False,2.5,73.3,2.78,618641,-200723,3.67,72.7,1.21,418953,-1069682,3.0,73.0,1.44,1037595,-1069682
SILVER,10,6.0,D+1h+4h,0.2@0.4,0,True,2.5,73.3,2.78,618641,-200723,3.67,72.7,1.21,418953,-1069682,3.0,73.0,1.44,1037595,-1069682
SILVER,10,6.0,D+1h+4h,0.2@0.4,5,False,4.92,78.0,3.2,1423692,-200723,6.67,70.0,1.3,1165090,-1549796,5.67,73.9,1.57,2588782,-1549796
SILVER,10,6.0,D+1h+4h,0.2@0.4,5,True,4.92,78.0,3.2,1423692,-200723,6.67,70.0,1.3,1165090,-1549796,5.67,73.9,1.57,2588782,-1549796
SILVER,10,6.0,D+1h+4h,0.25@0.5,5,False,5.0,71.7,2.82,1390164,-200723,6.44,67.2,1.29,1121740,-1215622,5.62,69.5,1.54,2511905,-1215622
SILVER,10,6.0,D+1h+4h,0.25@0.5,5,True,5.0,71.7,2.82,1390164,-200723,6.44,67.2,1.29,1121740,-1215622,5.62,69.5,1.54,2511905,-1215622
SILVER,10,6.0,D+1h+4h,0.25@0.5,10,False,4.58,70.9,3.0,1440454,-200723,6.33,64.9,1.12,511824,-1975868,5.33,67.9,1.39,1952278,-1975868
SILVER,10,6.0,D+1h+4h,0.25@0.5,10,True,4.58,70.9,3.0,1440454,-200723,6.33,64.9,1.12,511824,-1975868,5.33,67.9,1.39,1952278,-1975868
SILVER,10,6.0,1h,0.1@0.3,0,False,7.17,76.7,2.9,1320516,-252340,7.67,79.7,1.05,134053,-1120125,7.38,78.1,1.43,1454569,-1120125
SILVER,10,6.0,1h,0.1@0.3,0,True,7.17,76.7,2.9,1320516,-252340,7.67,79.7,1.05,134053,-1120125,7.38,78.1,1.43,1454569,-1120125
SILVER,10,6.0,1h,0.1@0.3,5,False,14.67,77.3,1.87,1540407,-320335,15.56,72.1,1.46,3163060,-1221976,15.05,75.0,1.54,4703467,-1221976
SILVER,10,6.0,1h,0.1@0.3,5,True,14.67,77.3,1.87,1540407,-320335,15.56,72.1,1.46,3163060,-1221976,15.05,75.0,1.54,4703467,-1221976
SILVER,10,6.0,1h,0.1@0.3,10,False,14.25,74.9,1.74,1331176,-320335,15.22,73.7,1.41,2516274,-1030127,14.67,74.4,1.48,3847450,-1030127
SILVER,10,6.0,1h,0.1@0.3,10,True,14.25,74.9,1.74,1331176,-320335,15.22,73.7,1.41,2516274,-1030127,14.67,74.4,1.48,3847450,-1030127
SILVER,10,6.0,1h,0.15@0.3,0,False,7.17,81.4,3.02,1344257,-249569,7.67,79.7,1.12,324626,-1094904,7.38,80.6,1.49,1668883,-1094904
SILVER,10,6.0,1h,0.15@0.3,0,True,7.17,81.4,3.02,1344257,-249569,7.67,79.7,1.12,324626,-1094904,7.38,80.6,1.49,1668883,-1094904
SILVER,10,6.0,1h,0.15@0.3,5,False,16.42,79.7,1.67,1371771,-320335,16.78,73.5,1.5,3560481,-1057308,16.57,77.0,1.53,4932253,-1057308
SILVER,10,6.0,1h,0.15@0.3,5,True,16.42,79.7,1.67,1371771,-320335,16.78,73.5,1.5,3560481,-1057308,16.57,77.0,1.53,4932253,-1057308
SILVER,10,6.0,1h,0.15@0.3,10,False,16.08,78.8,1.61,1244279,-320335,16.11,75.2,1.59,3552486,-1008087,16.1,77.2,1.59,4796764,-1008087
SILVER,10,6.0,1h,0.15@0.3,10,True,16.08,78.8,1.61,1244279,-320335,16.11,75.2,1.59,3552486,-1008087,16.1,77.2,1.59,4796764,-1008087
SILVER,10,6.0,1h,0.2@0.4,0,False,7.17,74.4,2.75,1509451,-200723,7.67,78.3,1.55,1586206,-1069682,7.38,76.1,1.83,3095658,-1069682
SILVER,10,6.0,1h,0.2@0.4,0,True,7.17,74.4,2.75,1509451,-200723,7.67,78.3,1.55,1586206,-1069682,7.38,76.1,1.83,3095658,-1069682
SILVER,10,6.0,1h,0.2@0.4,5,False,14.83,74.2,1.78,1593046,-320335,14.33,69.0,1.47,3568643,-1783141,14.62,72.0,1.53,5161689,-1783141
SILVER,10,6.0,1h,0.2@0.4,5,True,14.83,74.2,1.78,1593046,-320335,14.33,69.0,1.47,3568643,-1783141,14.62,72.0,1.53,5161689,-1783141
SILVER,10,6.0,1h,0.2@0.4,10,False,14.5,73.0,1.56,1282513,-320335,13.78,68.5,1.38,2758156,-1654270,14.19,71.1,1.43,4040670,-1654270
SILVER,10,6.0,1h,0.2@0.4,10,True,14.5,73.0,1.56,1282513,-320335,13.78,68.5,1.38,2758156,-1654270,14.19,71.1,1.43,4040670,-1654270
SILVER,10,6.0,1h,0.25@0.5,0,False,7.17,64.0,2.54,1640461,-222941,7.67,68.1,1.07,269987,-1198617,7.38,65.8,1.4,1910449,-1198617
SILVER,10,6.0,1h,0.25@0.5,0,True,7.17,64.0,2.54,1640461,-222941,7.67,68.1,1.07,269987,-1198617,7.38,65.8,1.4,1910449,-1198617
SILVER,10,6.0,1h+4h,0.1@0.3,0,False,4.0,75.0,2.64,858499,-324715,4.56,80.5,0.74,-483384,-1120125,4.24,77.5,1.16,375116,-1120125
SILVER,10,6.0,1h+4h,0.1@0.3,0,True,4.0,75.0,2.64,858499,-324715,4.56,80.5,0.74,-483384,-1120125,4.24,77.5,1.16,375116,-1120125
SILVER,10,6.0,1h+4h,0.1@0.3,5,False,8.0,76.0,2.15,1204180,-266995,9.78,76.1,1.77,2918079,-927820,8.76,76.1,1.85,4122259,-927820
SILVER,10,6.0,1h+4h,0.1@0.3,5,True,8.0,76.0,2.15,1204180,-266995,9.78,76.1,1.77,2918079,-927820,8.76,76.1,1.85,4122259,-927820
SILVER,10,6.0,1h,0.25@0.5,5,False,13.83,66.9,1.69,1509466,-320335,13.67,62.6,1.4,3174456,-1532916,13.76,65.1,1.47,4683922,-1532916
SILVER,10,6.0,1h,0.25@0.5,5,True,13.83,66.9,1.69,1509466,-320335,13.67,62.6,1.4,3174456,-1532916,13.76,65.1,1.47,4683922,-1532916
SILVER,10,6.0,1h,0.25@0.5,10,False,13.25,66.0,1.57,1346950,-320335,13.67,61.0,1.14,1137619,-2342937,13.43,63.8,1.23,2484569,-2342937
SILVER,10,6.0,1h,0.25@0.5,10,True,13.25,66.0,1.57,1346950,-320335,13.67,61.0,1.14,1137619,-2342937,13.43,63.8,1.23,2484569,-2342937
SILVER,10,6.0,1h+4h,0.1@0.3,10,False,8.0,74.0,2.09,1112295,-270144,9.67,78.2,2.0,3213780,-928561,8.71,76.0,2.02,4326075,-928561
SILVER,10,6.0,1h+4h,0.1@0.3,10,True,8.0,74.0,2.09,1112295,-270144,9.67,78.2,2.0,3213780,-928561,8.71,76.0,2.02,4326075,-928561
SILVER,10,6.0,1h+4h,0.15@0.3,0,False,4.0,79.2,2.59,806404,-322191,4.56,80.5,0.9,-182998,-1094904,4.24,79.8,1.27,623406,-1094904
SILVER,10,6.0,1h+4h,0.15@0.3,0,True,4.0,79.2,2.59,806404,-322191,4.56,80.5,0.9,-182998,-1094904,4.24,79.8,1.27,623406,-1094904
SILVER,10,6.0,1h+4h,0.15@0.3,5,False,8.75,78.1,2.01,1184620,-258202,10.33,76.3,1.86,3340443,-857544,9.43,77.3,1.89,4525063,-857544
SILVER,10,6.0,1h+4h,0.15@0.3,5,True,8.75,78.1,2.01,1184620,-258202,10.33,76.3,1.86,3340443,-857544,9.43,77.3,1.89,4525063,-857544
SILVER,10,6.0,1h+4h,0.15@0.3,10,False,8.67,78.8,2.05,1159785,-258202,10.0,77.8,2.17,3893765,-857544,9.24,78.4,2.14,5053550,-857544
SILVER,10,6.0,1h+4h,0.15@0.3,10,True,8.67,78.8,2.05,1159785,-258202,10.0,77.8,2.17,3893765,-857544,9.24,78.4,2.14,5053550,-857544
SILVER,10,6.0,1h+4h,0.2@0.4,0,False,4.0,72.9,2.16,683447,-347685,4.56,78.0,1.5,999428,-1069682,4.24,75.3,1.65,1682875,-1069682
SILVER,10,6.0,1h+4h,0.2@0.4,0,True,4.0,72.9,2.16,683447,-347685,4.56,78.0,1.5,999428,-1069682,4.24,75.3,1.65,1682875,-1069682
SILVER,10,6.0,1h+4h,0.2@0.4,5,False,8.17,71.4,1.87,1147469,-248359,8.33,72.0,1.7,3159585,-1693196,8.24,71.7,1.74,4307054,-1693196
SILVER,10,6.0,1h+4h,0.2@0.4,5,True,8.17,71.4,1.87,1147469,-248359,8.33,72.0,1.7,3159585,-1693196,8.24,71.7,1.74,4307054,-1693196
SILVER,10,6.0,1h+4h,0.2@0.4,10,False,8.0,72.9,1.9,1132282,-249568,8.0,72.2,1.83,3371154,-1965650,8.0,72.6,1.84,4503436,-1965650
SILVER,10,6.0,1h+4h,0.2@0.4,10,True,8.0,72.9,1.9,1132282,-249568,8.0,72.2,1.83,3371154,-1965650,8.0,72.6,1.84,4503436,-1965650
SILVER,10,6.0,1h+4h,0.25@0.5,0,False,4.0,68.8,2.57,1001268,-347685,4.56,63.4,0.96,-114667,-1259311,4.24,66.3,1.27,886601,-1259311
SILVER,10,6.0,1h+4h,0.25@0.5,0,True,4.0,68.8,2.57,1001268,-347685,4.56,63.4,0.96,-114667,-1259311,4.24,66.3,1.27,886601,-1259311
SILVER,10,6.0,1h+4h,0.25@0.5,5,False,8.08,69.1,1.93,1236641,-200723,8.0,65.3,1.6,2782290,-1786418,8.05,67.5,1.67,4018931,-1786418
SILVER,10,6.0,1h+4h,0.25@0.5,5,True,8.08,69.1,1.93,1236641,-200723,8.0,65.3,1.6,2782290,-1786418,8.05,67.5,1.67,4018931,-1786418
SILVER,10,6.0,1h+4h,0.25@0.5,10,False,7.5,70.0,2.07,1330637,-200723,7.89,63.4,1.43,2172373,-2546664,7.67,67.1,1.56,3503010,-2546664
SILVER,10,6.0,1h+4h,0.25@0.5,10,True,7.5,70.0,2.07,1330637,-200723,7.89,63.4,1.43,2172373,-2546664,7.67,67.1,1.56,3503010,-2546664
SILVER,15,4.0,D,0.1@0.3,0,False,10.25,69.9,1.96,1371454,-268639,10.56,75.8,1.24,968161,-1648279,10.38,72.5,1.42,2339615,-1648279
SILVER,15,4.0,D,0.1@0.3,0,True,10.25,52.0,2.19,1039740,-262799,10.56,63.2,2.11,2030436,-507270,10.38,56.9,2.14,3070176,-507270
SILVER,15,4.0,D,0.1@0.3,5,False,14.75,71.2,2.21,2177880,-268639,16.78,76.2,1.71,4023027,-1648279,15.62,73.5,1.83,6200907,-1648279
SILVER,15,4.0,D,0.1@0.3,5,True,30.83,47.8,1.57,1306173,-407463,31.22,54.1,1.7,3579707,-864145,31.0,50.5,1.66,4885879,-864145
SILVER,15,4.0,D,0.1@0.3,10,False,15.0,70.0,1.99,1890616,-371072,16.44,75.7,1.64,3683364,-1648279,15.62,72.6,1.73,5573979,-1648279
SILVER,15,4.0,D,0.1@0.3,10,True,27.58,49.2,1.64,1332753,-437060,27.67,57.0,1.75,3571961,-831213,27.62,52.6,1.72,4904715,-831213
SILVER,15,4.0,D,0.15@0.3,0,False,10.25,74.0,1.62,877271,-261548,10.56,75.8,1.24,982297,-1648279,10.38,74.8,1.34,1859567,-1648279
SILVER,15,4.0,D,0.15@0.3,0,True,10.25,55.3,1.77,664044,-230304,10.56,63.2,2.06,1921920,-460371,10.38,58.7,1.96,2585965,-460371
SILVER,15,4.0,D,0.2@0.4,0,False,10.25,67.5,1.39,699356,-359850,10.56,68.4,0.93,-408959,-2589214,10.38,67.9,1.04,290398,-2589214
SILVER,15,4.0,D,0.2@0.4,0,True,10.25,52.8,1.52,571616,-310840,10.56,57.9,1.07,227284,-1028288,10.38,55.0,1.19,798900,-1028288
SILVER,15,4.0,D,0.2@0.4,5,False,15.42,70.8,1.81,1813467,-325293,16.22,69.2,1.29,2254963,-2258205,15.76,70.1,1.4,4068430,-2258205
SILVER,15,4.0,D,0.2@0.4,5,True,31.08,48.8,1.49,1221808,-343169,31.33,52.5,1.33,2135695,-974594,31.19,50.4,1.38,3357503,-974594
SILVER,15,4.0,D,0.15@0.3,5,False,16.25,75.4,2.02,1976430,-291145,18.22,75.0,1.64,3877438,-1648279,17.1,75.2,1.73,5853868,-1648279
SILVER,15,4.0,D,0.15@0.3,5,True,31.83,50.5,1.47,1124015,-354232,32.67,54.8,1.66,3580438,-795110,32.19,52.4,1.6,4704453,-795110
SILVER,15,4.0,D,0.15@0.3,10,False,16.42,73.6,1.81,1671939,-326476,17.78,74.4,1.63,3829632,-1648279,17.0,73.9,1.68,5501572,-1648279
SILVER,15,4.0,D,0.15@0.3,10,True,28.75,52.2,1.51,1130479,-407284,28.89,57.7,1.79,3891881,-781597,28.81,54.5,1.71,5022360,-781597
SILVER,15,4.0,D,0.2@0.4,10,False,15.33,70.1,1.7,1589667,-325293,15.89,67.8,1.24,1884164,-2382433,15.57,69.1,1.34,3473831,-2382433
SILVER,15,4.0,D,0.2@0.4,10,True,27.83,50.3,1.53,1219912,-267201,27.56,54.8,1.35,2116606,-1098822,27.71,52.2,1.4,3336518,-1098822
SILVER,15,4.0,D,0.25@0.5,0,False,10.25,64.2,1.56,1071307,-321932,10.56,65.3,1.12,755108,-2362568,10.38,64.7,1.23,1826415,-2362568
SILVER,15,4.0,D,0.25@0.5,0,True,10.25,49.6,1.63,761992,-358128,10.56,56.8,1.09,294156,-1073359,10.38,52.8,1.23,1056147,-1073359
SILVER,15,4.0,D,0.25@0.5,5,False,14.0,66.1,1.68,1719838,-321932,14.78,65.4,1.33,2574180,-2164274,14.33,65.8,1.42,4294018,-2164274
SILVER,15,4.0,D,0.25@0.5,5,True,30.0,45.6,1.36,1021634,-532058,30.78,50.9,1.34,2124938,-880663,30.33,47.9,1.35,3146573,-880663
SILVER,15,4.0,D,0.25@0.5,10,False,13.83,65.1,1.68,1652651,-321932,14.11,63.8,1.32,2511173,-2333737,13.95,64.5,1.41,4163824,-2333737
SILVER,15,4.0,D,0.25@0.5,10,True,26.58,46.4,1.48,1167376,-381249,26.78,52.7,1.36,2144599,-1050127,26.67,49.1,1.39,3311975,-1050127
SILVER,15,4.0,D+1h,0.1@0.3,0,False,5.33,70.3,3.22,1268676,-195514,5.67,80.4,2.9,2263128,-596362,5.48,74.8,3.0,3531803,-596362
SILVER,15,4.0,D+1h,0.1@0.3,0,True,5.33,70.3,3.22,1268676,-195514,5.67,80.4,2.9,2263128,-596362,5.48,74.8,3.0,3531803,-596362
SILVER,15,4.0,D+1h,0.1@0.3,5,False,9.83,72.0,2.78,1896335,-248666,10.56,75.8,2.16,3845280,-840548,10.14,73.7,2.31,5741614,-840548
SILVER,15,4.0,D+1h,0.1@0.3,5,True,9.83,72.0,2.78,1896335,-248666,10.56,75.8,2.16,3845280,-840548,10.14,73.7,2.31,5741614,-840548
SILVER,15,4.0,D+1h,0.1@0.3,10,False,9.67,71.6,2.76,1815711,-296747,10.33,75.3,2.24,3824631,-842617,9.95,73.2,2.37,5640343,-842617
SILVER,15,4.0,D+1h,0.1@0.3,10,True,9.67,71.6,2.76,1815711,-296747,10.33,75.3,2.24,3824631,-842617,9.95,73.2,2.37,5640343,-842617
SILVER,15,4.0,D+1h,0.15@0.3,0,False,5.33,76.6,2.6,889125,-168984,5.67,80.4,2.78,2126436,-562848,5.48,78.3,2.72,3015562,-562848
SILVER,15,4.0,D+1h,0.15@0.3,0,True,5.33,76.6,2.6,889125,-168984,5.67,80.4,2.78,2126436,-562848,5.48,78.3,2.72,3015562,-562848
SILVER,15,4.0,D+1h,0.15@0.3,5,False,10.83,76.2,2.48,1710743,-216009,11.89,74.8,2.0,3589433,-707608,11.29,75.5,2.11,5300176,-707608
SILVER,15,4.0,D+1h,0.15@0.3,5,True,10.83,76.2,2.48,1710743,-216009,11.89,74.8,2.0,3589433,-707608,11.29,75.5,2.11,5300176,-707608
SILVER,15,4.0,D+1h,0.15@0.3,10,False,10.75,76.0,2.46,1632297,-262311,11.44,74.8,2.2,3894248,-705310,11.05,75.4,2.26,5526544,-705310
SILVER,15,4.0,D+1h,0.15@0.3,10,True,10.75,76.0,2.46,1632297,-262311,11.44,74.8,2.2,3894248,-705310,11.05,75.4,2.26,5526544,-705310
SILVER,15,4.0,D+1h,0.2@0.4,0,False,5.33,73.4,2.01,796937,-250700,5.67,72.5,1.19,450128,-870473,5.48,73.0,1.39,1247064,-870473
SILVER,15,4.0,D+1h,0.2@0.4,0,True,5.33,73.4,2.01,796937,-250700,5.67,72.5,1.19,450128,-870473,5.48,73.0,1.39,1247064,-870473
SILVER,15,4.0,D+1h,0.2@0.4,5,False,10.58,73.2,2.17,1633134,-257337,10.89,70.4,1.35,1752279,-1112707,10.71,72.0,1.53,3385413,-1112707
SILVER,15,4.0,D+1h,0.2@0.4,5,True,10.58,73.2,2.17,1633134,-257337,10.89,70.4,1.35,1752279,-1112707,10.71,72.0,1.53,3385413,-1112707
SILVER,15,4.0,D+1h,0.2@0.4,10,False,10.42,74.4,2.22,1582832,-229228,10.44,69.1,1.35,1720287,-1363389,10.43,72.1,1.54,3303119,-1363389
SILVER,15,4.0,D+1h,0.2@0.4,10,True,10.42,74.4,2.22,1582832,-229228,10.44,69.1,1.35,1720287,-1363389,10.43,72.1,1.54,3303119,-1363389
SILVER,15,4.0,D+1h,0.25@0.5,0,False,5.33,67.2,2.08,985886,-299945,5.67,70.6,1.19,514460,-891552,5.48,68.7,1.41,1500346,-891552
SILVER,15,4.0,D+1h,0.25@0.5,0,True,5.33,67.2,2.08,985886,-299945,5.67,70.6,1.19,514460,-891552,5.48,68.7,1.41,1500346,-891552
SILVER,15,4.0,D+1h,0.25@0.5,5,False,8.92,68.2,2.02,1592238,-446226,10.0,67.8,1.44,2082363,-892645,9.38,68.0,1.59,3674601,-892645
SILVER,15,4.0,D+1h,0.25@0.5,5,True,8.92,68.2,2.02,1592238,-446226,10.0,67.8,1.44,2082363,-892645,9.38,68.0,1.59,3674601,-892645
SILVER,15,4.0,D+1h,0.25@0.5,10,False,8.58,68.0,2.24,1670048,-267292,9.33,65.5,1.44,2089121,-1252370,8.9,66.8,1.62,3759169,-1252370
SILVER,15,4.0,D+1h,0.25@0.5,10,True,8.58,68.0,2.24,1670048,-267292,9.33,65.5,1.44,2089121,-1252370,8.9,66.8,1.62,3759169,-1252370
SILVER,15,4.0,D+4h,0.1@0.3,0,False,5.5,71.2,1.86,860818,-384087,7.33,74.2,0.9,-360239,-1753638,6.29,72.7,1.11,500578,-1753638
SILVER,15,4.0,D+4h,0.1@0.3,0,True,5.5,56.1,2.0,641884,-178606,7.33,62.1,2.04,1458917,-386731,6.29,59.1,2.03,2100801,-386731
SILVER,15,4.0,D+4h,0.1@0.3,5,False,8.17,72.4,2.24,1534752,-258364,12.0,77.8,1.7,3141921,-1648279,9.81,75.2,1.81,4676673,-1648279
SILVER,15,4.0,D+4h,0.1@0.3,5,True,14.92,53.1,1.97,1288113,-284064,21.11,56.3,2.05,3636587,-551024,17.57,54.7,2.02,4924700,-551024
SILVER,15,4.0,D+4h,0.1@0.3,10,False,8.25,71.7,2.12,1416350,-258364,11.78,75.5,1.57,2670464,-1648279,9.76,73.7,1.68,4086813,-1648279
SILVER,15,4.0,D+4h,0.1@0.3,10,True,13.17,55.1,2.11,1307280,-229237,18.78,58.6,2.11,3595895,-469976,15.57,56.9,2.11,4903175,-469976
SILVER,15,4.0,D+4h,0.15@0.3,0,False,5.5,72.7,1.4,396492,-384087,7.33,74.2,0.94,-214656,-1648279,6.29,73.5,1.04,181836,-1648279
SILVER,15,4.0,D+4h,0.15@0.3,0,True,5.5,56.1,1.35,224289,-171737,7.33,62.1,2.09,1528878,-386731,6.29,59.1,1.86,1753167,-386731
SILVER,15,4.0,D+4h,0.2@0.4,0,False,5.5,62.1,1.41,542974,-555981,7.33,69.7,0.72,-1276897,-2917621,6.29,65.9,0.88,-733922,-2917621
SILVER,15,4.0,D+4h,0.2@0.4,0,True,5.5,51.5,1.38,340255,-407792,7.33,59.1,1.0,-7859,-999922,6.29,55.3,1.1,332396,-999922
SILVER,15,4.0,D+4h,0.2@0.4,5,False,8.58,66.0,1.7,1162766,-322677,11.56,70.2,1.24,1531946,-2321814,9.86,68.1,1.33,2694712,-2321814
SILVER,15,4.0,D+4h,0.2@0.4,5,True,15.33,51.1,1.58,964990,-343169,21.33,53.6,1.29,1521377,-974594,17.9,52.4,1.36,2486367,-974594
SILVER,15,4.0,D+4h,0.15@0.3,5,False,9.08,74.3,2.0,1344300,-258364,12.89,75.9,1.64,3073368,-1648279,10.71,75.1,1.72,4417668,-1648279
SILVER,15,4.0,D+4h,0.15@0.3,5,True,15.83,54.7,1.74,1052695,-284064,22.11,56.3,1.96,3628282,-535099,18.52,55.5,1.9,4680977,-535099
SILVER,15,4.0,D+4h,0.15@0.3,10,False,9.17,73.6,1.9,1228955,-258364,12.56,74.3,1.6,2936155,-1648279,10.62,74.0,1.67,4165109,-1648279
SILVER,15,4.0,D+4h,0.15@0.3,10,True,14.17,57.1,1.85,1076702,-219107,19.67,58.8,2.15,3926199,-457277,16.52,57.9,2.07,5002901,-457277
SILVER,15,4.0,D+4h,0.2@0.4,10,False,8.5,65.7,1.62,1033470,-322677,11.22,68.3,1.18,1164541,-2631213,9.67,67.0,1.27,2198011,-2631213
SILVER,15,4.0,D+4h,0.2@0.4,10,True,13.5,52.5,1.62,943524,-267201,18.89,55.3,1.29,1483329,-1098822,15.81,53.9,1.37,2426853,-1098822
SILVER,15,4.0,D+4h,0.25@0.5,0,False,5.5,62.1,1.49,658336,-555981,7.33,66.7,0.98,-87274,-2679418,6.29,64.4,1.09,571062,-2679418
SILVER,15,4.0,D+4h,0.25@0.5,0,True,5.5,50.0,1.39,359161,-410644,7.33,57.6,1.02,54325,-1073359,6.29,53.8,1.11,413485,-1073359
SILVER,15,4.0,D+4h,0.25@0.5,5,False,8.0,64.6,1.61,1108889,-315026,10.89,68.4,1.31,1887959,-2268642,9.24,66.5,1.38,2996848,-2268642
SILVER,15,4.0,D+4h,0.25@0.5,5,True,14.92,48.6,1.46,847275,-532058,20.89,53.2,1.36,1729341,-880663,17.48,51.0,1.39,2576616,-880663
SILVER,15,4.0,D+4h,0.25@0.5,10,False,7.83,63.8,1.68,1135292,-296260,10.22,66.3,1.29,1824951,-2384155,8.86,65.1,1.37,2960243,-2384155
SILVER,15,4.0,D+4h,0.25@0.5,10,True,12.92,49.7,1.66,1011247,-285153,18.22,54.3,1.36,1726649,-1050127,15.19,52.0,1.43,2737896,-1050127
SILVER,15,4.0,D+1h+4h,0.1@0.3,0,False,3.42,73.2,2.64,777599,-135561,4.11,81.1,2.91,1677455,-361929,3.71,76.9,2.81,2455054,-361929
SILVER,15,4.0,D+1h+4h,0.1@0.3,0,True,3.42,73.2,2.64,777599,-135561,4.11,81.1,2.91,1677455,-361929,3.71,76.9,2.81,2455054,-361929
SILVER,15,4.0,D+1h+4h,0.1@0.3,5,False,6.0,75.0,2.99,1508675,-198232,8.22,78.4,2.67,3832480,-697817,6.95,76.7,2.75,5341155,-697817
SILVER,15,4.0,D+1h+4h,0.1@0.3,5,True,6.0,75.0,2.99,1508675,-198232,8.22,78.4,2.67,3832480,-697817,6.95,76.7,2.75,5341155,-697817
SILVER,15,4.0,D+1h+4h,0.1@0.3,10,False,6.0,75.0,3.07,1467336,-158027,7.89,77.5,2.83,3801238,-457277,6.81,76.2,2.89,5268574,-457277
SILVER,15,4.0,D+1h+4h,0.1@0.3,10,True,6.0,75.0,3.07,1467336,-158027,7.89,77.5,2.83,3801238,-457277,6.81,76.2,2.89,5268574,-457277
SILVER,15,4.0,D+1h+4h,0.15@0.3,0,False,3.42,73.2,1.76,360004,-133495,4.11,81.1,2.97,1732628,-361929,3.71,76.9,2.55,2092632,-361929
SILVER,15,4.0,D+1h+4h,0.15@0.3,0,True,3.42,73.2,1.76,360004,-133495,4.11,81.1,2.97,1732628,-361929,3.71,76.9,2.55,2092632,-361929
SILVER,15,4.0,D+1h+4h,0.15@0.3,5,False,6.92,75.9,2.47,1264850,-198232,9.11,75.6,2.39,3596634,-681892,7.86,75.8,2.41,4861484,-681892
SILVER,15,4.0,D+1h+4h,0.15@0.3,5,True,6.92,75.9,2.47,1264850,-198232,9.11,75.6,2.39,3596634,-681892,7.86,75.8,2.41,4861484,-681892
SILVER,15,4.0,D+1h+4h,0.15@0.3,10,False,7.0,76.2,2.52,1228352,-154110,8.67,75.6,2.74,3904000,-533630,7.71,75.9,2.68,5132352,-533630
SILVER,15,4.0,D+1h+4h,0.15@0.3,10,True,7.0,76.2,2.52,1228352,-154110,8.67,75.6,2.74,3904000,-533630,7.71,75.9,2.68,5132352,-533630
SILVER,15,4.0,D+1h+4h,0.2@0.4,0,False,3.42,65.9,1.66,475969,-331979,4.11,75.7,1.1,182865,-731893,3.71,70.5,1.25,658835,-731893
SILVER,15,4.0,D+1h+4h,0.2@0.4,0,True,3.42,65.9,1.66,475969,-331979,4.11,75.7,1.1,182865,-731893,3.71,70.5,1.25,658835,-731893
SILVER,15,4.0,D+1h+4h,0.2@0.4,5,False,6.67,70.0,1.99,1123849,-257337,8.44,72.4,1.44,1762336,-974594,7.43,71.2,1.56,2886185,-974594
SILVER,15,4.0,D+1h+4h,0.2@0.4,5,True,6.67,70.0,1.99,1123849,-257337,8.44,72.4,1.44,1762336,-974594,7.43,71.2,1.56,2886185,-974594
SILVER,15,4.0,D+1h+4h,0.2@0.4,10,False,6.58,70.9,2.01,1075341,-229228,8.0,70.8,1.46,1733739,-1098822,7.19,70.9,1.58,2809080,-1098822
SILVER,15,4.0,D+1h+4h,0.2@0.4,10,True,6.58,70.9,2.01,1075341,-229228,8.0,70.8,1.46,1733739,-1098822,7.19,70.9,1.58,2809080,-1098822
SILVER,15,4.0,D+1h+4h,0.25@0.5,0,False,3.42,63.4,1.66,494875,-334831,4.11,73.0,1.11,239135,-891552,3.71,67.9,1.25,734011,-891552
SILVER,15,4.0,D+1h+4h,0.25@0.5,0,True,3.42,63.4,1.66,494875,-334831,4.11,73.0,1.11,239135,-891552,3.71,67.9,1.25,734011,-891552
SILVER,15,4.0,D+1h+4h,0.25@0.5,5,False,6.25,66.7,1.79,1029414,-446226,7.67,72.5,1.64,2241772,-880663,6.86,69.4,1.68,3271186,-880663
SILVER,15,4.0,D+1h+4h,0.25@0.5,5,True,6.25,66.7,1.79,1029414,-446226,7.67,72.5,1.64,2241772,-880663,6.86,69.4,1.68,3271186,-880663
SILVER,15,4.0,D+1h+4h,0.25@0.5,10,False,5.92,67.6,2.1,1164382,-229228,7.0,69.8,1.64,2248530,-1050127,6.38,68.7,1.74,3412912,-1050127
SILVER,15,4.0,D+1h+4h,0.25@0.5,10,True,5.92,67.6,2.1,1164382,-229228,7.0,69.8,1.64,2248530,-1050127,6.38,68.7,1.74,3412912,-1050127
SILVER,15,4.0,1h,0.1@0.3,0,False,9.58,64.3,1.6,782782,-307702,9.0,82.7,5.33,6345088,-361929,9.33,71.9,3.56,7127870,-361929
SILVER,15,4.0,1h,0.1@0.3,0,True,9.58,64.3,1.6,782782,-307702,9.0,82.7,5.33,6345088,-361929,9.33,71.9,3.56,7127870,-361929
SILVER,15,4.0,1h,0.1@0.3,5,False,18.33,69.5,1.43,1057414,-390506,16.33,77.6,2.13,6268949,-1348610,17.48,72.8,1.92,7326363,-1348610
SILVER,15,4.0,1h,0.1@0.3,5,True,18.33,69.5,1.43,1057414,-390506,16.33,77.6,2.13,6268949,-1348610,17.48,72.8,1.92,7326363,-1348610
SILVER,15,4.0,1h,0.1@0.3,10,False,17.5,70.0,1.53,1176200,-370838,16.33,77.6,2.17,6243832,-1079061,17.0,73.1,1.99,7420032,-1079061
SILVER,15,4.0,1h,0.1@0.3,10,True,17.5,70.0,1.53,1176200,-370838,16.33,77.6,2.17,6243832,-1079061,17.0,73.1,1.99,7420032,-1079061
SILVER,15,4.0,1h,0.15@0.3,0,False,9.58,67.8,1.35,455684,-291303,9.0,82.7,5.16,6095957,-361929,9.33,74.0,3.37,6551641,-361929
SILVER,15,4.0,1h,0.15@0.3,0,True,9.58,67.8,1.35,455684,-291303,9.0,82.7,5.16,6095957,-361929,9.33,74.0,3.37,6551641,-361929
SILVER,15,4.0,1h,0.15@0.3,5,False,20.0,72.1,1.33,881333,-348906,17.78,76.9,2.04,6083700,-1286400,19.05,74.0,1.82,6965033,-1286400
SILVER,15,4.0,1h,0.15@0.3,5,True,20.0,72.1,1.33,881333,-348906,17.78,76.9,2.04,6083700,-1286400,19.05,74.0,1.82,6965033,-1286400
SILVER,15,4.0,1h,0.15@0.3,10,False,19.08,73.4,1.42,1012228,-344415,17.56,77.2,2.16,6394437,-1029279,18.43,74.9,1.94,7406666,-1029279
SILVER,15,4.0,1h,0.15@0.3,10,True,19.08,73.4,1.42,1012228,-344415,17.56,77.2,2.16,6394437,-1029279,18.43,74.9,1.94,7406666,-1029279
SILVER,15,4.0,1h,0.2@0.4,0,False,9.58,67.0,1.19,312802,-552265,9.0,77.8,2.66,4613784,-731893,9.33,71.4,2.11,4926586,-731893
SILVER,15,4.0,1h,0.2@0.4,0,True,9.58,67.0,1.19,312802,-552265,9.0,77.8,2.66,4613784,-731893,9.33,71.4,2.11,4926586,-731893
SILVER,15,4.0,1h,0.2@0.4,5,False,18.83,68.1,1.17,560072,-363358,16.22,71.9,1.51,3922141,-1277950,17.71,69.6,1.41,4482212,-1277950
SILVER,15,4.0,1h,0.2@0.4,5,True,18.83,68.1,1.17,560072,-363358,16.22,71.9,1.51,3922141,-1277950,17.71,69.6,1.41,4482212,-1277950
SILVER,15,4.0,1h,0.2@0.4,10,False,18.0,69.4,1.22,669035,-355181,15.78,71.1,1.52,3893246,-1098822,17.05,70.1,1.44,4562281,-1098822
SILVER,15,4.0,1h,0.2@0.4,10,True,18.0,69.4,1.22,669035,-355181,15.78,71.1,1.52,3893246,-1098822,17.05,70.1,1.44,4562281,-1098822
SILVER,15,4.0,1h,0.25@0.5,0,False,9.58,63.5,1.31,548371,-343758,9.0,75.3,2.59,5011287,-714289,9.33,68.4,2.13,5559658,-714289
SILVER,15,4.0,1h,0.25@0.5,0,True,9.58,63.5,1.31,548371,-343758,9.0,75.3,2.59,5011287,-714289,9.33,68.4,2.13,5559658,-714289
SILVER,15,4.0,1h+4h,0.1@0.3,0,False,5.67,67.6,1.92,688424,-314781,5.11,82.6,3.63,2335500,-361929,5.43,73.7,2.85,3023924,-361929
SILVER,15,4.0,1h+4h,0.1@0.3,0,True,5.67,67.6,1.92,688424,-314781,5.11,82.6,3.63,2335500,-361929,5.43,73.7,2.85,3023924,-361929
SILVER,15,4.0,1h+4h,0.1@0.3,5,False,10.08,71.9,1.99,1272170,-257578,10.22,78.3,3.05,5936353,-697817,10.14,74.6,2.73,7208523,-697817
SILVER,15,4.0,1h+4h,0.1@0.3,5,True,10.08,71.9,1.99,1272170,-257578,10.22,78.3,3.05,5936353,-697817,10.14,74.6,2.73,7208523,-697817
SILVER,15,4.0,1h,0.25@0.5,5,False,16.83,64.9,1.21,673362,-424976,15.44,67.6,1.57,4303655,-1029279,16.24,66.0,1.46,4977018,-1029279
SILVER,15,4.0,1h,0.25@0.5,5,True,16.83,64.9,1.21,673362,-424976,15.44,67.6,1.57,4303655,-1029279,16.24,66.0,1.46,4977018,-1029279
SILVER,15,4.0,1h,0.25@0.5,10,False,16.0,66.1,1.32,905857,-312485,14.67,66.7,1.58,4384336,-1050127,15.43,66.4,1.51,5290194,-1050127
SILVER,15,4.0,1h,0.25@0.5,10,True,16.0,66.1,1.32,905857,-312485,14.67,66.7,1.58,4384336,-1050127,15.43,66.4,1.51,5290194,-1050127
SILVER,15,4.0,1h+4h,0.1@0.3,10,False,9.83,72.9,2.1,1298214,-235389,10.11,78.0,3.21,5913578,-581708,9.95,75.1,2.87,7211792,-581708
SILVER,15,4.0,1h+4h,0.1@0.3,10,True,9.83,72.9,2.1,1298214,-235389,10.11,78.0,3.21,5913578,-581708,9.95,75.1,2.87,7211792,-581708
SILVER,15,4.0,1h+4h,0.15@0.3,0,False,5.67,67.6,1.4,300924,-309788,5.11,82.6,3.73,2420188,-361929,5.43,73.7,2.66,2721112,-361929
SILVER,15,4.0,1h+4h,0.15@0.3,0,True,5.67,67.6,1.4,300924,-309788,5.11,82.6,3.73,2420188,-361929,5.43,73.7,2.66,2721112,-361929
SILVER,15,4.0,1h+4h,0.15@0.3,5,False,11.25,72.6,1.76,1065810,-251214,11.22,75.2,2.71,5650099,-681892,11.24,73.7,2.43,6715909,-681892
SILVER,15,4.0,1h+4h,0.15@0.3,5,True,11.25,72.6,1.76,1065810,-251214,11.22,75.2,2.71,5650099,-681892,11.24,73.7,2.43,6715909,-681892
SILVER,15,4.0,1h+4h,0.15@0.3,10,False,10.92,74.0,1.86,1106798,-203381,11.0,75.8,3.02,5969369,-527333,10.95,74.8,2.67,7076167,-527333
SILVER,15,4.0,1h+4h,0.15@0.3,10,True,10.92,74.0,1.86,1106798,-203381,11.0,75.8,3.02,5969369,-527333,10.95,74.8,2.67,7076167,-527333
SILVER,15,4.0,1h+4h,0.2@0.4,10,False,10.58,66.1,1.34,630853,-315952,9.78,71.6,1.83,3765126,-1375406,10.24,68.4,1.69,4395979,-1375406
SILVER,15,4.0,1h+4h,0.2@0.4,10,True,10.58,66.1,1.34,630853,-315952,9.78,71.6,1.83,3765126,-1375406,10.24,68.4,1.69,4395979,-1375406
SILVER,15,4.0,1h+4h,0.25@0.5,0,False,5.67,61.8,1.33,377669,-404499,5.11,73.9,1.48,1134710,-891552,5.43,66.7,1.43,1512379,-891552
SILVER,15,4.0,1h+4h,0.25@0.5,0,True,5.67,61.8,1.33,377669,-404499,5.11,73.9,1.48,1134710,-891552,5.43,66.7,1.43,1512379,-891552
SILVER,15,4.0,1h+4h,0.2@0.4,0,False,5.67,63.2,1.3,333446,-441741,5.11,78.3,1.41,817241,-731893,5.43,69.3,1.37,1150687,-731893
SILVER,15,4.0,1h+4h,0.2@0.4,0,True,5.67,63.2,1.3,333446,-441741,5.11,78.3,1.41,817241,-731893,5.43,69.3,1.37,1150687,-731893
SILVER,15,4.0,1h+4h,0.2@0.4,5,False,10.92,66.4,1.36,701000,-320892,10.22,72.8,1.8,3793724,-1128118,10.62,69.1,1.67,4494724,-1128118
SILVER,15,4.0,1h+4h,0.2@0.4,5,True,10.92,66.4,1.36,701000,-320892,10.22,72.8,1.8,3793724,-1128118,10.62,69.1,1.67,4494724,-1128118
SILVER,15,4.0,1h+4h,0.25@0.5,5,False,10.42,63.2,1.28,604402,-466217,9.56,70.9,1.99,4353508,-1012187,10.05,66.4,1.76,4957910,-1012187
SILVER,15,4.0,1h+4h,0.25@0.5,5,True,10.42,63.2,1.28,604402,-466217,9.56,70.9,1.99,4353508,-1012187,10.05,66.4,1.76,4957910,-1012187
SILVER,15,4.0,1h+4h,0.25@0.5,10,False,10.0,64.2,1.4,747780,-272044,8.89,68.8,1.99,4360266,-1371912,9.52,66.0,1.81,5108046,-1371912
SILVER,15,4.0,1h+4h,0.25@0.5,10,True,10.0,64.2,1.4,747780,-272044,8.89,68.8,1.99,4360266,-1371912,9.52,66.0,1.81,5108046,-1371912
SILVER,15,5.0,D,0.1@0.3,0,False,6.83,81.7,3.15,1421338,-195593,8.22,77.0,0.85,-610790,-2168549,7.43,79.5,1.17,810548,-2168549
SILVER,15,5.0,D,0.1@0.3,0,True,6.83,57.3,1.94,586062,-236741,8.22,67.6,1.06,117838,-1188217,7.43,62.2,1.26,703900,-1188217
SILVER,15,5.0,D,0.1@0.3,5,False,10.25,79.7,3.02,2213339,-195593,13.56,78.7,1.21,1246882,-2212168,11.67,79.2,1.49,3460221,-2212168
SILVER,15,5.0,D,0.1@0.3,5,True,25.33,50.7,1.78,1378578,-328505,27.56,56.5,1.18,978872,-1733983,26.29,53.3,1.33,2357449,-1733983
SILVER,15,5.0,D,0.1@0.3,10,False,10.0,80.0,3.17,2194692,-195593,13.67,78.9,1.19,1106749,-2262882,11.57,79.4,1.47,3301441,-2262882
SILVER,15,5.0,D,0.1@0.3,10,True,22.25,50.9,1.79,1291478,-291515,24.67,60.4,1.27,1331526,-1754436,23.29,55.2,1.4,2623004,-1754436
SILVER,15,5.0,D,0.15@0.3,0,False,6.83,82.9,3.11,1355223,-195593,8.22,78.4,0.97,-114494,-1850117,7.43,80.8,1.27,1240728,-1850117
SILVER,15,5.0,D,0.15@0.3,0,True,6.83,58.5,1.91,550064,-234925,8.22,67.6,1.17,351375,-1116691,7.43,62.8,1.34,901439,-1116691
SILVER,15,5.0,D,0.15@0.3,5,False,11.5,79.7,2.68,2124001,-226177,14.0,80.2,1.58,2909571,-1485448,12.57,79.9,1.8,5033572,-1485448
SILVER,15,5.0,D,0.15@0.3,5,True,26.08,52.4,1.85,1504253,-296359,27.78,57.2,1.56,2522809,-977002,26.81,54.5,1.64,4027061,-977002
SILVER,15,5.0,D,0.15@0.3,10,False,10.92,77.9,2.65,2051295,-226177,14.11,79.5,1.17,1147982,-3153851,12.29,78.7,1.4,3199277,-3153851
SILVER,15,5.0,D,0.15@0.3,10,True,22.92,52.0,1.85,1413094,-264665,24.89,60.7,1.22,1254044,-2420425,23.76,55.9,1.37,2667138,-2420425
SILVER,15,5.0,D,0.2@0.4,0,False,6.83,73.2,2.98,1685126,-233192,8.22,71.6,1.12,542051,-1850117,7.43,72.4,1.4,2227176,-1850117
SILVER,15,5.0,D,0.2@0.4,0,True,6.83,50.0,1.97,779651,-270353,8.22,64.9,1.06,153249,-1210165,7.43,57.1,1.28,932900,-1210165
SILVER,15,5.0,D,0.2@0.4,5,False,10.17,73.8,2.45,2103252,-302962,12.56,72.6,1.25,1688194,-2044372,11.19,73.2,1.47,3791446,-2044372
SILVER,15,5.0,D,0.2@0.4,5,True,25.25,48.2,1.46,1032472,-447745,27.11,53.3,1.13,799783,-1535925,26.05,50.5,1.22,1832256,-1535925
SILVER,15,5.0,D,0.2@0.4,10,False,9.58,73.0,2.82,2265023,-229228,12.0,70.4,1.22,1502837,-2260226,10.62,71.7,1.46,3767861,-2260226
SILVER,15,5.0,D,0.2@0.4,10,True,22.08,47.5,1.56,1112433,-294255,23.56,55.2,1.13,743100,-1760809,22.71,50.9,1.24,1855533,-1760809
SILVER,15,5.0,D,0.25@0.5,0,False,6.83,73.2,3.35,2171563,-229228,8.22,67.6,1.09,473173,-1850117,7.43,70.5,1.44,2644736,-1850117
SILVER,15,5.0,D,0.25@0.5,0,True,6.83,50.0,2.63,1305211,-256636,8.22,59.5,0.97,-96593,-1235558,7.43,54.5,1.33,1208618,-1235558
SILVER,15,5.0,D+1h,0.1@0.3,0,False,3.58,83.7,3.5,820890,-195593,4.22,84.2,1.12,199815,-1079653,3.86,84.0,1.52,1020704,-1079653
SILVER,15,5.0,D+1h,0.1@0.3,0,True,3.58,83.7,3.5,820890,-195593,4.22,84.2,1.12,199815,-1079653,3.86,84.0,1.52,1020704,-1079653
SILVER,15,5.0,D+1h,0.1@0.3,5,False,7.58,79.1,3.05,1689122,-195593,9.56,79.1,1.09,414415,-1787240,8.43,79.1,1.4,2103536,-1787240
SILVER,15,5.0,D+1h,0.1@0.3,5,True,7.58,79.1,3.05,1689122,-195593,9.56,79.1,1.09,414415,-1787240,8.43,79.1,1.4,2103536,-1787240
SILVER,15,5.0,D+1h,0.1@0.3,10,False,7.33,79.5,2.94,1556893,-195593,9.56,80.2,1.23,885478,-1830235,8.29,79.9,1.52,2442371,-1830235
SILVER,15,5.0,D+1h,0.1@0.3,10,True,7.33,79.5,2.94,1556893,-195593,9.56,80.2,1.23,885478,-1830235,8.29,79.9,1.52,2442371,-1830235
SILVER,15,5.0,D+1h,0.15@0.3,0,False,3.58,86.0,3.54,784891,-195593,4.22,84.2,1.26,426007,-978826,3.86,85.2,1.62,1210897,-978826
SILVER,15,5.0,D+1h,0.15@0.3,0,True,3.58,86.0,3.54,784891,-195593,4.22,84.2,1.26,426007,-978826,3.86,85.2,1.62,1210897,-978826
SILVER,15,5.0,D,0.25@0.5,5,False,9.25,73.0,3.01,2542007,-229228,11.89,70.1,1.28,1930631,-1969307,10.38,71.6,1.55,4472638,-1969307
SILVER,15,5.0,D,0.25@0.5,5,True,23.83,46.9,1.97,1799521,-229228,26.11,49.8,1.13,857568,-1460861,24.81,48.2,1.32,2657089,-1460861
SILVER,15,5.0,D,0.25@0.5,10,False,8.92,72.0,3.07,2548005,-229228,11.67,69.5,1.26,1739175,-2156931,10.1,70.8,1.53,4287180,-2156931
SILVER,15,5.0,D,0.25@0.5,10,True,20.83,46.0,1.98,1718762,-243116,23.0,52.2,1.09,600387,-1657514,21.76,48.8,1.28,2319149,-1657514
SILVER,15,5.0,D+1h,0.2@0.4,0,False,3.58,69.8,3.0,1014478,-229228,4.22,78.9,1.11,220546,-1156698,3.86,74.1,1.48,1235024,-1156698
SILVER,15,5.0,D+1h,0.2@0.4,0,True,3.58,69.8,3.0,1014478,-229228,4.22,78.9,1.11,220546,-1156698,3.86,74.1,1.48,1235024,-1156698
SILVER,15,5.0,D+1h,0.2@0.4,5,False,7.33,72.7,2.32,1538599,-378499,8.78,72.2,1.13,612966,-1708043,7.95,72.5,1.36,2151564,-1708043
SILVER,15,5.0,D+1h,0.2@0.4,5,True,7.33,72.7,2.32,1538599,-378499,8.78,72.2,1.13,612966,-1708043,7.95,72.5,1.36,2151564,-1708043
SILVER,15,5.0,D+1h,0.15@0.3,5,False,8.33,81.0,3.16,1775855,-195593,9.78,80.7,1.54,1922101,-977002,8.95,80.9,1.84,3697956,-977002
SILVER,15,5.0,D+1h,0.15@0.3,5,True,8.33,81.0,3.16,1775855,-195593,9.78,80.7,1.54,1922101,-977002,8.95,80.9,1.84,3697956,-977002
SILVER,15,5.0,D+1h,0.15@0.3,10,False,8.08,79.4,2.97,1642145,-195593,9.78,80.7,1.16,771745,-2280736,8.81,80.0,1.44,2413889,-2280736
SILVER,15,5.0,D+1h,0.15@0.3,10,True,8.08,79.4,2.97,1642145,-195593,9.78,80.7,1.16,771745,-2280736,8.81,80.0,1.44,2413889,-2280736
SILVER,15,5.0,D+1h,0.2@0.4,10,False,7.0,72.6,2.69,1637946,-229228,8.11,69.9,1.14,674691,-2080198,7.48,71.3,1.4,2312637,-2080198
SILVER,15,5.0,D+1h,0.2@0.4,10,True,7.0,72.6,2.69,1637946,-229228,8.11,69.9,1.14,674691,-2080198,7.48,71.3,1.4,2312637,-2080198
SILVER,15,5.0,D+1h,0.25@0.5,0,False,3.58,69.8,4.04,1540038,-229228,4.22,71.1,1.0,8205,-1190395,3.86,70.4,1.54,1548243,-1190395
SILVER,15,5.0,D+1h,0.25@0.5,0,True,3.58,69.8,4.04,1540038,-229228,4.22,71.1,1.0,8205,-1190395,3.86,70.4,1.54,1548243,-1190395
SILVER,15,5.0,D+1h,0.25@0.5,5,False,6.17,70.3,3.15,1987436,-229228,8.11,65.8,1.06,324664,-1584501,7.0,68.0,1.37,2312100,-1584501
SILVER,15,5.0,D+1h,0.25@0.5,5,True,6.17,70.3,3.15,1987436,-229228,8.11,65.8,1.06,324664,-1584501,7.0,68.0,1.37,2312100,-1584501
SILVER,15,5.0,D+1h,0.25@0.5,10,False,6.0,70.8,3.24,1954419,-229228,7.89,64.8,1.03,133208,-1982272,6.81,67.8,1.34,2087627,-1982272
SILVER,15,5.0,D+1h,0.25@0.5,10,True,6.0,70.8,3.24,1954419,-229228,7.89,64.8,1.03,133208,-1982272,6.81,67.8,1.34,2087627,-1982272
SILVER,15,5.0,D+4h,0.1@0.3,0,False,3.42,80.5,3.98,1158541,-195593,5.67,82.4,0.77,-643425,-1948634,4.38,81.5,1.16,515116,-1948634
SILVER,15,5.0,D+4h,0.1@0.3,0,True,3.42,63.4,2.36,506072,-195593,5.67,76.5,1.17,244598,-1116691,4.38,70.7,1.41,750670,-1116691
SILVER,15,5.0,D+4h,0.1@0.3,5,False,5.08,80.3,3.85,1709686,-195593,9.89,82.0,1.27,1161332,-2212168,7.14,81.3,1.58,2871018,-2212168
SILVER,15,5.0,D+4h,0.1@0.3,5,True,11.75,56.7,2.41,1296029,-195593,18.56,58.7,1.12,563284,-1733983,14.67,57.8,1.34,1859313,-1733983
SILVER,15,5.0,D+4h,0.1@0.3,10,False,4.92,79.7,3.78,1670046,-195593,10.0,81.1,1.22,978010,-2262882,7.1,80.5,1.52,2648055,-2262882
SILVER,15,5.0,D+4h,0.1@0.3,10,True,10.17,56.6,2.27,1142885,-202321,16.56,62.4,1.23,915619,-1754436,12.9,59.8,1.42,2058504,-1754436
SILVER,15,5.0,D+4h,0.15@0.3,0,False,3.42,80.5,3.84,1106078,-195593,5.67,84.3,0.92,-194191,-1850117,4.38,82.6,1.31,911886,-1850117
SILVER,15,5.0,D+4h,0.15@0.3,0,True,3.42,63.4,2.13,421538,-195593,5.67,76.5,1.31,458887,-1116691,4.38,70.7,1.48,880425,-1116691
SILVER,15,5.0,D+4h,0.15@0.3,5,False,6.0,80.6,3.08,1584376,-226177,10.22,83.7,1.78,2709698,-1485448,7.81,82.3,2.02,4294074,-1485448
SILVER,15,5.0,D+4h,0.15@0.3,5,True,12.58,59.6,2.39,1299809,-195593,18.67,59.5,1.55,2001280,-977002,15.19,59.6,1.72,3301090,-977002
SILVER,15,5.0,D+4h,0.15@0.3,10,False,5.83,77.1,2.87,1491683,-226177,10.44,81.9,1.18,921435,-3153851,7.81,79.9,1.4,2413118,-3153851
SILVER,15,5.0,D+4h,0.15@0.3,10,True,11.0,58.3,2.21,1147903,-213606,16.78,62.9,1.16,748675,-2420425,13.48,60.8,1.33,1896578,-2420425
SILVER,15,5.0,D+4h,0.2@0.4,0,False,3.42,70.7,3.02,1041687,-233192,5.67,74.5,1.11,367783,-1850117,4.38,72.8,1.37,1409471,-1850117
SILVER,15,5.0,D+4h,0.2@0.4,0,True,3.42,53.7,1.65,323096,-240018,5.67,70.6,1.05,98956,-1210165,4.38,63.0,1.17,422052,-1210165
SILVER,15,5.0,D+4h,0.2@0.4,5,False,5.75,76.8,2.86,1576705,-302962,9.33,75.0,1.29,1477376,-2044372,7.29,75.8,1.52,3054082,-2044372
SILVER,15,5.0,D+4h,0.2@0.4,5,True,12.5,55.3,1.63,848243,-447745,18.33,55.8,1.07,327631,-1535925,15.0,55.6,1.19,1175874,-1535925
SILVER,15,5.0,D+4h,0.2@0.4,10,False,5.42,76.9,3.52,1711805,-229228,8.78,72.2,1.25,1292019,-2260226,6.86,74.3,1.51,3003825,-2260226
SILVER,15,5.0,D+4h,0.2@0.4,10,True,10.75,55.0,1.82,918229,-283275,15.78,57.0,1.06,284373,-1760809,12.9,56.1,1.2,1202602,-1760809
SILVER,15,5.0,D+4h,0.25@0.5,0,False,3.42,70.7,3.51,1473309,-229228,5.67,68.6,1.07,260200,-1850117,4.38,69.6,1.42,1733509,-1850117
SILVER,15,5.0,D+4h,0.25@0.5,0,True,3.42,53.7,2.66,827591,-229228,5.67,64.7,0.99,-20772,-1176971,4.38,59.8,1.3,806819,-1176971
SILVER,15,5.0,D+4h,0.25@0.5,5,False,4.67,75.0,3.95,1964432,-229228,8.56,71.4,1.34,1735560,-1969307,6.33,72.9,1.65,3699992,-1969307
SILVER,15,5.0,D+4h,0.25@0.5,5,True,11.33,52.9,2.5,1509211,-229228,17.33,51.9,1.18,914321,-1460861,13.9,52.4,1.4,2423531,-1460861
SILVER,15,5.0,D+4h,0.25@0.5,10,False,4.58,74.5,3.93,1950971,-229228,8.33,70.7,1.31,1544105,-2156931,6.19,72.3,1.61,3495075,-2156931
SILVER,15,5.0,D+4h,0.25@0.5,10,True,9.75,52.1,2.48,1424255,-229228,15.22,54.0,1.12,617882,-1657514,12.1,53.1,1.34,2042137,-1657514
SILVER,15,5.0,D+1h+4h,0.1@0.3,0,False,2.08,84.0,3.39,592530,-195593,3.22,89.7,1.19,230078,-977002,2.57,87.0,1.57,822608,-977002
SILVER,15,5.0,D+1h+4h,0.1@0.3,0,True,2.08,84.0,3.39,592530,-195593,3.22,89.7,1.19,230078,-977002,2.57,87.0,1.57,822608,-977002
SILVER,15,5.0,D+1h+4h,0.1@0.3,5,False,4.33,82.7,3.51,1324702,-195593,7.44,80.6,1.18,633783,-1703722,5.67,81.5,1.48,1958485,-1703722
SILVER,15,5.0,D+1h+4h,0.1@0.3,5,True,4.33,82.7,3.51,1324702,-195593,7.44,80.6,1.18,633783,-1703722,5.67,81.5,1.48,1958485,-1703722
SILVER,15,5.0,D+1h+4h,0.1@0.3,10,False,4.25,82.4,3.23,1190719,-195593,7.33,81.8,1.36,1091101,-1754436,5.57,82.1,1.64,2281820,-1754436
SILVER,15,5.0,D+1h+4h,0.1@0.3,10,True,4.25,82.4,3.23,1190719,-195593,7.33,81.8,1.36,1091101,-1754436,5.57,82.1,1.64,2281820,-1754436
SILVER,15,5.0,D+1h+4h,0.15@0.3,0,False,2.08,84.0,3.05,507997,-195593,3.22,89.7,1.37,437022,-977002,2.57,87.0,1.66,945019,-977002
SILVER,15,5.0,D+1h+4h,0.15@0.3,0,True,2.08,84.0,3.05,507997,-195593,3.22,89.7,1.37,437022,-977002,2.57,87.0,1.66,945019,-977002
SILVER,15,5.0,D+1h+4h,0.15@0.3,5,False,5.25,84.1,3.39,1303860,-195593,7.56,82.4,1.76,2047767,-977002,6.24,83.2,2.03,3351627,-977002
SILVER,15,5.0,D+1h+4h,0.15@0.3,5,True,5.25,84.1,3.39,1303860,-195593,7.56,82.4,1.76,2047767,-977002,6.24,83.2,2.03,3351627,-977002
SILVER,15,5.0,D+1h+4h,0.15@0.3,10,False,5.25,81.0,3.0,1173691,-195593,7.56,82.4,1.24,900144,-2280736,6.24,81.7,1.47,2073835,-2280736
SILVER,15,5.0,D+1h+4h,0.15@0.3,10,True,5.25,81.0,3.0,1173691,-195593,7.56,82.4,1.24,900144,-2280736,6.24,81.7,1.47,2073835,-2280736
SILVER,15,5.0,D+1h+4h,0.2@0.4,0,False,2.08,68.0,2.09,409555,-229228,3.22,79.3,1.04,69756,-1156698,2.57,74.1,1.23,479311,-1156698
SILVER,15,5.0,D+1h+4h,0.2@0.4,0,True,2.08,68.0,2.09,409555,-229228,3.22,79.3,1.04,69756,-1156698,2.57,74.1,1.23,479311,-1156698
SILVER,15,5.0,D+1h+4h,0.2@0.4,5,False,5.25,76.2,2.16,1019579,-378499,6.89,74.2,1.18,721186,-1535925,5.95,75.2,1.36,1740766,-1535925
SILVER,15,5.0,D+1h+4h,0.2@0.4,5,True,5.25,76.2,2.16,1019579,-378499,6.89,74.2,1.18,721186,-1535925,5.95,75.2,1.36,1740766,-1535925
SILVER,15,5.0,D+1h+4h,0.2@0.4,10,False,4.92,78.0,2.73,1140138,-229228,6.22,71.4,1.2,782911,-1751780,5.48,74.8,1.42,1923050,-1751780
SILVER,15,5.0,D+1h+4h,0.2@0.4,10,True,4.92,78.0,2.73,1140138,-229228,6.22,71.4,1.2,782911,-1751780,5.48,74.8,1.42,1923050,-1751780
SILVER,15,5.0,D+1h+4h,0.25@0.5,0,False,2.08,68.0,3.44,914049,-229228,3.22,72.4,0.99,-12471,-1123505,2.57,70.4,1.39,901578,-1123505
SILVER,15,5.0,D+1h+4h,0.25@0.5,0,True,2.08,68.0,3.44,914049,-229228,3.22,72.4,0.99,-12471,-1123505,2.57,70.4,1.39,901578,-1123505
SILVER,15,5.0,D+1h+4h,0.25@0.5,5,False,4.17,76.0,3.38,1494442,-229228,6.22,69.6,1.23,915022,-1466231,5.05,72.6,1.52,2409464,-1466231
SILVER,15,5.0,D+1h+4h,0.25@0.5,5,True,4.17,76.0,3.38,1494442,-229228,6.22,69.6,1.23,915022,-1466231,5.05,72.6,1.52,2409464,-1466231
SILVER,15,5.0,D+1h+4h,0.25@0.5,10,False,4.0,77.1,3.54,1461425,-229228,6.0,68.5,1.18,723566,-1653855,4.86,72.5,1.48,2184991,-1653855
SILVER,15,5.0,D+1h+4h,0.25@0.5,10,True,4.0,77.1,3.54,1461425,-229228,6.0,68.5,1.18,723566,-1653855,4.86,72.5,1.48,2184991,-1653855
SILVER,15,5.0,1h,0.1@0.3,0,False,5.92,78.9,1.47,448568,-358093,6.67,83.3,2.11,3380950,-1029279,6.24,80.9,1.96,3829518,-1029279
SILVER,15,5.0,1h,0.1@0.3,0,True,5.92,78.9,1.47,448568,-358093,6.67,83.3,2.11,3380950,-1029279,6.24,80.9,1.96,3829518,-1029279
SILVER,15,5.0,1h,0.1@0.3,5,False,13.67,76.8,1.47,980597,-430314,14.44,76.9,1.35,2508153,-1703722,14.0,76.9,1.38,3488750,-1703722
SILVER,15,5.0,1h,0.1@0.3,5,True,13.67,76.8,1.47,980597,-430314,14.44,76.9,1.35,2508153,-1703722,14.0,76.9,1.38,3488750,-1703722
SILVER,15,5.0,1h,0.1@0.3,10,False,12.92,76.8,1.34,736198,-444029,14.33,77.5,1.41,2775838,-1754436,13.52,77.1,1.39,3512036,-1754436
SILVER,15,5.0,1h,0.1@0.3,10,True,12.92,76.8,1.34,736198,-444029,14.33,77.5,1.41,2775838,-1754436,13.52,77.1,1.39,3512036,-1754436
SILVER,15,5.0,1h,0.15@0.3,0,False,5.92,80.3,1.48,445029,-482424,6.67,83.3,2.22,3707776,-1029279,6.24,81.7,2.05,4152806,-1029279
SILVER,15,5.0,1h,0.15@0.3,0,True,5.92,80.3,1.48,445029,-482424,6.67,83.3,2.22,3707776,-1029279,6.24,81.7,2.05,4152806,-1029279
SILVER,15,5.0,1h,0.15@0.3,5,False,14.83,78.1,1.53,1134634,-436931,14.67,77.3,1.59,3877572,-1538398,14.76,77.7,1.58,5012206,-1538398
SILVER,15,5.0,1h,0.15@0.3,5,True,14.83,78.1,1.53,1134634,-436931,14.67,77.3,1.59,3877572,-1538398,14.76,77.7,1.58,5012206,-1538398
SILVER,15,5.0,1h,0.15@0.3,10,False,14.25,77.2,1.31,751415,-455313,14.67,77.3,1.35,2710714,-2752284,14.43,77.2,1.34,3462129,-2752284
SILVER,15,5.0,1h,0.15@0.3,10,True,14.25,77.2,1.31,751415,-455313,14.67,77.3,1.35,2710714,-2752284,14.43,77.2,1.34,3462129,-2752284
SILVER,15,5.0,1h,0.2@0.4,0,False,5.92,70.4,1.63,707407,-504850,6.67,80.0,2.04,3598322,-1208975,6.24,74.8,1.94,4305729,-1208975
SILVER,15,5.0,1h,0.2@0.4,0,True,5.92,70.4,1.63,707407,-504850,6.67,80.0,2.04,3598322,-1208975,6.24,74.8,1.94,4305729,-1208975
SILVER,15,5.0,1h,0.2@0.4,5,False,13.75,72.7,1.31,811780,-701360,13.44,70.2,1.34,2623099,-1749074,13.62,71.7,1.33,3434880,-1749074
SILVER,15,5.0,1h,0.2@0.4,5,True,13.75,72.7,1.31,811780,-701360,13.44,70.2,1.34,2623099,-1749074,13.62,71.7,1.33,3434880,-1749074
SILVER,15,5.0,1h,0.2@0.4,10,False,13.08,71.3,1.22,589782,-524982,13.0,68.4,1.31,2500865,-1751780,13.05,70.1,1.29,3090647,-1751780
SILVER,15,5.0,1h,0.2@0.4,10,True,13.08,71.3,1.22,589782,-524982,13.0,68.4,1.31,2500865,-1751780,13.05,70.1,1.29,3090647,-1751780
SILVER,15,5.0,1h,0.25@0.5,0,False,5.92,66.2,1.94,1151944,-322861,6.67,71.7,0.99,-41498,-1928395,6.24,68.7,1.21,1110445,-1928395
SILVER,15,5.0,1h,0.25@0.5,0,True,5.92,66.2,1.94,1151944,-322861,6.67,71.7,0.99,-41498,-1928395,6.24,68.7,1.21,1110445,-1928395
SILVER,15,5.0,1h,0.25@0.5,5,False,11.75,67.4,1.51,1255325,-444931,13.11,63.6,1.08,747080,-1772799,12.33,65.6,1.18,2002404,-1772799
SILVER,15,5.0,1h,0.25@0.5,5,True,11.75,67.4,1.51,1255325,-444931,13.11,63.6,1.08,747080,-1772799,12.33,65.6,1.18,2002404,-1772799
SILVER,15,5.0,1h,0.25@0.5,10,False,11.42,67.2,1.46,1143423,-444029,13.0,62.4,1.04,367044,-1772799,12.1,65.0,1.13,1510467,-1772799
SILVER,15,5.0,1h,0.25@0.5,10,True,11.42,67.2,1.46,1143423,-444029,13.0,62.4,1.04,367044,-1772799,12.1,65.0,1.13,1510467,-1772799
SILVER,15,5.0,1h+4h,0.1@0.3,0,False,3.33,80.0,2.27,602320,-357250,4.0,88.9,1.39,495983,-977002,3.62,84.2,1.63,1098303,-977002
SILVER,15,5.0,1h+4h,0.1@0.3,0,True,3.33,80.0,2.27,602320,-357250,4.0,88.9,1.39,495983,-977002,3.62,84.2,1.63,1098303,-977002
SILVER,15,5.0,1h+4h,0.1@0.3,5,False,7.33,77.3,2.07,1097271,-229741,9.22,79.5,1.54,2313180,-1852054,8.14,78.4,1.64,3410451,-1852054
SILVER,15,5.0,1h+4h,0.1@0.3,5,True,7.33,77.3,2.07,1097271,-229741,9.22,79.5,1.54,2313180,-1852054,8.14,78.4,1.64,3410451,-1852054
SILVER,15,5.0,1h+4h,0.1@0.3,10,False,7.0,76.2,1.94,961693,-235043,9.11,80.5,1.73,2753996,-1895049,7.9,78.3,1.78,3715689,-1895049
SILVER,15,5.0,1h+4h,0.1@0.3,10,True,7.0,76.2,1.94,961693,-235043,9.11,80.5,1.73,2753996,-1895049,7.9,78.3,1.78,3715689,-1895049
SILVER,15,5.0,1h+4h,0.15@0.3,0,False,3.33,80.0,2.13,537667,-351172,4.0,88.9,1.58,748103,-977002,3.62,84.2,1.73,1285769,-977002
SILVER,15,5.0,1h+4h,0.15@0.3,0,True,3.33,80.0,2.13,537667,-351172,4.0,88.9,1.58,748103,-977002,3.62,84.2,1.73,1285769,-977002
SILVER,15,5.0,1h+4h,0.15@0.3,5,False,8.42,78.2,2.02,1110541,-195818,9.44,80.0,2.02,3639356,-977002,8.86,79.0,2.02,4749897,-977002
SILVER,15,5.0,1h+4h,0.15@0.3,5,True,8.42,78.2,2.02,1110541,-195818,9.44,80.0,2.02,3639356,-977002,8.86,79.0,2.02,4749897,-977002
SILVER,15,5.0,1h+4h,0.15@0.3,10,False,8.17,77.6,1.93,1010155,-205004,9.44,80.0,1.53,2475231,-1668403,8.71,78.7,1.6,3485386,-1668403
SILVER,15,5.0,1h+4h,0.15@0.3,10,True,8.17,77.6,1.93,1010155,-205004,9.44,80.0,1.53,2475231,-1668403,8.71,78.7,1.6,3485386,-1668403
SILVER,15,5.0,1h+4h,0.2@0.4,0,False,3.33,70.0,1.76,458825,-378729,4.0,80.6,1.23,428564,-1156698,3.62,75.0,1.36,887390,-1156698
SILVER,15,5.0,1h+4h,0.2@0.4,0,True,3.33,70.0,1.76,458825,-378729,4.0,80.6,1.23,428564,-1156698,3.62,75.0,1.36,887390,-1156698
SILVER,15,5.0,1h+4h,0.2@0.4,5,False,8.25,71.7,1.49,751338,-467055,8.67,73.1,1.49,2373583,-1887779,8.43,72.3,1.49,3124921,-1887779
SILVER,15,5.0,1h+4h,0.2@0.4,5,True,8.25,71.7,1.49,751338,-467055,8.67,73.1,1.49,2373583,-1887779,8.43,72.3,1.49,3124921,-1887779
SILVER,15,5.0,1h+4h,0.2@0.4,10,False,7.83,72.3,1.65,854196,-333034,8.22,70.3,1.46,2251349,-2259934,8.0,71.4,1.5,3105545,-2259934
SILVER,15,5.0,1h+4h,0.2@0.4,10,True,7.83,72.3,1.65,854196,-333034,8.22,70.3,1.46,2251349,-2259934,8.0,71.4,1.5,3105545,-2259934
SILVER,15,5.0,1h+4h,0.25@0.5,0,False,3.33,70.0,2.63,980572,-372653,4.0,69.4,1.05,103762,-1123505,3.62,69.7,1.38,1084334,-1123505
SILVER,15,5.0,1h+4h,0.25@0.5,0,True,3.33,70.0,2.63,980572,-372653,4.0,69.4,1.05,103762,-1123505,3.62,69.7,1.38,1084334,-1123505
SILVER,15,5.0,1h+4h,0.25@0.5,5,False,7.0,71.4,2.19,1376113,-229228,8.0,63.9,1.4,2096088,-1889548,7.43,67.9,1.55,3472201,-1889548
SILVER,15,5.0,1h+4h,0.25@0.5,5,True,7.0,71.4,2.19,1376113,-229228,8.0,63.9,1.4,2096088,-1889548,7.43,67.9,1.55,3472201,-1889548
SILVER,15,5.0,1h+4h,0.25@0.5,10,False,6.75,71.6,2.21,1337649,-229228,8.0,62.5,1.33,1732717,-2287319,7.29,67.3,1.48,3070366,-2287319
SILVER,15,5.0,1h+4h,0.25@0.5,10,True,6.75,71.6,2.21,1337649,-229228,8.0,62.5,1.33,1732717,-2287319,7.29,67.3,1.48,3070366,-2287319
SILVER,15,6.0,D,0.1@0.3,0,False,5.67,72.1,2.2,949177,-239157,6.78,70.5,1.05,195806,-1773613,6.14,71.3,1.24,1144983,-1773613
SILVER,15,6.0,D,0.1@0.3,0,True,5.67,54.4,1.56,315373,-126763,6.78,57.4,1.07,118098,-940103,6.14,55.8,1.18,433471,-940103
SILVER,15,6.0,D,0.1@0.3,5,False,8.33,74.0,2.7,1935199,-197397,10.22,72.8,1.27,1653282,-1768004,9.14,73.4,1.5,3588481,-1768004
SILVER,15,6.0,D,0.1@0.3,5,True,20.92,47.4,1.8,1330972,-226328,22.67,51.0,1.11,651185,-1378036,21.67,49.0,1.27,1982157,-1378036
SILVER,15,6.0,D,0.1@0.3,10,False,7.83,73.4,2.76,1948847,-190504,10.22,73.9,1.29,1647433,-1755470,8.86,73.7,1.52,3596280,-1755470
SILVER,15,6.0,D,0.1@0.3,10,True,19.17,47.4,1.82,1298623,-200507,20.56,54.6,1.23,1086711,-1249794,19.76,50.6,1.37,2385333,-1249794
SILVER,15,6.0,D,0.15@0.3,0,False,5.67,76.5,2.13,863458,-225111,6.78,70.5,1.1,390457,-1636750,6.14,73.6,1.26,1253915,-1636750
SILVER,15,6.0,D,0.15@0.3,0,True,5.67,58.8,1.76,411245,-124229,6.78,57.4,1.17,301201,-844671,6.14,58.1,1.31,712446,-844671
SILVER,15,6.0,D,0.15@0.3,5,False,8.83,76.4,2.62,1998440,-190504,11.11,75.0,1.29,1775286,-1705822,9.81,75.7,1.52,3773726,-1705822
SILVER,15,6.0,D,0.15@0.3,5,True,21.08,49.0,1.82,1422221,-217072,23.78,52.8,1.1,576332,-1461264,22.24,50.7,1.27,1998553,-1461264
SILVER,15,6.0,D,0.15@0.3,10,False,8.42,76.2,2.56,1837032,-190504,10.56,74.7,1.37,2101589,-1664687,9.33,75.5,1.57,3938620,-1664687
SILVER,15,6.0,D,0.15@0.3,10,True,19.42,48.9,1.88,1418869,-191510,21.11,55.3,1.28,1344009,-1249794,20.14,51.8,1.43,2762878,-1249794
SILVER,15,6.0,D,0.2@0.4,0,False,5.67,70.6,2.24,1072655,-190504,6.78,67.2,1.3,1299417,-1358983,6.14,69.0,1.46,2372071,-1358983
SILVER,15,6.0,D,0.2@0.4,0,True,5.67,55.9,2.12,674721,-173056,6.78,54.1,1.53,1068855,-621568,6.14,55.0,1.67,1743576,-621568
SILVER,15,6.0,D,0.2@0.4,5,False,8.0,70.8,2.58,1988764,-190504,9.78,68.2,1.45,2633001,-959561,8.76,69.6,1.66,4621766,-959561
SILVER,15,6.0,D,0.2@0.4,5,True,20.33,48.0,2.02,1576528,-193663,21.78,47.4,1.33,1757581,-1114721,20.95,47.7,1.48,3334109,-1114721
SILVER,15,6.0,D,0.2@0.4,10,False,8.25,69.7,2.25,1652579,-190504,9.67,69.0,1.6,3157624,-959238,8.86,69.4,1.73,4810203,-959238
SILVER,15,6.0,D,0.2@0.4,10,True,18.67,47.3,2.02,1527847,-193837,19.78,50.0,1.44,2138288,-1219328,19.14,48.5,1.58,3666135,-1219328
SILVER,15,6.0,D,0.25@0.5,0,False,5.67,63.2,2.27,1324964,-200977,6.78,65.6,1.57,2478733,-838858,6.14,64.3,1.7,3803697,-838858
SILVER,15,6.0,D,0.25@0.5,0,True,5.67,52.9,1.67,436171,-254503,6.78,54.1,2.0,2022009,-621051,6.14,53.5,1.92,2458180,-621051
SILVER,15,6.0,D+1h,0.1@0.3,0,False,2.67,62.5,2.22,442780,-129430,3.22,79.3,1.24,322320,-877831,2.9,70.5,1.45,765100,-877831
SILVER,15,6.0,D+1h,0.1@0.3,0,True,2.67,62.5,2.27,450881,-121329,3.22,79.3,1.24,322320,-877831,2.9,70.5,1.46,773201,-877831
SILVER,15,6.0,D+1h,0.1@0.3,5,False,6.08,69.9,2.71,1482184,-181810,7.44,71.6,1.12,560224,-1801512,6.67,70.7,1.37,2042407,-1801512
SILVER,15,6.0,D+1h,0.1@0.3,5,True,6.08,69.9,2.73,1490284,-181810,7.44,71.6,1.12,560224,-1801512,6.67,70.7,1.38,2050508,-1801512
SILVER,15,6.0,D,0.25@0.5,5,False,7.83,67.0,2.41,1922375,-190504,9.22,65.1,1.48,2792817,-1009367,8.43,66.1,1.66,4715192,-1009367
SILVER,15,6.0,D,0.25@0.5,5,True,20.75,47.4,1.9,1462995,-191718,21.33,46.4,1.45,2369994,-1082065,21.0,46.9,1.55,3832989,-1082065
SILVER,15,6.0,D,0.25@0.5,10,False,7.5,65.6,2.39,1910270,-190504,9.11,67.1,1.68,3475970,-1008965,8.19,66.3,1.83,5386240,-1008965
SILVER,15,6.0,D,0.25@0.5,10,True,19.17,47.0,1.84,1349447,-238052,19.33,49.4,1.61,2853882,-1121435,19.24,48.0,1.67,4203329,-1121435
SILVER,15,6.0,D+1h,0.1@0.3,10,False,5.75,69.6,2.7,1432951,-182353,7.22,75.4,1.33,1195015,-1392916,6.38,72.4,1.58,2627966,-1392916
SILVER,15,6.0,D+1h,0.1@0.3,10,True,5.75,69.6,2.73,1441051,-182353,7.22,75.4,1.33,1195015,-1392916,6.38,72.4,1.59,2636066,-1392916
SILVER,15,6.0,D+1h,0.15@0.3,0,False,2.67,71.9,2.58,531198,-119344,3.22,79.3,1.38,505423,-829086,2.9,75.4,1.62,1036621,-829086
SILVER,15,6.0,D+1h,0.15@0.3,0,True,2.67,71.9,2.65,539299,-119344,3.22,79.3,1.38,505423,-829086,2.9,75.4,1.63,1044721,-829086
SILVER,15,6.0,D+1h,0.15@0.3,5,False,6.67,73.8,2.62,1526998,-184652,8.33,73.3,1.15,686051,-1975202,7.38,73.5,1.4,2213049,-1975202
SILVER,15,6.0,D+1h,0.15@0.3,5,True,6.67,73.8,2.64,1535099,-184652,8.33,73.3,1.15,686051,-1975202,7.38,73.5,1.4,2221150,-1975202
SILVER,15,6.0,D+1h,0.15@0.3,10,False,6.42,72.7,2.63,1483074,-187253,7.56,75.0,1.45,1652993,-1377227,6.9,73.8,1.69,3136068,-1377227
SILVER,15,6.0,D+1h,0.15@0.3,10,True,6.42,72.7,2.65,1491175,-187253,7.56,75.0,1.45,1652993,-1377227,6.9,73.8,1.69,3144168,-1377227
SILVER,15,6.0,D+1h,0.2@0.4,0,False,2.67,68.8,3.35,849015,-119344,3.22,72.4,1.81,1273077,-588619,2.9,70.5,2.1,2122092,-588619
SILVER,15,6.0,D+1h,0.2@0.4,0,True,2.67,68.8,3.43,857116,-119344,3.22,72.4,1.81,1273077,-588619,2.9,70.5,2.11,2130192,-588619
SILVER,15,6.0,D+1h,0.2@0.4,5,False,5.5,74.2,3.3,1736992,-142980,6.67,65.0,1.36,1509665,-1134054,6.0,69.8,1.65,3246657,-1134054
SILVER,15,6.0,D+1h,0.2@0.4,5,True,5.5,74.2,3.33,1745093,-142980,6.67,65.0,1.36,1509665,-1134054,6.0,69.8,1.65,3254758,-1134054
SILVER,15,6.0,D+1h,0.2@0.4,10,False,5.33,70.3,3.09,1651566,-155101,6.56,66.1,1.56,2034287,-1034220,5.86,68.3,1.83,3685853,-1034220
SILVER,15,6.0,D+1h,0.2@0.4,10,True,5.33,70.3,3.12,1659667,-155101,6.56,66.1,1.56,2034287,-1034220,5.86,68.3,1.83,3693954,-1034220
SILVER,15,6.0,D+1h,0.25@0.5,0,False,2.67,62.5,2.48,610465,-227268,3.22,72.4,2.42,2226231,-510098,2.9,67.2,2.43,2836696,-510098
SILVER,15,6.0,D+1h,0.25@0.5,0,True,2.67,62.5,2.53,618566,-219167,3.22,72.4,2.42,2226231,-510098,2.9,67.2,2.44,2844796,-510098
SILVER,15,6.0,D+1h,0.25@0.5,5,False,5.58,68.7,3.05,1687130,-161854,6.33,63.2,1.47,1956294,-1119885,5.9,66.1,1.73,3643424,-1119885
SILVER,15,6.0,D+1h,0.25@0.5,5,True,5.58,68.7,3.08,1695230,-161854,6.33,63.2,1.47,1956294,-1119885,5.9,66.1,1.73,3651524,-1119885
SILVER,15,6.0,D+1h,0.25@0.5,10,False,5.42,66.2,2.8,1555175,-204743,6.22,66.1,1.76,2639447,-890321,5.76,66.1,1.96,4194622,-890321
SILVER,15,6.0,D+1h,0.25@0.5,10,True,5.42,66.2,2.83,1563275,-204743,6.22,66.1,1.76,2639447,-890321,5.76,66.1,1.97,4202723,-890321
SILVER,15,6.0,D+4h,0.1@0.3,0,False,2.83,67.6,2.81,853668,-229678,4.78,69.8,0.87,-412643,-2382062,3.67,68.8,1.12,441025,-2382062
SILVER,15,6.0,D+4h,0.1@0.3,0,True,2.83,58.8,2.11,339090,-124229,4.78,60.5,1.03,35552,-898587,3.67,59.7,1.22,374643,-898587
SILVER,15,6.0,D+4h,0.1@0.3,5,False,4.17,74.0,3.28,1393211,-190504,7.44,71.6,1.27,1318090,-1928193,5.57,72.6,1.49,2711301,-1928193
SILVER,15,6.0,D+4h,0.1@0.3,5,True,9.42,54.9,2.44,1134772,-183725,15.0,51.9,1.17,776237,-1249794,11.81,53.2,1.37,1911008,-1249794
SILVER,15,6.0,D+4h,0.1@0.3,10,False,4.0,72.9,3.3,1403293,-190504,7.56,72.1,1.17,859694,-2214505,5.52,72.4,1.4,2262987,-2214505
SILVER,15,6.0,D+4h,0.1@0.3,10,True,8.83,53.8,2.34,1046477,-191510,14.11,54.3,1.19,787306,-1308184,11.1,54.1,1.38,1833783,-1308184
SILVER,15,6.0,D+4h,0.15@0.3,0,False,2.83,70.6,2.43,673858,-225111,4.78,69.8,0.95,-159740,-2186947,3.67,70.1,1.14,514117,-2186947
SILVER,15,6.0,D+4h,0.15@0.3,0,True,2.83,61.8,2.24,376303,-124229,4.78,60.5,1.17,230296,-767790,3.67,61.0,1.36,606599,-767790
SILVER,15,6.0,D+4h,0.15@0.3,5,False,4.5,77.8,3.37,1448236,-190504,8.11,74.0,1.29,1416895,-2011130,6.05,75.6,1.52,2865131,-2011130
SILVER,15,6.0,D+4h,0.15@0.3,5,True,9.5,57.0,2.48,1200870,-199187,15.89,54.5,1.14,628092,-1286503,12.24,55.6,1.35,1828962,-1286503
SILVER,15,6.0,D+4h,0.15@0.3,10,False,4.25,76.5,3.36,1440179,-190504,7.67,72.5,1.26,1296276,-1965692,5.71,74.2,1.49,2736455,-1965692
SILVER,15,6.0,D+4h,0.15@0.3,10,True,9.08,56.0,2.39,1118726,-191510,14.44,55.4,1.24,976939,-1249794,11.38,55.6,1.43,2095665,-1249794
SILVER,15,6.0,D+4h,0.2@0.4,0,False,2.83,67.6,2.89,927701,-190504,4.78,67.4,1.22,747165,-1358983,3.67,67.5,1.43,1674866,-1358983
SILVER,15,6.0,D+4h,0.2@0.4,0,True,2.83,61.8,3.32,706122,-128195,4.78,58.1,1.73,1111275,-588619,3.67,59.7,2.0,1817397,-588619
SILVER,15,6.0,D+4h,0.2@0.4,5,False,4.42,71.7,2.89,1361096,-190504,7.11,68.8,1.59,2512058,-977930,5.57,70.1,1.77,3873155,-977930
SILVER,15,6.0,D+4h,0.2@0.4,5,True,9.0,54.6,2.74,1309964,-193663,14.22,49.2,1.7,2430420,-899665,11.24,51.7,1.89,3740383,-899665
SILVER,15,6.0,D+4h,0.2@0.4,10,False,4.67,71.4,2.67,1266456,-190504,7.0,69.8,1.67,2713718,-977608,5.67,70.6,1.83,3980174,-977608
SILVER,15,6.0,D+4h,0.2@0.4,10,True,8.5,53.9,2.79,1284828,-191510,13.33,50.8,1.73,2460905,-849450,10.57,52.3,1.92,3745732,-849450
SILVER,15,6.0,D+4h,0.25@0.5,0,False,2.83,64.7,2.62,857738,-190504,4.78,65.1,1.54,1887326,-838858,3.67,64.9,1.68,2745064,-838858
SILVER,15,6.0,D+4h,0.25@0.5,0,True,2.83,61.8,2.94,590943,-125561,4.78,58.1,2.36,2058485,-439896,3.67,59.7,2.45,2649428,-439896
SILVER,15,6.0,D+4h,0.25@0.5,5,False,4.33,69.2,2.56,1305905,-190504,6.56,66.1,1.66,2799761,-922877,5.29,67.6,1.81,4105666,-922877
SILVER,15,6.0,D+4h,0.25@0.5,5,True,9.33,54.5,2.42,1223916,-159518,13.56,47.5,1.93,3080660,-886811,11.14,50.9,2.03,4304576,-886811
SILVER,15,6.0,D+4h,0.25@0.5,10,False,4.33,67.3,2.39,1231680,-190504,6.56,67.8,1.76,3039366,-922475,5.29,67.6,1.88,4271045,-922475
SILVER,15,6.0,D+4h,0.25@0.5,10,True,8.83,52.8,2.2,1080716,-191510,12.78,49.6,1.98,3149090,-836596,10.52,51.1,2.03,4229806,-836596
SILVER,15,6.0,D+1h+4h,0.1@0.3,0,False,1.5,66.7,3.11,414602,-119344,2.44,77.3,1.1,118617,-885345,1.9,72.5,1.4,533219,-885345
SILVER,15,6.0,D+1h+4h,0.1@0.3,0,True,1.5,66.7,3.11,414602,-119344,2.44,77.3,1.1,118617,-885345,1.9,72.5,1.4,533219,-885345
SILVER,15,6.0,D+1h+4h,0.1@0.3,5,False,3.75,75.6,3.23,1096890,-134890,5.56,72.0,1.3,1073057,-1249794,4.52,73.7,1.54,2169947,-1249794
SILVER,15,6.0,D+1h+4h,0.1@0.3,5,True,3.75,75.6,3.23,1096890,-134890,5.56,72.0,1.3,1073057,-1249794,4.52,73.7,1.54,2169947,-1249794
SILVER,15,6.0,D+1h+4h,0.1@0.3,10,False,3.67,75.0,3.04,1016934,-134890,5.44,75.5,1.41,1255302,-1249794,4.43,75.3,1.64,2272236,-1249794
SILVER,15,6.0,D+1h+4h,0.1@0.3,10,True,3.67,75.0,3.04,1016934,-134890,5.44,75.5,1.41,1255302,-1249794,4.43,75.3,1.64,2272236,-1249794
SILVER,15,6.0,D+1h+4h,0.15@0.3,0,False,1.5,72.2,3.3,451815,-119344,2.44,77.3,1.27,313360,-790201,1.9,75.0,1.57,765175,-790201
SILVER,15,6.0,D+1h+4h,0.15@0.3,0,True,1.5,72.2,3.3,451815,-119344,2.44,77.3,1.27,313360,-790201,1.9,75.0,1.57,765175,-790201
SILVER,15,6.0,D+1h+4h,0.15@0.3,5,False,3.92,78.7,3.2,1154835,-142980,6.22,75.0,1.32,1131695,-1429483,4.9,76.7,1.56,2286530,-1429483
SILVER,15,6.0,D+1h+4h,0.15@0.3,5,True,3.92,78.7,3.2,1154835,-142980,6.22,75.0,1.32,1131695,-1429483,4.9,76.7,1.56,2286530,-1429483
SILVER,15,6.0,D+1h+4h,0.15@0.3,10,False,3.92,76.6,3.06,1082247,-131638,5.56,76.0,1.54,1651717,-1249794,4.62,76.3,1.76,2733964,-1249794
SILVER,15,6.0,D+1h+4h,0.15@0.3,10,True,3.92,76.6,3.06,1082247,-131638,5.56,76.0,1.54,1651717,-1249794,4.62,76.3,1.76,2733964,-1249794
SILVER,15,6.0,D+1h+4h,0.2@0.4,0,False,1.5,72.2,4.98,781633,-119344,2.44,72.7,1.94,1194340,-588619,1.9,72.5,2.35,1975973,-588619
SILVER,15,6.0,D+1h+4h,0.2@0.4,0,True,1.5,72.2,4.98,781633,-119344,2.44,72.7,1.94,1194340,-588619,1.9,72.5,2.35,1975973,-588619
SILVER,15,6.0,D+1h+4h,0.2@0.4,5,False,3.5,81.0,3.9,1277725,-142980,4.89,68.2,1.98,2527140,-828795,4.1,74.4,2.27,3804865,-828795
SILVER,15,6.0,D+1h+4h,0.2@0.4,5,True,3.5,81.0,3.9,1277725,-142980,4.89,68.2,1.98,2527140,-828795,4.1,74.4,2.27,3804865,-828795
SILVER,15,6.0,D+1h+4h,0.2@0.4,10,False,3.42,80.5,4.05,1261992,-121168,4.78,69.8,2.18,2728800,-828795,4.0,75.0,2.46,3990793,-828795
SILVER,15,6.0,D+1h+4h,0.2@0.4,10,True,3.42,80.5,4.05,1261992,-121168,4.78,69.8,2.18,2728800,-828795,4.0,75.0,2.46,3990793,-828795
SILVER,15,6.0,D+1h+4h,0.25@0.5,0,False,1.5,72.2,4.4,666455,-129178,2.44,72.7,2.69,2141549,-362049,1.9,72.5,2.92,2808004,-362049
SILVER,15,6.0,D+1h+4h,0.25@0.5,0,True,1.5,72.2,4.4,666455,-129178,2.44,72.7,2.69,2141549,-362049,1.9,72.5,2.92,2808004,-362049
SILVER,15,6.0,D+1h+4h,0.25@0.5,5,False,3.58,76.7,3.33,1225211,-119344,4.33,66.7,2.27,3073050,-815942,3.9,72.0,2.46,4298260,-815942
SILVER,15,6.0,D+1h+4h,0.25@0.5,5,True,3.58,76.7,3.33,1225211,-119344,4.33,66.7,2.27,3073050,-815942,3.9,72.0,2.46,4298260,-815942
SILVER,15,6.0,D+1h+4h,0.25@0.5,10,False,3.58,74.4,2.88,1090106,-121168,4.33,69.2,2.53,3312654,-815942,3.9,72.0,2.6,4402760,-815942
SILVER,15,6.0,D+1h+4h,0.25@0.5,10,True,3.58,74.4,2.88,1090106,-121168,4.33,69.2,2.53,3312654,-815942,3.9,72.0,2.6,4402760,-815942
SILVER,15,6.0,1h,0.1@0.3,0,False,4.67,60.7,0.85,-158309,-460444,5.22,70.2,1.25,659855,-1034491,4.9,65.0,1.14,501547,-1034491
SILVER,15,6.0,1h,0.1@0.3,0,True,4.67,60.7,0.86,-150208,-460444,5.22,70.2,1.25,659855,-1034491,4.9,65.0,1.14,509647,-1034491
SILVER,15,6.0,1h,0.1@0.3,5,False,11.42,68.6,1.23,536935,-582429,11.44,66.0,1.23,1682335,-1731133,11.43,67.5,1.23,2219269,-1731133
SILVER,15,6.0,1h,0.1@0.3,5,True,11.42,68.6,1.23,545035,-582429,11.44,66.0,1.23,1682335,-1731133,11.43,67.5,1.23,2227370,-1731133
SILVER,15,6.0,1h,0.1@0.3,10,False,10.75,67.4,1.1,246620,-597853,11.22,67.3,1.31,2093093,-1278586,10.95,67.4,1.25,2339713,-1278586
SILVER,15,6.0,1h,0.1@0.3,10,True,10.75,67.4,1.1,254721,-597853,11.22,67.3,1.31,2093093,-1278586,10.95,67.4,1.25,2347813,-1278586
SILVER,15,6.0,1h,0.15@0.3,0,False,4.67,66.1,0.96,-36821,-438109,5.22,72.3,1.37,973611,-931030,4.9,68.9,1.26,936790,-931030
SILVER,15,6.0,1h,0.15@0.3,0,True,4.67,66.1,0.97,-28721,-438109,5.22,72.3,1.37,973611,-931030,4.9,68.9,1.26,944890,-931030
SILVER,15,6.0,1h,0.15@0.3,5,False,12.42,71.8,1.27,652941,-579220,12.44,67.0,1.21,1597724,-1683040,12.43,69.7,1.22,2250665,-1683040
SILVER,15,6.0,1h,0.15@0.3,5,True,12.42,71.8,1.27,661042,-579220,12.44,67.0,1.21,1597724,-1683040,12.43,69.7,1.22,2258766,-1683040
SILVER,15,6.0,1h,0.15@0.3,10,False,11.92,68.5,1.07,201153,-571543,11.67,67.6,1.37,2536704,-1249794,11.81,68.1,1.28,2737856,-1249794
SILVER,15,6.0,1h,0.15@0.3,10,True,11.92,68.5,1.08,209253,-571543,11.67,67.6,1.37,2536704,-1249794,11.81,68.1,1.29,2745957,-1249794
SILVER,15,6.0,1h,0.2@0.4,0,False,4.67,62.5,1.23,251032,-322861,5.22,66.0,1.49,1463782,-839875,4.9,64.1,1.42,1714814,-839875
SILVER,15,6.0,1h,0.2@0.4,0,True,4.67,62.5,1.24,259133,-322861,5.22,66.0,1.49,1463782,-839875,4.9,64.1,1.42,1722914,-839875
SILVER,15,6.0,1h,0.2@0.4,5,False,11.25,65.9,1.18,495210,-547387,11.11,61.0,1.31,2336473,-1332047,11.19,63.8,1.28,2831683,-1332047
SILVER,15,6.0,1h,0.2@0.4,5,True,11.25,65.9,1.19,503311,-547387,11.11,61.0,1.31,2336473,-1332047,11.19,63.8,1.28,2839784,-1332047
SILVER,15,6.0,1h,0.2@0.4,10,False,10.5,65.1,1.18,468304,-545233,11.11,61.0,1.37,2658776,-1541676,10.76,63.3,1.32,3127080,-1541676
SILVER,15,6.0,1h,0.2@0.4,10,True,10.5,65.1,1.18,476405,-545233,11.11,61.0,1.37,2658776,-1541676,10.76,63.3,1.32,3135181,-1541676
SILVER,15,6.0,1h,0.25@0.5,0,False,4.67,60.7,1.06,63054,-418968,5.22,63.8,1.82,2555452,-786745,4.9,62.1,1.61,2618506,-786745
SILVER,15,6.0,1h,0.25@0.5,0,True,4.67,60.7,1.06,71154,-410868,5.22,63.8,1.82,2555452,-786745,4.9,62.1,1.62,2626606,-786745
SILVER,15,6.0,1h+4h,0.1@0.3,0,False,2.5,66.7,1.68,277456,-157160,2.89,73.1,1.49,708066,-797573,2.67,69.6,1.53,985522,-797573
SILVER,15,6.0,1h+4h,0.1@0.3,0,True,2.5,66.7,1.68,277456,-157160,2.89,73.1,1.49,708066,-797573,2.67,69.6,1.53,985522,-797573
SILVER,15,6.0,1h+4h,0.1@0.3,5,False,6.42,71.4,1.76,786118,-269235,7.0,69.8,1.66,2970271,-1771731,6.67,70.7,1.68,3756389,-1771731
SILVER,15,6.0,1h+4h,0.1@0.3,5,True,6.42,71.4,1.76,786118,-269235,7.0,69.8,1.66,2970271,-1771731,6.67,70.7,1.68,3756389,-1771731
SILVER,15,6.0,1h,0.25@0.5,5,False,10.58,64.6,1.3,738942,-486931,10.33,58.1,1.4,2988879,-1180126,10.48,61.8,1.38,3727820,-1180126
SILVER,15,6.0,1h,0.25@0.5,5,True,10.58,64.6,1.31,747042,-486931,10.33,58.1,1.4,2988879,-1180126,10.48,61.8,1.38,3735921,-1180126
SILVER,15,6.0,1h,0.25@0.5,10,False,10.0,64.2,1.23,566603,-518924,10.44,59.6,1.5,3513251,-1346385,10.19,62.1,1.43,4079853,-1346385
SILVER,15,6.0,1h,0.25@0.5,10,True,10.0,64.2,1.23,574703,-518924,10.44,59.6,1.5,3513251,-1346385,10.19,62.1,1.43,4087954,-1346385
SILVER,15,6.0,1h+4h,0.1@0.3,10,False,6.08,71.2,1.71,720351,-269220,6.89,72.6,1.79,3140670,-1771731,6.43,71.9,1.77,3861020,-1771731
SILVER,15,6.0,1h+4h,0.1@0.3,10,True,6.08,71.2,1.71,720351,-269220,6.89,72.6,1.79,3140670,-1771731,6.43,71.9,1.77,3861020,-1771731
SILVER,15,6.0,1h+4h,0.15@0.3,0,False,2.5,70.0,1.83,338498,-150104,2.89,73.1,1.63,907982,-781883,2.67,71.4,1.67,1246480,-781883
SILVER,15,6.0,1h+4h,0.15@0.3,0,True,2.5,70.0,1.83,338498,-150104,2.89,73.1,1.63,907982,-781883,2.67,71.4,1.67,1246480,-781883
SILVER,15,6.0,1h+4h,0.15@0.3,5,False,6.58,73.4,1.84,894148,-268733,7.78,71.4,1.61,2847051,-1777415,7.1,72.5,1.65,3741199,-1777415
SILVER,15,6.0,1h+4h,0.15@0.3,5,True,6.58,73.4,1.84,894148,-268733,7.78,71.4,1.61,2847051,-1777415,7.1,72.5,1.65,3741199,-1777415
SILVER,15,6.0,1h+4h,0.15@0.3,10,False,6.42,71.4,1.74,795155,-265850,7.11,71.9,1.8,3359257,-1756041,6.71,71.6,1.79,4154412,-1756041
SILVER,15,6.0,1h+4h,0.15@0.3,10,True,6.42,71.4,1.74,795155,-265850,7.11,71.9,1.8,3359257,-1756041,6.71,71.6,1.79,4154412,-1756041
SILVER,15,6.0,1h+4h,0.2@0.4,0,False,2.5,66.7,2.43,623678,-176333,2.89,69.2,2.14,1794575,-766195,2.67,67.9,2.21,2418253,-766195
SILVER,15,6.0,1h+4h,0.2@0.4,0,True,2.5,66.7,2.43,623678,-176333,2.89,69.2,2.14,1794575,-766195,2.67,67.9,2.21,2418253,-766195
SILVER,15,6.0,1h+4h,0.2@0.4,5,False,6.42,71.4,1.88,953604,-225901,6.33,64.9,2.16,4286900,-984807,6.38,68.7,2.1,5240504,-984807
SILVER,15,6.0,1h+4h,0.2@0.4,5,True,6.42,71.4,1.88,953604,-225901,6.33,64.9,2.16,4286900,-984807,6.38,68.7,2.1,5240504,-984807
SILVER,15,6.0,1h+4h,0.2@0.4,10,False,6.0,72.2,1.98,968324,-225901,6.44,65.5,2.19,4318965,-1123410,6.19,69.2,2.14,5287288,-1123410
SILVER,15,6.0,1h+4h,0.2@0.4,10,True,6.0,72.2,1.98,968324,-225901,6.44,65.5,2.19,4318965,-1123410,6.19,69.2,2.14,5287288,-1123410
SILVER,15,6.0,1h+4h,0.25@0.5,0,False,2.5,70.0,2.3,550350,-169457,2.89,69.2,2.75,2747179,-464145,2.67,69.6,2.66,3297529,-464145
SILVER,15,6.0,1h+4h,0.25@0.5,0,True,2.5,70.0,2.3,550350,-169457,2.89,69.2,2.75,2747179,-464145,2.67,69.6,2.66,3297529,-464145
SILVER,15,6.0,1h+4h,0.25@0.5,5,False,6.08,71.2,1.9,974014,-292603,5.78,63.5,2.37,4867526,-984807,5.95,68.0,2.26,5841541,-984807
SILVER,15,6.0,1h+4h,0.25@0.5,5,True,6.08,71.2,1.9,974014,-292603,5.78,63.5,2.37,4867526,-984807,5.95,68.0,2.26,5841541,-984807
SILVER,15,6.0,1h+4h,0.25@0.5,10,False,5.83,70.0,1.77,853535,-292603,6.0,64.8,2.42,4950496,-1071322,5.9,67.7,2.26,5804031,-1071322
SILVER,15,6.0,1h+4h,0.25@0.5,10,True,5.83,70.0,1.77,853535,-292603,6.0,64.8,2.42,4950496,-1071322,5.9,67.7,2.26,5804031,-1071322
GOLD,3,4.0,D,0.1@0.3,0,False,54.83,16.4,0.53,-3905958,-3933648,57.11,22.6,0.74,-3252921,-4700235,55.81,19.1,0.66,-7158879,-7158879
GOLD,3,4.0,D,0.1@0.3,0,True,54.83,12.3,0.42,-3897036,-3909887,57.11,19.5,0.7,-3070564,-4325586,55.81,15.4,0.59,-6967599,-6980451
GOLD,3,4.0,D,0.1@0.3,5,False,73.67,16.5,0.6,-4186039,-4213729,77.78,23.1,0.79,-3405347,-6100396,75.43,19.4,0.71,-7591386,-7591386
GOLD,3,4.0,D,0.1@0.3,5,True,124.0,13.2,0.36,-8066138,-8066138,112.56,22.1,0.63,-5931989,-7798677,119.1,16.8,0.51,-13998127,-13998127
GOLD,3,4.0,D,0.1@0.3,10,False,68.92,17.0,0.62,-3768148,-3795838,70.56,23.5,0.78,-3343934,-5682241,69.62,19.8,0.72,-7112081,-7112081
GOLD,3,4.0,D,0.1@0.3,10,True,103.08,12.6,0.39,-6714496,-6714496,90.78,21.4,0.68,-4417232,-6359568,97.81,16.1,0.55,-11131728,-11131728
GOLD,3,4.0,D,0.15@0.3,0,False,54.83,20.4,0.47,-4235510,-4263200,57.11,34.6,0.56,-5342995,-6140307,55.81,26.6,0.52,-9578506,-9578506
GOLD,3,4.0,D,0.15@0.3,0,True,54.83,14.3,0.41,-3828895,-3851882,57.11,25.9,0.53,-4649329,-5213233,55.81,19.4,0.48,-8478225,-8501212
GOLD,3,4.0,D,0.2@0.4,0,False,54.83,30.7,0.59,-3485563,-3513253,57.11,47.7,0.73,-3399445,-4115882,55.81,38.1,0.68,-6885008,-6885008
GOLD,3,4.0,D,0.2@0.4,0,True,54.83,21.6,0.47,-3510053,-3551734,57.11,33.5,0.63,-3805330,-4247089,55.81,26.8,0.57,-7315383,-7357063
GOLD,3,4.0,D,0.2@0.4,5,False,72.33,31.2,0.64,-3819301,-3944322,76.78,47.9,0.79,-3541988,-5802964,74.24,38.6,0.73,-7361288,-7361288
GOLD,3,4.0,D,0.2@0.4,5,True,122.08,19.1,0.39,-7586351,-7596570,112.33,31.9,0.61,-6432000,-7896973,117.9,24.4,0.52,-14018351,-14018351
GOLD,3,4.0,D,0.15@0.3,5,False,77.92,21.5,0.57,-4529553,-4557243,82.33,36.3,0.73,-4297579,-6968476,79.81,28.0,0.67,-8827133,-8827133
GOLD,3,4.0,D,0.15@0.3,5,True,126.0,14.9,0.36,-8142317,-8142317,115.56,27.9,0.59,-6576333,-8345519,121.52,20.2,0.49,-14718650,-14718650
GOLD,3,4.0,D,0.15@0.3,10,False,71.58,22.2,0.59,-3977896,-4005586,73.33,37.3,0.72,-4159593,-6217197,72.33,28.8,0.67,-8137489,-8137489
GOLD,3,4.0,D,0.15@0.3,10,True,104.42,14.7,0.39,-6660269,-6660269,92.89,28.5,0.63,-5073114,-6658485,99.48,20.2,0.52,-11733383,-11733383
GOLD,3,4.0,D,0.2@0.4,10,False,68.08,31.9,0.65,-3527220,-3652242,70.0,49.0,0.78,-3344490,-5228159,68.9,39.4,0.73,-6871710,-6871710
GOLD,3,4.0,D,0.2@0.4,10,True,101.83,19.6,0.42,-6324421,-6407949,91.44,33.8,0.64,-5181157,-6505393,97.38,25.3,0.55,-11505578,-11505578
GOLD,3,4.0,D,0.25@0.5,0,False,54.83,36.5,0.76,-2164154,-2192536,57.11,52.9,0.79,-2780714,-3511207,55.81,43.7,0.78,-4944868,-4944868
GOLD,3,4.0,D,0.25@0.5,0,True,54.83,25.1,0.58,-2923824,-3018562,57.11,36.4,0.66,-3761742,-4178314,55.81,30.0,0.63,-6685565,-6716892
GOLD,3,4.0,D+1h,0.1@0.3,0,False,33.5,13.2,0.55,-2166053,-2264999,34.78,25.2,0.99,-86014,-1751676,34.05,18.5,0.81,-2252067,-2577482
GOLD,3,4.0,D+1h,0.1@0.3,0,True,33.5,13.2,0.56,-2131956,-2230903,34.78,25.2,0.99,-86014,-1751676,34.05,18.5,0.81,-2217970,-2543385
GOLD,3,4.0,D+1h,0.1@0.3,5,False,48.42,13.6,0.6,-2668627,-2744684,47.56,26.2,0.96,-375781,-2425301,48.05,18.9,0.81,-3044408,-3101987
GOLD,3,4.0,D+1h,0.1@0.3,5,True,48.42,13.6,0.6,-2634530,-2710587,47.56,26.2,0.96,-375781,-2425301,48.05,18.9,0.81,-3010311,-3067890
GOLD,3,4.0,D,0.25@0.5,5,False,66.5,36.3,0.77,-2444355,-2585532,73.0,52.8,0.87,-2169589,-4591066,69.29,43.8,0.83,-4613944,-4613944
GOLD,3,4.0,D,0.25@0.5,5,True,118.75,21.0,0.46,-6862168,-6876053,110.0,33.4,0.66,-5864933,-7461837,115.0,26.1,0.57,-12727101,-12727101
GOLD,3,4.0,D,0.25@0.5,10,False,63.75,36.6,0.79,-2158222,-2299399,67.44,54.4,0.87,-1984249,-3970802,65.33,44.5,0.84,-4142471,-4142471
GOLD,3,4.0,D,0.25@0.5,10,True,99.42,21.4,0.5,-5567214,-5654407,89.44,35.2,0.68,-4707941,-6104676,95.14,26.9,0.6,-10275155,-10275155
GOLD,3,4.0,D+1h,0.1@0.3,10,False,45.25,14.2,0.62,-2434577,-2510633,43.56,25.8,1.01,56166,-2056791,44.52,19.0,0.84,-2378411,-2627665
GOLD,3,4.0,D+1h,0.1@0.3,10,True,45.25,14.2,0.62,-2400480,-2476536,43.56,25.8,1.01,56166,-2056791,44.52,19.0,0.84,-2344314,-2593568
GOLD,3,4.0,D+1h,0.15@0.3,0,False,33.5,16.4,0.54,-2096990,-2211565,34.78,35.8,0.75,-1680353,-2428426,34.05,24.9,0.67,-3777343,-3886424
GOLD,3,4.0,D+1h,0.15@0.3,0,True,33.5,16.4,0.55,-2062893,-2177468,34.78,35.8,0.75,-1680353,-2428426,34.05,24.9,0.67,-3743246,-3852328
GOLD,3,4.0,D+1h,0.2@0.4,0,False,33.5,28.1,0.63,-1770632,-1898407,34.78,48.2,0.89,-825607,-1593249,34.05,36.9,0.78,-2596239,-2727667
GOLD,3,4.0,D+1h,0.2@0.4,0,True,33.5,28.1,0.64,-1736535,-1864311,34.78,48.2,0.89,-825607,-1593249,34.05,36.9,0.79,-2562142,-2693570
GOLD,3,4.0,D+1h,0.2@0.4,5,False,46.33,28.6,0.66,-2222363,-2509800,47.33,48.1,0.91,-869471,-2554501,46.76,37.1,0.81,-3091834,-3179117
GOLD,3,4.0,D+1h,0.2@0.4,5,True,46.33,28.6,0.66,-2188266,-2475703,47.33,48.1,0.91,-869471,-2554501,46.76,37.1,0.81,-3057738,-3145021
GOLD,3,4.0,D+1h,0.2@0.4,10,False,43.83,29.7,0.67,-2081029,-2350561,44.22,50.0,0.92,-713480,-2184070,44.0,38.4,0.82,-2794509,-2863886
GOLD,3,4.0,D+1h,0.2@0.4,10,True,43.83,29.7,0.67,-2046933,-2316464,44.22,50.0,0.92,-713480,-2184070,44.0,38.4,0.82,-2760413,-2829790
GOLD,3,4.0,D+1h,0.25@0.5,0,False,33.5,34.1,0.77,-1186218,-1400971,34.78,53.0,0.9,-786812,-1766830,34.05,42.4,0.85,-1973030,-2469727
GOLD,3,4.0,D+1h,0.25@0.5,0,True,33.5,34.1,0.77,-1152121,-1366875,34.78,53.0,0.9,-786812,-1766830,34.05,42.4,0.85,-1938934,-2435630
GOLD,3,4.0,D+1h,0.15@0.3,5,False,50.58,17.6,0.59,-2758418,-2827591,50.56,38.2,0.89,-1036679,-3015097,50.57,26.5,0.76,-3795097,-3815825
GOLD,3,4.0,D+1h,0.15@0.3,5,True,50.58,17.6,0.59,-2724322,-2793495,50.56,38.2,0.89,-1036679,-3015097,50.57,26.5,0.76,-3761000,-3781729
GOLD,3,4.0,D+1h,0.15@0.3,10,False,46.75,18.4,0.61,-2406409,-2523371,45.67,38.7,0.93,-612809,-2296641,46.29,27.0,0.79,-3019218,-3087735
GOLD,3,4.0,D+1h,0.15@0.3,10,True,46.75,18.4,0.62,-2372312,-2489274,45.67,38.7,0.93,-612809,-2296641,46.29,27.0,0.8,-2985121,-3053639
GOLD,3,4.0,D+1h,0.25@0.5,5,False,43.0,34.7,0.78,-1500982,-1761106,45.0,53.1,0.98,-230319,-2181327,43.86,42.8,0.9,-1731301,-2181327
GOLD,3,4.0,D+1h,0.25@0.5,5,True,43.0,34.7,0.78,-1466886,-1727010,45.0,53.1,0.98,-230319,-2181327,43.86,42.8,0.9,-1697205,-2181327
GOLD,3,4.0,D+1h,0.25@0.5,10,False,41.42,34.8,0.8,-1325424,-1588267,42.22,54.5,0.98,-165928,-1972471,41.76,43.3,0.91,-1491352,-1972471
GOLD,3,4.0,D+1h,0.25@0.5,10,True,41.42,34.8,0.8,-1291328,-1554171,42.22,54.5,0.98,-165928,-1972471,41.76,43.3,0.91,-1457256,-1972471
GOLD,3,4.0,D+4h,0.1@0.3,0,False,35.83,14.9,0.4,-3434277,-3560913,40.33,22.9,0.76,-2259813,-3859844,37.76,18.5,0.63,-5694090,-5945752
GOLD,3,4.0,D+4h,0.1@0.3,0,True,35.83,11.6,0.42,-2683385,-2782332,40.33,19.6,0.86,-1003313,-2278150,37.76,15.3,0.69,-3686699,-3805459
GOLD,3,4.0,D+4h,0.1@0.3,5,False,48.5,14.6,0.47,-3932079,-4017348,55.67,24.2,0.84,-1949751,-4797516,51.57,19.0,0.7,-5881830,-6092125
GOLD,3,4.0,D+4h,0.1@0.3,5,True,64.67,12.0,0.41,-4248004,-4305583,78.89,23.0,0.77,-2615973,-4483786,70.76,17.2,0.63,-6863976,-6922681
GOLD,3,4.0,D+4h,0.1@0.3,10,False,45.83,15.1,0.46,-3848764,-3934033,49.78,24.6,0.84,-1754960,-4245983,47.52,19.3,0.7,-5603723,-5814018
GOLD,3,4.0,D+4h,0.1@0.3,10,True,55.83,12.1,0.43,-3764428,-3822007,63.22,23.2,0.88,-1164992,-3113904,59.0,17.2,0.7,-4929419,-4993575
GOLD,3,4.0,D+4h,0.15@0.3,0,False,35.83,18.6,0.41,-3240166,-3376938,40.33,35.5,0.63,-3370580,-4322338,37.76,26.4,0.55,-6610746,-6874275
GOLD,3,4.0,D+4h,0.15@0.3,0,True,35.83,14.4,0.42,-2594475,-2703557,40.33,27.8,0.68,-2306099,-2889816,37.76,20.6,0.58,-4900574,-5029470
GOLD,3,4.0,D+4h,0.15@0.3,5,False,49.83,18.9,0.48,-3802816,-3851234,58.33,37.7,0.82,-2147147,-4972491,53.48,27.7,0.69,-5949963,-6125139
GOLD,3,4.0,D+4h,0.15@0.3,5,True,66.0,14.5,0.41,-4286481,-4307209,81.22,30.0,0.73,-3011177,-4781551,72.52,21.9,0.61,-7297658,-7319574
GOLD,3,4.0,D+4h,0.15@0.3,10,False,46.58,19.5,0.48,-3637033,-3733240,51.67,38.5,0.81,-2041908,-4253959,48.76,28.1,0.68,-5678941,-5901905
GOLD,3,4.0,D+4h,0.15@0.3,10,True,56.58,15.0,0.43,-3693090,-3761607,64.89,31.5,0.82,-1700862,-3295837,60.14,22.6,0.66,-5393951,-5472073
GOLD,3,4.0,D+4h,0.2@0.4,0,False,35.83,28.4,0.44,-3271086,-3426551,40.33,47.4,0.78,-2120526,-2993141,37.76,37.1,0.65,-5391611,-5675565
GOLD,3,4.0,D+4h,0.2@0.4,0,True,35.83,22.8,0.47,-2413508,-2541283,40.33,34.7,0.77,-1724604,-2186177,37.76,28.2,0.65,-4138112,-4285701
GOLD,3,4.0,D+4h,0.2@0.4,5,False,47.0,28.5,0.52,-3475382,-3687687,55.22,48.3,0.88,-1503797,-3920952,50.52,37.8,0.74,-4979179,-5222640
GOLD,3,4.0,D+4h,0.2@0.4,5,True,63.17,20.7,0.46,-3760133,-3857635,79.11,33.4,0.76,-2720470,-4192325,70.0,26.9,0.65,-6480602,-6574768
GOLD,3,4.0,D+4h,0.2@0.4,10,False,44.75,29.2,0.52,-3392733,-3587132,50.11,49.9,0.89,-1229960,-3269807,47.05,38.7,0.75,-4622693,-4848249
GOLD,3,4.0,D+4h,0.2@0.4,10,True,54.75,21.8,0.49,-3291941,-3444846,64.56,36.1,0.84,-1571618,-2925901,58.95,28.5,0.7,-4863559,-4945857
GOLD,3,4.0,D+4h,0.25@0.5,0,False,35.83,34.4,0.56,-2792764,-2938568,40.33,54.0,0.82,-1859113,-2747715,37.76,43.4,0.72,-4651877,-4927407
GOLD,3,4.0,D+4h,0.25@0.5,0,True,35.83,27.4,0.6,-1953748,-2134581,40.33,38.8,0.79,-1676862,-2113248,37.76,32.7,0.72,-3630609,-3767845
GOLD,3,4.0,D+4h,0.25@0.5,5,False,43.17,34.0,0.64,-2694675,-2892156,52.0,54.3,0.95,-616026,-3229538,46.95,43.6,0.83,-3310702,-3559041
GOLD,3,4.0,D+4h,0.25@0.5,5,True,60.17,23.4,0.57,-3124014,-3194203,77.0,35.6,0.81,-2242256,-3935151,67.38,29.4,0.72,-5366270,-5518565
GOLD,3,4.0,D+4h,0.25@0.5,10,False,41.92,34.4,0.64,-2652402,-2852602,47.78,56.0,0.97,-311808,-2490397,44.43,44.4,0.84,-2964210,-3215268
GOLD,3,4.0,D+4h,0.25@0.5,10,True,52.5,24.8,0.6,-2624071,-2770287,62.89,38.3,0.89,-1150755,-2838140,56.95,31.2,0.77,-3774826,-3935290
GOLD,3,4.0,D+1h+4h,0.1@0.3,10,False,33.67,13.9,0.57,-2113655,-2189712,31.11,28.2,1.29,1785681,-1268532,32.57,19.7,0.97,-327974,-2306744
GOLD,3,4.0,D+1h+4h,0.1@0.3,10,True,33.67,13.9,0.57,-2079559,-2155615,31.11,28.2,1.29,1785681,-1268532,32.57,19.7,0.97,-293877,-2272647
GOLD,3,4.0,D+1h+4h,0.15@0.3,0,False,25.08,16.6,0.51,-1716107,-1830682,25.33,39.0,0.97,-155062,-1213981,25.19,26.3,0.78,-1871170,-2299868
GOLD,3,4.0,D+1h+4h,0.15@0.3,0,True,25.08,16.6,0.52,-1682011,-1796586,25.33,39.0,0.97,-155062,-1213981,25.19,26.3,0.78,-1837073,-2265772
GOLD,3,4.0,D+1h+4h,0.1@0.3,0,False,25.08,12.6,0.51,-1806909,-1905855,25.33,25.9,1.23,1159011,-1299208,25.19,18.3,0.93,-647897,-2122017
GOLD,3,4.0,D+1h+4h,0.1@0.3,0,True,25.08,12.6,0.51,-1772812,-1871759,25.33,25.9,1.23,1159011,-1299208,25.19,18.3,0.93,-613801,-2087920
GOLD,3,4.0,D+1h+4h,0.1@0.3,5,False,35.58,13.6,0.57,-2110844,-2186900,34.89,28.0,1.17,1153821,-1549234,35.29,19.7,0.92,-957022,-2303932
GOLD,3,4.0,D+1h+4h,0.1@0.3,5,True,35.58,13.6,0.57,-2076747,-2152803,34.89,28.0,1.17,1153821,-1549234,35.29,19.7,0.92,-922926,-2269835
GOLD,3,4.0,D+1h+4h,0.15@0.3,5,False,36.92,18.3,0.56,-2145707,-2214881,37.22,42.1,1.11,764013,-1518181,37.05,28.5,0.88,-1381695,-2292894
GOLD,3,4.0,D+1h+4h,0.15@0.3,5,True,36.92,18.3,0.57,-2111611,-2180784,37.22,42.1,1.11,764013,-1518181,37.05,28.5,0.88,-1347598,-2258797
GOLD,3,4.0,D+1h+4h,0.15@0.3,10,False,34.42,18.6,0.57,-2040754,-2157716,32.78,43.1,1.21,1258184,-1264452,33.71,28.8,0.93,-782570,-2272173
GOLD,3,4.0,D+1h+4h,0.15@0.3,10,True,34.42,18.6,0.57,-2006658,-2123620,32.78,43.1,1.21,1258184,-1264452,33.71,28.8,0.93,-748473,-2238076
GOLD,3,4.0,D+1h+4h,0.2@0.4,0,False,25.08,28.6,0.58,-1535072,-1662848,25.33,50.0,1.08,428225,-894165,25.19,37.8,0.87,-1106847,-2266380
GOLD,3,4.0,D+1h+4h,0.2@0.4,0,True,25.08,28.6,0.58,-1500976,-1628751,25.33,50.0,1.08,428225,-894165,25.19,37.8,0.88,-1072751,-2232284
GOLD,3,4.0,D+1h+4h,0.2@0.4,5,False,34.08,29.6,0.65,-1626396,-1913833,35.11,50.6,1.16,1078546,-1352051,34.52,38.8,0.95,-547850,-2081456
GOLD,3,4.0,D+1h+4h,0.2@0.4,5,True,34.08,29.6,0.66,-1592300,-1879737,35.11,50.6,1.16,1078546,-1352051,34.52,38.8,0.96,-513754,-2047359
GOLD,3,4.0,D+1h+4h,0.2@0.4,10,False,32.58,29.9,0.65,-1645793,-1915324,32.44,52.7,1.22,1401537,-997467,32.52,39.7,0.98,-244256,-2091458
GOLD,3,4.0,D+1h+4h,0.2@0.4,10,True,32.58,29.9,0.65,-1611696,-1881227,32.44,52.7,1.22,1401537,-997467,32.52,39.7,0.98,-210159,-2057361
GOLD,3,4.0,D+1h+4h,0.25@0.5,0,False,25.08,35.2,0.73,-1077271,-1292024,25.33,56.6,1.08,471174,-1047681,25.19,44.4,0.94,-606097,-1819670
GOLD,3,4.0,D+1h+4h,0.25@0.5,0,True,25.08,35.2,0.73,-1043174,-1257928,25.33,56.6,1.08,471174,-1047681,25.19,44.4,0.94,-572000,-1785573
GOLD,3,4.0,D+1h+4h,0.25@0.5,5,False,31.08,35.7,0.8,-993108,-1253232,33.0,56.9,1.22,1554137,-1138841,31.9,45.1,1.05,561029,-1350298
GOLD,3,4.0,D+1h+4h,0.25@0.5,5,True,31.08,35.7,0.8,-959012,-1219136,33.0,56.9,1.22,1554137,-1138841,31.9,45.1,1.05,595126,-1316202
GOLD,3,4.0,D+1h+4h,0.25@0.5,10,False,30.33,35.7,0.8,-979553,-1242396,30.78,58.5,1.28,1805675,-929570,30.52,45.6,1.07,826123,-1397132
GOLD,3,4.0,D+1h+4h,0.25@0.5,10,True,30.33,35.7,0.8,-945456,-1208299,30.78,58.5,1.28,1805675,-929570,30.52,45.6,1.08,860219,-1363036
GOLD,3,4.0,1h,0.1@0.3,0,False,58.0,13.9,0.56,-3629257,-3629257,56.0,24.8,1.15,1570633,-2127074,57.14,18.5,0.89,-2058624,-3989252
GOLD,3,4.0,1h,0.1@0.3,0,True,58.0,13.9,0.56,-3595161,-3595161,56.0,24.8,1.16,1703219,-1994488,57.14,18.5,0.9,-1891942,-3955155
GOLD,3,4.0,1h,0.1@0.3,5,False,82.67,14.1,0.58,-4842432,-4842432,76.0,25.1,1.01,173030,-2871780,79.81,18.6,0.82,-4669402,-5127781
GOLD,3,4.0,1h,0.1@0.3,5,True,82.67,14.1,0.58,-4808336,-4808336,76.0,25.1,1.02,305616,-2739194,79.81,18.6,0.83,-4502720,-5093685
GOLD,3,4.0,1h,0.1@0.3,10,False,76.67,15.0,0.61,-4179116,-4242998,69.89,25.1,1.04,494403,-2687074,73.76,19.1,0.85,-3684712,-4460084
GOLD,3,4.0,1h,0.1@0.3,10,True,76.67,15.0,0.61,-4145019,-4208901,69.89,25.1,1.05,626989,-2554488,73.76,19.1,0.86,-3518030,-4425987
GOLD,3,4.0,1h,0.15@0.3,0,False,58.0,18.2,0.54,-3649651,-3667923,56.0,35.7,1.01,127775,-2036614,57.14,25.6,0.8,-3521877,-4506148
GOLD,3,4.0,1h,0.15@0.3,0,True,58.0,18.2,0.54,-3615555,-3633827,56.0,35.7,1.02,247368,-1917021,57.14,25.6,0.81,-3368187,-4472051
GOLD,3,4.0,1h,0.15@0.3,5,False,87.67,18.6,0.54,-5207528,-5213711,80.67,37.1,0.97,-417434,-3363994,84.67,26.2,0.78,-5624962,-5624962
GOLD,3,4.0,1h,0.15@0.3,5,True,87.67,18.6,0.55,-5173432,-5179615,80.67,37.1,0.98,-297841,-3244401,84.67,26.2,0.79,-5471272,-5485590
GOLD,3,4.0,1h,0.15@0.3,10,False,79.92,19.7,0.58,-4354416,-4429190,73.0,37.6,0.99,-171831,-3046130,76.95,27.0,0.81,-4526247,-4657251
GOLD,3,4.0,1h,0.15@0.3,10,True,79.92,19.7,0.59,-4320319,-4395093,73.0,37.6,1.0,-52238,-2926537,76.95,27.0,0.82,-4372557,-4623154
GOLD,3,4.0,1h,0.2@0.4,0,False,58.0,27.4,0.6,-3429853,-3458783,56.0,48.2,1.15,1576568,-1284093,57.14,36.2,0.9,-1853285,-4402939
GOLD,3,4.0,1h,0.2@0.4,0,True,58.0,27.4,0.6,-3395756,-3424686,56.0,48.2,1.16,1683197,-1177464,57.14,36.2,0.91,-1712559,-4368843
GOLD,3,4.0,1h,0.2@0.4,5,False,79.58,28.2,0.62,-4332148,-4514891,75.67,48.0,1.04,669429,-2183327,77.9,36.4,0.86,-3662719,-4953826
GOLD,3,4.0,1h,0.2@0.4,5,True,79.58,28.2,0.62,-4298051,-4480794,75.67,48.0,1.05,776058,-2076698,77.9,36.4,0.87,-3521994,-4919729
GOLD,3,4.0,1h,0.2@0.4,10,False,74.83,29.1,0.62,-4248964,-4431707,70.33,49.3,1.01,90207,-2218276,72.9,37.4,0.84,-4158757,-4841272
GOLD,3,4.0,1h,0.2@0.4,10,True,74.83,29.1,0.62,-4214867,-4397610,70.33,49.3,1.01,196836,-2111647,72.9,37.4,0.84,-4018031,-4807175
GOLD,3,4.0,1h,0.25@0.5,0,False,58.0,32.8,0.7,-2708334,-2809602,56.0,54.6,1.19,2211733,-1614640,57.14,41.9,0.98,-496601,-3595303
GOLD,3,4.0,1h,0.25@0.5,0,True,58.0,32.8,0.71,-2674237,-2775505,56.0,54.6,1.2,2305398,-1520975,57.14,41.9,0.98,-368839,-3561207
GOLD,3,4.0,1h+4h,0.1@0.3,0,False,35.0,12.6,0.47,-2867154,-3002173,32.44,25.3,1.13,847268,-1789718,33.9,17.8,0.83,-2019885,-3352698
GOLD,3,4.0,1h+4h,0.1@0.3,0,True,35.0,12.6,0.47,-2833057,-2968077,32.44,25.3,1.15,979854,-1729153,33.9,17.8,0.84,-1853203,-3258037
GOLD,3,4.0,1h+4h,0.1@0.3,5,False,49.67,14.3,0.55,-3202227,-3423164,44.44,27.5,1.07,578703,-1900002,47.43,19.6,0.83,-2623524,-3540196
GOLD,3,4.0,1h+4h,0.1@0.3,5,True,49.67,14.3,0.55,-3168130,-3389068,44.44,27.5,1.08,711289,-1864638,47.43,19.6,0.84,-2456841,-3506100
GOLD,3,4.0,1h,0.25@0.5,5,False,74.17,33.4,0.7,-3550097,-3752134,72.33,53.8,1.09,1387933,-2188571,73.38,42.0,0.92,-2162164,-4051042
GOLD,3,4.0,1h,0.25@0.5,5,True,74.17,33.4,0.7,-3516000,-3718037,72.33,53.8,1.09,1481597,-2094906,73.38,42.0,0.93,-2034403,-4016946
GOLD,3,4.0,1h,0.25@0.5,10,False,70.83,33.6,0.72,-3132048,-3334085,67.11,54.8,1.11,1683918,-1967807,69.24,42.4,0.94,-1448130,-3668446
GOLD,3,4.0,1h,0.25@0.5,10,True,70.83,33.6,0.72,-3097952,-3299988,67.11,54.8,1.12,1777583,-1874142,69.24,42.4,0.95,-1320369,-3634349
GOLD,3,4.0,1h+4h,0.1@0.3,10,False,46.17,14.8,0.55,-3130417,-3354218,40.22,27.6,1.14,1087971,-1767087,43.62,19.9,0.86,-2042446,-3471250
GOLD,3,4.0,1h+4h,0.1@0.3,10,True,46.17,14.8,0.55,-3096321,-3320122,40.22,27.6,1.15,1220557,-1733079,43.62,19.9,0.87,-1875764,-3437154
GOLD,3,4.0,1h+4h,0.15@0.3,0,False,35.0,17.4,0.44,-2900808,-3058329,32.44,39.7,0.94,-407114,-1682977,33.9,26.5,0.71,-3307922,-3987739
GOLD,3,4.0,1h+4h,0.15@0.3,0,True,35.0,17.4,0.44,-2866711,-3024232,32.44,39.7,0.95,-287521,-1648258,33.9,26.5,0.73,-3154233,-3918923
GOLD,3,4.0,1h+4h,0.2@0.4,0,False,35.0,28.6,0.52,-2636930,-2811710,32.44,50.3,1.09,563801,-1034683,33.9,37.5,0.83,-2073128,-3415243
GOLD,3,4.0,1h+4h,0.2@0.4,0,True,35.0,28.6,0.52,-2602833,-2777614,32.44,50.3,1.1,670430,-1034683,33.9,37.5,0.84,-1932403,-3381146
GOLD,3,4.0,1h+4h,0.2@0.4,5,False,47.75,30.5,0.61,-2726764,-3177095,44.78,51.4,1.13,1131352,-1631677,46.48,39.1,0.9,-1595412,-3344718
GOLD,3,4.0,1h+4h,0.2@0.4,5,True,47.75,30.5,0.62,-2692667,-3142999,44.78,51.4,1.14,1237981,-1631677,46.48,39.1,0.91,-1454686,-3310621
GOLD,3,4.0,1h+4h,0.15@0.3,5,False,52.0,19.2,0.52,-3434694,-3580557,47.33,41.5,1.03,218007,-1896222,50.0,28.3,0.8,-3216687,-3658570
GOLD,3,4.0,1h+4h,0.15@0.3,5,True,52.0,19.2,0.52,-3400598,-3546460,47.33,41.5,1.04,337600,-1892835,50.0,28.3,0.8,-3062997,-3624473
GOLD,3,4.0,1h+4h,0.15@0.3,10,False,47.17,19.8,0.53,-3212892,-3486782,42.22,42.1,1.07,549642,-1699229,45.05,28.8,0.82,-2663250,-3601239
GOLD,3,4.0,1h+4h,0.15@0.3,10,True,47.17,19.8,0.53,-3178795,-3452686,42.22,42.1,1.08,669235,-1694323,45.05,28.8,0.83,-2509560,-3567142
GOLD,3,4.0,1h+4h,0.2@0.4,10,False,45.33,30.7,0.58,-3008929,-3466751,41.33,53.2,1.19,1506562,-1244621,43.62,39.8,0.9,-1502367,-3642885
GOLD,3,4.0,1h+4h,0.2@0.4,10,True,45.33,30.7,0.58,-2974832,-3432655,41.33,53.2,1.2,1613191,-1244621,43.62,39.8,0.91,-1361641,-3608789
GOLD,3,4.0,1h+4h,0.25@0.5,0,False,35.0,34.8,0.66,-2046806,-2314057,32.44,57.2,1.1,688975,-986994,33.9,44.0,0.9,-1357831,-2841703
GOLD,3,4.0,1h+4h,0.25@0.5,0,True,35.0,34.8,0.66,-2012709,-2279960,32.44,57.2,1.11,782639,-986994,33.9,44.0,0.91,-1230070,-2807606
GOLD,3,4.0,1h+4h,0.25@0.5,5,False,44.0,35.4,0.72,-2024814,-2473099,41.89,57.6,1.19,1701983,-1421173,43.1,44.6,0.98,-322830,-2570165
GOLD,3,4.0,1h+4h,0.25@0.5,5,True,44.0,35.4,0.73,-1990717,-2439002,41.89,57.6,1.2,1795648,-1421173,43.1,44.6,0.99,-195069,-2536068
GOLD,3,4.0,1h+4h,0.25@0.5,10,False,42.33,36.0,0.74,-1847440,-2314642,39.11,58.2,1.24,1967837,-1198581,40.95,45.1,1.01,120397,-2469378
GOLD,3,4.0,1h+4h,0.25@0.5,10,True,42.33,36.0,0.74,-1813343,-2280545,39.11,58.2,1.25,2061502,-1198581,40.95,45.1,1.02,248158,-2435282
GOLD,3,5.0,D,0.1@0.3,0,False,38.17,21.2,0.83,-1076428,-1197032,39.78,29.3,0.69,-2840964,-3341441,38.86,24.8,0.75,-3917392,-3952246
GOLD,3,5.0,D,0.1@0.3,0,True,38.17,17.2,0.71,-1429841,-1429841,39.78,24.0,0.51,-4008988,-4303927,38.86,20.2,0.58,-5438829,-5438829
GOLD,3,5.0,D,0.1@0.3,5,False,52.42,20.5,0.82,-1471558,-1789444,56.89,30.5,0.87,-1635452,-4007857,54.33,25.0,0.85,-3107011,-4007857
GOLD,3,5.0,D,0.1@0.3,5,True,103.08,15.4,0.48,-5496053,-5496053,94.67,25.1,0.61,-5575601,-7010000,99.48,19.4,0.55,-11071653,-11071653
GOLD,3,5.0,D,0.1@0.3,10,False,48.75,21.5,0.82,-1451676,-1781522,52.67,31.2,0.8,-2438419,-4497781,50.43,25.9,0.81,-3890094,-4497781
GOLD,3,5.0,D,0.1@0.3,10,True,83.5,15.3,0.52,-4479006,-4516089,74.44,25.1,0.6,-5140712,-6347892,79.62,19.2,0.57,-9619717,-9619717
GOLD,3,5.0,D,0.15@0.3,0,False,38.17,30.3,0.86,-845099,-1030847,39.78,50.0,0.72,-2533898,-3008873,38.86,39.0,0.77,-3378997,-3434950
GOLD,3,5.0,D,0.15@0.3,0,True,38.17,22.3,0.72,-1319218,-1319218,39.78,36.9,0.5,-4011602,-4210571,38.86,28.7,0.58,-5330820,-5330820
GOLD,3,5.0,D,0.15@0.3,5,False,56.17,28.6,0.78,-1898675,-2004764,61.89,50.3,0.83,-2263929,-4604710,58.62,38.4,0.81,-4162604,-4604710
GOLD,3,5.0,D,0.15@0.3,5,True,105.5,17.9,0.47,-5774327,-5774327,98.11,33.9,0.58,-6328300,-7680478,102.33,24.5,0.53,-12102627,-12102627
GOLD,3,5.0,D,0.15@0.3,10,False,52.0,29.8,0.78,-1886830,-1928237,55.67,51.1,0.8,-2517899,-4505234,53.57,39.3,0.79,-4404729,-4505234
GOLD,3,5.0,D,0.15@0.3,10,True,85.58,18.4,0.5,-4716903,-4716903,76.67,35.8,0.59,-5353641,-6425494,81.76,25.4,0.55,-10070544,-10070544
GOLD,3,5.0,D,0.2@0.4,0,False,38.17,37.6,0.87,-828617,-1034112,39.78,59.8,0.85,-1586776,-2976547,38.86,47.3,0.86,-2415393,-2976547
GOLD,3,5.0,D,0.2@0.4,0,True,38.17,27.3,0.69,-1516460,-1516460,39.78,43.6,0.76,-1969289,-3011225,38.86,34.4,0.73,-3485748,-3485748
GOLD,3,5.0,D,0.2@0.4,5,False,51.08,37.5,0.86,-1171943,-1920159,56.33,59.4,0.89,-1554054,-4199855,53.33,47.4,0.88,-2725997,-4199855
GOLD,3,5.0,D,0.2@0.4,5,True,102.58,21.4,0.51,-5198786,-5198786,94.78,36.8,0.69,-4514308,-6204911,99.24,27.7,0.61,-9713093,-9713093
GOLD,3,5.0,D,0.2@0.4,10,False,47.67,37.8,0.9,-810347,-1622305,51.67,59.8,0.86,-1851008,-4343460,49.38,47.6,0.88,-2661355,-4343460
GOLD,3,5.0,D,0.2@0.4,10,True,83.5,21.9,0.58,-3828408,-3828408,73.78,39.2,0.72,-3479266,-5108759,79.33,28.8,0.66,-7307673,-7307673
GOLD,3,5.0,D,0.25@0.5,0,False,38.17,43.0,1.01,98548,-1073922,39.78,60.1,0.91,-1019728,-2327543,38.86,50.5,0.95,-921180,-2327543
GOLD,3,5.0,D,0.25@0.5,0,True,38.17,29.7,0.75,-1328981,-1595740,39.78,43.9,0.83,-1426943,-2430877,38.86,35.9,0.8,-2755924,-2758214
GOLD,3,5.0,D+1h,0.1@0.3,0,False,23.0,20.3,0.94,-212144,-546806,24.44,31.4,0.65,-2082195,-2440286,23.62,25.2,0.76,-2294339,-2629001
GOLD,3,5.0,D+1h,0.1@0.3,0,True,23.0,20.3,0.94,-212144,-546806,24.44,31.4,0.65,-2082195,-2440286,23.62,25.2,0.76,-2294339,-2629001
GOLD,3,5.0,D+1h,0.1@0.3,5,False,33.67,19.1,0.88,-618074,-1190073,36.56,32.2,0.87,-1057433,-2738042,34.9,25.0,0.88,-1675507,-2738042
GOLD,3,5.0,D+1h,0.1@0.3,5,True,33.67,19.1,0.88,-618074,-1190073,36.56,32.2,0.87,-1057433,-2738042,34.9,25.0,0.88,-1675507,-2738042
GOLD,3,5.0,D+1h,0.1@0.3,10,False,31.5,20.4,0.86,-693766,-1277308,34.0,32.0,0.81,-1671917,-3039484,32.57,25.6,0.83,-2365683,-3039484
GOLD,3,5.0,D+1h,0.1@0.3,10,True,31.5,20.4,0.86,-693766,-1277308,34.0,32.0,0.81,-1671917,-3039484,32.57,25.6,0.83,-2365683,-3039484
GOLD,3,5.0,D+1h,0.15@0.3,0,False,23.0,28.6,0.97,-102742,-530869,24.44,51.8,0.64,-2093340,-2355461,23.62,38.9,0.76,-2196082,-2624209
GOLD,3,5.0,D+1h,0.15@0.3,0,True,23.0,28.6,0.97,-102742,-530869,24.44,51.8,0.64,-2093340,-2355461,23.62,38.9,0.76,-2196082,-2624209
GOLD,3,5.0,D,0.25@0.5,5,False,47.92,42.1,0.92,-734338,-1726502,52.22,60.0,0.94,-912231,-3388516,49.76,50.1,0.93,-1646569,-3388516
GOLD,3,5.0,D,0.25@0.5,5,True,100.58,22.2,0.54,-5022031,-5022031,91.89,36.0,0.71,-4380741,-5995522,96.86,27.8,0.64,-9402771,-9405062
GOLD,3,5.0,D,0.25@0.5,10,False,46.33,41.5,0.9,-918337,-1710577,49.67,60.0,0.85,-2105823,-3694791,47.76,49.8,0.87,-3024160,-3694791
GOLD,3,5.0,D,0.25@0.5,10,True,82.5,23.0,0.56,-4160856,-4226017,72.22,38.5,0.68,-4135585,-4963947,78.1,29.1,0.63,-8296441,-8298731
GOLD,3,5.0,D+1h,0.15@0.3,5,False,36.5,25.8,0.82,-965862,-1418126,40.0,51.7,0.8,-1888330,-3507418,38.0,37.5,0.8,-2854192,-3507418
GOLD,3,5.0,D+1h,0.15@0.3,5,True,36.5,25.8,0.82,-965862,-1418126,40.0,51.7,0.8,-1888330,-3507418,38.0,37.5,0.8,-2854192,-3507418
GOLD,3,5.0,D+1h,0.15@0.3,10,False,34.0,27.7,0.81,-999839,-1418457,36.22,53.1,0.78,-1965066,-3218007,34.95,39.0,0.79,-2964905,-3218007
GOLD,3,5.0,D+1h,0.15@0.3,10,True,34.0,27.7,0.81,-999839,-1418457,36.22,53.1,0.78,-1965066,-3218007,34.95,39.0,0.79,-2964905,-3218007
GOLD,3,5.0,D+1h,0.2@0.4,0,False,23.0,37.0,0.92,-301220,-556727,24.44,63.2,0.99,-48549,-1549438,23.62,48.6,0.96,-349769,-1549438
GOLD,3,5.0,D+1h,0.2@0.4,0,True,23.0,37.0,0.92,-301220,-556727,24.44,63.2,0.99,-48549,-1549438,23.62,48.6,0.96,-349769,-1549438
GOLD,3,5.0,D+1h,0.2@0.4,5,False,33.25,37.3,0.93,-340326,-1297183,36.67,61.2,1.0,11674,-1944913,34.71,48.1,0.98,-328652,-1944913
GOLD,3,5.0,D+1h,0.2@0.4,5,True,33.25,37.3,0.93,-340326,-1297183,36.67,61.2,1.0,11674,-1944913,34.71,48.1,0.98,-328652,-1944913
GOLD,3,5.0,D+1h,0.2@0.4,10,False,31.33,37.8,1.0,-3225,-1068730,33.33,62.7,1.0,-12023,-1815262,32.19,48.8,1.0,-15249,-1815262
GOLD,3,5.0,D+1h,0.2@0.4,10,True,31.33,37.8,1.0,-3225,-1068730,33.33,62.7,1.0,-12023,-1815262,32.19,48.8,1.0,-15249,-1815262
GOLD,3,5.0,D+1h,0.25@0.5,0,False,23.0,40.9,0.97,-113741,-773396,24.44,63.6,1.08,488042,-1573588,23.62,51.0,1.04,374302,-1573588
GOLD,3,5.0,D+1h,0.25@0.5,0,True,23.0,40.9,0.97,-113741,-773396,24.44,63.6,1.08,488042,-1573588,23.62,51.0,1.04,374302,-1573588
GOLD,3,5.0,D+1h,0.25@0.5,5,False,31.42,41.1,0.93,-346856,-1357969,33.78,61.5,1.02,182894,-2035866,32.43,50.2,0.99,-163961,-2035866
GOLD,3,5.0,D+1h,0.25@0.5,5,True,31.42,41.1,0.93,-346856,-1357969,33.78,61.5,1.02,182894,-2035866,32.43,50.2,0.99,-163961,-2035866
GOLD,3,5.0,D+1h,0.25@0.5,10,False,30.58,41.1,0.93,-393373,-1289389,31.78,62.2,0.93,-615275,-1865964,31.1,50.4,0.93,-1008647,-1865964
GOLD,3,5.0,D+1h,0.25@0.5,10,True,30.58,41.1,0.93,-393373,-1289389,31.78,62.2,0.93,-615275,-1865964,31.1,50.4,0.93,-1008647,-1865964
GOLD,3,5.0,D+4h,0.1@0.3,10,False,30.92,21.6,0.74,-1425320,-1639042,37.89,33.4,0.86,-1294300,-3408479,33.9,27.2,0.81,-2719620,-3408479
GOLD,3,5.0,D+4h,0.1@0.3,10,True,41.42,16.7,0.68,-1692656,-1806084,52.44,27.5,0.72,-2587069,-3905659,46.14,22.0,0.71,-4279724,-4429835
GOLD,3,5.0,D+4h,0.15@0.3,0,False,23.92,27.5,0.7,-1225608,-1269327,28.22,48.8,0.68,-2203612,-2696006,25.76,37.5,0.69,-3429220,-3475671
GOLD,3,5.0,D+4h,0.15@0.3,0,True,23.92,24.0,0.77,-757902,-789730,28.22,36.2,0.53,-2994521,-3216942,25.76,29.8,0.61,-3752422,-3807702
GOLD,3,5.0,D+4h,0.1@0.3,0,False,23.92,21.3,0.67,-1381033,-1417645,28.22,31.5,0.64,-2575793,-3094003,25.76,26.1,0.65,-3956826,-4000398
GOLD,3,5.0,D+4h,0.1@0.3,0,True,23.92,19.2,0.75,-826572,-851294,28.22,25.2,0.52,-3147369,-3465760,25.76,22.0,0.6,-3973942,-4022114
GOLD,3,5.0,D+4h,0.1@0.3,5,False,33.33,20.0,0.71,-1657238,-1867785,41.22,31.8,0.9,-868608,-3295830,36.71,25.7,0.83,-2525846,-3295830
GOLD,3,5.0,D+4h,0.1@0.3,5,True,49.67,15.6,0.62,-2238080,-2276780,66.78,26.1,0.7,-3164745,-4705104,57.0,20.9,0.67,-5402825,-5547485
GOLD,3,5.0,D+4h,0.2@0.4,0,False,23.92,36.2,0.67,-1460888,-1498913,28.22,60.2,0.95,-345362,-1752880,25.76,47.5,0.85,-1806250,-1850131
GOLD,3,5.0,D+4h,0.2@0.4,0,True,23.92,29.6,0.7,-1004518,-1030652,28.22,44.1,0.83,-1039904,-2152293,25.76,36.4,0.79,-2044423,-2152293
GOLD,3,5.0,D+4h,0.2@0.4,5,False,32.75,35.9,0.75,-1424386,-2242883,40.11,60.4,1.02,168525,-2576436,35.9,47.6,0.92,-1255861,-2576436
GOLD,3,5.0,D+4h,0.2@0.4,5,True,49.42,23.9,0.67,-1972172,-2372962,66.44,38.0,0.81,-1953393,-3876631,56.71,31.0,0.76,-3925565,-4210760
GOLD,3,5.0,D+4h,0.15@0.3,5,False,35.25,24.6,0.7,-1776125,-1978808,44.33,50.1,0.94,-570431,-2990048,39.14,37.0,0.84,-2346557,-2990048
GOLD,3,5.0,D+4h,0.15@0.3,5,True,51.17,18.7,0.6,-2407256,-2446377,68.78,34.6,0.71,-3069706,-4565296,58.71,26.7,0.67,-5476962,-5659495
GOLD,3,5.0,D+4h,0.15@0.3,10,False,32.58,26.9,0.72,-1535126,-1694962,40.11,51.0,0.89,-951501,-2997312,35.81,38.4,0.83,-2486626,-2997312
GOLD,3,5.0,D+4h,0.15@0.3,10,True,42.75,20.7,0.65,-1853288,-1892409,53.89,37.3,0.75,-2345720,-3567600,47.52,28.8,0.71,-4199008,-4388156
GOLD,3,5.0,D+4h,0.2@0.4,10,False,30.58,36.8,0.8,-1104768,-1980235,36.67,60.9,1.03,254916,-2309432,33.19,48.2,0.94,-849852,-2309432
GOLD,3,5.0,D+4h,0.2@0.4,10,True,41.67,25.6,0.74,-1363905,-1925228,51.67,41.5,0.91,-782722,-2650301,45.95,33.3,0.85,-2146627,-2650301
GOLD,3,5.0,D+4h,0.25@0.5,0,False,23.92,42.5,0.84,-717572,-1429591,28.22,59.8,1.0,7141,-1615917,25.76,50.6,0.94,-710431,-1615917
GOLD,3,5.0,D+4h,0.25@0.5,0,True,23.92,33.1,0.81,-668235,-1054847,28.22,44.1,0.89,-718502,-2126719,25.76,38.3,0.87,-1386737,-2126719
GOLD,3,5.0,D+1h+4h,0.1@0.3,0,False,16.58,22.6,0.94,-154916,-546806,18.0,34.0,0.68,-1575148,-2049904,17.19,27.7,0.77,-1730064,-2238619
GOLD,3,5.0,D+1h+4h,0.1@0.3,0,True,16.58,22.6,0.94,-154916,-546806,18.0,34.0,0.68,-1575148,-2049904,17.19,27.7,0.77,-1730064,-2238619
GOLD,3,5.0,D+1h+4h,0.1@0.3,5,False,24.0,20.8,0.93,-275905,-853321,27.44,34.4,1.0,6170,-1888169,25.48,27.1,0.97,-269735,-1888169
GOLD,3,5.0,D+1h+4h,0.1@0.3,5,True,24.0,20.8,0.93,-275905,-853321,27.44,34.4,1.0,6170,-1888169,25.48,27.1,0.97,-269735,-1888169
GOLD,3,5.0,D+1h+4h,0.1@0.3,10,False,22.42,22.3,0.94,-203520,-775609,25.0,35.6,0.97,-214008,-1795304,23.52,28.3,0.96,-417528,-1795304
GOLD,3,5.0,D+1h+4h,0.1@0.3,10,True,22.42,22.3,0.94,-203520,-775609,25.0,35.6,0.97,-214008,-1795304,23.52,28.3,0.96,-417528,-1795304
GOLD,3,5.0,D+1h+4h,0.15@0.3,0,False,16.58,29.6,0.97,-87467,-530869,18.0,51.2,0.7,-1428054,-1938207,17.19,39.3,0.79,-1515520,-2206955
GOLD,3,5.0,D+1h+4h,0.15@0.3,0,True,16.58,29.6,0.97,-87467,-530869,18.0,51.2,0.7,-1428054,-1938207,17.19,39.3,0.79,-1515520,-2206955
GOLD,3,5.0,D+4h,0.25@0.5,5,False,30.58,40.6,0.8,-1170816,-2050379,37.44,60.2,1.01,111669,-2381176,33.52,50.0,0.93,-1059147,-2381176
GOLD,3,5.0,D+4h,0.25@0.5,5,True,48.08,25.3,0.7,-1812230,-2373360,64.44,37.1,0.8,-2181014,-3882057,55.1,31.2,0.76,-3993243,-4137684
GOLD,3,5.0,D+4h,0.25@0.5,10,False,29.83,41.1,0.78,-1303938,-2018672,35.22,60.3,0.96,-402792,-2008321,32.14,50.1,0.89,-1706730,-2018672
GOLD,3,5.0,D+4h,0.25@0.5,10,True,41.0,27.6,0.71,-1581758,-2055227,50.56,40.4,0.82,-1703698,-2623772,45.1,33.8,0.78,-3285456,-3435348
GOLD,3,5.0,D+1h+4h,0.2@0.4,0,False,16.58,37.7,0.87,-335319,-580959,18.0,63.6,1.11,520809,-1428074,17.19,49.3,1.03,185490,-1428074
GOLD,3,5.0,D+1h+4h,0.2@0.4,0,True,16.58,37.7,0.87,-335319,-580959,18.0,63.6,1.11,520809,-1428074,17.19,49.3,1.03,185490,-1428074
GOLD,3,5.0,D+1h+4h,0.2@0.4,5,False,23.75,38.2,1.0,-16187,-1029800,27.11,62.3,1.19,1207443,-1315314,25.19,49.3,1.12,1191256,-1315314
GOLD,3,5.0,D+1h+4h,0.2@0.4,5,True,23.75,38.2,1.0,-16187,-1029800,27.11,62.3,1.19,1207443,-1315314,25.19,49.3,1.12,1191256,-1315314
GOLD,3,5.0,D+1h+4h,0.15@0.3,5,False,25.5,26.8,0.88,-449029,-926848,29.44,52.8,1.01,81124,-1790311,27.19,38.9,0.96,-367905,-1790311
GOLD,3,5.0,D+1h+4h,0.15@0.3,5,True,25.5,26.8,0.88,-449029,-926848,29.44,52.8,1.01,81124,-1790311,27.19,38.9,0.96,-367905,-1790311
GOLD,3,5.0,D+1h+4h,0.15@0.3,10,False,23.75,29.1,0.9,-366762,-829958,26.44,54.2,1.0,11852,-1705110,24.9,40.5,0.96,-354910,-1705110
GOLD,3,5.0,D+1h+4h,0.15@0.3,10,True,23.75,29.1,0.9,-366762,-829958,26.44,54.2,1.0,11852,-1705110,24.9,40.5,0.96,-354910,-1705110
GOLD,3,5.0,D+1h+4h,0.2@0.4,10,False,22.42,38.7,1.05,178501,-916929,24.22,64.7,1.27,1555172,-1126655,23.19,50.3,1.18,1733673,-1126655
GOLD,3,5.0,D+1h+4h,0.2@0.4,10,True,22.42,38.7,1.05,178501,-916929,24.22,64.7,1.27,1555172,-1126655,23.19,50.3,1.18,1733673,-1126655
GOLD,3,5.0,D+1h+4h,0.25@0.5,0,False,16.58,42.7,1.0,964,-737491,18.0,63.6,1.16,836458,-1408254,17.19,52.1,1.11,837422,-1408254
GOLD,3,5.0,D+1h+4h,0.25@0.5,0,True,16.58,42.7,1.0,964,-737491,18.0,63.6,1.16,836458,-1408254,17.19,52.1,1.11,837422,-1408254
GOLD,3,5.0,D+1h+4h,0.25@0.5,5,False,22.58,42.1,0.99,-41260,-961647,25.11,62.4,1.14,964061,-1422241,23.67,51.3,1.08,922802,-1422241
GOLD,3,5.0,D+1h+4h,0.25@0.5,5,True,22.58,42.1,0.99,-41260,-961647,25.11,62.4,1.14,964061,-1422241,23.67,51.3,1.08,922802,-1422241
GOLD,3,5.0,D+1h+4h,0.25@0.5,10,False,22.0,42.4,0.97,-98781,-916077,23.11,63.5,1.1,625804,-1135167,22.48,51.7,1.05,527024,-1135167
GOLD,3,5.0,D+1h+4h,0.25@0.5,10,True,22.0,42.4,0.97,-98781,-916077,23.11,63.5,1.1,625804,-1135167,22.48,51.7,1.05,527024,-1135167
GOLD,3,5.0,1h,0.1@0.3,0,False,39.83,19.9,0.8,-1175582,-1653946,38.78,30.7,0.78,-1968154,-3151446,39.38,24.4,0.79,-3143736,-4067858
GOLD,3,5.0,1h,0.1@0.3,0,True,39.83,19.9,0.8,-1175582,-1653946,38.78,30.7,0.79,-1893411,-3151446,39.38,24.4,0.79,-3068994,-4067858
GOLD,3,5.0,1h,0.1@0.3,5,False,58.42,19.5,0.79,-1876615,-2394351,56.67,31.4,0.94,-842288,-2878245,57.67,24.5,0.88,-2718903,-3068237
GOLD,3,5.0,1h,0.1@0.3,5,True,58.42,19.5,0.79,-1876615,-2394351,56.67,31.4,0.94,-767546,-2803503,57.67,24.5,0.88,-2644161,-2993495
GOLD,3,5.0,1h,0.1@0.3,10,False,54.33,20.9,0.79,-1799679,-2377315,53.22,30.9,0.84,-2032657,-3184652,53.86,25.1,0.82,-3832335,-3904615
GOLD,3,5.0,1h,0.1@0.3,10,True,54.33,20.9,0.79,-1799679,-2377315,53.22,30.9,0.85,-1957914,-3109909,53.86,25.1,0.83,-3757593,-3829872
GOLD,3,5.0,1h,0.15@0.3,0,False,39.83,27.0,0.82,-997234,-1570826,38.78,51.3,0.76,-2060317,-3035163,39.38,37.2,0.79,-3057552,-3865151
GOLD,3,5.0,1h,0.15@0.3,0,True,39.83,27.0,0.82,-997234,-1570826,38.78,51.3,0.77,-2001196,-3035163,39.38,37.2,0.79,-2998430,-3865151
GOLD,3,5.0,1h,0.15@0.3,5,False,62.83,26.3,0.76,-2119289,-2643475,62.22,52.3,0.87,-1801841,-3454761,62.57,37.4,0.83,-3921131,-3953820
GOLD,3,5.0,1h,0.15@0.3,5,True,62.83,26.3,0.76,-2119289,-2643475,62.22,52.3,0.88,-1742720,-3395640,62.57,37.4,0.83,-3862009,-3894699
GOLD,3,5.0,1h,0.15@0.3,10,False,57.83,27.4,0.76,-2087958,-2610913,56.67,52.7,0.82,-2383332,-3420530,57.33,38.1,0.8,-4471290,-4531644
GOLD,3,5.0,1h,0.15@0.3,10,True,57.83,27.4,0.76,-2087958,-2610913,56.67,52.7,0.83,-2324211,-3361408,57.33,38.1,0.8,-4412169,-4472523
GOLD,3,5.0,1h,0.2@0.4,0,False,39.83,34.5,0.76,-1562248,-1745619,38.78,60.5,0.99,-66797,-2451625,39.38,45.5,0.9,-1629044,-3018276
GOLD,3,5.0,1h,0.2@0.4,0,True,39.83,34.5,0.76,-1562248,-1745619,38.78,60.5,1.0,-23300,-2451625,39.38,45.5,0.9,-1585548,-3018276
GOLD,3,5.0,1h,0.2@0.4,5,False,56.67,35.1,0.8,-1889429,-2642613,57.22,59.4,0.99,-194475,-2532629,56.9,45.6,0.91,-2083903,-2642613
GOLD,3,5.0,1h,0.2@0.4,5,True,56.67,35.1,0.8,-1889429,-2642613,57.22,59.4,0.99,-150978,-2532629,56.9,45.6,0.91,-2040407,-2642613
GOLD,3,5.0,1h,0.2@0.4,10,False,53.33,35.5,0.85,-1333702,-2342213,52.44,60.2,0.95,-743242,-2481213,52.95,46.0,0.91,-2076944,-2481213
GOLD,3,5.0,1h,0.2@0.4,10,True,53.33,35.5,0.85,-1333702,-2342213,52.44,60.2,0.95,-699745,-2455126,52.95,46.0,0.91,-2033448,-2455126
GOLD,3,5.0,1h,0.25@0.5,0,False,39.75,39.0,0.84,-1136579,-1956180,38.89,60.6,1.06,575677,-2349339,39.38,48.1,0.97,-560902,-2523196
GOLD,3,5.0,1h,0.25@0.5,0,True,39.75,39.0,0.84,-1136579,-1956180,38.89,60.6,1.06,603548,-2349339,39.38,48.1,0.97,-533030,-2523196
GOLD,3,5.0,1h,0.25@0.5,5,False,54.08,38.8,0.8,-1886063,-2882867,53.56,59.5,1.03,474114,-2059994,53.86,47.7,0.94,-1411950,-2882867
GOLD,3,5.0,1h,0.25@0.5,5,True,54.08,38.8,0.8,-1886063,-2882867,53.56,59.5,1.03,501985,-2032122,53.86,47.7,0.94,-1384078,-2882867
GOLD,3,5.0,1h,0.25@0.5,10,False,51.83,39.5,0.81,-1703916,-2708523,49.89,59.5,0.92,-1183510,-2114407,51.0,47.9,0.88,-2887426,-3194801
GOLD,3,5.0,1h,0.25@0.5,10,True,51.83,39.5,0.81,-1703916,-2708523,49.89,59.5,0.92,-1155638,-2086535,51.0,47.9,0.88,-2859554,-3166929
GOLD,3,5.0,1h+4h,0.1@0.3,0,False,23.83,22.4,0.77,-915412,-989793,22.78,34.1,0.68,-1977932,-2721594,23.38,27.3,0.72,-2893345,-3353295
GOLD,3,5.0,1h+4h,0.1@0.3,0,True,23.83,22.4,0.77,-915412,-989793,22.78,34.1,0.69,-1903190,-2646851,23.38,27.3,0.72,-2818602,-3278553
GOLD,3,5.0,1h+4h,0.1@0.3,5,False,34.17,21.5,0.83,-933040,-1244652,34.22,34.7,0.94,-469087,-2675379,34.19,27.2,0.9,-1402126,-2675379
GOLD,3,5.0,1h+4h,0.1@0.3,5,True,34.17,21.5,0.83,-933040,-1244652,34.22,34.7,0.95,-394344,-2600636,34.19,27.2,0.9,-1327384,-2600636
GOLD,3,5.0,1h+4h,0.1@0.3,10,False,31.75,23.1,0.83,-898172,-1177995,31.56,35.2,0.89,-887528,-2746691,31.67,28.3,0.87,-1785699,-2746691
GOLD,3,5.0,1h+4h,0.1@0.3,10,True,31.75,23.1,0.83,-898172,-1177995,31.56,35.2,0.9,-812785,-2671949,31.67,28.3,0.87,-1710957,-2671949
GOLD,3,5.0,1h+4h,0.15@0.3,0,False,23.83,29.0,0.79,-778941,-869472,22.78,52.7,0.67,-2037640,-2591083,23.38,38.9,0.72,-2816581,-3198434
GOLD,3,5.0,1h+4h,0.15@0.3,0,True,23.83,29.0,0.79,-778941,-869472,22.78,52.7,0.68,-1978519,-2548849,23.38,38.9,0.72,-2757460,-3156200
GOLD,3,5.0,1h+4h,0.15@0.3,5,False,36.17,28.1,0.81,-1065330,-1290326,37.67,54.3,0.92,-676020,-2733573,36.81,39.6,0.88,-1741350,-2733573
GOLD,3,5.0,1h+4h,0.15@0.3,5,True,36.17,28.1,0.81,-1065330,-1290326,37.67,54.3,0.93,-616899,-2674451,36.81,39.6,0.88,-1682229,-2674451
GOLD,3,5.0,1h+4h,0.15@0.3,10,False,33.33,29.8,0.82,-1024369,-1271936,34.0,55.2,0.91,-753295,-2476126,33.62,40.8,0.87,-1777664,-2476126
GOLD,3,5.0,1h+4h,0.15@0.3,10,True,33.33,29.8,0.82,-1024369,-1271936,34.0,55.2,0.91,-694174,-2417005,33.62,40.8,0.87,-1718543,-2417005
GOLD,3,5.0,1h+4h,0.2@0.4,0,False,23.83,36.0,0.73,-1135719,-1359933,22.78,62.0,0.98,-101443,-2071828,23.38,46.8,0.88,-1237162,-2326673
GOLD,3,5.0,1h+4h,0.2@0.4,0,True,23.83,36.0,0.73,-1135719,-1359933,22.78,62.0,0.99,-57946,-2071828,23.38,46.8,0.89,-1193666,-2326673
GOLD,3,5.0,1h+4h,0.2@0.4,5,False,33.58,37.0,0.88,-688135,-1350778,34.44,62.6,1.09,752027,-1921911,33.95,48.1,1.0,63892,-1921911
GOLD,3,5.0,1h+4h,0.2@0.4,5,True,33.58,37.0,0.88,-688135,-1350778,34.44,62.6,1.1,795523,-1878415,33.95,48.1,1.01,107389,-1878415
GOLD,3,5.0,1h+4h,0.2@0.4,10,False,31.83,37.7,0.9,-553917,-1276610,30.78,63.5,1.15,1150943,-1785832,31.38,48.6,1.05,597026,-1785832
GOLD,3,5.0,1h+4h,0.2@0.4,10,True,31.83,37.7,0.9,-553917,-1276610,30.78,63.5,1.16,1194440,-1766511,31.38,48.6,1.05,640523,-1766511
GOLD,3,5.0,1h+4h,0.25@0.5,0,False,23.83,40.6,0.88,-539290,-1127825,22.78,61.5,1.04,291877,-2097159,23.38,49.3,0.98,-247413,-2097159
GOLD,3,5.0,1h+4h,0.25@0.5,0,True,23.83,40.6,0.88,-539290,-1127825,22.78,61.5,1.05,319749,-2097159,23.38,49.3,0.98,-219542,-2097159
GOLD,3,5.0,1h+4h,0.25@0.5,5,False,31.5,40.7,0.9,-605487,-1423539,32.67,61.2,1.0,-11429,-2085140,32.0,49.7,0.96,-616916,-2085140
GOLD,3,5.0,1h+4h,0.25@0.5,5,True,31.5,40.7,0.9,-605487,-1423539,32.67,61.2,1.0,16443,-2057268,32.0,49.7,0.96,-589044,-2057268
GOLD,3,5.0,1h+4h,0.25@0.5,10,False,30.67,41.3,0.88,-726296,-1463565,29.56,61.3,0.98,-193100,-1894475,30.19,49.7,0.94,-919397,-1984337
GOLD,3,5.0,1h+4h,0.25@0.5,10,True,30.67,41.3,0.88,-726296,-1463565,29.56,61.3,0.98,-165229,-1894475,30.19,49.7,0.94,-891525,-1984337
GOLD,3,6.0,D,0.1@0.3,0,False,29.08,24.9,1.05,247422,-1179077,29.56,41.0,1.12,845205,-2593953,29.29,31.9,1.09,1092627,-2593953
GOLD,3,6.0,D,0.1@0.3,0,True,29.08,16.9,0.82,-685365,-1346541,29.56,34.6,1.2,1007987,-1756721,29.29,24.6,1.04,322621,-1756721
GOLD,3,6.0,D,0.1@0.3,5,False,41.25,23.6,0.85,-1029096,-1631593,42.67,39.1,1.11,1110912,-2158776,41.86,30.4,1.0,81815,-2158776
GOLD,3,6.0,D,0.1@0.3,5,True,92.58,15.3,0.49,-4912071,-5090642,80.33,29.5,0.91,-923891,-3453228,87.33,20.9,0.7,-5835962,-5835962
GOLD,3,6.0,D,0.1@0.3,10,False,38.42,24.3,0.88,-778804,-1581011,40.11,40.2,1.09,839532,-2418267,39.14,31.3,1.0,60728,-2418267
GOLD,3,6.0,D,0.1@0.3,10,True,73.67,14.9,0.54,-3627689,-3916003,61.56,31.2,1.01,76591,-2511509,68.48,21.2,0.78,-3551097,-3916003
GOLD,3,6.0,D,0.15@0.3,0,False,29.08,36.1,1.15,659236,-905345,29.56,58.6,1.22,1474640,-1953840,29.29,45.9,1.19,2133876,-1953840
GOLD,3,6.0,D,0.15@0.3,0,True,29.08,23.5,0.88,-437585,-1145076,29.56,45.1,1.38,1660010,-1019270,29.29,32.8,1.15,1222425,-1145076
GOLD,3,6.0,D,0.15@0.3,5,False,43.83,34.6,0.87,-901994,-1393583,47.22,57.9,1.12,1232052,-2438275,45.29,45.0,1.02,330058,-2438275
GOLD,3,6.0,D,0.15@0.3,5,True,94.33,18.7,0.5,-4784534,-4856240,83.44,36.6,0.93,-734273,-3400096,89.67,25.9,0.72,-5518807,-5518807
GOLD,3,6.0,D,0.15@0.3,10,False,40.0,35.2,0.93,-471079,-1272830,42.78,60.0,1.15,1375407,-1915750,41.19,46.2,1.06,904328,-1915750
GOLD,3,6.0,D,0.15@0.3,10,True,74.75,18.8,0.57,-3333961,-3518123,63.11,40.5,1.1,786451,-1801271,69.76,27.2,0.84,-2547510,-3643933
GOLD,3,6.0,D,0.2@0.4,0,False,29.08,47.0,1.31,1383282,-422677,29.56,63.9,1.2,1537408,-1767895,29.29,54.3,1.24,2920689,-1767895
GOLD,3,6.0,D,0.2@0.4,0,True,29.08,30.1,0.95,-186345,-853633,29.56,47.7,1.36,1838334,-1255244,29.29,37.7,1.19,1651989,-1255244
GOLD,3,6.0,D,0.2@0.4,5,False,38.83,45.9,1.05,316754,-914336,42.67,64.1,1.12,1356736,-1762418,40.48,54.1,1.09,1673491,-1762418
GOLD,3,6.0,D,0.2@0.4,5,True,91.58,21.9,0.54,-4326821,-4592609,80.67,37.1,0.9,-1179894,-3559180,86.9,27.9,0.73,-5506715,-5506715
GOLD,3,6.0,D,0.2@0.4,10,False,37.08,45.6,1.08,495295,-827221,40.33,63.4,1.14,1526012,-1713851,38.48,53.6,1.12,2021307,-1713851
GOLD,3,6.0,D,0.2@0.4,10,True,72.92,22.5,0.62,-2964336,-3297732,61.89,39.5,1.03,244358,-2191183,68.19,29.1,0.84,-2719978,-3410054
GOLD,3,6.0,D,0.25@0.5,0,False,29.08,53.0,1.35,1757384,-518098,29.56,63.5,1.26,2111624,-1361335,29.29,57.6,1.29,3869008,-1361335
GOLD,3,6.0,D,0.25@0.5,0,True,29.08,34.1,0.99,-29537,-631058,29.56,48.1,1.43,2301239,-955103,29.29,40.2,1.24,2271702,-955103
GOLD,3,6.0,D,0.25@0.5,5,False,35.83,50.2,1.15,996954,-573005,40.22,63.0,1.13,1506840,-1664055,37.71,56.1,1.14,2503794,-1664055
GOLD,3,6.0,D,0.25@0.5,5,True,89.25,22.3,0.61,-3649129,-3884426,78.89,36.5,0.92,-958289,-3440545,84.81,28.0,0.78,-4607418,-4607418
GOLD,3,6.0,D,0.25@0.5,10,False,34.75,49.9,1.12,796669,-605099,38.0,63.5,1.2,2142744,-1472243,36.14,56.0,1.17,2939413,-1472243
GOLD,3,6.0,D,0.25@0.5,10,True,71.08,23.2,0.68,-2543007,-2845912,60.11,39.7,1.09,858953,-1892344,66.38,29.6,0.9,-1684054,-2870055
GOLD,3,6.0,D+1h,0.1@0.3,0,False,17.17,22.8,1.11,305899,-674253,17.33,44.9,1.87,2664538,-1006032,17.24,32.3,1.51,2970436,-1006032
GOLD,3,6.0,D+1h,0.1@0.3,0,True,17.17,22.8,1.11,305899,-674253,17.33,44.9,1.87,2664538,-1006032,17.24,32.3,1.51,2970436,-1006032
GOLD,3,6.0,D+1h,0.1@0.3,5,False,26.58,21.6,0.94,-269963,-1176253,26.11,42.6,1.73,3345055,-995107,26.38,30.5,1.35,3075092,-1176253
GOLD,3,6.0,D+1h,0.1@0.3,5,True,26.58,21.6,0.94,-269963,-1176253,26.11,42.6,1.73,3345055,-995107,26.38,30.5,1.35,3075092,-1176253
GOLD,3,6.0,D+1h,0.1@0.3,10,False,25.17,22.8,0.98,-82968,-1104010,24.44,43.6,1.77,3290042,-1260559,24.86,31.6,1.39,3207074,-1260559
GOLD,3,6.0,D+1h,0.1@0.3,10,True,25.17,22.8,0.98,-82968,-1104010,24.44,43.6,1.77,3290042,-1260559,24.86,31.6,1.39,3207074,-1260559
GOLD,3,6.0,D+1h,0.15@0.3,0,False,17.17,34.0,1.22,553679,-492913,17.33,62.2,2.3,3284337,-548896,17.24,46.1,1.76,3838016,-548896
GOLD,3,6.0,D+1h,0.15@0.3,0,True,17.17,34.0,1.22,553679,-492913,17.33,62.2,2.3,3284337,-548896,17.24,46.1,1.76,3838016,-548896
GOLD,3,6.0,D+1h,0.15@0.3,5,False,28.42,32.3,0.96,-153717,-1058544,29.22,60.5,1.75,3485707,-850285,28.76,44.5,1.37,3331990,-1058544
GOLD,3,6.0,D+1h,0.15@0.3,5,True,28.42,32.3,0.96,-153717,-1058544,29.22,60.5,1.75,3485707,-850285,28.76,44.5,1.37,3331990,-1058544
GOLD,3,6.0,D+1h,0.15@0.3,10,False,26.33,33.2,1.05,201191,-922990,26.0,64.1,1.99,3925592,-596056,26.19,46.4,1.52,4126783,-922990
GOLD,3,6.0,D+1h,0.15@0.3,10,True,26.33,33.2,1.05,201191,-922990,26.0,64.1,1.99,3925592,-596056,26.19,46.4,1.52,4126783,-922990
GOLD,3,6.0,D+1h,0.2@0.4,0,False,17.17,45.1,1.31,804920,-385551,17.33,66.7,2.07,3443509,-586786,17.24,54.4,1.73,4248429,-586786
GOLD,3,6.0,D+1h,0.2@0.4,0,True,17.17,45.1,1.31,804920,-385551,17.33,66.7,2.07,3443509,-586786,17.24,54.4,1.73,4248429,-586786
GOLD,3,6.0,D+1h,0.2@0.4,5,False,25.75,45.0,1.07,279746,-1208345,26.44,65.5,1.54,3102828,-976003,26.05,53.9,1.34,3382573,-1208345
GOLD,3,6.0,D+1h,0.2@0.4,5,True,25.75,45.0,1.07,279746,-1208345,26.44,65.5,1.54,3102828,-976003,26.05,53.9,1.34,3382573,-1208345
GOLD,3,6.0,D+1h,0.2@0.4,10,False,24.5,45.2,1.15,570635,-983608,24.78,64.1,1.65,3468481,-804929,24.62,53.4,1.44,4039116,-983608
GOLD,3,6.0,D+1h,0.2@0.4,10,True,24.5,45.2,1.15,570635,-983608,24.78,64.1,1.65,3468481,-804929,24.62,53.4,1.44,4039116,-983608
GOLD,3,6.0,D+1h,0.25@0.5,0,False,17.17,51.9,1.33,961727,-547617,17.33,67.9,2.14,3933246,-467427,17.24,58.8,1.77,4894973,-547617
GOLD,3,6.0,D+1h,0.25@0.5,0,True,17.17,51.9,1.33,961727,-547617,17.33,67.9,2.14,3933246,-467427,17.24,58.8,1.77,4894973,-547617
GOLD,3,6.0,D+1h,0.25@0.5,5,False,23.25,49.8,1.26,1011826,-574361,24.67,65.8,1.56,3333744,-1236185,23.86,56.9,1.44,4345570,-1236185
GOLD,3,6.0,D+1h,0.25@0.5,5,True,23.25,49.8,1.26,1011826,-574361,24.67,65.8,1.56,3333744,-1236185,23.86,56.9,1.44,4345570,-1236185
GOLD,3,6.0,D+1h,0.25@0.5,10,False,22.58,50.2,1.26,1020416,-535135,23.0,66.7,1.78,4092387,-1037977,22.76,57.3,1.56,5112803,-1037977
GOLD,3,6.0,D+1h,0.25@0.5,10,True,22.58,50.2,1.26,1020416,-535135,23.0,66.7,1.78,4092387,-1037977,22.76,57.3,1.56,5112803,-1037977
GOLD,3,6.0,D+4h,0.1@0.3,0,False,18.42,23.5,0.95,-138346,-1223210,20.44,41.3,1.29,1477057,-2096973,19.29,31.6,1.17,1338711,-2096973
GOLD,3,6.0,D+4h,0.1@0.3,0,True,18.42,19.5,0.96,-86622,-783261,20.44,35.9,1.42,1517976,-1546969,19.29,26.9,1.24,1431354,-1546969
GOLD,3,6.0,D+4h,0.1@0.3,5,False,26.17,21.0,0.73,-1237922,-2067165,30.33,41.0,1.29,1954290,-1503612,27.95,30.3,1.06,716368,-2067165
GOLD,3,6.0,D+4h,0.1@0.3,5,True,43.08,15.3,0.62,-1826117,-2328654,56.33,31.2,1.12,812070,-1886055,48.76,23.1,0.91,-1014047,-2328654
GOLD,3,6.0,D+4h,0.1@0.3,10,False,24.42,22.5,0.79,-872304,-1857300,28.33,41.6,1.26,1737594,-1657769,26.1,31.4,1.08,865290,-1857300
GOLD,3,6.0,D+4h,0.1@0.3,10,True,35.17,16.4,0.72,-1129999,-1897870,43.0,34.4,1.29,1676204,-1592914,38.52,25.0,1.06,546205,-1897870
GOLD,3,6.0,D+4h,0.15@0.3,0,False,18.42,33.9,1.01,37090,-1143082,20.44,56.5,1.52,2281284,-1304798,19.29,44.2,1.32,2318374,-1304798
GOLD,3,6.0,D+4h,0.15@0.3,0,True,18.42,27.1,1.0,11630,-734603,20.44,46.2,1.67,2091475,-953611,19.29,35.8,1.39,2103105,-953611
GOLD,3,6.0,D+4h,0.15@0.3,5,False,27.67,31.9,0.76,-1092986,-1947347,33.78,57.9,1.33,2274042,-1639881,30.29,44.3,1.1,1181056,-1947347
GOLD,3,6.0,D+4h,0.15@0.3,5,True,44.42,21.4,0.64,-1758728,-2252617,59.11,38.2,1.15,1043377,-1917178,50.71,29.8,0.94,-715352,-2252617
GOLD,3,6.0,D+4h,0.15@0.3,10,False,25.33,33.2,0.85,-605417,-1759080,30.33,58.6,1.37,2378571,-1302119,27.48,45.2,1.17,1773153,-1759080
GOLD,3,6.0,D+4h,0.15@0.3,10,True,36.0,22.9,0.77,-939843,-1801883,44.78,42.9,1.38,2142258,-1052280,39.76,32.6,1.12,1202415,-1801883
GOLD,3,6.0,D+4h,0.2@0.4,0,False,18.42,45.2,1.09,256239,-801391,20.44,63.6,1.41,2140738,-1350328,19.29,53.6,1.29,2396977,-1350328
GOLD,3,6.0,D+4h,0.2@0.4,0,True,18.42,34.4,1.03,64572,-627190,20.44,50.0,1.58,2135277,-1079833,19.29,41.5,1.37,2199848,-1079833
GOLD,3,6.0,D+4h,0.2@0.4,5,False,24.58,44.4,0.98,-73930,-1285616,30.67,64.5,1.3,2301032,-1339005,27.19,54.1,1.19,2227102,-1339005
GOLD,3,6.0,D+4h,0.2@0.4,5,True,42.33,26.0,0.75,-1128198,-1994308,56.78,38.6,1.09,697961,-1867252,48.52,32.3,0.97,-430237,-1994308
GOLD,3,6.0,D+4h,0.2@0.4,10,False,23.58,44.5,1.05,187321,-1109854,28.89,62.7,1.33,2446930,-1441395,25.86,53.2,1.23,2634250,-1441395
GOLD,3,6.0,D+4h,0.2@0.4,10,True,34.67,28.1,0.89,-419440,-1521023,43.89,42.0,1.26,1773865,-1173505,38.62,34.9,1.13,1354425,-1521023
GOLD,3,6.0,D+4h,0.25@0.5,0,False,18.42,51.6,1.18,587984,-499767,20.44,64.1,1.56,3071740,-939060,19.29,57.3,1.42,3659724,-939060
GOLD,3,6.0,D+4h,0.25@0.5,0,True,18.42,38.9,1.15,362733,-406843,20.44,50.0,1.7,2730863,-908547,19.29,44.0,1.48,3093596,-908547
GOLD,3,6.0,D+4h,0.25@0.5,5,False,22.75,48.4,1.07,282306,-950905,28.44,63.3,1.36,2820295,-1424621,25.19,55.6,1.26,3102601,-1424621
GOLD,3,6.0,D+4h,0.25@0.5,5,True,40.42,26.4,0.87,-572537,-1570169,55.33,37.6,1.13,1037954,-1760040,46.81,32.0,1.04,465417,-1760040
GOLD,3,6.0,D+4h,0.25@0.5,10,False,22.42,48.0,1.03,135635,-973636,26.44,63.4,1.5,3547536,-1256340,24.14,55.2,1.32,3683172,-1256340
GOLD,3,6.0,D+4h,0.25@0.5,10,True,33.42,29.2,0.97,-130572,-1297809,42.11,42.2,1.41,2632700,-1057846,37.14,35.5,1.24,2502128,-1297809
GOLD,3,6.0,D+1h+4h,0.1@0.3,0,False,12.33,25.7,1.25,470172,-378026,12.56,46.0,2.25,2779904,-1006032,12.43,34.5,1.8,3250076,-1006032
GOLD,3,6.0,D+1h+4h,0.1@0.3,0,True,12.33,25.7,1.25,470172,-378026,12.56,46.0,2.25,2779904,-1006032,12.43,34.5,1.8,3250076,-1006032
GOLD,3,6.0,D+1h+4h,0.1@0.3,5,False,18.83,23.5,1.0,3132,-1040918,19.44,46.3,2.15,3754800,-961429,19.1,33.4,1.61,3757932,-1040918
GOLD,3,6.0,D+1h+4h,0.1@0.3,5,True,18.83,23.5,1.0,3132,-1040918,19.44,46.3,2.15,3754800,-961429,19.1,33.4,1.61,3757932,-1040918
GOLD,3,6.0,D+1h+4h,0.1@0.3,10,False,17.75,24.9,1.08,217928,-902869,17.78,47.5,2.24,3793588,-1098412,17.76,34.6,1.71,4011516,-1098412
GOLD,3,6.0,D+1h+4h,0.1@0.3,10,True,17.75,24.9,1.08,217928,-902869,17.78,47.5,2.24,3793588,-1098412,17.76,34.6,1.71,4011516,-1098412
GOLD,3,6.0,D+1h+4h,0.15@0.3,0,False,12.33,37.2,1.33,568424,-329368,12.56,61.9,2.95,3321178,-459109,12.43,47.9,2.13,3889602,-459109
GOLD,3,6.0,D+1h+4h,0.15@0.3,0,True,12.33,37.2,1.33,568424,-329368,12.56,61.9,2.95,3321178,-459109,12.43,47.9,2.13,3889602,-459109
GOLD,3,6.0,D+1h+4h,0.2@0.4,0,False,12.33,48.0,1.35,621365,-326201,12.56,68.1,2.49,3350229,-585330,12.43,56.7,1.98,3971594,-585330
GOLD,3,6.0,D+1h+4h,0.2@0.4,0,True,12.33,48.0,1.35,621365,-326201,12.56,68.1,2.49,3350229,-585330,12.43,56.7,1.98,3971594,-585330
GOLD,3,6.0,D+1h+4h,0.2@0.4,5,False,18.17,48.2,1.26,673352,-728597,19.89,67.0,1.86,3574751,-618540,18.9,56.7,1.63,4248103,-728597
GOLD,3,6.0,D+1h+4h,0.2@0.4,5,True,18.17,48.2,1.26,673352,-728597,19.89,67.0,1.86,3574751,-618540,18.9,56.7,1.63,4248103,-728597
GOLD,3,6.0,D+1h+4h,0.15@0.3,5,False,20.17,36.0,1.02,69478,-964880,22.22,62.5,2.23,3959934,-612378,21.05,48.0,1.66,4029413,-964880
GOLD,3,6.0,D+1h+4h,0.15@0.3,5,True,20.17,36.0,1.02,69478,-964880,22.22,62.5,2.23,3959934,-612378,21.05,48.0,1.66,4029413,-964880
GOLD,3,6.0,D+1h+4h,0.15@0.3,10,False,18.58,36.8,1.16,408764,-806882,19.56,65.3,2.48,4217947,-529433,19.0,49.4,1.85,4626711,-806882
GOLD,3,6.0,D+1h+4h,0.15@0.3,10,True,18.58,36.8,1.16,408764,-806882,19.56,65.3,2.48,4217947,-529433,19.0,49.4,1.85,4626711,-806882
GOLD,3,6.0,D+1h+4h,0.2@0.4,10,False,17.25,48.3,1.38,926579,-548048,18.67,64.9,1.97,3822205,-553494,17.86,55.7,1.75,4748784,-553494
GOLD,3,6.0,D+1h+4h,0.2@0.4,10,True,17.25,48.3,1.38,926579,-548048,18.67,64.9,1.97,3822205,-553494,17.86,55.7,1.75,4748784,-553494
GOLD,3,6.0,D+1h+4h,0.25@0.5,0,False,12.33,54.7,1.48,919527,-303900,12.56,69.0,2.6,3972648,-414045,12.43,60.9,2.11,4892174,-414045
GOLD,3,6.0,D+1h+4h,0.25@0.5,0,True,12.33,54.7,1.48,919527,-303900,12.56,69.0,2.6,3972648,-414045,12.43,60.9,2.11,4892174,-414045
GOLD,3,6.0,D+1h+4h,0.25@0.5,5,False,16.33,52.0,1.47,1197986,-332862,18.44,66.3,1.9,3931976,-681602,17.24,58.6,1.74,5129961,-681602
GOLD,3,6.0,D+1h+4h,0.25@0.5,5,True,16.33,52.0,1.47,1197986,-332862,18.44,66.3,1.9,3931976,-681602,17.24,58.6,1.74,5129961,-681602
GOLD,3,6.0,D+1h+4h,0.25@0.5,10,False,16.17,52.1,1.45,1158484,-353239,16.89,67.8,2.3,4698272,-616556,16.48,59.0,1.95,5856756,-616556
GOLD,3,6.0,D+1h+4h,0.25@0.5,10,True,16.17,52.1,1.45,1158484,-353239,16.89,67.8,2.3,4698272,-616556,16.48,59.0,1.95,5856756,-616556
GOLD,3,6.0,1h,0.1@0.3,0,False,30.0,22.2,0.98,-86874,-1054127,28.44,43.4,1.54,2896115,-1006032,29.33,31.0,1.28,2809241,-1054127
GOLD,3,6.0,1h,0.1@0.3,0,True,30.0,22.2,0.98,-86874,-1054127,28.44,43.4,1.54,2909263,-1006032,29.33,31.0,1.28,2822388,-1054127
GOLD,3,6.0,1h,0.1@0.3,5,False,45.42,23.1,0.86,-1033548,-1832508,41.78,41.5,1.43,3698913,-1241090,43.86,30.6,1.17,2665366,-1832508
GOLD,3,6.0,1h,0.1@0.3,5,True,45.42,23.1,0.86,-1033548,-1832508,41.78,41.5,1.43,3712061,-1241090,43.86,30.6,1.17,2678513,-1832508
GOLD,3,6.0,1h,0.1@0.3,10,False,43.08,23.6,0.89,-746586,-1707506,39.0,41.9,1.41,3337326,-1390168,41.33,31.0,1.17,2590740,-1707506
GOLD,3,6.0,1h,0.1@0.3,10,True,43.08,23.6,0.89,-746586,-1707506,39.0,41.9,1.41,3350474,-1390168,41.33,31.0,1.17,2603888,-1707506
GOLD,3,6.0,1h,0.15@0.3,0,False,30.0,33.3,1.07,301808,-723047,28.44,59.0,1.71,3379016,-854134,29.33,44.0,1.4,3680824,-854134
GOLD,3,6.0,1h,0.15@0.3,0,True,30.0,33.3,1.07,301808,-723047,28.44,59.0,1.71,3374939,-854134,29.33,44.0,1.4,3676747,-854134
GOLD,3,6.0,1h,0.15@0.3,5,False,48.75,33.3,0.9,-741952,-1622328,46.11,58.6,1.41,3673560,-1683745,47.62,43.8,1.18,2931608,-1683745
GOLD,3,6.0,1h,0.15@0.3,5,True,48.75,33.3,0.9,-741952,-1622328,46.11,58.6,1.41,3669483,-1683745,47.62,43.8,1.18,2927531,-1683745
GOLD,3,6.0,1h,0.15@0.3,10,False,45.33,33.3,0.95,-367629,-1514249,41.67,60.3,1.35,3092564,-1595413,43.76,44.3,1.18,2724936,-1595413
GOLD,3,6.0,1h,0.15@0.3,10,True,45.33,33.3,0.95,-367629,-1514249,41.67,60.3,1.35,3088487,-1595413,43.76,44.3,1.17,2720859,-1595413
GOLD,3,6.0,1h,0.2@0.4,0,False,30.0,40.6,1.04,201224,-679574,28.44,61.3,1.33,2214829,-1089001,29.33,49.2,1.21,2416052,-1089001
GOLD,3,6.0,1h,0.2@0.4,0,True,30.0,40.6,1.04,201224,-679574,28.44,61.7,1.38,2452805,-1089001,29.33,49.4,1.23,2654028,-1089001
GOLD,3,6.0,1h,0.2@0.4,5,False,45.0,40.9,0.89,-829663,-1857267,42.67,61.5,1.2,2219656,-1650716,44.0,49.5,1.07,1389992,-1857267
GOLD,3,6.0,1h,0.2@0.4,5,True,45.0,40.9,0.89,-829663,-1857267,42.67,61.7,1.22,2457632,-1650716,44.0,49.6,1.09,1627968,-1857267
GOLD,3,6.0,1h,0.2@0.4,10,False,42.67,40.4,0.93,-477936,-1623498,40.0,60.6,1.17,1862816,-1757818,41.52,48.7,1.08,1384880,-1757818
GOLD,3,6.0,1h,0.2@0.4,10,True,42.67,40.4,0.93,-477936,-1623498,40.0,60.8,1.2,2100792,-1757818,41.52,48.9,1.09,1622855,-1757818
GOLD,3,6.0,1h,0.25@0.5,0,False,30.0,47.5,1.01,54504,-761876,28.44,61.3,1.33,2420643,-1117468,29.33,53.2,1.19,2475147,-1117468
GOLD,3,6.0,1h,0.25@0.5,0,True,30.0,47.5,1.01,54504,-761876,28.44,61.7,1.37,2658619,-1117468,29.33,53.4,1.22,2713123,-1117468
GOLD,3,6.0,1h,0.25@0.5,5,False,41.75,47.3,0.99,-77087,-1109777,39.78,59.8,1.19,2256017,-1874951,40.9,52.5,1.11,2178930,-1874951
GOLD,3,6.0,1h,0.25@0.5,5,True,41.75,47.3,0.99,-77087,-1109777,39.78,60.1,1.22,2493993,-1874951,40.9,52.6,1.13,2416906,-1874951
GOLD,3,6.0,1h,0.25@0.5,10,False,40.25,47.2,0.99,-106356,-1099549,37.44,59.9,1.2,2198417,-1751695,39.05,52.4,1.11,2092061,-1751695
GOLD,3,6.0,1h,0.25@0.5,10,True,40.25,47.2,0.99,-106356,-1099549,37.44,60.2,1.22,2436393,-1751695,39.05,52.6,1.13,2330037,-1751695
GOLD,3,6.0,1h+4h,0.1@0.3,0,False,17.58,25.1,1.02,73877,-609014,16.44,44.6,1.81,2537151,-1006032,17.1,33.1,1.43,2611028,-1006032
GOLD,3,6.0,1h+4h,0.1@0.3,0,True,17.58,25.1,1.02,73877,-609014,16.44,44.6,1.81,2550298,-1006032,17.1,33.1,1.43,2624175,-1006032
GOLD,3,6.0,1h+4h,0.1@0.3,5,False,25.83,24.8,0.94,-271794,-1162154,25.0,45.3,1.82,3687033,-961429,25.48,33.5,1.39,3415239,-1162154
GOLD,3,6.0,1h+4h,0.1@0.3,5,True,25.83,24.8,0.94,-271794,-1162154,25.0,45.3,1.82,3700181,-961429,25.48,33.5,1.39,3428387,-1162154
GOLD,3,6.0,1h+4h,0.1@0.3,10,False,24.42,25.9,0.97,-117320,-1016411,22.78,46.8,1.9,3817406,-1098412,23.71,34.5,1.44,3700087,-1098412
GOLD,3,6.0,1h+4h,0.1@0.3,10,True,24.42,25.9,0.97,-117320,-1016411,22.78,46.8,1.9,3830554,-1098412,23.71,34.5,1.44,3713234,-1098412
GOLD,3,6.0,1h+4h,0.15@0.3,0,False,17.58,36.0,1.07,196224,-625083,16.44,58.1,2.09,2849722,-591298,17.1,45.1,1.56,3045946,-625083
GOLD,3,6.0,1h+4h,0.15@0.3,0,True,17.58,36.0,1.07,196224,-625083,16.44,58.1,2.09,2845645,-591298,17.1,45.1,1.56,3041869,-625083
GOLD,3,6.0,1h+4h,0.15@0.3,5,False,27.75,36.3,0.95,-194370,-1087563,28.44,61.3,1.81,3761341,-759463,28.05,47.2,1.4,3566971,-1087563
GOLD,3,6.0,1h+4h,0.15@0.3,5,True,27.75,36.3,0.95,-194370,-1087563,28.44,61.3,1.81,3757264,-759463,28.05,47.2,1.4,3562895,-1087563
GOLD,3,6.0,1h+4h,0.15@0.3,10,False,25.58,36.8,1.02,95225,-921703,25.22,63.0,1.97,4098594,-601535,25.43,47.9,1.51,4193819,-921703
GOLD,3,6.0,1h+4h,0.15@0.3,10,True,25.58,36.8,1.02,95225,-921703,25.22,63.0,1.97,4094517,-601535,25.43,47.9,1.51,4189742,-921703
GOLD,3,6.0,1h+4h,0.2@0.4,0,False,17.58,45.5,1.06,177402,-748826,16.44,62.2,1.67,2544303,-744978,17.1,52.4,1.41,2721705,-748826
GOLD,3,6.0,1h+4h,0.2@0.4,0,True,17.58,45.5,1.06,177402,-748826,16.44,62.8,1.78,2782279,-600766,17.1,52.6,1.46,2959681,-748826
GOLD,3,6.0,1h+4h,0.2@0.4,5,False,25.58,46.6,1.08,303688,-813088,25.89,62.7,1.44,2766628,-747742,25.71,53.5,1.3,3070316,-813088
GOLD,3,6.0,1h+4h,0.2@0.4,5,True,25.58,46.6,1.08,303688,-813088,25.89,63.1,1.49,3004604,-732713,25.71,53.7,1.33,3308292,-813088
GOLD,3,6.0,1h+4h,0.2@0.4,10,False,24.17,46.6,1.11,451134,-824653,24.11,61.3,1.55,3218986,-719326,24.14,52.9,1.37,3670120,-824653
GOLD,3,6.0,1h+4h,0.2@0.4,10,True,24.17,46.6,1.11,451134,-824653,24.11,61.8,1.61,3456962,-719326,24.14,53.1,1.41,3908096,-824653
GOLD,3,6.0,1h+4h,0.25@0.5,0,False,17.58,51.2,1.09,270080,-737288,16.44,61.5,1.78,3208911,-597293,17.1,55.4,1.48,3478991,-737288
GOLD,3,6.0,1h+4h,0.25@0.5,0,True,17.58,51.2,1.09,270080,-737288,16.44,62.2,1.89,3446887,-597293,17.1,55.7,1.53,3716967,-737288
GOLD,3,6.0,1h+4h,0.25@0.5,5,False,23.67,50.4,1.15,636494,-810856,23.78,59.3,1.38,2590057,-1096878,23.71,54.2,1.29,3226551,-1096878
GOLD,3,6.0,1h+4h,0.25@0.5,5,True,23.67,50.4,1.15,636494,-810856,23.78,59.8,1.42,2828033,-858902,23.71,54.4,1.32,3464527,-858902
GOLD,3,6.0,1h+4h,0.25@0.5,10,False,23.17,50.4,1.13,554415,-883385,21.78,60.7,1.59,3509960,-893275,22.57,54.6,1.4,4064375,-893275
GOLD,3,6.0,1h+4h,0.25@0.5,10,True,23.17,50.4,1.13,554415,-883385,21.78,61.2,1.65,3747936,-781978,22.57,54.9,1.43,4302351,-883385
GOLD,5,4.0,D,0.1@0.3,0,False,30.33,21.7,0.98,-101301,-679105,32.44,35.3,0.77,-1689631,-3348459,31.24,27.7,0.85,-1790932,-3348459
GOLD,5,4.0,D,0.1@0.3,0,True,30.33,19.5,0.8,-731620,-844465,32.44,34.9,0.89,-580540,-2179526,31.24,26.4,0.85,-1312161,-2179526
GOLD,5,4.0,D,0.1@0.3,5,False,44.75,21.4,0.96,-277515,-1185445,49.56,36.3,0.95,-592192,-3542892,46.81,28.2,0.95,-869707,-3542892
GOLD,5,4.0,D,0.1@0.3,5,True,84.5,18.0,0.61,-3417312,-3615847,76.89,32.1,0.87,-1352776,-3988629,81.24,23.7,0.75,-4770088,-4770088
GOLD,5,4.0,D,0.1@0.3,10,False,42.08,21.4,0.96,-237035,-1376270,45.56,37.8,1.0,-19387,-2838954,43.57,28.7,0.98,-256422,-2838954
GOLD,5,4.0,D,0.1@0.3,10,True,69.67,18.3,0.65,-2740966,-2881739,61.89,33.6,0.96,-331778,-2969492,66.33,24.4,0.81,-3072744,-3078951
GOLD,5,4.0,D,0.15@0.3,0,False,30.33,32.7,0.92,-352693,-802860,32.44,59.9,0.82,-1247300,-2987988,31.24,44.8,0.86,-1599993,-2987988
GOLD,5,4.0,D,0.15@0.3,0,True,30.33,25.3,0.73,-951377,-954140,32.44,49.3,0.89,-575903,-2225322,31.24,36.0,0.82,-1527280,-2225322
GOLD,5,4.0,D,0.15@0.3,5,False,47.92,32.3,0.98,-157792,-1340702,52.89,57.8,0.92,-927903,-3708494,50.05,43.9,0.94,-1085695,-3708494
GOLD,5,4.0,D,0.15@0.3,5,True,86.67,21.6,0.61,-3376982,-3571955,78.44,41.8,0.84,-1688729,-4264103,83.14,29.8,0.74,-5065712,-5078753
GOLD,5,4.0,D,0.15@0.3,10,False,44.92,32.1,0.95,-304664,-1718613,47.44,60.4,1.01,50244,-2796511,46.0,44.6,0.98,-254420,-2796511
GOLD,5,4.0,D,0.15@0.3,10,True,71.67,22.1,0.63,-2859543,-3099783,63.0,45.7,0.95,-483476,-3105551,67.95,31.5,0.8,-3343019,-3353083
GOLD,5,4.0,D,0.2@0.4,0,False,30.33,44.0,1.08,371920,-842019,32.44,66.1,0.94,-523413,-2865634,31.24,53.8,0.99,-151493,-2865634
GOLD,5,4.0,D,0.2@0.4,0,True,30.33,33.8,0.86,-550849,-959049,32.44,53.1,1.03,182311,-1512723,31.24,42.4,0.96,-368538,-1512723
GOLD,5,4.0,D,0.2@0.4,5,False,41.67,42.8,1.07,482397,-1243447,46.89,64.7,0.97,-390343,-3574867,43.9,52.8,1.0,92054,-3574867
GOLD,5,4.0,D,0.2@0.4,5,True,82.0,25.7,0.68,-2765925,-3311959,73.89,42.0,0.9,-1193020,-3946422,78.52,32.3,0.8,-3958945,-3958945
GOLD,5,4.0,D,0.2@0.4,10,False,40.33,41.9,1.04,301434,-1370990,44.0,66.4,0.97,-339954,-2690324,41.9,53.0,1.0,-38520,-2690324
GOLD,5,4.0,D,0.2@0.4,10,True,68.17,26.8,0.71,-2197674,-2947371,60.22,46.3,0.92,-714816,-2565687,64.76,34.6,0.83,-2912491,-2947371
GOLD,5,4.0,D,0.25@0.5,0,False,30.33,48.9,1.09,485826,-895012,32.44,65.1,1.07,682743,-2726300,31.24,56.1,1.08,1168569,-2726300
GOLD,5,4.0,D,0.25@0.5,0,True,30.33,37.1,0.87,-534345,-1050921,32.44,53.4,1.29,1829575,-1034328,31.24,44.4,1.12,1295230,-1050921
GOLD,5,4.0,D,0.25@0.5,5,False,37.75,49.4,1.18,1211976,-759694,43.33,65.9,1.11,1262642,-2625972,40.14,57.1,1.14,2474618,-2625972
GOLD,5,4.0,D,0.25@0.5,5,True,79.42,26.8,0.73,-2275345,-2969146,70.78,41.9,1.06,655311,-2092118,75.71,32.8,0.92,-1620034,-2969146
GOLD,5,4.0,D,0.25@0.5,10,False,36.92,48.5,1.13,889781,-842476,41.44,65.4,1.11,1251879,-2523114,38.86,56.2,1.12,2141660,-2523114
GOLD,5,4.0,D,0.25@0.5,10,True,65.92,28.2,0.78,-1618201,-2526458,57.56,45.4,1.13,1262921,-1760281,62.33,35.0,0.98,-355280,-2526458
GOLD,5,4.0,D+1h,0.1@0.3,0,False,17.92,19.1,1.0,11662,-539510,20.0,37.2,0.98,-84220,-1956851,18.81,27.3,0.99,-72558,-1956851
GOLD,5,4.0,D+1h,0.1@0.3,0,True,17.92,19.1,1.0,11662,-539510,20.0,37.2,0.98,-84220,-1956851,18.81,27.3,0.99,-72558,-1956851
GOLD,5,4.0,D+1h,0.1@0.3,5,False,29.0,19.3,1.03,133410,-1099876,32.22,37.9,1.17,1030323,-2077788,30.38,27.7,1.11,1163733,-2077788
GOLD,5,4.0,D+1h,0.1@0.3,5,True,29.0,19.3,1.03,133410,-1099876,32.22,37.9,1.17,1030323,-2077788,30.38,27.7,1.11,1163733,-2077788
GOLD,5,4.0,D+1h,0.1@0.3,10,False,27.33,20.4,1.0,-13422,-1012598,29.67,38.6,1.25,1428698,-2048816,28.33,28.6,1.14,1415275,-2048816
GOLD,5,4.0,D+1h,0.1@0.3,10,True,27.33,20.4,1.0,-13422,-1012598,29.67,38.6,1.25,1428698,-2048816,28.33,28.6,1.14,1415275,-2048816
GOLD,5,4.0,D+1h,0.15@0.3,0,False,17.92,29.3,0.92,-207671,-655750,20.0,60.0,0.98,-87379,-1778709,18.81,43.3,0.95,-295050,-1778709
GOLD,5,4.0,D+1h,0.15@0.3,0,True,17.92,29.3,0.92,-207671,-655750,20.0,60.0,0.98,-87379,-1778709,18.81,43.3,0.95,-295050,-1778709
GOLD,5,4.0,D+1h,0.15@0.3,5,False,31.17,29.4,1.05,214473,-1192006,33.78,58.9,1.1,698911,-2314360,32.29,42.6,1.08,913385,-2314360
GOLD,5,4.0,D+1h,0.15@0.3,5,True,31.17,29.4,1.05,214473,-1192006,33.78,58.9,1.1,698911,-2314360,32.29,42.6,1.08,913385,-2314360
GOLD,5,4.0,D+1h,0.15@0.3,10,False,29.33,30.1,0.98,-89781,-1225211,30.78,62.1,1.21,1235780,-2191228,29.95,44.2,1.11,1145999,-2191228
GOLD,5,4.0,D+1h,0.15@0.3,10,True,29.33,30.1,0.98,-89781,-1225211,30.78,62.1,1.21,1235780,-2191228,29.95,44.2,1.11,1145999,-2191228
GOLD,5,4.0,D+1h,0.2@0.4,0,False,17.92,43.3,1.07,206064,-626767,20.0,66.1,1.15,694193,-1190373,18.81,53.7,1.12,900257,-1190373
GOLD,5,4.0,D+1h,0.2@0.4,0,True,17.92,43.3,1.07,206064,-626767,20.0,66.1,1.15,694193,-1190373,18.81,53.7,1.12,900257,-1190373
GOLD,5,4.0,D+1h,0.2@0.4,5,False,26.83,43.5,1.14,583302,-1128223,29.22,64.3,1.17,1249771,-1981042,27.86,52.8,1.16,1833073,-1981042
GOLD,5,4.0,D+1h,0.2@0.4,5,True,26.83,43.5,1.14,583302,-1128223,29.22,64.3,1.17,1249771,-1981042,27.86,52.8,1.16,1833073,-1981042
GOLD,5,4.0,D+1h,0.2@0.4,10,False,26.17,43.3,1.08,332238,-1161671,28.0,66.7,1.18,1107212,-1546949,26.95,53.7,1.14,1439449,-1546949
GOLD,5,4.0,D+1h,0.2@0.4,10,True,26.17,43.3,1.08,332238,-1161671,28.0,66.7,1.18,1107212,-1546949,26.95,53.7,1.14,1439449,-1546949
GOLD,5,4.0,D+1h,0.25@0.5,0,False,17.92,48.8,1.07,222567,-691352,20.0,67.2,1.46,2327080,-1239736,18.81,57.2,1.31,2549648,-1239736
GOLD,5,4.0,D+1h,0.25@0.5,0,True,17.92,48.8,1.07,222567,-691352,20.0,67.2,1.46,2327080,-1239736,18.81,57.2,1.31,2549648,-1239736
GOLD,5,4.0,D+1h,0.25@0.5,5,False,24.17,48.3,1.3,1219868,-802936,26.11,67.2,1.48,3082608,-1573109,25.0,56.8,1.41,4302476,-1573109
GOLD,5,4.0,D+1h,0.25@0.5,5,True,24.17,48.3,1.3,1219868,-802936,26.11,67.2,1.48,3082608,-1573109,25.0,56.8,1.41,4302476,-1573109
GOLD,5,4.0,D+1h,0.25@0.5,10,False,23.83,48.6,1.26,1055766,-751877,25.33,67.1,1.49,3068047,-1471111,24.48,56.8,1.4,4123813,-1471111
GOLD,5,4.0,D+1h,0.25@0.5,10,True,23.83,48.6,1.26,1055766,-751877,25.33,67.1,1.49,3068047,-1471111,24.48,56.8,1.4,4123813,-1471111
GOLD,5,4.0,D+4h,0.1@0.3,0,False,19.08,21.4,0.77,-717946,-1177276,23.11,38.0,0.69,-1807103,-3507200,20.81,29.3,0.72,-2525049,-3507200
GOLD,5,4.0,D+4h,0.1@0.3,0,True,19.08,19.7,0.8,-500680,-714640,23.11,37.0,0.84,-636157,-2249433,20.81,27.9,0.83,-1136837,-2249433
GOLD,5,4.0,D+4h,0.1@0.3,5,False,28.5,19.9,0.87,-600998,-1678863,35.67,39.6,0.98,-138107,-3375252,31.57,29.4,0.94,-739105,-3375252
GOLD,5,4.0,D+4h,0.1@0.3,5,True,40.75,18.2,0.76,-1146744,-1642504,55.0,33.7,0.96,-342117,-3226878,46.86,26.0,0.88,-1488860,-3226878
GOLD,5,4.0,D+4h,0.1@0.3,10,False,26.58,21.3,0.9,-413553,-1626084,32.78,41.7,1.03,230509,-2836439,29.24,31.1,0.98,-183044,-2836439
GOLD,5,4.0,D+4h,0.1@0.3,10,True,34.58,19.3,0.8,-826942,-1507058,43.89,36.2,1.08,492740,-2347338,38.57,27.5,0.97,-334202,-2347338
GOLD,5,4.0,D+4h,0.15@0.3,0,False,19.08,29.3,0.7,-911464,-1135551,23.11,58.2,0.79,-1183123,-2967039,20.81,43.0,0.76,-2094587,-2967039
GOLD,5,4.0,D+4h,0.15@0.3,0,True,19.08,25.3,0.67,-776474,-845942,23.11,49.0,0.91,-377076,-2097325,20.81,36.6,0.82,-1153550,-2097325
GOLD,5,4.0,D+4h,0.15@0.3,5,False,29.83,29.3,0.9,-451683,-1594168,38.22,56.4,0.98,-205692,-3071586,33.43,42.6,0.95,-657375,-3071586
GOLD,5,4.0,D+4h,0.15@0.3,5,True,41.83,23.3,0.77,-1054992,-1618607,56.0,41.7,0.97,-219435,-2950111,47.9,32.5,0.9,-1274427,-2950111
GOLD,5,4.0,D+4h,0.15@0.3,10,False,27.25,31.2,0.93,-294753,-1603723,33.89,58.4,1.08,601562,-2306682,30.1,44.3,1.03,306808,-2306682
GOLD,5,4.0,D+4h,0.15@0.3,10,True,35.25,24.8,0.81,-802415,-1528201,44.33,45.4,1.12,800211,-1933598,39.14,34.8,1.0,-2204,-1933598
GOLD,5,4.0,D+4h,0.2@0.4,0,False,19.08,45.4,0.93,-221081,-959490,23.11,64.9,0.98,-111907,-2468986,20.81,54.7,0.97,-332988,-2468986
GOLD,5,4.0,D+4h,0.2@0.4,0,True,19.08,37.6,0.86,-345535,-661237,23.11,52.4,1.13,581229,-1122499,20.81,44.6,1.03,235694,-1122499
GOLD,5,4.0,D+4h,0.2@0.4,5,False,25.92,43.7,1.04,185114,-1211463,33.89,63.6,1.01,129643,-3081559,29.33,53.6,1.02,314757,-3081559
GOLD,5,4.0,D+4h,0.2@0.4,5,True,38.83,30.5,0.91,-399376,-1492157,52.56,41.9,1.01,126517,-2637307,44.71,36.2,0.98,-272859,-2637307
GOLD,5,4.0,D+4h,0.2@0.4,10,False,25.17,44.0,1.01,25560,-1367582,31.44,65.0,1.01,89875,-2435694,27.86,54.2,1.01,115435,-2435694
GOLD,5,4.0,D+4h,0.2@0.4,10,True,33.5,32.8,0.94,-248678,-1474361,42.33,45.9,1.06,405796,-1488240,37.29,39.2,1.01,157119,-1488240
GOLD,5,4.0,D+4h,0.25@0.5,0,False,19.08,48.9,0.92,-295381,-977917,23.11,65.4,1.15,1053788,-2450602,20.81,56.8,1.07,758407,-2450602
GOLD,5,4.0,D+4h,0.25@0.5,0,True,19.08,41.0,0.91,-235524,-588698,23.11,54.8,1.43,2056525,-1037550,20.81,47.6,1.25,1821001,-1037550
GOLD,5,4.0,D+4h,0.25@0.5,5,False,23.58,48.8,1.11,485735,-929396,31.0,65.6,1.16,1393544,-2746523,26.76,57.1,1.14,1879279,-2746523
GOLD,5,4.0,D+4h,0.25@0.5,5,True,37.17,32.1,1.02,82800,-1149338,50.33,42.6,1.18,1437810,-1621802,42.81,37.4,1.12,1520610,-1621802
GOLD,5,4.0,D+4h,0.25@0.5,10,False,23.25,48.7,1.08,344561,-1041327,29.67,65.2,1.16,1417612,-2591859,26.0,56.8,1.14,1762173,-2591859
GOLD,5,4.0,D+4h,0.25@0.5,10,True,32.08,34.5,1.07,282153,-1058695,40.89,46.2,1.26,1854723,-1380324,35.86,40.2,1.19,2136876,-1380324
GOLD,5,4.0,D+1h+4h,0.1@0.3,0,False,12.75,21.6,0.99,-22205,-507029,14.67,40.2,0.93,-238522,-2116959,13.57,30.2,0.95,-260727,-2116959
GOLD,5,4.0,D+1h+4h,0.1@0.3,0,True,12.75,21.6,0.99,-22205,-507029,14.67,40.2,0.93,-238522,-2116959,13.57,30.2,0.95,-260727,-2116959
GOLD,5,4.0,D+1h+4h,0.1@0.3,5,False,20.42,21.2,1.11,334232,-728189,24.44,41.4,1.23,1176764,-1924202,22.14,30.8,1.19,1510996,-1924202
GOLD,5,4.0,D+1h+4h,0.1@0.3,5,True,20.42,21.2,1.11,334232,-728189,24.44,41.4,1.23,1176764,-1924202,22.14,30.8,1.19,1510996,-1924202
GOLD,5,4.0,D+1h+4h,0.1@0.3,10,False,19.17,22.6,1.09,267608,-660095,22.0,43.4,1.37,1654355,-1768166,20.38,32.2,1.26,1921962,-1768166
GOLD,5,4.0,D+1h+4h,0.1@0.3,10,True,19.17,22.6,1.09,267608,-660095,22.0,43.4,1.37,1654355,-1768166,20.38,32.2,1.26,1921962,-1768166
GOLD,5,4.0,D+1h+4h,0.15@0.3,0,False,12.75,30.7,0.84,-295809,-595415,14.67,58.3,1.01,17509,-1945798,13.57,43.5,0.95,-278300,-1945798
GOLD,5,4.0,D+1h+4h,0.15@0.3,0,True,12.75,30.7,0.84,-295809,-595415,14.67,58.3,1.01,17509,-1945798,13.57,43.5,0.95,-278300,-1945798
GOLD,5,4.0,D+1h+4h,0.15@0.3,5,False,21.5,31.8,1.16,452502,-658451,25.44,57.6,1.25,1330736,-1856437,23.19,43.9,1.22,1783238,-1856437
GOLD,5,4.0,D+1h+4h,0.15@0.3,5,True,21.5,31.8,1.16,452502,-658451,25.44,57.6,1.25,1330736,-1856437,23.19,43.9,1.22,1783238,-1856437
GOLD,5,4.0,D+1h+4h,0.15@0.3,10,False,19.83,33.2,1.11,317453,-627513,22.44,60.9,1.42,1938948,-1619020,20.95,45.9,1.3,2256402,-1619020
GOLD,5,4.0,D+1h+4h,0.15@0.3,10,True,19.83,33.2,1.11,317453,-627513,22.44,60.9,1.42,1938948,-1619020,20.95,45.9,1.3,2256402,-1619020
GOLD,5,4.0,D+1h+4h,0.2@0.4,0,False,12.75,48.4,1.07,132940,-555755,14.67,63.6,1.26,1003918,-1167844,13.57,55.4,1.2,1136859,-1167844
GOLD,5,4.0,D+1h+4h,0.2@0.4,0,True,12.75,48.4,1.07,132940,-555755,14.67,63.6,1.26,1003918,-1167844,13.57,55.4,1.2,1136859,-1167844
GOLD,5,4.0,D+1h+4h,0.2@0.4,5,False,18.83,48.7,1.34,914800,-648933,22.0,62.6,1.28,1670044,-1865951,20.19,55.2,1.3,2584844,-1865951
GOLD,5,4.0,D+1h+4h,0.2@0.4,5,True,18.83,48.7,1.34,914800,-648933,22.0,62.6,1.28,1670044,-1865951,20.19,55.2,1.3,2584844,-1865951
GOLD,5,4.0,D+1h+4h,0.2@0.4,10,False,18.42,49.3,1.25,679073,-597059,20.44,64.7,1.32,1575235,-1294921,19.29,56.3,1.3,2254307,-1294921
GOLD,5,4.0,D+1h+4h,0.2@0.4,10,True,18.42,49.3,1.25,679073,-597059,20.44,64.7,1.32,1575235,-1294921,19.29,56.3,1.3,2254307,-1294921
GOLD,5,4.0,D+1h+4h,0.25@0.5,0,False,12.75,53.6,1.12,242952,-401523,14.67,67.4,1.62,2452652,-1089226,13.57,60.0,1.45,2695603,-1089226
GOLD,5,4.0,D+1h+4h,0.25@0.5,0,True,12.75,53.6,1.12,242952,-401523,14.67,67.4,1.62,2452652,-1089226,13.57,60.0,1.45,2695603,-1089226
GOLD,5,4.0,D+1h+4h,0.25@0.5,5,False,16.92,53.2,1.58,1520993,-451552,19.78,66.9,1.56,2957585,-1421813,18.14,59.6,1.57,4478578,-1421813
GOLD,5,4.0,D+1h+4h,0.25@0.5,5,True,16.92,53.2,1.58,1520993,-451552,19.78,66.9,1.56,2957585,-1421813,18.14,59.6,1.57,4478578,-1421813
GOLD,5,4.0,D+1h+4h,0.25@0.5,10,False,16.75,53.2,1.51,1333920,-423465,19.0,66.7,1.59,2998599,-1193335,17.71,59.4,1.57,4332519,-1193335
GOLD,5,4.0,D+1h+4h,0.25@0.5,10,True,16.75,53.2,1.51,1333920,-423465,19.0,66.7,1.59,2998599,-1193335,17.71,59.4,1.57,4332519,-1193335
GOLD,5,4.0,1h,0.1@0.3,10,False,46.92,22.4,0.83,-1316597,-1611824,44.67,36.8,1.37,3149315,-1659549,45.95,28.4,1.11,1832718,-1659549
GOLD,5,4.0,1h,0.1@0.3,10,True,46.92,22.4,0.83,-1316597,-1611824,44.67,36.8,1.37,3149315,-1659549,45.95,28.4,1.11,1832718,-1659549
GOLD,5,4.0,1h,0.15@0.3,0,False,31.58,29.3,0.8,-903535,-1053279,31.22,57.7,1.04,259505,-1663893,31.43,41.4,0.94,-644030,-1663893
GOLD,5,4.0,1h,0.15@0.3,0,True,31.58,29.3,0.8,-903535,-1053279,31.22,57.7,1.04,259505,-1663893,31.43,41.4,0.94,-644030,-1663893
GOLD,5,4.0,1h,0.1@0.3,0,False,31.58,19.8,0.9,-487207,-928054,31.22,36.3,1.13,793646,-1610761,31.43,26.8,1.03,306439,-1610761
GOLD,5,4.0,1h,0.1@0.3,0,True,31.58,19.8,0.9,-487207,-928054,31.22,36.3,1.13,793646,-1610761,31.43,26.8,1.03,306439,-1610761
GOLD,5,4.0,1h,0.1@0.3,5,False,50.0,21.2,0.81,-1495553,-1657819,48.0,36.1,1.33,3120140,-1691967,49.14,27.4,1.09,1624587,-1756186
GOLD,5,4.0,1h,0.1@0.3,5,True,50.0,21.2,0.81,-1495553,-1657819,48.0,36.1,1.33,3120140,-1691967,49.14,27.4,1.09,1624587,-1756186
GOLD,5,4.0,1h,0.15@0.3,5,False,54.25,29.6,0.8,-1602599,-1991442,50.33,56.5,1.23,2310478,-1747775,52.57,40.7,1.04,707879,-1991442
GOLD,5,4.0,1h,0.15@0.3,5,True,54.25,29.6,0.8,-1602599,-1991442,50.33,56.5,1.23,2310478,-1747775,52.57,40.7,1.04,707879,-1991442
GOLD,5,4.0,1h,0.15@0.3,10,False,51.08,30.8,0.78,-1683553,-2249367,46.56,59.7,1.26,2302625,-1561737,49.14,42.5,1.04,619071,-2249367
GOLD,5,4.0,1h,0.15@0.3,10,True,51.08,30.8,0.78,-1683553,-2249367,46.56,59.7,1.26,2302625,-1561737,49.14,42.5,1.04,619071,-2249367
GOLD,5,4.0,1h,0.2@0.4,0,False,31.5,41.3,0.97,-125767,-1094828,31.33,62.8,1.15,1054993,-1338407,31.43,50.5,1.08,929225,-1338407
GOLD,5,4.0,1h,0.2@0.4,0,True,31.5,41.3,0.97,-125767,-1094828,31.33,62.8,1.15,1054993,-1338407,31.43,50.5,1.08,929225,-1338407
GOLD,5,4.0,1h,0.2@0.4,5,False,47.83,41.3,0.93,-571622,-2065543,44.67,61.2,1.27,2979730,-1631871,46.48,49.5,1.13,2408108,-2065543
GOLD,5,4.0,1h,0.2@0.4,5,True,47.83,41.3,0.93,-571622,-2065543,44.67,61.2,1.27,2979730,-1631871,46.48,49.5,1.13,2408108,-2065543
GOLD,5,4.0,1h,0.2@0.4,10,False,46.42,41.5,0.93,-487780,-2086169,42.56,63.4,1.22,2179956,-1539896,44.76,50.4,1.1,1692176,-2086169
GOLD,5,4.0,1h,0.2@0.4,10,True,46.42,41.5,0.93,-487780,-2086169,42.56,63.4,1.22,2179956,-1539896,44.76,50.4,1.1,1692176,-2086169
GOLD,5,4.0,1h,0.25@0.5,0,False,31.5,46.6,0.97,-191131,-1116815,31.33,62.8,1.49,3831676,-1347128,31.43,53.5,1.27,3640545,-1347128
GOLD,5,4.0,1h,0.25@0.5,0,True,31.5,46.6,0.97,-191131,-1116815,31.33,62.8,1.49,3831676,-1347128,31.43,53.5,1.27,3640545,-1347128
GOLD,5,4.0,1h,0.25@0.5,5,False,42.92,46.6,1.03,252696,-1338413,41.56,62.8,1.43,4575523,-2004990,42.33,53.4,1.26,4828218,-2004990
GOLD,5,4.0,1h,0.25@0.5,5,True,42.92,46.6,1.03,252696,-1338413,41.56,62.8,1.43,4575523,-2004990,42.33,53.4,1.26,4828218,-2004990
GOLD,5,4.0,1h,0.25@0.5,10,False,42.08,47.1,1.03,207940,-1390731,40.11,62.3,1.4,4211830,-2164016,41.24,53.5,1.24,4419769,-2164016
GOLD,5,4.0,1h,0.25@0.5,10,True,42.08,47.1,1.03,207940,-1390731,40.11,62.3,1.4,4211830,-2164016,41.24,53.5,1.24,4419769,-2164016
GOLD,5,4.0,1h+4h,0.1@0.3,0,False,18.25,21.9,0.9,-297570,-620518,18.11,39.3,0.92,-339821,-2299997,18.19,29.3,0.91,-637391,-2299997
GOLD,5,4.0,1h+4h,0.1@0.3,0,True,18.25,21.9,0.9,-297570,-620518,18.11,39.3,0.92,-339821,-2299997,18.19,29.3,0.91,-637391,-2299997
GOLD,5,4.0,1h+4h,0.1@0.3,5,False,28.58,22.7,0.95,-219714,-924997,29.78,40.3,1.21,1292056,-1927732,29.1,30.4,1.1,1072342,-1927732
GOLD,5,4.0,1h+4h,0.1@0.3,5,True,28.58,22.7,0.95,-219714,-924997,29.78,40.3,1.21,1292056,-1927732,29.1,30.4,1.1,1072342,-1927732
GOLD,5,4.0,1h+4h,0.1@0.3,10,False,26.83,23.9,0.97,-146421,-851991,26.89,42.1,1.3,1710144,-1787004,26.86,31.7,1.16,1563724,-1787004
GOLD,5,4.0,1h+4h,0.1@0.3,10,True,26.83,23.9,0.97,-146421,-851991,26.89,42.1,1.3,1710144,-1787004,26.86,31.7,1.16,1563724,-1787004
GOLD,5,4.0,1h+4h,0.15@0.3,0,False,18.25,32.0,0.71,-801951,-936800,18.11,57.1,0.95,-194643,-2144922,18.19,42.7,0.85,-996595,-2144922
GOLD,5,4.0,1h+4h,0.15@0.3,0,True,18.25,32.0,0.71,-801951,-936800,18.11,57.1,0.95,-194643,-2144922,18.19,42.7,0.85,-996595,-2144922
GOLD,5,4.0,1h+4h,0.15@0.3,5,False,30.5,32.8,0.93,-289364,-941124,30.89,56.8,1.24,1495741,-1715105,30.67,43.2,1.11,1206377,-1715105
GOLD,5,4.0,1h+4h,0.15@0.3,5,True,30.5,32.8,0.93,-289364,-941124,30.89,56.8,1.24,1495741,-1715105,30.67,43.2,1.11,1206377,-1715105
GOLD,5,4.0,1h+4h,0.15@0.3,10,False,28.33,34.7,0.92,-321717,-806354,27.67,59.8,1.34,1959839,-1590891,28.05,45.3,1.16,1638122,-1590891
GOLD,5,4.0,1h+4h,0.15@0.3,10,True,28.33,34.7,0.92,-321717,-806354,27.67,59.8,1.34,1959839,-1590891,28.05,45.3,1.16,1638122,-1590891
GOLD,5,4.0,1h+4h,0.2@0.4,0,False,18.25,47.5,0.95,-144166,-797492,18.11,62.0,1.2,915054,-1167844,18.19,53.7,1.1,770888,-1167844
GOLD,5,4.0,1h+4h,0.2@0.4,0,True,18.25,47.5,0.95,-144166,-797492,18.11,62.0,1.2,915054,-1167844,18.19,53.7,1.1,770888,-1167844
GOLD,5,4.0,1h+4h,0.2@0.4,5,False,26.75,48.6,1.15,608036,-909838,27.22,61.6,1.28,1981068,-1677477,26.95,54.2,1.23,2589104,-1677477
GOLD,5,4.0,1h+4h,0.2@0.4,5,True,26.75,48.6,1.15,608036,-909838,27.22,61.6,1.28,1981068,-1677477,26.95,54.2,1.23,2589104,-1677477
GOLD,5,4.0,1h+4h,0.2@0.4,10,False,26.25,48.9,1.11,425411,-799555,25.11,64.2,1.32,1926656,-1219825,25.76,55.3,1.24,2352067,-1219825
GOLD,5,4.0,1h+4h,0.2@0.4,10,True,26.25,48.9,1.11,425411,-799555,25.11,64.2,1.32,1926656,-1219825,25.76,55.3,1.24,2352067,-1219825
GOLD,5,4.0,1h+4h,0.25@0.5,0,False,18.25,51.1,1.03,93760,-658316,18.11,65.0,1.44,2200670,-1111162,18.19,57.1,1.28,2294430,-1111162
GOLD,5,4.0,1h+4h,0.25@0.5,0,True,18.25,51.1,1.03,93760,-658316,18.11,65.0,1.44,2200670,-1111162,18.19,57.1,1.28,2294430,-1111162
GOLD,5,4.0,1h+4h,0.25@0.5,5,False,24.17,51.4,1.3,1230444,-690255,25.0,65.3,1.45,2970921,-1530155,24.52,57.5,1.39,4201366,-1530155
GOLD,5,4.0,1h+4h,0.25@0.5,5,True,24.17,51.4,1.3,1230444,-690255,25.0,65.3,1.45,2970921,-1530155,24.52,57.5,1.39,4201366,-1530155
GOLD,5,4.0,1h+4h,0.25@0.5,10,False,23.83,51.7,1.27,1081725,-690255,23.89,65.1,1.46,2967420,-1418751,23.86,57.5,1.39,4049145,-1418751
GOLD,5,4.0,1h+4h,0.25@0.5,10,True,23.83,51.7,1.27,1081725,-690255,23.89,65.1,1.46,2967420,-1418751,23.86,57.5,1.39,4049145,-1418751
GOLD,5,5.0,D,0.1@0.3,0,False,22.33,30.2,1.14,529975,-764947,22.67,47.5,0.97,-177683,-3122084,22.48,37.7,1.03,352291,-3122084
GOLD,5,5.0,D,0.1@0.3,0,True,22.33,29.1,1.13,335056,-684406,22.67,45.6,1.14,655646,-1809092,22.48,36.2,1.14,990702,-1809092
GOLD,5,5.0,D,0.1@0.3,5,False,31.0,29.8,1.15,799208,-857166,34.33,47.6,1.12,1050908,-2148180,32.43,37.9,1.13,1850116,-2148180
GOLD,5,5.0,D,0.1@0.3,5,True,71.33,20.4,0.7,-2217433,-3024172,61.78,35.3,0.88,-1081550,-3551764,67.24,26.3,0.8,-3298983,-3551764
GOLD,5,5.0,D,0.1@0.3,10,False,29.75,29.4,1.15,787197,-837751,33.56,48.3,1.09,779988,-2084811,31.38,38.1,1.12,1567185,-2084811
GOLD,5,5.0,D,0.1@0.3,10,True,58.5,21.2,0.78,-1416413,-2439997,50.78,38.3,0.96,-312837,-2788194,55.19,28.0,0.88,-1729251,-2788194
GOLD,5,5.0,D,0.15@0.3,0,False,22.33,42.9,1.13,479515,-885645,22.67,67.6,1.01,80350,-2913399,22.48,53.6,1.06,559865,-2913399
GOLD,5,5.0,D,0.15@0.3,0,True,22.33,37.3,1.13,317328,-654549,22.67,56.9,1.27,1136266,-1351745,22.48,45.8,1.22,1453594,-1351745
GOLD,5,5.0,D,0.15@0.3,5,False,33.08,42.1,1.09,489174,-1097748,36.33,67.0,1.2,1689138,-1662267,34.48,53.3,1.16,2178312,-1662267
GOLD,5,5.0,D,0.15@0.3,5,True,72.5,24.9,0.68,-2350316,-3113602,62.89,43.1,0.98,-219933,-2850494,68.38,32.1,0.84,-2570249,-3113602
GOLD,5,5.0,D,0.15@0.3,10,False,31.42,40.8,1.13,679237,-1045299,35.11,68.7,1.18,1418355,-2348223,33.0,53.5,1.16,2097591,-2348223
GOLD,5,5.0,D,0.15@0.3,10,True,59.67,26.1,0.76,-1555394,-2526416,51.78,47.2,1.06,466196,-2174671,56.29,34.4,0.92,-1089197,-2526416
GOLD,5,5.0,D,0.2@0.4,0,False,22.33,51.5,1.08,327364,-738007,22.67,64.7,0.89,-841710,-3797343,22.48,57.2,0.96,-514346,-3797343
GOLD,5,5.0,D,0.2@0.4,0,True,22.33,43.7,1.08,212826,-603118,22.67,55.4,1.08,429400,-1991759,22.48,48.7,1.08,642227,-1991759
GOLD,5,5.0,D,0.2@0.4,5,False,29.08,52.4,1.16,903565,-737295,34.11,69.1,1.13,1174279,-2086590,31.24,60.2,1.14,2077844,-2086590
GOLD,5,5.0,D,0.2@0.4,5,True,69.83,27.7,0.76,-1739583,-2680464,60.56,42.2,0.94,-561002,-3049479,65.86,33.4,0.87,-2300585,-3049479
GOLD,5,5.0,D,0.2@0.4,10,False,28.17,51.5,1.12,697796,-908591,33.0,69.0,1.14,1282398,-2329036,30.24,59.7,1.13,1980194,-2329036
GOLD,5,5.0,D,0.2@0.4,10,True,57.25,29.4,0.82,-1152660,-2294098,49.67,46.1,1.02,163706,-2387332,54.0,36.0,0.93,-988954,-2387332
GOLD,5,5.0,D,0.25@0.5,0,False,22.33,54.1,1.23,1099235,-786881,22.67,60.8,0.93,-619988,-3515416,22.48,57.0,1.03,479247,-3515416
GOLD,5,5.0,D,0.25@0.5,0,True,22.33,45.9,1.38,1112453,-562421,22.67,52.0,1.3,1690413,-1251341,22.48,48.5,1.33,2802865,-1251341
GOLD,5,5.0,D,0.25@0.5,5,False,27.42,53.2,1.22,1284364,-809372,31.89,63.4,1.0,-33755,-3012607,29.33,58.0,1.07,1250609,-3012607
GOLD,5,5.0,D,0.25@0.5,5,True,68.83,28.1,0.82,-1311635,-2549145,59.22,40.2,1.0,-47130,-2511445,64.71,32.8,0.92,-1358765,-2549145
GOLD,5,5.0,D,0.25@0.5,10,False,26.75,52.6,1.22,1280856,-766258,30.89,63.7,1.02,195128,-3142793,28.52,57.8,1.08,1475983,-3142793
GOLD,5,5.0,D,0.25@0.5,10,True,56.33,30.0,0.92,-513516,-1973525,48.22,43.5,1.07,660457,-2188283,52.86,35.3,1.01,146942,-2188283
GOLD,5,5.0,D+1h,0.1@0.3,0,False,12.67,28.9,1.42,773618,-333766,14.0,49.2,1.35,1229141,-1193465,13.24,38.1,1.37,2002759,-1193465
GOLD,5,5.0,D+1h,0.1@0.3,0,True,12.67,28.9,1.42,773618,-333766,14.0,49.2,1.35,1229141,-1193465,13.24,38.1,1.37,2002759,-1193465
GOLD,5,5.0,D+1h,0.1@0.3,5,False,20.67,26.2,1.22,727217,-809373,22.56,47.3,1.26,1398352,-1360920,21.48,35.7,1.25,2125569,-1360920
GOLD,5,5.0,D+1h,0.1@0.3,5,True,20.67,26.2,1.22,727217,-809373,22.56,47.3,1.26,1398352,-1360920,21.48,35.7,1.25,2125569,-1360920
GOLD,5,5.0,D+1h,0.1@0.3,10,False,19.75,27.0,1.23,765907,-736102,22.0,48.5,1.31,1562402,-1302937,20.71,36.8,1.28,2328309,-1302937
GOLD,5,5.0,D+1h,0.1@0.3,10,True,19.75,27.0,1.23,765907,-736102,22.0,48.5,1.31,1562402,-1302937,20.71,36.8,1.28,2328309,-1302937
GOLD,5,5.0,D+1h,0.15@0.3,0,False,12.67,43.4,1.43,748918,-328860,14.0,66.7,1.54,1706642,-959289,13.24,54.0,1.5,2455561,-959289
GOLD,5,5.0,D+1h,0.15@0.3,0,True,12.67,43.4,1.43,748918,-328860,14.0,66.7,1.54,1706642,-959289,13.24,54.0,1.5,2455561,-959289
GOLD,5,5.0,D+1h,0.15@0.3,5,False,21.83,41.6,1.18,601945,-920750,23.67,66.2,1.44,2272387,-1103768,22.62,52.6,1.34,2874332,-1103768
GOLD,5,5.0,D+1h,0.15@0.3,5,True,21.83,41.6,1.18,601945,-920750,23.67,66.2,1.44,2272387,-1103768,22.62,52.6,1.34,2874332,-1103768
GOLD,5,5.0,D+1h,0.15@0.3,10,False,20.92,40.6,1.19,629098,-826787,23.0,67.1,1.48,2324528,-1165460,21.81,52.6,1.36,2953626,-1165460
GOLD,5,5.0,D+1h,0.15@0.3,10,True,20.92,40.6,1.19,629098,-826787,23.0,67.1,1.48,2324528,-1165460,21.81,52.6,1.36,2953626,-1165460
GOLD,5,5.0,D+1h,0.2@0.4,0,False,12.67,54.6,1.35,660913,-331119,14.0,64.3,1.24,980024,-1399003,13.24,59.0,1.27,1640938,-1399003
GOLD,5,5.0,D+1h,0.2@0.4,0,True,12.67,54.6,1.35,660913,-331119,14.0,64.3,1.24,980024,-1399003,13.24,59.0,1.27,1640938,-1399003
GOLD,5,5.0,D+1h,0.2@0.4,5,False,19.0,53.1,1.46,1429545,-545311,21.22,67.5,1.33,1965635,-1267147,19.95,59.7,1.38,3395180,-1267147
GOLD,5,5.0,D+1h,0.2@0.4,5,True,19.0,53.1,1.46,1429545,-545311,21.22,67.5,1.33,1965635,-1267147,19.95,59.7,1.38,3395180,-1267147
GOLD,5,5.0,D+1h,0.2@0.4,10,False,18.33,52.7,1.39,1254140,-691897,20.78,67.4,1.37,2097071,-1372233,19.38,59.5,1.38,3351211,-1372233
GOLD,5,5.0,D+1h,0.2@0.4,10,True,18.33,52.7,1.39,1254140,-691897,20.78,67.4,1.37,2097071,-1372233,19.38,59.5,1.38,3351211,-1372233
GOLD,5,5.0,D+1h,0.25@0.5,0,False,12.67,58.6,1.72,1550237,-379841,14.0,59.5,1.48,2246897,-1039530,13.24,59.0,1.55,3797134,-1039530
GOLD,5,5.0,D+1h,0.25@0.5,0,True,12.67,58.6,1.72,1550237,-379841,14.0,59.5,1.48,2246897,-1039530,13.24,59.0,1.55,3797134,-1039530
GOLD,5,5.0,D+1h,0.25@0.5,5,False,17.58,57.3,1.63,2006353,-630352,20.0,63.3,1.37,2401076,-1848276,18.62,60.1,1.45,4407429,-1848276
GOLD,5,5.0,D+1h,0.25@0.5,5,True,17.58,57.3,1.63,2006353,-630352,20.0,63.3,1.37,2401076,-1848276,18.62,60.1,1.45,4407429,-1848276
GOLD,5,5.0,D+1h,0.25@0.5,10,False,17.0,57.4,1.66,2042144,-569999,19.44,62.9,1.39,2523018,-1724674,18.05,59.9,1.48,4565161,-1724674
GOLD,5,5.0,D+1h,0.25@0.5,10,True,17.0,57.4,1.66,2042144,-569999,19.44,62.9,1.39,2523018,-1724674,18.05,59.9,1.48,4565161,-1724674
GOLD,5,5.0,D+4h,0.1@0.3,0,False,13.92,26.9,1.14,320408,-635660,16.0,49.3,1.22,995647,-1989675,14.81,37.3,1.19,1316055,-1989675
GOLD,5,5.0,D+4h,0.1@0.3,0,True,13.92,28.1,1.41,596017,-450747,16.0,47.9,1.32,1121014,-1372115,14.81,37.3,1.35,1717031,-1372115
GOLD,5,5.0,D+4h,0.1@0.3,5,False,19.33,26.7,1.17,567768,-893134,24.78,49.3,1.27,1620276,-1619327,21.67,37.8,1.24,2188044,-1619327
GOLD,5,5.0,D+4h,0.1@0.3,5,True,32.0,21.9,1.02,60799,-1298067,43.67,36.4,1.08,532657,-1969730,37.0,29.2,1.06,593456,-1969730
GOLD,5,5.0,D+4h,0.1@0.3,10,False,18.5,27.0,1.19,620317,-831008,23.67,49.8,1.32,1769954,-1425186,20.71,38.2,1.27,2390271,-1425186
GOLD,5,5.0,D+4h,0.1@0.3,10,True,27.17,23.6,1.14,435084,-1027640,35.56,40.0,1.21,1156391,-1324590,30.76,31.7,1.19,1591475,-1324590
GOLD,5,5.0,D+4h,0.15@0.3,0,False,13.92,40.7,1.21,457804,-643762,16.0,68.8,1.41,1616833,-1383348,14.81,53.7,1.33,2074637,-1383348
GOLD,5,5.0,D+4h,0.15@0.3,0,True,13.92,38.3,1.47,656770,-441247,16.0,59.0,1.5,1542991,-967746,14.81,47.9,1.49,2199761,-967746
GOLD,5,5.0,D+4h,0.15@0.3,5,False,20.5,39.0,1.11,397597,-1038189,26.22,68.2,1.42,2442009,-1085723,22.95,53.3,1.31,2839607,-1085723
GOLD,5,5.0,D+4h,0.15@0.3,5,True,32.75,28.5,1.0,-10866,-1394593,44.67,44.8,1.21,1283231,-1751041,37.86,36.7,1.13,1272365,-1751041
GOLD,5,5.0,D+4h,0.15@0.3,10,False,19.33,38.4,1.19,608179,-905888,24.78,68.6,1.47,2451276,-988118,21.67,53.2,1.36,3059455,-988118
GOLD,5,5.0,D+4h,0.15@0.3,10,True,27.83,30.2,1.12,381856,-1105190,36.44,48.5,1.34,1816886,-1310815,31.52,39.3,1.26,2198741,-1310815
GOLD,5,5.0,D+4h,0.2@0.4,0,False,13.92,48.5,1.02,57332,-790772,16.0,66.7,1.14,718794,-2252225,14.81,56.9,1.1,776125,-2252225
GOLD,5,5.0,D+4h,0.2@0.4,0,True,13.92,44.9,1.33,478687,-483216,16.0,59.0,1.23,880182,-1565219,14.81,51.4,1.26,1358870,-1565219
GOLD,5,5.0,D+4h,0.2@0.4,5,False,18.83,48.7,1.12,428911,-1016579,25.0,71.1,1.29,1942186,-1201805,21.48,59.9,1.23,2371097,-1201805
GOLD,5,5.0,D+4h,0.2@0.4,5,True,31.75,32.8,1.08,276152,-1154905,43.22,44.7,1.14,926300,-1762148,36.67,38.8,1.12,1202452,-1762148
GOLD,5,5.0,D+4h,0.2@0.4,10,False,18.08,48.4,1.15,504515,-890069,24.0,70.8,1.34,2102309,-999825,20.62,59.6,1.27,2606824,-999825
GOLD,5,5.0,D+4h,0.2@0.4,10,True,26.92,35.6,1.22,656975,-866894,35.44,49.2,1.24,1443562,-1343333,30.57,42.4,1.23,2100536,-1343333
GOLD,5,5.0,D+4h,0.25@0.5,0,False,13.92,53.9,1.3,814010,-912698,16.0,61.1,1.13,862150,-2055743,14.81,57.2,1.17,1676160,-2055743
GOLD,5,5.0,D+4h,0.25@0.5,0,True,13.92,47.9,1.83,1348566,-460872,16.0,53.5,1.48,2092889,-1148685,14.81,50.5,1.58,3441455,-1148685
GOLD,5,5.0,D+4h,0.25@0.5,5,False,17.92,53.0,1.21,771434,-1137513,22.56,63.5,1.11,956163,-2320585,19.9,58.1,1.14,1727597,-2320585
GOLD,5,5.0,D+4h,0.25@0.5,5,True,30.83,34.1,1.19,669504,-1129223,41.67,41.1,1.19,1444756,-1689032,35.48,37.6,1.19,2114260,-1689032
GOLD,5,5.0,D+4h,0.25@0.5,10,False,17.33,52.4,1.21,779031,-1080700,22.33,64.2,1.11,927563,-2386559,19.48,58.2,1.14,1706594,-2386559
GOLD,5,5.0,D+4h,0.25@0.5,10,True,26.08,37.1,1.34,1029986,-860089,34.22,45.1,1.26,1779345,-1602813,29.57,41.1,1.28,2809331,-1602813
GOLD,5,5.0,D+1h+4h,0.1@0.3,0,False,9.08,31.2,1.82,882006,-310211,10.11,50.5,1.51,1451960,-1077378,9.52,40.0,1.59,2333966,-1077378
GOLD,5,5.0,D+1h+4h,0.1@0.3,0,True,9.08,31.2,1.82,882006,-310211,10.11,50.5,1.51,1451960,-1077378,9.52,40.0,1.59,2333966,-1077378
GOLD,5,5.0,D+1h+4h,0.1@0.3,5,False,14.42,28.9,1.5,1024851,-433426,16.78,49.0,1.49,1943162,-882128,15.43,38.3,1.5,2968012,-882128
GOLD,5,5.0,D+1h+4h,0.1@0.3,5,True,14.42,28.9,1.5,1024851,-433426,16.78,49.0,1.49,1943162,-882128,15.43,38.3,1.5,2968012,-882128
GOLD,5,5.0,D+1h+4h,0.1@0.3,10,False,13.92,29.9,1.52,1048177,-433426,16.0,50.7,1.61,2215263,-820364,14.81,39.5,1.58,3263440,-820364
GOLD,5,5.0,D+1h+4h,0.1@0.3,10,True,13.92,29.9,1.52,1048177,-433426,16.0,50.7,1.61,2215263,-820364,14.81,39.5,1.58,3263440,-820364
GOLD,5,5.0,D+1h+4h,0.15@0.3,0,False,9.08,46.8,1.94,942759,-283285,10.11,67.0,1.75,1870818,-612950,9.52,56.0,1.81,2813577,-612950
GOLD,5,5.0,D+1h+4h,0.15@0.3,0,True,9.08,46.8,1.94,942759,-283285,10.11,67.0,1.75,1870818,-612950,9.52,56.0,1.81,2813577,-612950
GOLD,5,5.0,D+1h+4h,0.15@0.3,5,False,15.17,44.5,1.45,963413,-515555,17.78,68.1,1.74,2730934,-622095,16.29,55.6,1.63,3694348,-622095
GOLD,5,5.0,D+1h+4h,0.15@0.3,5,True,15.17,44.5,1.45,963413,-515555,17.78,68.1,1.74,2730934,-622095,16.29,55.6,1.63,3694348,-622095
GOLD,5,5.0,D+1h+4h,0.15@0.3,10,False,14.58,44.0,1.48,1005177,-481469,16.89,67.8,1.84,2871544,-685881,15.57,55.0,1.7,3876721,-685881
GOLD,5,5.0,D+1h+4h,0.15@0.3,10,True,14.58,44.0,1.48,1005177,-481469,16.89,67.8,1.84,2871544,-685881,15.57,55.0,1.7,3876721,-685881
GOLD,5,5.0,D+1h+4h,0.2@0.4,0,False,9.08,56.9,1.72,764676,-331119,10.11,67.0,1.38,1188258,-1190770,9.52,61.5,1.46,1952934,-1190770
GOLD,5,5.0,D+1h+4h,0.2@0.4,0,True,9.08,56.9,1.72,764676,-331119,10.11,67.0,1.38,1188258,-1190770,9.52,61.5,1.46,1952934,-1190770
GOLD,5,5.0,D+1h+4h,0.2@0.4,5,False,13.75,55.2,1.78,1493416,-354960,16.33,70.7,1.54,2335416,-673647,14.86,62.5,1.61,3828831,-673647
GOLD,5,5.0,D+1h+4h,0.2@0.4,5,True,13.75,55.2,1.78,1493416,-354960,16.33,70.7,1.54,2335416,-673647,14.86,62.5,1.61,3828831,-673647
GOLD,5,5.0,D+1h+4h,0.2@0.4,10,False,13.25,55.3,1.81,1523280,-320874,15.89,70.6,1.6,2497182,-778733,14.38,62.6,1.67,4020462,-778733
GOLD,5,5.0,D+1h+4h,0.2@0.4,10,True,13.25,55.3,1.81,1523280,-320874,15.89,70.6,1.6,2497182,-778733,14.38,62.6,1.67,4020462,-778733
GOLD,5,5.0,D+1h+4h,0.25@0.5,0,False,9.08,61.5,2.33,1634554,-319937,10.11,59.3,1.65,2406825,-1054801,9.52,60.5,1.81,4041379,-1054801
GOLD,5,5.0,D+1h+4h,0.25@0.5,0,True,9.08,61.5,2.33,1634554,-319937,10.11,59.3,1.65,2406825,-1054801,9.52,60.5,1.81,4041379,-1054801
GOLD,5,5.0,D+1h+4h,0.25@0.5,5,False,12.67,59.2,1.99,1957410,-364611,14.78,63.9,1.58,2842018,-1409364,13.57,61.4,1.7,4799427,-1409364
GOLD,5,5.0,D+1h+4h,0.25@0.5,5,True,12.67,59.2,1.99,1957410,-364611,14.78,63.9,1.58,2842018,-1409364,13.57,61.4,1.7,4799427,-1409364
GOLD,5,5.0,D+1h+4h,0.25@0.5,10,False,12.25,59.2,2.01,1966934,-330525,14.67,63.6,1.57,2821112,-1323815,13.29,61.3,1.69,4788045,-1323815
GOLD,5,5.0,D+1h+4h,0.25@0.5,10,True,12.25,59.2,2.01,1966934,-330525,14.67,63.6,1.57,2821112,-1323815,13.29,61.3,1.69,4788045,-1323815
GOLD,5,5.0,1h,0.1@0.3,0,False,22.5,27.0,0.95,-183100,-751035,21.56,47.4,1.27,1466137,-1720057,22.1,35.6,1.14,1283037,-1720057
GOLD,5,5.0,1h,0.1@0.3,0,True,22.5,27.0,0.95,-183100,-751035,21.56,47.4,1.27,1466137,-1720057,22.1,35.6,1.14,1283037,-1720057
GOLD,5,5.0,1h,0.1@0.3,5,False,37.25,27.1,0.91,-612427,-1759276,34.0,47.4,1.37,3031433,-1576614,35.86,35.3,1.16,2419006,-1759276
GOLD,5,5.0,1h,0.1@0.3,5,True,37.25,27.1,0.91,-612427,-1759276,34.0,47.4,1.37,3031433,-1576614,35.86,35.3,1.16,2419006,-1759276
GOLD,5,5.0,1h,0.1@0.3,10,False,35.67,27.8,0.91,-602254,-1492407,32.78,48.1,1.4,3084419,-1148999,34.43,36.1,1.17,2482165,-1492407
GOLD,5,5.0,1h,0.1@0.3,10,True,35.67,27.8,0.91,-602254,-1492407,32.78,48.1,1.4,3084419,-1148999,34.43,36.1,1.17,2482165,-1492407
GOLD,5,5.0,1h,0.15@0.3,0,False,22.5,41.1,0.95,-171454,-751144,21.56,64.9,1.42,2148712,-1316541,22.1,51.1,1.22,1977258,-1316541
GOLD,5,5.0,1h,0.15@0.3,0,True,22.5,41.1,0.95,-171454,-751144,21.56,64.9,1.42,2148712,-1316541,22.1,51.1,1.22,1977258,-1316541
GOLD,5,5.0,1h,0.2@0.4,0,False,22.5,50.0,0.91,-399995,-840271,21.56,61.9,1.11,711953,-2198248,22.1,55.0,1.03,311957,-2198248
GOLD,5,5.0,1h,0.2@0.4,0,True,22.5,50.0,0.91,-399995,-840271,21.56,61.9,1.11,711953,-2198248,22.1,55.0,1.03,311957,-2198248
GOLD,5,5.0,1h,0.2@0.4,5,False,34.33,51.7,1.06,368025,-1193490,33.11,64.8,1.22,2304274,-1623117,33.81,57.2,1.16,2672299,-1623117
GOLD,5,5.0,1h,0.2@0.4,5,True,34.33,51.7,1.06,368025,-1193490,33.11,64.8,1.22,2304274,-1623117,33.81,57.2,1.16,2672299,-1623117
GOLD,5,5.0,1h,0.15@0.3,5,False,39.75,41.1,0.89,-768632,-1966407,35.56,65.0,1.51,4112445,-1484665,37.95,50.7,1.23,3343812,-1966407
GOLD,5,5.0,1h,0.15@0.3,5,True,39.75,41.1,0.89,-768632,-1966407,35.56,65.0,1.51,4112445,-1484665,37.95,50.7,1.23,3343812,-1966407
GOLD,5,5.0,1h,0.15@0.3,10,False,37.67,40.7,0.91,-611190,-1669009,34.11,65.5,1.53,4004649,-1158172,36.14,50.7,1.24,3393459,-1669009
GOLD,5,5.0,1h,0.15@0.3,10,True,37.67,40.7,0.91,-611190,-1669009,34.11,65.5,1.53,4004649,-1158172,36.14,50.7,1.24,3393459,-1669009
GOLD,5,5.0,1h,0.2@0.4,10,False,33.0,52.0,1.04,238364,-1199477,32.11,64.4,1.17,1732266,-1525388,32.62,57.2,1.12,1970630,-1525388
GOLD,5,5.0,1h,0.2@0.4,10,True,33.0,52.0,1.04,238364,-1199477,32.11,64.4,1.17,1732266,-1525388,32.62,57.2,1.12,1970630,-1525388
GOLD,5,5.0,1h,0.25@0.5,0,False,22.5,52.2,1.07,336001,-1027623,21.56,57.7,1.16,1179640,-1538883,22.1,54.5,1.12,1515640,-1538883
GOLD,5,5.0,1h,0.25@0.5,0,True,22.5,52.2,1.07,336001,-1027623,21.56,57.7,1.16,1179640,-1538883,22.1,54.5,1.12,1515640,-1538883
GOLD,5,5.0,1h,0.25@0.5,5,False,31.75,54.1,1.13,858500,-1063728,31.11,61.1,1.3,3146223,-1420157,31.48,57.0,1.24,4004722,-1420157
GOLD,5,5.0,1h,0.25@0.5,5,True,31.75,54.1,1.13,858500,-1063728,31.11,61.1,1.3,3146223,-1420157,31.48,57.0,1.24,4004722,-1420157
GOLD,5,5.0,1h,0.25@0.5,10,False,30.83,54.3,1.14,916510,-960316,30.0,60.7,1.21,2159750,-1537060,30.48,57.0,1.18,3076260,-1537060
GOLD,5,5.0,1h,0.25@0.5,10,True,30.83,54.3,1.14,916510,-960316,30.0,60.7,1.21,2159750,-1537060,30.48,57.0,1.18,3076260,-1537060
GOLD,5,5.0,1h+4h,0.1@0.3,0,False,13.33,30.6,1.11,239605,-440989,12.33,50.5,1.46,1553755,-1077378,12.9,38.7,1.32,1793360,-1077378
GOLD,5,5.0,1h+4h,0.1@0.3,0,True,13.33,30.6,1.11,239605,-440989,12.33,50.5,1.46,1553755,-1077378,12.9,38.7,1.32,1793360,-1077378
GOLD,5,5.0,1h+4h,0.1@0.3,5,False,20.75,30.1,1.11,416041,-760398,20.78,51.3,1.5,2343150,-775832,20.76,39.2,1.33,2759192,-775832
GOLD,5,5.0,1h+4h,0.1@0.3,5,True,20.75,30.1,1.11,416041,-760398,20.78,51.3,1.5,2343150,-775832,20.76,39.2,1.33,2759192,-775832
GOLD,5,5.0,1h+4h,0.1@0.3,10,False,20.08,31.5,1.15,523646,-759980,19.56,52.8,1.59,2589040,-863373,19.86,40.5,1.39,3112686,-863373
GOLD,5,5.0,1h+4h,0.1@0.3,10,True,20.08,31.5,1.15,523646,-759980,19.56,52.8,1.59,2589040,-863373,19.86,40.5,1.39,3112686,-863373
GOLD,5,5.0,1h+4h,0.15@0.3,0,False,13.33,46.2,1.11,220349,-555374,12.33,67.6,1.67,2012740,-746305,12.9,55.0,1.44,2233088,-746305
GOLD,5,5.0,1h+4h,0.15@0.3,0,True,13.33,46.2,1.11,220349,-555374,12.33,67.6,1.67,2012740,-746305,12.9,55.0,1.44,2233088,-746305
GOLD,5,5.0,1h+4h,0.2@0.4,0,False,13.33,53.8,1.02,46637,-619700,12.33,65.8,1.27,1063940,-1315087,12.9,58.7,1.18,1110577,-1315087
GOLD,5,5.0,1h+4h,0.2@0.4,0,True,13.33,53.8,1.02,46637,-619700,12.33,65.8,1.27,1063940,-1315087,12.9,58.7,1.18,1110577,-1315087
GOLD,5,5.0,1h+4h,0.2@0.4,5,False,19.83,54.2,1.23,816551,-768532,20.33,70.5,1.48,2584252,-631322,20.05,61.3,1.38,3400803,-768532
GOLD,5,5.0,1h+4h,0.2@0.4,5,True,19.83,54.2,1.23,816551,-768532,20.33,70.5,1.48,2584252,-631322,20.05,61.3,1.38,3400803,-768532
GOLD,5,5.0,1h+4h,0.15@0.3,5,False,22.17,45.9,1.06,225847,-832068,21.78,69.4,1.73,3274208,-693673,22.0,55.8,1.43,3500055,-832068
GOLD,5,5.0,1h+4h,0.15@0.3,5,True,22.17,45.9,1.06,225847,-832068,21.78,69.4,1.73,3274208,-693673,22.0,55.8,1.43,3500055,-832068
GOLD,5,5.0,1h+4h,0.15@0.3,10,False,21.25,45.9,1.12,416190,-695933,20.44,69.0,1.8,3376555,-736969,20.9,55.6,1.49,3792744,-736969
GOLD,5,5.0,1h+4h,0.15@0.3,10,True,21.25,45.9,1.12,416190,-695933,20.44,69.0,1.8,3376555,-736969,20.9,55.6,1.49,3792744,-736969
GOLD,5,5.0,1h+4h,0.2@0.4,10,False,19.17,54.3,1.23,827217,-838404,19.67,70.1,1.49,2596084,-785075,19.38,61.2,1.39,3423301,-838404
GOLD,5,5.0,1h+4h,0.2@0.4,10,True,19.17,54.3,1.23,827217,-838404,19.67,70.1,1.49,2596084,-785075,19.38,61.2,1.39,3423301,-838404
GOLD,5,5.0,1h+4h,0.25@0.5,0,False,13.33,55.6,1.34,879973,-739672,12.33,56.8,1.55,2491676,-1054801,12.9,56.1,1.47,3371649,-1054801
GOLD,5,5.0,1h+4h,0.25@0.5,0,True,13.33,55.6,1.34,879973,-739672,12.33,56.8,1.55,2491676,-1054801,12.9,56.1,1.47,3371649,-1054801
GOLD,5,5.0,1h+4h,0.25@0.5,5,False,18.58,56.1,1.32,1158418,-717099,18.22,61.0,1.38,2440191,-1593625,18.43,58.1,1.36,3598609,-1593625
GOLD,5,5.0,1h+4h,0.25@0.5,5,True,18.58,56.1,1.32,1158418,-717099,18.22,61.0,1.38,2440191,-1593625,18.43,58.1,1.36,3598609,-1593625
GOLD,5,5.0,1h+4h,0.25@0.5,10,False,18.0,56.0,1.31,1144921,-690517,18.0,61.1,1.35,2285544,-1669335,18.0,58.2,1.34,3430465,-1669335
GOLD,5,5.0,1h+4h,0.25@0.5,10,True,18.0,56.0,1.31,1144921,-690517,18.0,61.1,1.35,2285544,-1669335,18.0,58.2,1.34,3430465,-1669335
GOLD,5,6.0,D,0.1@0.3,10,False,22.75,35.5,1.47,1882686,-434364,25.78,56.5,1.14,1154572,-2092745,24.05,45.1,1.25,3037258,-2092745
GOLD,5,6.0,D,0.1@0.3,10,True,51.5,20.7,0.88,-654702,-1709835,43.44,36.6,0.98,-129538,-2562799,48.05,26.9,0.94,-784240,-2562799
GOLD,5,6.0,D,0.15@0.3,0,False,16.25,53.3,1.15,420957,-521486,16.33,69.4,0.89,-636113,-1852665,16.29,60.2,0.98,-215156,-1852665
GOLD,5,6.0,D,0.15@0.3,0,True,16.25,36.9,1.24,517277,-436891,16.33,50.3,0.94,-261751,-1717321,16.29,42.7,1.04,255526,-1717321
GOLD,5,6.0,D,0.1@0.3,0,False,16.25,35.4,1.13,378655,-570151,16.33,57.1,0.91,-587236,-2072020,16.29,44.7,0.98,-208581,-2072020
GOLD,5,6.0,D,0.1@0.3,0,True,16.25,27.2,1.18,401789,-457488,16.33,43.5,0.9,-476649,-1341673,16.29,34.2,0.99,-74859,-1341673
GOLD,5,6.0,D,0.1@0.3,5,False,23.17,35.3,1.43,1761126,-482721,26.0,57.3,1.16,1317866,-1936786,24.38,45.3,1.25,3078992,-1936786
GOLD,5,6.0,D,0.1@0.3,5,True,62.0,20.2,0.79,-1312905,-2213619,52.22,34.3,0.91,-810751,-2939037,57.81,25.6,0.86,-2123656,-2939037
GOLD,5,6.0,D,0.15@0.3,5,False,24.67,53.4,1.37,1604364,-520987,27.78,70.0,1.14,1158345,-1983544,26.0,61.0,1.22,2762710,-1983544
GOLD,5,6.0,D,0.15@0.3,5,True,62.67,25.7,0.8,-1207786,-2150304,53.11,39.3,0.92,-753606,-3069016,58.57,31.0,0.87,-1961392,-3069016
GOLD,5,6.0,D,0.15@0.3,10,False,24.0,54.2,1.42,1720516,-464114,27.67,69.5,1.1,842725,-2088852,25.57,61.3,1.2,2563241,-2088852
GOLD,5,6.0,D,0.15@0.3,10,True,52.08,26.7,0.89,-575304,-1652905,44.56,42.4,0.97,-269363,-2873034,48.86,32.8,0.94,-844668,-2873034
GOLD,5,6.0,D,0.2@0.4,0,False,16.25,60.0,1.61,1910733,-522572,16.33,70.7,1.01,83439,-1528844,16.29,64.6,1.21,1994173,-1528844
GOLD,5,6.0,D,0.2@0.4,0,True,16.25,43.6,1.43,944914,-380318,16.33,52.4,1.03,117760,-1410833,16.29,47.4,1.16,1062674,-1410833
GOLD,5,6.0,D,0.2@0.4,5,False,21.0,59.5,1.56,2517362,-440203,25.11,71.7,1.3,2477867,-1474667,22.76,65.3,1.39,4995229,-1474667
GOLD,5,6.0,D,0.2@0.4,5,True,59.67,26.4,0.94,-358122,-1582272,51.78,39.9,1.0,16577,-3033901,56.29,31.7,0.98,-341545,-3033901
GOLD,5,6.0,D,0.2@0.4,10,False,20.5,59.3,1.71,2891161,-440203,23.89,72.1,1.34,2632066,-1385820,21.95,65.3,1.47,5523227,-1385820
GOLD,5,6.0,D,0.2@0.4,10,True,49.25,27.9,1.06,297942,-1127612,42.56,43.1,1.09,717694,-2506161,46.38,33.9,1.08,1015636,-2506161
GOLD,5,6.0,D,0.25@0.5,0,False,16.17,60.8,1.62,2196434,-632291,16.44,62.8,0.94,-443635,-1815867,16.29,61.7,1.16,1752799,-1815867
GOLD,5,6.0,D,0.25@0.5,0,True,16.25,43.1,1.44,1105345,-470689,16.33,49.7,1.24,1143436,-1646148,16.29,45.9,1.31,2248781,-1646148
GOLD,5,6.0,D,0.25@0.5,5,False,19.92,61.9,1.63,2763269,-501087,23.67,64.3,1.13,1243644,-1593151,21.52,63.1,1.29,4006913,-1593151
GOLD,5,6.0,D,0.25@0.5,5,True,59.17,26.1,0.92,-499007,-1755396,50.44,37.9,1.04,335786,-3056518,55.43,30.7,0.99,-163220,-3056518
GOLD,5,6.0,D,0.25@0.5,10,False,19.58,62.1,1.62,2707912,-501087,22.89,65.0,1.15,1381336,-1599615,21.0,63.5,1.3,4089249,-1599615
GOLD,5,6.0,D,0.25@0.5,10,True,48.75,27.7,1.03,166836,-1287599,41.89,41.1,1.08,708443,-2722797,45.81,33.0,1.06,875279,-2722797
GOLD,5,6.0,D+1h,0.1@0.3,0,False,9.0,35.2,1.62,948748,-350927,9.67,54.0,0.95,-188921,-1022314,9.29,43.6,1.14,759827,-1022314
GOLD,5,6.0,D+1h,0.1@0.3,0,True,9.0,35.2,1.62,948748,-350927,9.67,54.0,0.95,-188921,-1022314,9.29,43.6,1.14,759827,-1022314
GOLD,5,6.0,D+1h,0.1@0.3,5,False,15.25,33.3,1.77,1817690,-605336,16.78,52.3,1.23,1327112,-1410898,15.9,41.9,1.39,3144802,-1410898
GOLD,5,6.0,D+1h,0.1@0.3,5,True,15.25,33.3,1.77,1817690,-605336,16.78,52.3,1.23,1327112,-1410898,15.9,41.9,1.39,3144802,-1410898
GOLD,5,6.0,D+1h,0.1@0.3,10,False,14.92,34.1,1.79,1844877,-527654,16.44,52.7,1.26,1500651,-1207364,15.57,42.5,1.41,3345527,-1207364
GOLD,5,6.0,D+1h,0.1@0.3,10,True,14.92,34.1,1.79,1844877,-527654,16.44,52.7,1.26,1500651,-1207364,15.57,42.5,1.41,3345527,-1207364
GOLD,5,6.0,D+1h,0.15@0.3,0,False,9.0,53.7,1.73,1077623,-337760,9.67,65.5,1.01,25977,-1303815,9.29,59.0,1.22,1103599,-1303815
GOLD,5,6.0,D+1h,0.15@0.3,0,True,9.0,53.7,1.73,1077623,-337760,9.67,65.5,1.01,25977,-1303815,9.29,59.0,1.22,1103599,-1303815
GOLD,5,6.0,D+1h,0.15@0.3,5,False,15.92,53.9,1.82,1927520,-563560,17.67,66.7,1.24,1409617,-1318673,16.67,59.7,1.41,3337137,-1318673
GOLD,5,6.0,D+1h,0.15@0.3,5,True,15.92,53.9,1.82,1927520,-563560,17.67,66.7,1.24,1409617,-1318673,16.67,59.7,1.41,3337137,-1318673
GOLD,5,6.0,D+1h,0.15@0.3,10,False,15.5,53.2,1.83,1927837,-485878,17.56,66.5,1.24,1395076,-1348645,16.38,59.3,1.4,3322913,-1348645
GOLD,5,6.0,D+1h,0.15@0.3,10,True,15.5,53.2,1.83,1927837,-485878,17.56,66.5,1.24,1395076,-1348645,16.38,59.3,1.4,3322913,-1348645
GOLD,5,6.0,D+1h,0.2@0.4,0,False,9.0,64.8,1.96,1492838,-324070,9.67,69.0,1.11,405487,-997326,9.29,66.7,1.35,1898325,-997326
GOLD,5,6.0,D+1h,0.2@0.4,0,True,9.0,64.8,1.96,1492838,-324070,9.67,69.0,1.11,405487,-997326,9.29,66.7,1.35,1898325,-997326
GOLD,5,6.0,D+1h,0.2@0.4,5,False,12.75,66.0,2.33,2846568,-343063,16.33,70.7,1.38,2142462,-1231921,14.29,68.3,1.64,4989030,-1231921
GOLD,5,6.0,D+1h,0.2@0.4,5,True,12.75,66.0,2.33,2846568,-343063,16.33,70.7,1.38,2142462,-1231921,14.29,68.3,1.64,4989030,-1231921
GOLD,5,6.0,D+1h,0.2@0.4,10,False,12.5,66.0,2.37,2871615,-343063,15.56,71.4,1.45,2353686,-1052569,13.81,68.6,1.71,5225301,-1052569
GOLD,5,6.0,D+1h,0.2@0.4,10,True,12.5,66.0,2.37,2871615,-343063,15.56,71.4,1.45,2353686,-1052569,13.81,68.6,1.71,5225301,-1052569
GOLD,5,6.0,D+1h,0.25@0.5,0,False,9.0,63.9,1.88,1653269,-429377,9.67,64.4,1.35,1431164,-1232641,9.29,64.1,1.52,3084433,-1232641
GOLD,5,6.0,D+1h,0.25@0.5,0,True,9.0,63.9,1.88,1653269,-429377,9.67,64.4,1.35,1431164,-1232641,9.29,64.1,1.52,3084433,-1232641
GOLD,5,6.0,D+1h,0.25@0.5,5,False,12.42,66.4,2.12,2648780,-340635,15.0,66.7,1.42,2427859,-1259669,13.52,66.5,1.62,5076639,-1259669
GOLD,5,6.0,D+1h,0.25@0.5,5,True,12.42,66.4,2.12,2648780,-340635,15.0,66.7,1.42,2427859,-1259669,13.52,66.5,1.62,5076639,-1259669
GOLD,5,6.0,D+1h,0.25@0.5,10,False,12.17,67.1,2.15,2683606,-302765,14.89,67.2,1.41,2319515,-1277267,13.33,67.1,1.62,5003120,-1277267
GOLD,5,6.0,D+1h,0.25@0.5,10,True,12.17,67.1,2.15,2683606,-302765,14.89,67.2,1.41,2319515,-1277267,13.33,67.1,1.62,5003120,-1277267
GOLD,5,6.0,D+4h,0.1@0.3,0,False,9.92,30.3,1.26,488000,-511508,11.78,55.7,0.99,-42070,-1920286,10.71,42.2,1.07,445930,-1920286
GOLD,5,6.0,D+4h,0.1@0.3,0,True,9.92,26.9,1.63,780262,-383835,11.78,40.6,0.91,-358198,-1493915,10.71,33.3,1.08,422064,-1493915
GOLD,5,6.0,D+4h,0.1@0.3,5,False,14.5,30.5,1.46,1173560,-592016,19.11,56.4,1.28,1634148,-1867140,16.48,43.4,1.33,2807708,-1867140
GOLD,5,6.0,D+4h,0.1@0.3,5,True,26.75,21.2,1.2,596393,-742944,37.33,33.6,1.08,552011,-2309921,31.29,27.5,1.12,1148405,-2309921
GOLD,5,6.0,D+4h,0.1@0.3,10,False,14.08,31.4,1.54,1314074,-514334,18.78,55.0,1.26,1573833,-2092745,16.1,43.2,1.34,2887907,-2092745
GOLD,5,6.0,D+4h,0.1@0.3,10,True,22.83,23.0,1.37,951919,-680475,30.67,35.9,1.18,1093681,-2097864,26.19,29.5,1.24,2045600,-2097864
GOLD,5,6.0,D+4h,0.15@0.3,0,False,9.92,52.1,1.35,623904,-485001,11.78,67.0,1.11,443484,-1370122,10.71,59.1,1.18,1067388,-1370122
GOLD,5,6.0,D+4h,0.15@0.3,0,True,9.92,41.2,1.73,870814,-370669,11.78,46.2,0.98,-59904,-1491927,10.71,43.6,1.18,810911,-1491927
GOLD,5,6.0,D+4h,0.15@0.3,5,False,15.33,50.5,1.43,1146012,-680891,20.44,69.0,1.27,1692165,-1847016,17.52,59.8,1.32,2838178,-1847016
GOLD,5,6.0,D+4h,0.15@0.3,5,True,27.0,30.2,1.25,715984,-712124,38.22,39.0,1.08,565944,-2252166,31.81,34.7,1.13,1281929,-2252166
GOLD,5,6.0,D+4h,0.15@0.3,10,False,14.58,51.4,1.54,1316118,-534402,20.33,67.2,1.21,1387043,-2088852,17.05,59.5,1.3,2703160,-2088852
GOLD,5,6.0,D+4h,0.15@0.3,10,True,23.0,33.0,1.42,1052173,-649655,31.78,42.0,1.15,909707,-2224400,26.76,37.5,1.22,1961879,-2224400
GOLD,5,6.0,D+4h,0.2@0.4,0,False,9.92,58.0,1.5,1019267,-545485,11.78,68.9,1.11,498995,-1129166,10.71,63.1,1.23,1518262,-1129166
GOLD,5,6.0,D+4h,0.2@0.4,0,True,9.92,47.1,1.78,1021851,-356978,11.78,48.1,1.02,63722,-1510296,10.71,47.6,1.22,1085573,-1510296
GOLD,5,6.0,D+4h,0.2@0.4,5,False,12.92,56.1,1.44,1329645,-813343,18.0,69.8,1.42,2621910,-1481200,15.1,63.1,1.43,3951555,-1481200
GOLD,5,6.0,D+4h,0.2@0.4,5,True,25.33,31.6,1.35,1019403,-702291,36.78,38.4,1.15,1015093,-2741023,30.24,35.1,1.21,2034496,-2741023
GOLD,5,6.0,D+4h,0.2@0.4,10,False,12.58,57.0,1.67,1737237,-501053,17.67,69.8,1.39,2349263,-1392354,14.76,63.5,1.48,4086500,-1392354
GOLD,5,6.0,D+4h,0.2@0.4,10,True,21.5,34.9,1.52,1344231,-639823,30.33,42.1,1.21,1253972,-2375885,25.29,38.6,1.31,2598203,-2375885
GOLD,5,6.0,D+4h,0.25@0.5,0,False,9.83,60.2,1.56,1167235,-533326,11.89,59.8,0.95,-303826,-2125202,10.71,60.0,1.11,863409,-2125202
GOLD,5,6.0,D+4h,0.25@0.5,0,True,9.92,47.9,1.96,1259420,-386316,11.78,45.3,1.2,772287,-2056585,10.71,46.7,1.4,2031707,-2056585
GOLD,5,6.0,D+4h,0.25@0.5,5,False,12.5,59.3,1.55,1564137,-577053,17.44,62.4,1.17,1256491,-1829103,14.62,60.9,1.28,2820628,-1829103
GOLD,5,6.0,D+4h,0.25@0.5,5,True,25.0,32.0,1.4,1160137,-726222,36.11,36.6,1.17,1137673,-2767079,29.76,34.4,1.24,2297810,-2767079
GOLD,5,6.0,D+4h,0.25@0.5,10,False,12.25,59.9,1.58,1630707,-569712,17.0,62.1,1.15,1060081,-1772702,14.29,61.0,1.27,2690788,-1772702
GOLD,5,6.0,D+4h,0.25@0.5,10,True,21.08,35.6,1.58,1488044,-657315,29.89,40.1,1.19,1201439,-2595960,24.86,37.9,1.3,2689483,-2595960
GOLD,5,6.0,D+1h+4h,0.1@0.3,0,False,6.25,34.7,2.07,1029786,-350927,7.11,53.1,0.99,-46169,-1116638,6.62,43.2,1.23,983617,-1116638
GOLD,5,6.0,D+1h+4h,0.1@0.3,0,True,6.25,34.7,2.07,1029786,-350927,7.11,53.1,0.99,-46169,-1116638,6.62,43.2,1.23,983617,-1116638
GOLD,5,6.0,D+1h+4h,0.1@0.3,5,False,10.58,34.6,2.15,1784024,-336786,12.67,53.5,1.46,1940091,-1197616,11.48,43.6,1.65,3724115,-1197616
GOLD,5,6.0,D+1h+4h,0.1@0.3,5,True,10.58,34.6,2.15,1784024,-336786,12.67,53.5,1.46,1940091,-1197616,11.48,43.6,1.65,3724115,-1197616
GOLD,5,6.0,D+1h+4h,0.1@0.3,10,False,10.42,35.2,2.19,1808598,-336786,12.22,52.7,1.51,2146078,-1203007,11.19,43.4,1.69,3954676,-1203007
GOLD,5,6.0,D+1h+4h,0.1@0.3,10,True,10.42,35.2,2.19,1808598,-336786,12.22,52.7,1.51,2146078,-1203007,11.19,43.4,1.69,3954676,-1203007
GOLD,5,6.0,D+1h+4h,0.15@0.3,0,False,6.25,58.7,2.22,1122493,-337760,7.11,62.5,1.09,252125,-1099823,6.62,60.4,1.36,1374618,-1099823
GOLD,5,6.0,D+1h+4h,0.15@0.3,0,True,6.25,58.7,2.22,1122493,-337760,7.11,62.5,1.09,252125,-1099823,6.62,60.4,1.36,1374618,-1099823
GOLD,5,6.0,D+1h+4h,0.15@0.3,5,False,10.83,56.9,2.25,1898931,-313387,13.56,67.2,1.46,1993359,-1134306,12.0,61.9,1.66,3892290,-1134306
GOLD,5,6.0,D+1h+4h,0.15@0.3,5,True,10.83,56.9,2.25,1898931,-313387,13.56,67.2,1.46,1993359,-1134306,12.0,61.9,1.66,3892290,-1134306
GOLD,5,6.0,D+1h+4h,0.15@0.3,10,False,10.58,56.7,2.26,1904167,-313387,13.33,65.8,1.45,2001439,-1163375,11.76,61.1,1.66,3905607,-1163375
GOLD,5,6.0,D+1h+4h,0.15@0.3,10,True,10.58,56.7,2.26,1904167,-313387,13.33,65.8,1.45,2001439,-1163375,11.76,61.1,1.66,3905607,-1163375
GOLD,5,6.0,D+1h+4h,0.2@0.4,0,False,6.25,66.7,2.24,1272340,-324070,7.11,65.6,1.12,375751,-1120363,6.62,66.2,1.4,1648090,-1120363
GOLD,5,6.0,D+1h+4h,0.2@0.4,0,True,6.25,66.7,2.24,1272340,-324070,7.11,65.6,1.12,375751,-1120363,6.62,66.2,1.4,1648090,-1120363
GOLD,5,6.0,D+1h+4h,0.2@0.4,5,False,9.17,64.5,2.4,2183771,-343063,12.11,68.8,1.57,2419144,-1499026,10.43,66.7,1.79,4602915,-1499026
GOLD,5,6.0,D+1h+4h,0.2@0.4,5,True,9.17,64.5,2.4,2183771,-343063,12.11,68.8,1.57,2419144,-1499026,10.43,66.7,1.79,4602915,-1499026
GOLD,5,6.0,D+1h+4h,0.2@0.4,10,False,9.08,64.2,2.4,2177647,-343063,11.89,69.2,1.57,2322340,-1338224,10.29,66.7,1.8,4499987,-1338224
GOLD,5,6.0,D+1h+4h,0.2@0.4,10,True,9.08,64.2,2.4,2177647,-343063,11.89,69.2,1.57,2322340,-1338224,10.29,66.7,1.8,4499987,-1338224
GOLD,5,6.0,D+1h+4h,0.25@0.5,0,False,6.25,68.0,2.48,1509909,-312803,7.11,60.9,1.33,1084316,-1681762,6.62,64.7,1.6,2594225,-1681762
GOLD,5,6.0,D+1h+4h,0.25@0.5,0,True,6.25,68.0,2.48,1509909,-312803,7.11,60.9,1.33,1084316,-1681762,6.62,64.7,1.6,2594225,-1681762
GOLD,5,6.0,D+1h+4h,0.25@0.5,5,False,9.0,67.6,2.49,2279596,-290071,11.44,65.0,1.57,2526535,-1540270,10.05,66.4,1.8,4806131,-1540270
GOLD,5,6.0,D+1h+4h,0.25@0.5,5,True,9.0,67.6,2.49,2279596,-290071,11.44,65.0,1.57,2526535,-1540270,10.05,66.4,1.8,4806131,-1540270
GOLD,5,6.0,D+1h+4h,0.25@0.5,10,False,8.83,67.9,2.49,2276551,-283633,11.44,65.0,1.5,2254618,-1573488,9.95,66.5,1.75,4531170,-1573488
GOLD,5,6.0,D+1h+4h,0.25@0.5,10,True,8.83,67.9,2.49,2276551,-283633,11.44,65.0,1.5,2254618,-1573488,9.95,66.5,1.75,4531170,-1573488
GOLD,5,6.0,1h,0.1@0.3,0,False,16.08,32.1,1.26,764253,-719365,15.22,53.3,1.38,2047156,-1160922,15.71,40.9,1.34,2811409,-1160922
GOLD,5,6.0,1h,0.1@0.3,0,True,16.08,32.1,1.26,764253,-719365,15.22,53.3,1.38,2047156,-1160922,15.71,40.9,1.34,2811409,-1160922
GOLD,5,6.0,1h,0.1@0.3,5,False,27.33,34.8,1.34,1565275,-952929,25.44,53.3,1.46,3678600,-1978698,26.52,42.4,1.42,5243875,-1978698
GOLD,5,6.0,1h,0.1@0.3,5,True,27.33,34.8,1.34,1565275,-952929,25.44,53.3,1.46,3678600,-1978698,26.52,42.4,1.42,5243875,-1978698
GOLD,5,6.0,1h,0.1@0.3,10,False,26.42,35.3,1.35,1595985,-862189,24.67,53.6,1.39,3242793,-1805767,25.67,42.9,1.37,4838778,-1805767
GOLD,5,6.0,1h,0.1@0.3,10,True,26.42,35.3,1.35,1595985,-862189,24.67,53.6,1.39,3242793,-1805767,25.67,42.9,1.37,4838778,-1805767
GOLD,5,6.0,1h,0.15@0.3,0,False,16.08,49.7,1.38,1058670,-623069,15.22,67.2,1.11,528262,-1403819,15.71,57.0,1.21,1586932,-1403819
GOLD,5,6.0,1h,0.15@0.3,0,True,16.08,49.7,1.38,1058670,-623069,15.22,67.2,1.11,528262,-1403819,15.71,57.0,1.21,1586932,-1403819
GOLD,5,6.0,1h,0.2@0.4,0,False,16.08,57.5,1.47,1509728,-553102,15.22,67.2,1.13,674477,-1349087,15.71,61.5,1.25,2184205,-1349087
GOLD,5,6.0,1h,0.2@0.4,0,True,16.08,57.5,1.47,1509728,-553102,15.22,67.2,1.13,674477,-1349087,15.71,61.5,1.25,2184205,-1349087
GOLD,5,6.0,1h,0.2@0.4,5,False,23.25,62.4,1.79,3346891,-474783,25.56,67.4,1.39,3475434,-1776692,24.24,64.6,1.52,6822326,-1776692
GOLD,5,6.0,1h,0.2@0.4,5,True,23.25,62.4,1.79,3346891,-474783,25.56,67.4,1.39,3475434,-1776692,24.24,64.6,1.52,6822326,-1776692
GOLD,5,6.0,1h,0.15@0.3,5,False,29.17,52.9,1.39,1796446,-883030,27.33,68.3,1.37,3201657,-2058246,28.38,59.2,1.38,4998102,-2058246
GOLD,5,6.0,1h,0.15@0.3,5,True,29.17,52.9,1.39,1796446,-883030,27.33,68.3,1.37,3201657,-2058246,28.38,59.2,1.38,4998102,-2058246
GOLD,5,6.0,1h,0.15@0.3,10,False,28.0,52.4,1.42,1896157,-777483,26.56,67.8,1.24,2126509,-1890287,27.38,58.8,1.3,4022666,-1890287
GOLD,5,6.0,1h,0.15@0.3,10,True,28.0,52.4,1.42,1896157,-777483,26.56,67.8,1.24,2126509,-1890287,27.38,58.8,1.3,4022666,-1890287
GOLD,5,6.0,1h,0.2@0.4,10,False,22.75,61.9,1.79,3333080,-474783,24.22,67.9,1.35,3026466,-1605810,23.38,64.6,1.49,6359547,-1605810
GOLD,5,6.0,1h,0.2@0.4,10,True,22.75,61.9,1.79,3333080,-474783,24.22,67.9,1.35,3026466,-1605810,23.38,64.6,1.49,6359547,-1605810
GOLD,5,6.0,1h,0.25@0.5,0,False,16.08,57.5,1.34,1329378,-822769,15.22,60.6,1.4,2346932,-1796187,15.71,58.8,1.38,3676311,-1796187
GOLD,5,6.0,1h,0.25@0.5,0,True,16.08,57.5,1.34,1329378,-822769,15.22,60.6,1.4,2346932,-1796187,15.71,58.8,1.38,3676311,-1796187
GOLD,5,6.0,1h,0.25@0.5,5,False,22.42,60.6,1.45,2347316,-474783,23.22,61.7,1.43,3867489,-1792497,22.76,61.1,1.44,6214805,-1792497
GOLD,5,6.0,1h,0.25@0.5,5,True,22.42,60.6,1.45,2347316,-474783,23.22,61.7,1.43,3867489,-1792497,22.76,61.1,1.44,6214805,-1792497
GOLD,5,6.0,1h,0.25@0.5,10,False,22.08,60.8,1.46,2373568,-480237,22.89,62.1,1.32,2984065,-1676102,22.43,61.4,1.37,5357633,-1676102
GOLD,5,6.0,1h,0.25@0.5,10,True,22.08,60.8,1.46,2373568,-480237,22.89,62.1,1.32,2984065,-1676102,22.43,61.4,1.37,5357633,-1676102
GOLD,5,6.0,1h+4h,0.1@0.3,0,False,9.17,33.6,1.48,719404,-429310,8.67,56.4,1.15,549887,-1116638,8.95,43.1,1.24,1269292,-1116638
GOLD,5,6.0,1h+4h,0.1@0.3,0,True,9.17,33.6,1.48,719404,-429310,8.67,56.4,1.15,549887,-1116638,8.95,43.1,1.24,1269292,-1116638
GOLD,5,6.0,1h+4h,0.1@0.3,5,False,15.42,36.8,1.69,1668313,-481506,15.67,57.4,1.58,2771445,-1426696,15.52,45.7,1.62,4439758,-1426696
GOLD,5,6.0,1h+4h,0.1@0.3,5,True,15.42,36.8,1.69,1668313,-481506,15.67,57.4,1.58,2771445,-1426696,15.52,45.7,1.62,4439758,-1426696
GOLD,5,6.0,1h+4h,0.1@0.3,10,False,14.92,38.0,1.8,1807776,-396607,15.0,57.0,1.6,2867975,-1275094,14.95,46.2,1.66,4675751,-1275094
GOLD,5,6.0,1h+4h,0.1@0.3,10,True,14.92,38.0,1.8,1807776,-396607,15.0,57.0,1.6,2867975,-1275094,14.95,46.2,1.66,4675751,-1275094
GOLD,5,6.0,1h+4h,0.15@0.3,0,False,9.17,57.3,1.62,878473,-393818,8.67,64.1,1.16,534215,-1296715,8.95,60.1,1.3,1412688,-1296715
GOLD,5,6.0,1h+4h,0.15@0.3,0,True,9.17,57.3,1.62,878473,-393818,8.67,64.1,1.16,534215,-1296715,8.95,60.1,1.3,1412688,-1296715
GOLD,5,6.0,1h+4h,0.15@0.3,5,False,16.0,57.8,1.8,1888545,-452961,16.67,69.3,1.59,2893841,-1315326,16.29,62.9,1.66,4782386,-1315326
GOLD,5,6.0,1h+4h,0.15@0.3,5,True,16.0,57.8,1.8,1888545,-452961,16.67,69.3,1.59,2893841,-1315326,16.29,62.9,1.66,4782386,-1315326
GOLD,5,6.0,1h+4h,0.15@0.3,10,False,15.42,58.9,1.9,2006216,-348369,16.22,67.8,1.55,2784280,-1256581,15.76,62.8,1.66,4790496,-1256581
GOLD,5,6.0,1h+4h,0.15@0.3,10,True,15.42,58.9,1.9,2006216,-348369,16.22,67.8,1.55,2784280,-1256581,15.76,62.8,1.66,4790496,-1256581
GOLD,5,6.0,1h+4h,0.2@0.4,0,False,9.17,60.9,1.54,928961,-529619,8.67,66.7,1.12,398065,-1304512,8.95,63.3,1.26,1327026,-1304512
GOLD,5,6.0,1h+4h,0.2@0.4,0,True,9.17,60.9,1.54,928961,-529619,8.67,66.7,1.12,398065,-1304512,8.95,63.3,1.26,1327026,-1304512
GOLD,5,6.0,1h+4h,0.2@0.4,5,False,13.67,62.8,1.92,2252046,-478737,15.22,67.9,1.42,2302768,-1742835,14.33,65.1,1.57,4554813,-1742835
GOLD,5,6.0,1h+4h,0.2@0.4,5,True,13.67,62.8,1.92,2252046,-478737,15.22,67.9,1.42,2302768,-1742835,14.33,65.1,1.57,4554813,-1742835
GOLD,5,6.0,1h+4h,0.2@0.4,10,False,13.42,62.7,1.9,2208911,-478737,15.22,67.9,1.29,1602850,-1510202,14.19,65.1,1.47,3811761,-1510202
GOLD,5,6.0,1h+4h,0.2@0.4,10,True,13.42,62.7,1.9,2208911,-478737,15.22,67.9,1.29,1602850,-1510202,14.19,65.1,1.47,3811761,-1510202
GOLD,5,6.0,1h+4h,0.25@0.5,0,False,9.17,61.8,1.57,1046986,-538753,8.67,59.0,1.27,1013775,-1937013,8.95,60.6,1.37,2060760,-1937013
GOLD,5,6.0,1h+4h,0.25@0.5,0,True,9.17,61.8,1.57,1046986,-538753,8.67,59.0,1.27,1013775,-1937013,8.95,60.6,1.37,2060760,-1937013
GOLD,5,6.0,1h+4h,0.25@0.5,5,False,13.08,62.4,1.7,1955970,-602108,14.11,61.4,1.4,2305716,-1841072,13.52,62.0,1.49,4261686,-1841072
GOLD,5,6.0,1h+4h,0.25@0.5,5,True,13.08,62.4,1.7,1955970,-602108,14.11,61.4,1.4,2305716,-1841072,13.52,62.0,1.49,4261686,-1841072
GOLD,5,6.0,1h+4h,0.25@0.5,10,False,12.83,63.6,1.74,2019982,-611907,14.22,62.5,1.33,1939000,-1806342,13.43,63.1,1.46,3958983,-1806342
GOLD,5,6.0,1h+4h,0.25@0.5,10,True,12.83,63.6,1.74,2019982,-611907,14.22,62.5,1.33,1939000,-1806342,13.43,63.1,1.46,3958983,-1806342
GOLD,10,4.0,D,0.1@0.3,0,False,14.58,40.0,1.52,1495110,-422765,14.44,64.6,1.01,59669,-1606301,14.52,50.5,1.2,1554779,-1606301
GOLD,10,4.0,D,0.1@0.3,0,True,14.58,29.1,1.31,614352,-415623,14.44,53.8,0.84,-630512,-1570431,14.52,39.7,1.0,-16160,-1570431
GOLD,10,4.0,D,0.1@0.3,5,False,20.5,39.0,1.36,1609876,-631439,23.33,66.2,1.4,2544635,-1753240,21.71,51.5,1.38,4154511,-1753240
GOLD,10,4.0,D,0.1@0.3,5,True,45.92,26.3,0.92,-440688,-1565919,40.22,45.6,1.11,817209,-2074551,43.48,34.0,1.03,376522,-2074551
GOLD,10,4.0,D,0.1@0.3,10,False,19.75,39.7,1.43,1803177,-616202,22.89,65.5,1.39,2439121,-1753240,21.1,51.7,1.4,4242299,-1753240
GOLD,10,4.0,D,0.1@0.3,10,True,39.25,27.8,1.04,180597,-1124886,35.44,46.1,1.16,1061457,-1933021,37.62,35.2,1.11,1242053,-1933021
GOLD,10,4.0,D,0.15@0.3,0,False,14.58,53.7,1.42,1143165,-478760,14.44,70.8,0.94,-283445,-1761026,14.52,61.0,1.12,859720,-1761026
GOLD,10,4.0,D,0.15@0.3,0,True,14.58,38.3,1.33,641628,-381566,14.44,56.9,0.8,-805944,-1412110,14.52,46.2,0.97,-164316,-1412110
GOLD,10,4.0,D,0.15@0.3,5,False,22.42,52.0,1.24,1156743,-667823,25.11,74.3,1.34,2157658,-1744059,23.57,62.2,1.3,3314401,-1744059
GOLD,10,4.0,D,0.15@0.3,5,True,46.83,31.0,0.89,-610660,-1637605,41.33,50.3,1.06,450618,-2466109,44.48,38.7,0.99,-160043,-2466109
GOLD,10,4.0,D,0.15@0.3,10,False,21.33,53.1,1.31,1396460,-658060,25.44,74.2,1.25,1625386,-1744059,23.1,63.1,1.28,3021846,-1744059
GOLD,10,4.0,D,0.15@0.3,10,True,40.0,33.1,1.0,3912,-1195467,37.22,52.2,1.07,480334,-2373531,38.81,41.0,1.04,484245,-2373531
GOLD,10,4.0,D,0.2@0.4,0,False,14.58,61.7,1.37,1078000,-616605,14.44,65.4,0.76,-1543284,-2957067,14.52,63.3,0.95,-465285,-2957067
GOLD,10,4.0,D,0.2@0.4,0,True,14.58,42.9,1.29,598665,-481678,14.44,54.6,0.93,-312728,-1295920,14.52,47.9,1.05,285937,-1295920
GOLD,10,4.0,D,0.2@0.4,5,False,21.42,62.6,1.33,1564021,-690494,22.22,68.5,1.18,1462310,-1913557,21.76,65.2,1.23,3026331,-1913557
GOLD,10,4.0,D,0.2@0.4,5,True,46.25,34.1,0.95,-296149,-1392186,39.78,47.2,1.16,1215042,-2132439,43.48,39.2,1.07,918893,-2132439
GOLD,10,4.0,D,0.2@0.4,10,False,20.75,62.2,1.37,1686565,-685906,21.89,68.5,1.14,1150279,-2016452,21.24,65.0,1.22,2836844,-2016452
GOLD,10,4.0,D,0.2@0.4,10,True,39.42,36.2,1.08,383835,-950443,35.33,48.7,1.16,1102387,-1949676,37.67,41.2,1.13,1486222,-1949676
GOLD,10,4.0,D,0.25@0.5,0,False,14.58,61.7,1.55,1997414,-372167,14.44,63.1,0.72,-1937356,-2910382,14.52,62.3,1.01,60059,-2910382
GOLD,10,4.0,D,0.25@0.5,0,True,14.58,43.4,1.54,1284809,-537068,14.44,52.3,0.79,-992163,-1605288,14.52,47.2,1.04,292646,-1605288
GOLD,10,4.0,D+1h,0.1@0.3,0,False,7.75,38.7,2.04,1264834,-243718,8.33,62.7,0.89,-377747,-1349401,8.0,49.4,1.2,887086,-1349401
GOLD,10,4.0,D+1h,0.1@0.3,0,True,7.75,38.7,2.04,1264834,-243718,8.33,62.7,0.89,-377747,-1349401,8.0,49.4,1.2,887086,-1349401
GOLD,10,4.0,D+1h,0.1@0.3,5,False,13.33,38.8,1.89,1883858,-621161,14.89,67.2,1.47,2062736,-1525249,14.0,51.7,1.61,3946594,-1525249
GOLD,10,4.0,D+1h,0.1@0.3,5,True,13.33,38.8,1.89,1883858,-621161,14.89,67.2,1.47,2062736,-1525249,14.0,51.7,1.61,3946594,-1525249
GOLD,10,4.0,D,0.25@0.5,5,False,18.67,62.5,1.48,2339640,-567219,21.22,68.1,1.21,1733052,-1701188,19.76,65.1,1.31,4072692,-1701188
GOLD,10,4.0,D,0.25@0.5,5,True,44.67,33.0,1.05,304707,-1391127,38.78,45.6,1.17,1339086,-2037113,42.14,38.0,1.12,1643794,-2037113
GOLD,10,4.0,D,0.25@0.5,10,False,18.5,62.6,1.45,2185415,-552191,20.89,67.6,1.15,1306480,-1866984,19.52,64.9,1.26,3491895,-1866984
GOLD,10,4.0,D,0.25@0.5,10,True,38.33,35.7,1.17,807690,-959936,34.33,46.9,1.17,1264261,-1864044,36.62,40.2,1.17,2071951,-1864044
GOLD,10,4.0,D+1h,0.1@0.3,10,False,12.83,39.6,2.03,2035099,-538880,14.33,65.1,1.46,2027604,-1525249,13.48,51.2,1.64,4062702,-1525249
GOLD,10,4.0,D+1h,0.1@0.3,10,True,12.83,39.6,2.03,2035099,-538880,14.33,65.1,1.46,2027604,-1525249,13.48,51.2,1.64,4062702,-1525249
GOLD,10,4.0,D+1h,0.15@0.3,0,False,7.75,55.9,2.1,1287147,-213571,8.33,68.0,0.83,-559420,-1242698,8.0,61.3,1.16,727726,-1242698
GOLD,10,4.0,D+1h,0.15@0.3,0,True,7.75,55.9,2.1,1287147,-213571,8.33,68.0,0.83,-559420,-1242698,8.0,61.3,1.16,727726,-1242698
GOLD,10,4.0,D+1h,0.15@0.3,5,False,14.58,52.6,1.74,1685960,-653094,16.0,75.0,1.37,1653747,-1474043,15.19,62.7,1.5,3339706,-1474043
GOLD,10,4.0,D+1h,0.15@0.3,5,True,14.58,52.6,1.74,1685960,-653094,16.0,75.0,1.37,1653747,-1474043,15.19,62.7,1.5,3339706,-1474043
GOLD,10,4.0,D+1h,0.15@0.3,10,False,13.92,53.9,1.85,1830346,-567024,16.11,74.5,1.31,1418003,-1474043,14.86,63.5,1.49,3248349,-1474043
GOLD,10,4.0,D+1h,0.15@0.3,10,True,13.92,53.9,1.85,1830346,-567024,16.11,74.5,1.31,1418003,-1474043,14.86,63.5,1.49,3248349,-1474043
GOLD,10,4.0,D+1h,0.2@0.4,10,False,13.0,66.7,2.16,2244701,-337626,13.89,70.4,1.52,2355391,-1411309,13.38,68.3,1.71,4600093,-1411309
GOLD,10,4.0,D+1h,0.2@0.4,10,True,13.0,66.7,2.16,2244701,-337626,13.89,70.4,1.52,2355391,-1411309,13.38,68.3,1.71,4600093,-1411309
GOLD,10,4.0,D+1h,0.25@0.5,0,False,7.75,66.7,2.21,1928905,-345463,8.33,61.3,0.83,-703860,-1323927,8.0,64.3,1.22,1225046,-1323927
GOLD,10,4.0,D+1h,0.25@0.5,0,True,7.75,66.7,2.21,1928905,-345463,8.33,61.3,0.83,-703860,-1323927,8.0,64.3,1.22,1225046,-1323927
GOLD,10,4.0,D+1h,0.2@0.4,0,False,7.75,65.6,1.96,1250694,-275011,8.33,65.3,0.99,-31355,-1176525,8.0,65.5,1.25,1219339,-1176525
GOLD,10,4.0,D+1h,0.2@0.4,0,True,7.75,65.6,1.96,1250694,-275011,8.33,65.3,0.99,-31355,-1176525,8.0,65.5,1.25,1219339,-1176525
GOLD,10,4.0,D+1h,0.2@0.4,5,False,13.75,66.1,1.91,2010037,-453966,14.11,70.9,1.61,2725858,-1411309,13.9,68.2,1.71,4735895,-1411309
GOLD,10,4.0,D+1h,0.2@0.4,5,True,13.75,66.1,1.91,2010037,-453966,14.11,70.9,1.61,2725858,-1411309,13.9,68.2,1.71,4735895,-1411309
GOLD,10,4.0,D+1h,0.25@0.5,5,False,12.08,66.2,2.09,2584567,-562624,13.11,69.5,1.58,2814026,-1362730,12.52,67.7,1.75,5398593,-1362730
GOLD,10,4.0,D+1h,0.25@0.5,5,True,12.08,66.2,2.09,2584567,-562624,13.11,69.5,1.58,2814026,-1362730,12.52,67.7,1.75,5398593,-1362730
GOLD,10,4.0,D+1h,0.25@0.5,10,False,11.83,67.6,2.2,2642803,-433285,12.89,69.0,1.51,2492172,-1362730,12.29,68.2,1.73,5134975,-1362730
GOLD,10,4.0,D+1h,0.25@0.5,10,True,11.83,67.6,2.2,2642803,-433285,12.89,69.0,1.51,2492172,-1362730,12.29,68.2,1.73,5134975,-1362730
GOLD,10,4.0,D+4h,0.1@0.3,0,False,8.92,35.5,1.29,574964,-580324,10.22,64.1,0.77,-925737,-2351855,9.48,48.7,0.94,-350773,-2351855
GOLD,10,4.0,D+4h,0.1@0.3,0,True,8.92,29.9,1.63,744726,-338982,10.22,50.0,0.63,-1288036,-1972952,9.48,39.2,0.88,-543310,-1972952
GOLD,10,4.0,D+4h,0.1@0.3,5,False,13.0,35.9,1.33,935255,-812581,16.78,66.2,1.35,1784414,-1753240,14.62,50.8,1.34,2719668,-1753240
GOLD,10,4.0,D+4h,0.1@0.3,5,True,21.25,23.1,1.18,510961,-800472,28.11,43.9,1.13,770020,-1948648,24.19,33.5,1.15,1280981,-1948648
GOLD,10,4.0,D+4h,0.1@0.3,10,False,12.42,36.9,1.43,1124038,-659785,16.67,65.3,1.32,1640370,-1753240,14.24,51.2,1.36,2764409,-1753240
GOLD,10,4.0,D+4h,0.1@0.3,10,True,18.5,25.7,1.36,888976,-630109,25.11,44.2,1.17,959381,-1852107,21.33,35.0,1.23,1848356,-1852107
GOLD,10,4.0,D+4h,0.15@0.3,0,False,8.92,50.5,1.15,275494,-537056,10.22,69.6,0.77,-920169,-2197587,9.48,59.3,0.89,-644675,-2197587
GOLD,10,4.0,D+4h,0.15@0.3,0,True,8.92,41.1,1.64,732244,-320219,10.22,53.3,0.59,-1427969,-1927489,9.48,46.7,0.85,-695725,-1927489
GOLD,10,4.0,D+4h,0.2@0.4,0,False,8.92,60.7,1.14,286382,-732322,10.22,63.0,0.6,-2022610,-2855286,9.48,61.8,0.76,-1736229,-2855286
GOLD,10,4.0,D+4h,0.2@0.4,0,True,8.92,46.7,1.64,811229,-376606,10.22,51.1,0.7,-1109548,-1846131,9.48,48.7,0.94,-298320,-1846131
GOLD,10,4.0,D+4h,0.2@0.4,5,False,13.25,61.0,1.27,802968,-675884,16.0,68.1,1.2,1238182,-1885810,14.43,64.4,1.22,2041150,-1885810
GOLD,10,4.0,D+4h,0.2@0.4,5,True,21.33,35.5,1.22,642126,-674450,28.11,46.6,1.13,798757,-2061280,24.24,41.1,1.16,1440883,-2061280
GOLD,10,4.0,D+4h,0.15@0.3,5,False,14.33,50.0,1.18,549589,-885939,18.56,75.4,1.3,1504538,-1744059,16.14,62.5,1.26,2054127,-1744059
GOLD,10,4.0,D+4h,0.15@0.3,5,True,22.08,30.9,1.09,283679,-886651,29.44,50.6,1.07,425994,-2018306,25.24,40.8,1.08,709673,-2018306
GOLD,10,4.0,D+4h,0.15@0.3,10,False,13.42,51.6,1.29,788941,-670482,18.33,74.5,1.27,1360486,-1744059,15.52,63.2,1.27,2149427,-1744059
GOLD,10,4.0,D+4h,0.15@0.3,10,True,19.17,34.3,1.25,654982,-672446,26.67,52.1,1.09,497690,-1992728,22.38,43.4,1.14,1152672,-1992728
GOLD,10,4.0,D+4h,0.2@0.4,10,False,12.83,61.0,1.34,957794,-633869,16.11,68.3,1.14,848081,-2074487,14.24,64.5,1.2,1805875,-2074487
GOLD,10,4.0,D+4h,0.2@0.4,10,True,18.67,38.8,1.44,1056698,-623962,25.44,48.5,1.12,699738,-1945517,21.57,43.7,1.21,1756436,-1945517
GOLD,10,4.0,D+4h,0.25@0.5,0,False,8.92,57.9,1.2,510926,-915054,10.22,62.0,0.56,-2313506,-3067811,9.48,59.8,0.77,-1802580,-3067811
GOLD,10,4.0,D+4h,0.25@0.5,0,True,8.92,46.7,1.83,1115192,-344381,10.22,48.9,0.59,-1616209,-2420647,9.48,47.7,0.91,-501018,-2420647
GOLD,10,4.0,D+4h,0.25@0.5,5,False,11.92,58.0,1.31,1012466,-935513,15.67,68.1,1.23,1457273,-1673441,13.52,63.0,1.26,2469740,-1673441
GOLD,10,4.0,D+4h,0.25@0.5,5,True,20.25,33.3,1.37,1080586,-772475,27.33,44.7,1.19,1162086,-2024943,23.29,39.1,1.25,2242672,-2024943
GOLD,10,4.0,D+4h,0.25@0.5,10,False,11.83,59.2,1.32,1025146,-848435,15.78,68.3,1.18,1098621,-1673441,13.52,63.7,1.22,2123767,-1673441
GOLD,10,4.0,D+4h,0.25@0.5,10,True,17.92,37.7,1.54,1353011,-613378,24.67,46.4,1.19,1084607,-1918874,20.81,42.1,1.29,2437618,-1918874
GOLD,10,4.0,D+1h+4h,0.1@0.3,0,False,5.5,39.4,2.44,1119475,-194917,6.11,60.0,0.65,-1044279,-1722237,5.76,48.8,1.02,75196,-1722237
GOLD,10,4.0,D+1h+4h,0.1@0.3,0,True,5.5,39.4,2.44,1119475,-194917,6.11,60.0,0.65,-1044279,-1722237,5.76,48.8,1.02,75196,-1722237
GOLD,10,4.0,D+1h+4h,0.1@0.3,5,False,9.67,39.7,2.03,1558581,-484091,11.22,67.3,1.46,1702618,-1525249,10.33,52.5,1.62,3261200,-1525249
GOLD,10,4.0,D+1h+4h,0.1@0.3,5,True,9.67,39.7,2.03,1558581,-484091,11.22,67.3,1.46,1702618,-1525249,10.33,52.5,1.62,3261200,-1525249
GOLD,10,4.0,D+1h+4h,0.1@0.3,10,False,9.17,40.9,2.2,1676851,-401809,10.89,65.3,1.45,1672508,-1525249,9.9,52.4,1.65,3349358,-1525249
GOLD,10,4.0,D+1h+4h,0.1@0.3,10,True,9.17,40.9,2.2,1676851,-401809,10.89,65.3,1.45,1672508,-1525249,9.9,52.4,1.65,3349358,-1525249
GOLD,10,4.0,D+1h+4h,0.15@0.3,0,False,5.5,57.6,2.48,1102029,-213571,6.11,65.5,0.6,-1184212,-1663072,5.76,61.2,0.98,-82182,-1663072
GOLD,10,4.0,D+1h+4h,0.15@0.3,0,True,5.5,57.6,2.48,1102029,-213571,6.11,65.5,0.6,-1184212,-1663072,5.76,61.2,0.98,-82182,-1663072
GOLD,10,4.0,D+1h+4h,0.15@0.3,5,False,10.5,54.8,1.81,1335342,-519796,12.56,77.0,1.37,1347111,-1474043,11.38,65.3,1.51,2682453,-1474043
GOLD,10,4.0,D+1h+4h,0.15@0.3,5,True,10.5,54.8,1.81,1335342,-519796,12.56,77.0,1.37,1347111,-1474043,11.38,65.3,1.51,2682453,-1474043
GOLD,10,4.0,D+1h+4h,0.15@0.3,10,False,9.83,56.8,1.94,1446899,-433726,12.44,75.9,1.32,1206977,-1474043,10.95,66.1,1.5,2653876,-1474043
GOLD,10,4.0,D+1h+4h,0.15@0.3,10,True,9.83,56.8,1.94,1446899,-433726,12.44,75.9,1.32,1206977,-1474043,10.95,66.1,1.5,2653876,-1474043
GOLD,10,4.0,D+1h+4h,0.2@0.4,0,False,5.5,68.2,2.38,1187524,-275011,6.11,61.8,0.73,-865791,-1581715,5.76,65.3,1.08,321733,-1581715
GOLD,10,4.0,D+1h+4h,0.2@0.4,0,True,5.5,68.2,2.38,1187524,-275011,6.11,61.8,0.73,-865791,-1581715,5.76,65.3,1.08,321733,-1581715
GOLD,10,4.0,D+1h+4h,0.2@0.4,5,False,9.75,66.7,2.09,1664696,-343603,10.89,70.4,1.49,1940995,-1411309,10.24,68.4,1.66,3605691,-1411309
GOLD,10,4.0,D+1h+4h,0.2@0.4,5,True,9.75,66.7,2.09,1664696,-343603,10.89,70.4,1.49,1940995,-1411309,10.24,68.4,1.66,3605691,-1411309
GOLD,10,4.0,D+1h+4h,0.2@0.4,10,False,9.33,67.0,2.34,1819522,-269303,10.89,70.4,1.41,1631513,-1411309,10.0,68.6,1.65,3451035,-1411309
GOLD,10,4.0,D+1h+4h,0.2@0.4,10,True,9.33,67.0,2.34,1819522,-269303,10.89,70.4,1.41,1631513,-1411309,10.0,68.6,1.65,3451035,-1411309
GOLD,10,4.0,D+1h+4h,0.25@0.5,0,False,5.5,68.2,2.59,1483554,-199783,6.11,58.2,0.6,-1372452,-2152496,5.76,63.6,1.03,111102,-2152496
GOLD,10,4.0,D+1h+4h,0.25@0.5,0,True,5.5,68.2,2.59,1483554,-199783,6.11,58.2,0.6,-1372452,-2152496,5.76,63.6,1.03,111102,-2152496
GOLD,10,4.0,D+1h+4h,0.25@0.5,5,False,8.67,65.4,2.35,2098243,-380518,10.11,69.2,1.56,2267798,-1362730,9.29,67.2,1.78,4366041,-1362730
GOLD,10,4.0,D+1h+4h,0.25@0.5,5,True,8.67,65.4,2.35,2098243,-380518,10.11,69.2,1.56,2267798,-1362730,9.29,67.2,1.78,4366041,-1362730
GOLD,10,4.0,D+1h+4h,0.25@0.5,10,False,8.58,67.0,2.46,2110922,-296736,10.11,69.2,1.49,1984359,-1362730,9.24,68.0,1.75,4095281,-1362730
GOLD,10,4.0,D+1h+4h,0.25@0.5,10,True,8.58,67.0,2.46,2110922,-296736,10.11,69.2,1.49,1984359,-1362730,9.24,68.0,1.75,4095281,-1362730
GOLD,10,4.0,1h,0.1@0.3,0,False,14.33,34.9,1.33,902945,-746864,13.44,62.8,1.45,2019214,-1605213,13.95,46.4,1.4,2922159,-1605213
GOLD,10,4.0,1h,0.1@0.3,0,True,14.33,34.9,1.33,902945,-746864,13.44,62.8,1.45,2019214,-1605213,13.95,46.4,1.4,2922159,-1605213
GOLD,10,4.0,1h,0.1@0.3,5,False,26.17,35.0,1.25,1145635,-1300386,23.22,63.6,1.57,4071106,-2201065,24.9,46.5,1.45,5216741,-2201065
GOLD,10,4.0,1h,0.1@0.3,5,True,26.17,35.0,1.25,1145635,-1300386,23.22,63.6,1.57,4071106,-2201065,24.9,46.5,1.45,5216741,-2201065
GOLD,10,4.0,1h,0.1@0.3,10,False,24.75,36.7,1.34,1443888,-1061610,22.11,61.8,1.4,3082735,-1997263,23.62,46.8,1.38,4526622,-1997263
GOLD,10,4.0,1h,0.1@0.3,10,True,24.75,36.7,1.34,1443888,-1061610,22.11,61.8,1.4,3082735,-1997263,23.62,46.8,1.38,4526622,-1997263
GOLD,10,4.0,1h,0.15@0.3,0,False,14.33,48.8,1.34,907305,-734540,13.44,68.6,1.14,612330,-1490787,13.95,57.0,1.21,1519635,-1490787
GOLD,10,4.0,1h,0.15@0.3,0,True,14.33,48.8,1.34,907305,-734540,13.44,68.6,1.14,612330,-1490787,13.95,57.0,1.21,1519635,-1490787
GOLD,10,4.0,1h,0.15@0.3,5,False,27.92,50.1,1.26,1177042,-1275302,24.56,71.5,1.51,3679687,-2162675,26.48,58.6,1.41,4856728,-2162675
GOLD,10,4.0,1h,0.15@0.3,5,True,27.92,50.1,1.26,1177042,-1275302,24.56,71.5,1.51,3679687,-2162675,26.48,58.6,1.41,4856728,-2162675
GOLD,10,4.0,1h,0.15@0.3,10,False,26.33,49.7,1.33,1409038,-1085773,24.33,71.2,1.23,1842973,-1971675,25.48,58.5,1.27,3252011,-1971675
GOLD,10,4.0,1h,0.15@0.3,10,True,26.33,49.7,1.33,1409038,-1085773,24.33,71.2,1.23,1842973,-1971675,25.48,58.5,1.27,3252011,-1971675
GOLD,10,4.0,1h,0.2@0.4,0,False,14.33,57.6,1.23,714083,-851051,13.44,63.6,1.09,444789,-1484499,13.95,60.1,1.14,1158872,-1484499
GOLD,10,4.0,1h,0.2@0.4,0,True,14.33,57.6,1.23,714083,-851051,13.44,63.6,1.09,444789,-1484499,13.95,60.1,1.14,1158872,-1484499
GOLD,10,4.0,1h,0.2@0.4,5,False,24.33,62.7,1.35,1593961,-861483,22.56,67.5,1.57,4346091,-2468042,23.57,64.6,1.49,5940052,-2468042
GOLD,10,4.0,1h,0.2@0.4,5,True,24.33,62.7,1.35,1593961,-861483,22.56,67.5,1.57,4346091,-2468042,23.57,64.6,1.49,5940052,-2468042
GOLD,10,4.0,1h,0.2@0.4,10,False,23.25,62.7,1.42,1806347,-693396,22.22,67.5,1.34,2793982,-2279726,22.81,64.7,1.36,4600330,-2279726
GOLD,10,4.0,1h,0.2@0.4,10,True,23.25,62.7,1.42,1806347,-693396,22.22,67.5,1.34,2793982,-2279726,22.81,64.7,1.36,4600330,-2279726
GOLD,10,4.0,1h,0.25@0.5,0,False,14.33,59.9,1.35,1231227,-1046573,13.44,57.9,0.9,-585765,-2059464,13.95,59.0,1.07,645463,-2059464
GOLD,10,4.0,1h,0.25@0.5,0,True,14.33,59.9,1.35,1231227,-1046573,13.44,57.9,0.9,-585765,-2059464,13.95,59.0,1.07,645463,-2059464
GOLD,10,4.0,1h+4h,0.1@0.3,0,False,8.17,39.8,1.82,1059773,-406382,7.56,61.8,0.81,-610731,-1829729,7.9,48.8,1.1,449042,-1829729
GOLD,10,4.0,1h+4h,0.1@0.3,0,True,8.17,39.8,1.82,1059773,-406382,7.56,61.8,0.81,-610731,-1829729,7.9,48.8,1.1,449042,-1829729
GOLD,10,4.0,1h+4h,0.1@0.3,5,False,14.08,40.2,1.6,1431607,-778647,14.22,69.5,1.53,2287072,-1616899,14.14,52.9,1.56,3718679,-1616899
GOLD,10,4.0,1h+4h,0.1@0.3,5,True,14.08,40.2,1.6,1431607,-778647,14.22,69.5,1.53,2287072,-1616899,14.14,52.9,1.56,3718679,-1616899
GOLD,10,4.0,1h,0.25@0.5,5,False,22.0,63.6,1.37,1816114,-1125161,21.44,64.2,1.44,3724192,-2458775,21.76,63.9,1.41,5540306,-2458775
GOLD,10,4.0,1h,0.25@0.5,5,True,22.0,63.6,1.37,1816114,-1125161,21.44,64.2,1.44,3724192,-2458775,21.76,63.9,1.41,5540306,-2458775
GOLD,10,4.0,1h,0.25@0.5,10,False,21.58,63.7,1.36,1741552,-1047756,21.22,63.9,1.26,2372398,-2458775,21.43,63.8,1.29,4113951,-2458775
GOLD,10,4.0,1h,0.25@0.5,10,True,21.58,63.7,1.36,1741552,-1047756,21.22,63.9,1.26,2372398,-2458775,21.43,63.8,1.29,4113951,-2458775
GOLD,10,4.0,1h+4h,0.1@0.3,10,False,13.17,42.4,1.85,1763700,-624007,13.56,67.2,1.53,2257296,-1525249,13.33,53.2,1.63,4020995,-1525249
GOLD,10,4.0,1h+4h,0.1@0.3,10,True,13.17,42.4,1.85,1763700,-624007,13.56,67.2,1.53,2257296,-1525249,13.33,53.2,1.63,4020995,-1525249
GOLD,10,4.0,1h+4h,0.15@0.3,0,False,8.17,56.1,1.86,1076555,-383377,7.56,66.2,0.73,-870496,-1761617,7.9,60.2,1.05,206059,-1761617
GOLD,10,4.0,1h+4h,0.15@0.3,0,True,8.17,56.1,1.86,1076555,-383377,7.56,66.2,0.73,-870496,-1761617,7.9,60.2,1.05,206059,-1761617
GOLD,10,4.0,1h+4h,0.15@0.3,5,False,15.17,54.4,1.51,1284105,-783007,15.67,77.3,1.48,2012787,-1636015,15.38,64.4,1.49,3296893,-1636015
GOLD,10,4.0,1h+4h,0.15@0.3,5,True,15.17,54.4,1.51,1284105,-783007,15.67,77.3,1.48,2012787,-1636015,15.38,64.4,1.49,3296893,-1636015
GOLD,10,4.0,1h+4h,0.15@0.3,10,False,14.08,56.8,1.73,1607446,-646926,15.78,76.1,1.32,1420785,-1531942,14.81,65.6,1.46,3028231,-1531942
GOLD,10,4.0,1h+4h,0.15@0.3,10,True,14.08,56.8,1.73,1607446,-646926,15.78,76.1,1.32,1420785,-1531942,14.81,65.6,1.46,3028231,-1531942
GOLD,10,4.0,1h+4h,0.2@0.4,0,False,8.17,65.3,1.79,1150632,-378629,7.56,63.2,0.74,-923918,-1778304,7.9,64.5,1.05,226715,-1778304
GOLD,10,4.0,1h+4h,0.2@0.4,0,True,8.17,65.3,1.79,1150632,-378629,7.56,63.2,0.74,-923918,-1778304,7.9,64.5,1.05,226715,-1778304
GOLD,10,4.0,1h+4h,0.2@0.4,5,False,14.0,66.1,1.64,1607218,-560876,13.56,70.5,1.52,2402518,-1515476,13.81,67.9,1.56,4009736,-1515476
GOLD,10,4.0,1h+4h,0.2@0.4,5,True,14.0,66.1,1.64,1607218,-560876,13.56,70.5,1.52,2402518,-1515476,13.81,67.9,1.56,4009736,-1515476
GOLD,10,4.0,1h+4h,0.2@0.4,10,False,13.42,65.8,1.76,1759892,-535279,13.56,72.1,1.5,2236908,-1411309,13.48,68.6,1.59,3996800,-1411309
GOLD,10,4.0,1h+4h,0.2@0.4,10,True,13.42,65.8,1.76,1759892,-535279,13.56,72.1,1.5,2236908,-1411309,13.48,68.6,1.59,3996800,-1411309
GOLD,10,4.0,1h+4h,0.25@0.5,0,False,8.17,66.3,1.85,1372149,-426609,7.56,57.4,0.59,-1657892,-2465390,7.9,62.7,0.95,-285743,-2465390
GOLD,10,4.0,1h+4h,0.25@0.5,0,True,8.17,66.3,1.85,1372149,-426609,7.56,57.4,0.59,-1657892,-2465390,7.9,62.7,0.95,-285743,-2465390
GOLD,10,4.0,1h+4h,0.25@0.5,5,False,12.58,64.2,1.65,1748414,-628404,13.0,67.5,1.36,1859056,-1446653,12.76,65.7,1.46,3607470,-1446653
GOLD,10,4.0,1h+4h,0.25@0.5,5,True,12.58,64.2,1.65,1748414,-628404,13.0,67.5,1.36,1859056,-1446653,12.76,65.7,1.46,3607470,-1446653
GOLD,10,4.0,1h+4h,0.25@0.5,10,False,12.42,65.1,1.68,1742671,-654284,12.89,68.1,1.33,1682174,-1446653,12.62,66.4,1.45,3424845,-1446653
GOLD,10,4.0,1h+4h,0.25@0.5,10,True,12.42,65.1,1.68,1742671,-654284,12.89,68.1,1.33,1682174,-1446653,12.62,66.4,1.45,3424845,-1446653
GOLD,10,5.0,D,0.1@0.3,0,False,10.67,49.2,1.56,1324323,-494770,10.78,68.0,0.84,-657575,-1984637,10.71,57.3,1.1,666748,-2030987
GOLD,10,5.0,D,0.1@0.3,0,True,10.67,35.9,1.22,376502,-355969,10.78,53.6,1.28,606390,-547179,10.71,43.6,1.25,982892,-547179
GOLD,10,5.0,D,0.1@0.3,5,False,15.92,47.1,1.35,1401464,-1025087,17.0,68.0,1.22,1244756,-1540670,16.38,56.4,1.27,2646220,-1540670
GOLD,10,5.0,D,0.1@0.3,5,True,38.08,29.3,0.95,-230257,-1304164,33.22,43.8,1.13,745925,-1675078,36.0,35.1,1.05,515668,-1675078
GOLD,10,5.0,D,0.1@0.3,10,False,15.25,48.6,1.46,1727524,-873311,17.0,69.9,1.31,1610947,-1540670,16.0,58.3,1.37,3338471,-1540670
GOLD,10,5.0,D,0.1@0.3,10,True,34.0,30.9,1.06,244356,-928067,30.56,46.2,1.29,1450507,-1622415,32.52,37.0,1.19,1694864,-1622415
GOLD,10,5.0,D,0.15@0.3,0,False,10.67,69.5,1.45,1018874,-456534,10.78,74.2,0.6,-1677915,-1993493,10.71,71.6,0.9,-659042,-1993493
GOLD,10,5.0,D,0.15@0.3,0,True,10.67,48.4,1.17,283351,-497550,10.78,58.8,1.08,164806,-492593,10.71,52.9,1.12,448158,-497550
GOLD,10,5.0,D,0.15@0.3,5,False,17.25,67.1,1.49,1773736,-671288,19.44,75.4,1.06,393483,-1593297,18.19,70.9,1.22,2167219,-1593297
GOLD,10,5.0,D,0.15@0.3,5,True,38.5,34.8,0.96,-160958,-1261555,34.0,47.4,1.07,443163,-1851002,36.57,39.8,1.03,282205,-1851002
GOLD,10,5.0,D,0.15@0.3,10,False,16.67,67.0,1.6,2022962,-573764,20.0,76.1,1.12,695969,-1593297,18.1,71.3,1.3,2718931,-1593297
GOLD,10,5.0,D,0.15@0.3,10,True,34.5,36.7,1.06,249470,-932049,31.78,50.3,1.2,1085344,-1509126,33.33,42.3,1.14,1334814,-1509126
GOLD,10,5.0,D,0.2@0.4,0,False,10.58,66.1,1.38,1025102,-581139,10.89,73.5,0.88,-493076,-1819066,10.71,69.3,1.08,532026,-1831865
GOLD,10,5.0,D,0.2@0.4,0,True,10.67,46.1,1.1,202729,-432118,10.78,57.7,1.33,766102,-435739,10.71,51.1,1.23,968831,-514859
GOLD,10,5.0,D,0.2@0.4,5,False,15.58,67.9,1.39,1608014,-850614,16.22,74.7,1.37,2163606,-1371211,15.86,70.9,1.38,3771621,-1371211
GOLD,10,5.0,D,0.2@0.4,5,True,37.5,34.9,0.97,-120222,-1121870,32.11,45.0,1.25,1466233,-1213209,35.19,38.8,1.13,1346011,-1213209
GOLD,10,5.0,D,0.2@0.4,10,False,15.42,69.7,1.45,1793247,-850614,16.11,75.2,1.48,2584026,-1371211,15.71,72.1,1.47,4377273,-1371211
GOLD,10,5.0,D,0.2@0.4,10,True,33.67,37.4,1.08,347508,-851725,29.56,47.4,1.42,2115902,-1038933,31.9,41.3,1.26,2463410,-1038933
GOLD,10,5.0,D,0.25@0.5,0,False,10.58,63.0,1.5,1636467,-642657,10.89,67.3,1.05,243246,-1676002,10.71,64.9,1.23,1879712,-1676002
GOLD,10,5.0,D,0.25@0.5,0,True,10.67,45.3,1.26,545502,-622889,10.78,53.6,1.58,1621265,-549981,10.71,48.9,1.44,2166767,-622889
GOLD,10,5.0,D+1h,0.1@0.3,0,False,5.83,48.6,1.59,735897,-242109,5.78,71.2,1.9,1126028,-351469,5.81,58.2,1.75,1861926,-351469
GOLD,10,5.0,D+1h,0.1@0.3,0,True,5.83,48.6,1.59,735897,-242109,5.78,71.2,1.9,1126028,-351469,5.81,58.2,1.75,1861926,-351469
GOLD,10,5.0,D+1h,0.1@0.3,5,False,10.67,48.4,1.82,1654708,-504266,11.33,68.6,1.75,2137122,-963933,10.95,57.4,1.78,3791830,-963933
GOLD,10,5.0,D+1h,0.1@0.3,5,True,10.67,48.4,1.82,1654708,-504266,11.33,68.6,1.75,2137122,-963933,10.95,57.4,1.78,3791830,-963933
GOLD,10,5.0,D,0.25@0.5,5,False,13.5,65.4,1.6,2343041,-718773,14.78,68.4,1.31,2003447,-1403105,14.05,66.8,1.42,4346488,-1403105
GOLD,10,5.0,D,0.25@0.5,5,True,36.67,34.1,1.07,338037,-1143444,31.11,41.4,1.22,1416397,-1578306,34.29,36.9,1.16,1754434,-1578306
GOLD,10,5.0,D,0.25@0.5,10,False,13.42,65.8,1.61,2365692,-714000,14.56,69.5,1.46,2692915,-1403105,13.9,67.5,1.52,5058607,-1403105
GOLD,10,5.0,D,0.25@0.5,10,True,33.0,36.4,1.15,644622,-957081,28.44,43.8,1.44,2345925,-1233038,31.05,39.3,1.31,2990548,-1233038
GOLD,10,5.0,D+1h,0.1@0.3,10,False,10.25,49.6,2.07,1892519,-362216,11.22,70.3,2.09,2611729,-963933,10.67,58.9,2.08,4504248,-963933
GOLD,10,5.0,D+1h,0.1@0.3,10,True,10.25,49.6,2.07,1892519,-362216,11.22,70.3,2.09,2611729,-963933,10.67,58.9,2.08,4504248,-963933
GOLD,10,5.0,D+1h,0.15@0.3,0,False,5.83,71.4,1.54,642746,-368491,5.78,80.8,1.54,676099,-312733,5.81,75.4,1.54,1318845,-368491
GOLD,10,5.0,D+1h,0.15@0.3,0,True,5.83,71.4,1.54,642746,-368491,5.78,80.8,1.54,676099,-312733,5.81,75.4,1.54,1318845,-368491
GOLD,10,5.0,D+1h,0.15@0.3,5,False,11.17,67.9,1.91,1735107,-539527,12.11,77.1,1.6,1891607,-858511,11.57,72.0,1.72,3626714,-858511
GOLD,10,5.0,D+1h,0.15@0.3,5,True,11.17,67.9,1.91,1735107,-539527,12.11,77.1,1.6,1891607,-858511,11.57,72.0,1.72,3626714,-858511
GOLD,10,5.0,D+1h,0.15@0.3,10,False,10.83,68.5,2.11,1903807,-401557,12.44,78.6,1.85,2303812,-858511,11.52,73.1,1.95,4207619,-858511
GOLD,10,5.0,D+1h,0.15@0.3,10,True,10.83,68.5,2.11,1903807,-401557,12.44,78.6,1.85,2303812,-858511,11.52,73.1,1.95,4207619,-858511
GOLD,10,5.0,D+1h,0.2@0.4,0,False,5.83,67.1,1.37,562124,-323708,5.78,78.8,1.92,1269049,-284673,5.81,72.1,1.63,1831172,-451372
GOLD,10,5.0,D+1h,0.2@0.4,0,True,5.83,67.1,1.37,562124,-323708,5.78,78.8,1.92,1269049,-284673,5.81,72.1,1.63,1831172,-451372
GOLD,10,5.0,D+1h,0.2@0.4,5,False,10.17,71.3,1.78,1730728,-518284,9.89,76.4,2.04,3028906,-804464,10.05,73.5,1.93,4759634,-804464
GOLD,10,5.0,D+1h,0.2@0.4,5,True,10.17,71.3,1.78,1730728,-518284,9.89,76.4,2.04,3028906,-804464,10.05,73.5,1.93,4759634,-804464
GOLD,10,5.0,D+1h,0.2@0.4,10,False,9.92,73.9,2.0,1967216,-376234,9.89,77.5,2.4,3448599,-367563,9.9,75.5,2.22,5415815,-376234
GOLD,10,5.0,D+1h,0.2@0.4,10,True,9.92,73.9,2.0,1967216,-376234,9.89,77.5,2.4,3448599,-367563,9.9,75.5,2.22,5415815,-376234
GOLD,10,5.0,D+1h,0.25@0.5,0,False,5.83,65.7,1.56,904897,-529594,5.78,71.2,2.14,2115866,-434064,5.81,68.0,1.87,3020763,-529594
GOLD,10,5.0,D+1h,0.25@0.5,0,True,5.83,65.7,1.56,904897,-529594,5.78,71.2,2.14,2115866,-434064,5.81,68.0,1.87,3020763,-529594
GOLD,10,5.0,D+1h,0.25@0.5,5,False,9.25,69.4,1.97,2118287,-530529,8.89,68.8,1.89,2985238,-826243,9.1,69.1,1.92,5103525,-826243
GOLD,10,5.0,D+1h,0.25@0.5,5,True,9.25,69.4,1.97,2118287,-530529,8.89,68.8,1.89,2985238,-826243,9.1,69.1,1.92,5103525,-826243
GOLD,10,5.0,D+1h,0.25@0.5,10,False,9.17,70.9,2.05,2194434,-472260,8.78,70.9,2.36,3684791,-561668,9.0,70.9,2.23,5879225,-561668
GOLD,10,5.0,D+1h,0.25@0.5,10,True,9.17,70.9,2.05,2194434,-472260,8.78,70.9,2.36,3684791,-561668,9.0,70.9,2.23,5879225,-561668
GOLD,10,5.0,D+4h,0.1@0.3,0,False,6.33,43.4,1.23,357069,-502496,7.67,71.0,0.85,-403215,-1286138,6.9,56.6,0.99,-46146,-1286138
GOLD,10,5.0,D+4h,0.1@0.3,0,True,6.33,36.8,1.4,411904,-249265,7.67,58.0,1.52,664123,-376928,6.9,46.9,1.47,1076027,-376928
GOLD,10,5.0,D+4h,0.1@0.3,5,False,10.08,43.8,1.45,1047449,-689635,13.0,69.2,1.22,916315,-1042911,11.33,56.3,1.3,1963764,-1042911
GOLD,10,5.0,D+4h,0.1@0.3,5,True,16.92,28.1,1.31,737322,-651623,23.44,45.0,1.31,1282516,-1084337,19.71,36.7,1.31,2019838,-1084337
GOLD,10,5.0,D+4h,0.1@0.3,10,False,9.58,46.1,1.62,1297096,-554963,13.11,71.2,1.35,1282378,-873369,11.1,58.8,1.45,2579474,-873369
GOLD,10,5.0,D+4h,0.1@0.3,10,True,15.17,30.8,1.51,1036368,-493949,21.44,48.2,1.58,1965156,-1035529,17.86,39.7,1.56,3001524,-1035529
GOLD,10,5.0,D+4h,0.15@0.3,0,False,6.33,64.5,1.19,293552,-550704,7.67,76.8,0.8,-521255,-1078228,6.9,70.3,0.95,-227703,-1078228
GOLD,10,5.0,D+4h,0.15@0.3,0,True,6.33,50.0,1.41,421554,-308412,7.67,62.3,1.72,904897,-354958,6.9,55.9,1.58,1326451,-354958
GOLD,10,5.0,D+4h,0.15@0.3,5,False,10.42,64.0,1.67,1374285,-718230,14.44,76.9,1.13,579494,-1234480,12.14,70.6,1.3,1953779,-1234480
GOLD,10,5.0,D+4h,0.15@0.3,5,True,17.17,36.9,1.35,794249,-654249,24.11,48.8,1.29,1251411,-1316997,20.14,43.0,1.31,2045660,-1316997
GOLD,10,5.0,D+4h,0.15@0.3,10,False,10.0,65.8,1.84,1557656,-583909,14.67,77.3,1.24,952157,-910889,12.0,71.8,1.43,2509813,-910889
GOLD,10,5.0,D+4h,0.15@0.3,10,True,15.5,39.8,1.51,1027145,-538133,22.11,52.3,1.55,1941954,-983157,18.33,46.2,1.54,2969099,-983157
GOLD,10,5.0,D+4h,0.2@0.4,0,False,6.25,62.7,1.0,3110,-748956,7.78,75.7,1.06,157265,-918850,6.9,69.0,1.04,160375,-918850
GOLD,10,5.0,D+4h,0.2@0.4,0,True,6.33,47.4,1.08,100808,-445319,7.67,60.9,1.78,1085247,-319666,6.9,53.8,1.45,1186055,-445319
GOLD,10,5.0,D+4h,0.2@0.4,5,False,9.92,65.5,1.31,795801,-831555,12.22,75.5,1.5,2079532,-1119441,10.9,70.3,1.42,2875333,-1119441
GOLD,10,5.0,D+4h,0.2@0.4,5,True,16.83,36.6,1.19,483804,-820843,22.78,45.9,1.5,2069588,-1107742,19.38,41.3,1.38,2553392,-1107742
GOLD,10,5.0,D+4h,0.2@0.4,10,False,9.75,68.4,1.41,978396,-764238,12.11,76.1,1.69,2559945,-635173,10.76,72.1,1.58,3538341,-764238
GOLD,10,5.0,D+4h,0.2@0.4,10,True,15.25,40.4,1.34,773905,-658496,20.78,49.2,1.81,2757437,-628133,17.62,44.9,1.62,3531342,-658496
GOLD,10,5.0,D+4h,0.25@0.5,0,False,6.25,58.7,1.12,259511,-1067615,7.78,67.1,1.22,718717,-788987,6.9,62.8,1.18,978228,-1067615
GOLD,10,5.0,D+4h,0.25@0.5,0,True,6.33,44.7,1.15,203763,-526607,7.67,55.1,1.99,1800017,-461821,6.9,49.7,1.64,2003780,-526607
GOLD,10,5.0,D+4h,0.25@0.5,5,False,9.0,61.1,1.29,844357,-1131980,11.22,67.3,1.35,1738207,-1259155,9.95,64.1,1.33,2582564,-1259155
GOLD,10,5.0,D+4h,0.25@0.5,5,True,16.0,33.9,1.32,810159,-787812,21.78,41.3,1.45,1997131,-1425093,18.48,37.6,1.4,2807290,-1425093
GOLD,10,5.0,D+4h,0.25@0.5,10,False,8.92,61.7,1.3,867009,-1143549,11.0,68.7,1.58,2427674,-750337,9.81,65.0,1.47,3294683,-1143549
GOLD,10,5.0,D+4h,0.25@0.5,10,True,14.58,37.1,1.39,939920,-745885,19.67,44.6,1.82,2904845,-789301,16.76,40.9,1.65,3844765,-789301
GOLD,10,5.0,D+1h+4h,0.1@0.3,0,False,4.17,50.0,1.73,602651,-200932,4.22,76.3,1.84,727667,-327472,4.19,61.4,1.79,1330318,-327472
GOLD,10,5.0,D+1h+4h,0.1@0.3,0,True,4.17,50.0,1.73,602651,-200932,4.22,76.3,1.84,727667,-327472,4.19,61.4,1.79,1330318,-327472
GOLD,10,5.0,D+1h+4h,0.1@0.3,5,False,7.58,49.5,2.15,1564055,-282961,8.78,72.2,1.83,1895118,-779065,8.1,60.0,1.95,3459173,-779065
GOLD,10,5.0,D+1h+4h,0.1@0.3,5,True,7.58,49.5,2.15,1564055,-282961,8.78,72.2,1.83,1895118,-779065,8.1,60.0,1.95,3459173,-779065
GOLD,10,5.0,D+1h+4h,0.1@0.3,10,False,7.25,51.7,2.5,1751219,-216393,8.78,73.4,2.29,2369597,-779065,7.9,62.0,2.37,4120816,-779065
GOLD,10,5.0,D+1h+4h,0.1@0.3,10,True,7.25,51.7,2.5,1751219,-216393,8.78,73.4,2.29,2369597,-779065,7.9,62.0,2.37,4120816,-779065
GOLD,10,5.0,D+1h+4h,0.15@0.3,0,False,4.17,70.0,1.75,612301,-222122,4.22,84.2,2.13,968441,-312733,4.19,76.1,1.94,1580742,-312733
GOLD,10,5.0,D+1h+4h,0.15@0.3,0,True,4.17,70.0,1.75,612301,-222122,4.22,84.2,2.13,968441,-312733,4.19,76.1,1.94,1580742,-312733
GOLD,10,5.0,D+1h+4h,0.15@0.3,5,False,7.83,68.1,2.28,1621004,-333119,9.44,80.0,1.79,1935623,-734562,8.52,73.7,1.96,3556627,-734562
GOLD,10,5.0,D+1h+4h,0.15@0.3,5,True,7.83,68.1,2.28,1621004,-333119,9.44,80.0,1.79,1935623,-734562,8.52,73.7,1.96,3556627,-734562
GOLD,10,5.0,D+1h+4h,0.15@0.3,10,False,7.58,69.2,2.53,1742018,-250822,9.44,81.2,2.22,2418004,-734562,8.38,75.0,2.33,4160022,-734562
GOLD,10,5.0,D+1h+4h,0.15@0.3,10,True,7.58,69.2,2.53,1742018,-250822,9.44,81.2,2.22,2418004,-734562,8.38,75.0,2.33,4160022,-734562
GOLD,10,5.0,D+1h+4h,0.2@0.4,0,False,4.17,66.0,1.29,291555,-363137,4.22,81.6,2.16,1148791,-284673,4.19,72.7,1.72,1440346,-363137
GOLD,10,5.0,D+1h+4h,0.2@0.4,0,True,4.17,66.0,1.29,291555,-363137,4.22,81.6,2.16,1148791,-284673,4.19,72.7,1.72,1440346,-363137
GOLD,10,5.0,D+1h+4h,0.2@0.4,5,False,7.5,68.9,1.82,1310375,-434126,7.78,78.6,2.24,2882392,-804464,7.62,73.1,2.07,4192767,-804464
GOLD,10,5.0,D+1h+4h,0.2@0.4,5,True,7.5,68.9,1.82,1310375,-434126,7.78,78.6,2.24,2882392,-804464,7.62,73.1,2.07,4192767,-804464
GOLD,10,5.0,D+1h+4h,0.2@0.4,10,False,7.33,71.6,2.06,1488594,-371184,7.78,80.0,2.8,3362079,-358783,7.52,75.3,2.48,4850673,-371184
GOLD,10,5.0,D+1h+4h,0.2@0.4,10,True,7.33,71.6,2.06,1488594,-371184,7.78,80.0,2.8,3362079,-358783,7.52,75.3,2.48,4850673,-371184
GOLD,10,5.0,D+1h+4h,0.25@0.5,0,False,4.17,62.0,1.35,394510,-447955,4.22,71.1,2.33,1863561,-434064,4.19,65.9,1.9,2258071,-447955
GOLD,10,5.0,D+1h+4h,0.25@0.5,0,True,4.17,62.0,1.35,394510,-447955,4.22,71.1,2.33,1863561,-434064,4.19,65.9,1.9,2258071,-447955
GOLD,10,5.0,D+1h+4h,0.25@0.5,5,False,6.75,65.4,2.0,1604048,-451230,6.78,70.5,2.07,2831780,-826243,6.76,67.6,2.04,4435828,-826243
GOLD,10,5.0,D+1h+4h,0.25@0.5,5,True,6.75,65.4,2.0,1604048,-451230,6.78,70.5,2.07,2831780,-826243,6.76,67.6,2.04,4435828,-826243
GOLD,10,5.0,D+1h+4h,0.25@0.5,10,False,6.75,66.7,2.03,1621927,-467572,6.67,73.3,2.79,3531333,-519951,6.71,69.5,2.45,5153259,-519951
GOLD,10,5.0,D+1h+4h,0.25@0.5,10,True,6.75,66.7,2.03,1621927,-467572,6.67,73.3,2.79,3531333,-519951,6.71,69.5,2.45,5153259,-519951
GOLD,10,5.0,1h,0.1@0.3,10,False,18.5,46.8,1.39,1486875,-826001,17.11,65.6,1.48,2862068,-1048725,17.9,54.5,1.44,4348944,-1048725
GOLD,10,5.0,1h,0.1@0.3,10,True,18.5,46.8,1.39,1486875,-826001,17.11,65.6,1.48,2862068,-1048725,17.9,54.5,1.44,4348944,-1048725
GOLD,10,5.0,1h,0.15@0.3,0,False,10.17,65.6,1.46,938896,-654045,9.56,74.4,1.48,1216738,-440627,9.9,69.2,1.47,2155634,-654045
GOLD,10,5.0,1h,0.15@0.3,0,True,10.17,65.6,1.46,938896,-654045,9.56,74.4,1.48,1216738,-440627,9.9,69.2,1.47,2155634,-654045
GOLD,10,5.0,1h,0.1@0.3,0,False,10.17,46.7,1.4,878723,-627854,9.56,67.4,2.17,3000676,-480196,9.9,55.3,1.81,3879400,-627854
GOLD,10,5.0,1h,0.1@0.3,0,True,10.17,46.7,1.4,878723,-627854,9.56,67.4,2.17,3000676,-480196,9.9,55.3,1.81,3879400,-627854
GOLD,10,5.0,1h,0.1@0.3,5,False,19.33,47.4,1.39,1489735,-772605,17.11,64.9,1.66,3720942,-1534805,18.38,54.4,1.55,5210677,-1534805
GOLD,10,5.0,1h,0.1@0.3,5,True,19.33,47.4,1.39,1489735,-772605,17.11,64.9,1.66,3720942,-1534805,18.38,54.4,1.55,5210677,-1534805
GOLD,10,5.0,1h,0.15@0.3,5,False,20.67,64.9,1.46,1697553,-818797,18.44,72.3,1.55,3279735,-1607910,19.71,67.9,1.51,4977288,-1607910
GOLD,10,5.0,1h,0.15@0.3,5,True,20.67,64.9,1.46,1697553,-818797,18.44,72.3,1.55,3279735,-1607910,19.71,67.9,1.51,4977288,-1607910
GOLD,10,5.0,1h,0.15@0.3,10,False,19.92,63.6,1.39,1503589,-870663,18.89,72.9,1.28,1798020,-1113927,19.48,67.5,1.32,3301610,-1113927
GOLD,10,5.0,1h,0.15@0.3,10,True,19.92,63.6,1.39,1503589,-870663,18.89,72.9,1.28,1798020,-1113927,19.48,67.5,1.32,3301610,-1113927
GOLD,10,5.0,1h,0.2@0.4,0,False,10.17,64.8,1.25,663850,-730930,9.56,73.3,2.0,2777956,-601938,9.9,68.3,1.63,3441807,-730930
GOLD,10,5.0,1h,0.2@0.4,0,True,10.17,64.8,1.25,663850,-730930,9.56,73.3,2.0,2777956,-601938,9.9,68.3,1.63,3441807,-730930
GOLD,10,5.0,1h,0.2@0.4,5,False,17.92,67.4,1.37,1549955,-768728,16.11,69.0,1.65,4119431,-1778368,17.14,68.1,1.54,5669386,-1778368
GOLD,10,5.0,1h,0.2@0.4,5,True,17.92,67.4,1.37,1549955,-768728,16.11,69.0,1.65,4119431,-1778368,17.14,68.1,1.54,5669386,-1778368
GOLD,10,5.0,1h,0.2@0.4,10,False,17.42,68.4,1.37,1518883,-816715,16.11,69.7,1.52,3439051,-1276482,16.86,68.9,1.46,4957934,-1276482
GOLD,10,5.0,1h,0.2@0.4,10,True,17.42,68.4,1.37,1518883,-816715,16.11,69.7,1.52,3439051,-1276482,16.86,68.9,1.46,4957934,-1276482
GOLD,10,5.0,1h,0.25@0.5,0,False,10.17,61.5,1.21,660832,-1051729,9.56,66.3,2.06,3590437,-524644,9.9,63.5,1.65,4251269,-1051729
GOLD,10,5.0,1h,0.25@0.5,0,True,10.17,61.5,1.21,660832,-1051729,9.56,66.3,2.06,3590437,-524644,9.9,63.5,1.65,4251269,-1051729
GOLD,10,5.0,1h,0.25@0.5,5,False,16.83,64.4,1.33,1533178,-915191,14.67,62.1,1.65,4299635,-1485934,15.9,63.5,1.52,5832813,-1485934
GOLD,10,5.0,1h,0.25@0.5,5,True,16.83,64.4,1.33,1533178,-915191,14.67,62.1,1.65,4299635,-1485934,15.9,63.5,1.52,5832813,-1485934
GOLD,10,5.0,1h,0.25@0.5,10,False,16.5,64.6,1.28,1319992,-1041910,14.67,62.9,1.57,3856547,-976144,15.71,63.9,1.45,5176539,-1041910
GOLD,10,5.0,1h,0.25@0.5,10,True,16.5,64.6,1.28,1319992,-1041910,14.67,62.9,1.57,3856547,-976144,15.71,63.9,1.45,5176539,-1041910
GOLD,10,5.0,1h+4h,0.1@0.3,10,False,10.58,50.4,1.67,1426907,-663924,10.78,76.3,2.65,3188809,-659008,10.67,61.6,2.13,4615716,-663924
GOLD,10,5.0,1h+4h,0.1@0.3,10,True,10.58,50.4,1.67,1426907,-663924,10.78,76.3,2.65,3188809,-659008,10.67,61.6,2.13,4615716,-663924
GOLD,10,5.0,1h+4h,0.15@0.3,0,False,6.08,68.5,1.48,609142,-434976,5.22,83.0,2.37,1382266,-312733,5.71,74.2,1.87,1991408,-434976
GOLD,10,5.0,1h+4h,0.15@0.3,0,True,6.08,68.5,1.48,609142,-434976,5.22,83.0,2.37,1382266,-312733,5.71,74.2,1.87,1991408,-434976
GOLD,10,5.0,1h+4h,0.1@0.3,0,False,6.08,52.1,1.42,535930,-506872,5.22,76.6,2.11,1125187,-327472,5.71,61.7,1.72,1661117,-506872
GOLD,10,5.0,1h+4h,0.1@0.3,0,True,6.08,52.1,1.42,535930,-506872,5.22,76.6,2.11,1125187,-327472,5.71,61.7,1.72,1661117,-506872
GOLD,10,5.0,1h+4h,0.1@0.3,5,False,11.17,50.0,1.65,1406824,-615658,10.89,74.5,2.08,2722433,-659008,11.05,60.3,1.88,4129257,-659008
GOLD,10,5.0,1h+4h,0.1@0.3,5,True,11.17,50.0,1.65,1406824,-615658,10.89,74.5,2.08,2722433,-659008,11.05,60.3,1.88,4129257,-659008
GOLD,10,5.0,1h+4h,0.2@0.4,0,False,6.08,64.4,1.07,115912,-538433,5.22,80.9,2.32,1615446,-284673,5.71,70.8,1.6,1731358,-666097
GOLD,10,5.0,1h+4h,0.2@0.4,0,True,6.08,64.4,1.07,115912,-538433,5.22,80.9,2.32,1615446,-284673,5.71,70.8,1.6,1731358,-666097
GOLD,10,5.0,1h+4h,0.2@0.4,5,False,10.75,65.1,1.43,1097404,-671238,9.67,75.9,1.85,2869874,-804464,10.29,69.4,1.67,3967278,-804464
GOLD,10,5.0,1h+4h,0.2@0.4,5,True,10.75,65.1,1.43,1097404,-671238,9.67,75.9,1.85,2869874,-804464,10.29,69.4,1.67,3967278,-804464
GOLD,10,5.0,1h+4h,0.15@0.3,5,False,11.75,68.8,1.84,1621538,-467753,11.67,80.0,2.01,2789611,-739870,11.71,73.6,1.94,4411149,-739870
GOLD,10,5.0,1h+4h,0.15@0.3,5,True,11.75,68.8,1.84,1621538,-467753,11.67,80.0,2.01,2789611,-739870,11.71,73.6,1.94,4411149,-739870
GOLD,10,5.0,1h+4h,0.15@0.3,10,False,11.25,67.4,1.71,1468100,-640588,11.56,81.7,2.49,3257022,-690134,11.38,73.6,2.11,4725122,-690134
GOLD,10,5.0,1h+4h,0.15@0.3,10,True,11.25,67.4,1.71,1468100,-640588,11.56,81.7,2.49,3257022,-690134,11.38,73.6,2.11,4725122,-690134
GOLD,10,5.0,1h+4h,0.2@0.4,10,False,10.5,66.7,1.43,1063448,-782512,9.33,78.6,2.37,3612119,-499461,10.0,71.4,1.92,4675567,-797557
GOLD,10,5.0,1h+4h,0.2@0.4,10,True,10.5,66.7,1.43,1063448,-782512,9.33,78.6,2.37,3612119,-499461,10.0,71.4,1.92,4675567,-797557
GOLD,10,5.0,1h+4h,0.25@0.5,0,False,6.08,60.3,1.05,88711,-672706,5.22,72.3,2.44,2359132,-434064,5.71,65.0,1.68,2447843,-672706
GOLD,10,5.0,1h+4h,0.25@0.5,0,True,6.08,60.3,1.05,88711,-672706,5.22,72.3,2.44,2359132,-434064,5.71,65.0,1.68,2447843,-672706
GOLD,10,5.0,1h+4h,0.25@0.5,5,False,9.83,61.9,1.4,1155060,-875434,8.56,67.5,1.71,2698581,-826243,9.29,64.1,1.58,3853641,-875434
GOLD,10,5.0,1h+4h,0.25@0.5,5,True,9.83,61.9,1.4,1155060,-875434,8.56,67.5,1.71,2698581,-826243,9.29,64.1,1.58,3853641,-875434
GOLD,10,5.0,1h+4h,0.25@0.5,10,False,9.75,62.4,1.34,992528,-985266,8.22,71.6,2.27,3659849,-499461,9.1,66.0,1.81,4652377,-985266
GOLD,10,5.0,1h+4h,0.25@0.5,10,True,9.75,62.4,1.34,992528,-985266,8.22,71.6,2.27,3659849,-499461,9.1,66.0,1.81,4652377,-985266
GOLD,10,6.0,D,0.1@0.3,0,False,8.75,43.8,1.04,139657,-567655,7.78,70.0,1.74,2711419,-1492255,8.33,54.3,1.42,2851076,-1492255
GOLD,10,6.0,D,0.1@0.3,0,True,8.75,36.2,1.17,282643,-321032,7.78,54.3,3.33,2669019,-348053,8.33,43.4,2.06,2951662,-348053
GOLD,10,6.0,D,0.1@0.3,5,False,11.75,46.8,1.37,1513208,-545673,11.56,69.2,1.52,2794721,-1739603,11.67,56.3,1.46,4307929,-1739603
GOLD,10,6.0,D,0.1@0.3,5,True,31.25,29.3,0.98,-72384,-1332997,26.44,42.0,1.49,2322737,-1359451,29.19,34.3,1.25,2250353,-1359451
GOLD,10,6.0,D,0.1@0.3,10,False,11.58,48.9,1.4,1550185,-545673,11.11,71.0,1.4,2293157,-2629042,11.38,58.2,1.4,3843342,-2629042
GOLD,10,6.0,D,0.1@0.3,10,True,29.0,31.9,1.06,216260,-959575,23.89,43.7,1.39,1919690,-1338496,26.81,36.4,1.24,2135950,-1338496
GOLD,10,6.0,D,0.15@0.3,0,False,8.75,61.9,0.98,-54293,-643835,7.78,77.1,1.58,2076896,-1492255,8.33,68.0,1.31,2022603,-1492255
GOLD,10,6.0,D,0.15@0.3,0,True,8.75,45.7,1.0,-1439,-532128,7.78,55.7,3.09,2379094,-337069,8.33,49.7,1.86,2377655,-532128
GOLD,10,6.0,D,0.2@0.4,0,False,8.67,63.5,1.22,719863,-550967,7.89,80.3,1.91,3230949,-1492255,8.33,70.3,1.58,3950812,-1492255
GOLD,10,6.0,D,0.2@0.4,0,True,8.75,45.7,0.99,-13961,-366871,7.78,58.6,3.3,2562571,-326085,8.33,50.9,1.87,2548610,-366871
GOLD,10,6.0,D,0.2@0.4,5,False,11.75,65.2,1.28,1246208,-608297,12.67,73.7,1.47,2783921,-1596815,12.14,69.0,1.39,4030129,-1596815
GOLD,10,6.0,D,0.2@0.4,5,True,32.0,35.4,0.95,-232299,-1100430,27.44,43.3,1.36,1892893,-1343987,30.05,38.5,1.17,1660594,-1343987
GOLD,10,6.0,D,0.15@0.3,5,False,13.67,63.4,1.24,1043851,-625117,14.11,73.2,1.36,2204179,-2055061,13.86,67.7,1.31,3248030,-2055061
GOLD,10,6.0,D,0.15@0.3,5,True,32.25,34.1,0.92,-358664,-1375857,27.78,44.4,1.36,1825381,-1642354,30.33,38.1,1.15,1466718,-1642354
GOLD,10,6.0,D,0.15@0.3,10,False,13.42,65.8,1.27,1109446,-625117,13.56,75.4,1.25,1619896,-2629042,13.48,70.0,1.26,2729343,-2629042
GOLD,10,6.0,D,0.15@0.3,10,True,29.92,37.0,0.99,-37725,-983449,25.22,46.3,1.25,1341300,-1301759,27.9,40.6,1.14,1303575,-1301759
GOLD,10,6.0,D,0.2@0.4,10,False,11.75,66.0,1.29,1276529,-608297,12.11,76.1,1.37,2281128,-2629042,11.9,70.4,1.34,3557658,-2629042
GOLD,10,6.0,D,0.2@0.4,10,True,29.75,38.1,1.03,121830,-788996,24.78,45.3,1.28,1456478,-1191646,27.62,40.9,1.17,1578308,-1191646
GOLD,10,6.0,D,0.25@0.5,0,False,8.67,54.8,1.22,829384,-623039,7.89,78.9,2.21,4425055,-1492255,8.33,64.6,1.71,5254439,-1492255
GOLD,10,6.0,D,0.25@0.5,0,True,8.75,41.9,1.28,556966,-538300,7.78,57.1,3.57,3194413,-315099,8.33,48.0,2.15,3751379,-538300
GOLD,10,6.0,D,0.25@0.5,5,False,10.67,58.6,1.34,1455869,-577268,10.89,73.5,1.82,4130014,-1492255,10.76,65.0,1.6,5585883,-1492255
GOLD,10,6.0,D,0.25@0.5,5,True,30.75,33.1,1.09,385051,-877069,26.33,40.5,1.44,2247086,-1204943,28.86,36.0,1.28,2632137,-1204943
GOLD,10,6.0,D,0.25@0.5,10,False,10.5,58.7,1.35,1510155,-577268,10.67,74.0,1.53,3096381,-2629042,10.57,65.3,1.45,4606536,-2629042
GOLD,10,6.0,D,0.25@0.5,10,True,28.33,35.3,1.19,763080,-656801,23.67,42.3,1.38,1945116,-1260223,26.33,38.0,1.3,2708196,-1260223
GOLD,10,6.0,D+1h,0.1@0.3,0,False,4.42,49.1,1.47,572216,-276281,4.0,77.8,5.01,2877816,-273596,4.24,60.7,2.78,3450032,-276281
GOLD,10,6.0,D+1h,0.1@0.3,0,True,4.42,49.1,1.47,572216,-276281,4.0,77.8,5.01,2877816,-273596,4.24,60.7,2.78,3450032,-276281
GOLD,10,6.0,D+1h,0.1@0.3,5,False,8.0,53.1,1.79,1621964,-590676,7.22,72.3,2.48,3498883,-1014456,7.67,60.9,2.16,5120847,-1014456
GOLD,10,6.0,D+1h,0.1@0.3,5,True,8.0,53.1,1.79,1621964,-590676,7.22,72.3,2.48,3498883,-1014456,7.67,60.9,2.16,5120847,-1014456
GOLD,10,6.0,D+1h,0.1@0.3,10,False,7.83,56.4,1.92,1697796,-495844,7.11,73.4,1.99,2887501,-1175630,7.52,63.3,1.96,4585297,-1175630
GOLD,10,6.0,D+1h,0.1@0.3,10,True,7.83,56.4,1.92,1697796,-495844,7.11,73.4,1.99,2887501,-1175630,7.52,63.3,1.96,4585297,-1175630
GOLD,10,6.0,D+1h,0.15@0.3,0,False,4.42,67.9,1.24,288134,-500943,4.0,80.6,4.69,2633152,-273596,4.24,73.0,2.53,2921286,-500943
GOLD,10,6.0,D+1h,0.15@0.3,0,True,4.42,67.9,1.24,288134,-500943,4.0,80.6,4.69,2633152,-273596,4.24,73.0,2.53,2921286,-500943
GOLD,10,6.0,D+1h,0.15@0.3,5,False,9.25,64.9,1.57,1282745,-558914,8.33,74.7,2.16,3161849,-1158955,8.86,68.8,1.9,4444593,-1158955
GOLD,10,6.0,D+1h,0.15@0.3,5,True,9.25,64.9,1.57,1282745,-558914,8.33,74.7,2.16,3161849,-1158955,8.86,68.8,1.9,4444593,-1158955
GOLD,10,6.0,D+1h,0.15@0.3,10,False,9.0,68.5,1.69,1390872,-466879,8.22,75.7,1.76,2469432,-1138893,8.67,71.4,1.73,3860304,-1138893
GOLD,10,6.0,D+1h,0.15@0.3,10,True,9.0,68.5,1.69,1390872,-466879,8.22,75.7,1.76,2469432,-1138893,8.67,71.4,1.73,3860304,-1138893
GOLD,10,6.0,D+1h,0.2@0.4,0,False,4.42,67.9,1.2,275612,-332564,4.0,86.1,5.01,2757147,-273596,4.24,75.3,2.46,3032760,-332564
GOLD,10,6.0,D+1h,0.2@0.4,0,True,4.42,67.9,1.2,275612,-332564,4.0,86.1,5.01,2757147,-273596,4.24,75.3,2.46,3032760,-332564
GOLD,10,6.0,D+1h,0.2@0.4,5,False,8.83,71.7,1.54,1296130,-437852,8.0,75.0,2.11,3193433,-715792,8.48,73.0,1.85,4489563,-715792
GOLD,10,6.0,D+1h,0.2@0.4,5,True,8.83,71.7,1.54,1296130,-437852,8.0,75.0,2.11,3193433,-715792,8.48,73.0,1.85,4489563,-715792
GOLD,10,6.0,D+1h,0.2@0.4,10,False,8.67,74.0,1.64,1438162,-405718,7.78,77.1,1.79,2548683,-1136787,8.29,75.3,1.73,3986845,-1136787
GOLD,10,6.0,D+1h,0.2@0.4,10,True,8.67,74.0,1.64,1438162,-405718,7.78,77.1,1.79,2548683,-1136787,8.29,75.3,1.73,3986845,-1136787
GOLD,10,6.0,D+1h,0.25@0.5,0,False,4.42,60.4,1.53,846539,-502686,4.0,83.3,5.15,3386032,-273596,4.24,69.7,2.76,4232571,-502686
GOLD,10,6.0,D+1h,0.25@0.5,0,True,4.42,60.4,1.53,846539,-502686,4.0,83.3,5.15,3386032,-273596,4.24,69.7,2.76,4232571,-502686
GOLD,10,6.0,D+1h,0.25@0.5,5,False,7.5,68.9,1.93,1993387,-345005,6.89,69.4,2.27,3501924,-785967,7.24,69.1,2.12,5495311,-785967
GOLD,10,6.0,D+1h,0.25@0.5,5,True,7.5,68.9,1.93,1993387,-345005,6.89,69.4,2.27,3501924,-785967,7.24,69.1,2.12,5495311,-785967
GOLD,10,6.0,D+1h,0.25@0.5,10,False,7.17,70.9,2.09,2159383,-329553,6.67,71.7,1.96,2991619,-1136787,6.95,71.2,2.01,5151002,-1136787
GOLD,10,6.0,D+1h,0.25@0.5,10,True,7.17,70.9,2.09,2159383,-329553,6.67,71.7,1.96,2991619,-1136787,6.95,71.2,2.01,5151002,-1136787
GOLD,10,6.0,D+4h,0.1@0.3,10,False,7.42,47.2,1.26,665814,-839321,8.11,69.9,1.37,1843690,-2629042,7.71,57.4,1.33,2509504,-2629042
GOLD,10,6.0,D+4h,0.1@0.3,10,True,12.75,30.7,1.18,410304,-850761,16.67,44.0,1.5,2041617,-1345582,14.43,37.3,1.38,2451921,-1345582
GOLD,10,6.0,D+4h,0.15@0.3,0,False,5.0,58.3,0.67,-673647,-916109,5.44,79.6,1.82,2366274,-1492255,5.19,67.9,1.34,1692628,-1492255
GOLD,10,6.0,D+4h,0.15@0.3,0,True,5.0,46.7,0.94,-66427,-283723,5.44,59.2,3.94,2469741,-337069,5.19,52.3,2.23,2403314,-337069
GOLD,10,6.0,D+4h,0.1@0.3,0,False,5.0,41.7,0.86,-287886,-847278,5.44,71.4,1.97,2874574,-1492255,5.19,55.0,1.52,2586687,-1492255
GOLD,10,6.0,D+4h,0.1@0.3,0,True,5.0,36.7,1.24,265114,-276281,5.44,57.1,4.04,2567276,-348053,5.19,45.9,2.44,2832389,-348053
GOLD,10,6.0,D+4h,0.1@0.3,5,False,7.58,44.0,1.23,628837,-957951,8.44,68.4,1.54,2420532,-1924610,7.95,55.1,1.42,3049369,-1924610
GOLD,10,6.0,D+4h,0.1@0.3,5,True,13.58,27.6,1.14,344638,-1049129,18.78,41.4,1.68,2492537,-1359451,15.81,34.6,1.46,2837175,-1359451
GOLD,10,6.0,D+4h,0.15@0.3,5,False,8.67,60.6,1.12,331608,-969179,10.56,72.6,1.36,1833395,-2304351,9.48,66.3,1.27,2165003,-2304351
GOLD,10,6.0,D+4h,0.15@0.3,5,True,14.42,35.3,1.04,101510,-1122153,20.0,44.4,1.49,1975879,-1586925,16.81,39.9,1.31,2077389,-1586925
GOLD,10,6.0,D+4h,0.15@0.3,10,False,8.42,64.4,1.15,397203,-875316,10.11,74.7,1.21,1173834,-2917159,9.14,69.3,1.19,1571037,-2917159
GOLD,10,6.0,D+4h,0.15@0.3,10,True,13.5,38.9,1.08,199470,-939127,17.89,47.2,1.33,1443925,-1298844,15.38,43.0,1.24,1643395,-1298844
GOLD,10,6.0,D+4h,0.2@0.4,0,False,4.92,57.6,0.88,-265242,-1013295,5.56,80.0,1.95,2745532,-1492255,5.19,67.9,1.48,2480290,-1492255
GOLD,10,6.0,D+4h,0.2@0.4,0,True,5.0,45.0,0.91,-111190,-452163,5.44,59.2,4.01,2529355,-326085,5.19,51.4,2.13,2418165,-452163
GOLD,10,6.0,D+4h,0.2@0.4,5,False,8.0,60.4,0.94,-211727,-1373707,9.22,73.5,1.55,2549013,-1884869,8.52,66.5,1.29,2337286,-1884869
GOLD,10,6.0,D+4h,0.2@0.4,5,True,14.17,36.5,0.98,-53514,-1068853,19.33,42.5,1.68,2514548,-1200556,16.38,39.5,1.37,2461035,-1200556
GOLD,10,6.0,D+4h,0.2@0.4,10,False,8.0,61.5,0.95,-181405,-1391003,8.78,75.9,1.4,1970941,-2629042,8.33,68.0,1.21,1789536,-2629042
GOLD,10,6.0,D+4h,0.2@0.4,10,True,13.33,39.4,1.03,78351,-949769,17.11,45.5,1.53,2030260,-1159067,14.95,42.4,1.32,2108612,-1159067
GOLD,10,6.0,D+4h,0.25@0.5,0,False,4.92,52.5,1.03,80230,-1122513,5.56,78.0,2.18,3566724,-1492255,5.19,64.2,1.67,3646955,-1492255
GOLD,10,6.0,D+4h,0.25@0.5,0,True,5.0,43.3,1.32,430155,-412232,5.44,57.1,3.91,2817473,-315099,5.19,49.5,2.4,3247628,-412232
GOLD,10,6.0,D+4h,0.25@0.5,5,False,6.75,55.6,1.1,324746,-1351800,7.78,74.3,1.95,3685077,-1492255,7.19,64.2,1.57,4009823,-1492255
GOLD,10,6.0,D+4h,0.25@0.5,5,True,12.67,32.2,1.34,840596,-693974,18.56,38.9,1.66,2536784,-1151634,15.19,35.7,1.53,3377380,-1151634
GOLD,10,6.0,D+4h,0.25@0.5,10,False,6.58,55.7,1.12,379032,-1350132,7.67,73.9,1.52,2516172,-2629042,7.05,64.2,1.37,2895204,-2629042
GOLD,10,6.0,D+4h,0.25@0.5,10,True,11.67,34.3,1.43,996426,-647592,16.33,41.5,1.53,2126948,-1159067,13.67,38.0,1.49,3123374,-1159067
GOLD,10,6.0,D+1h+4h,0.1@0.3,0,False,3.17,47.4,1.42,400423,-276281,2.89,80.8,5.85,2687085,-273596,3.05,60.9,3.04,3087509,-276281
GOLD,10,6.0,D+1h+4h,0.1@0.3,0,True,3.17,47.4,1.42,400423,-276281,2.89,80.8,5.85,2687085,-273596,3.05,60.9,3.04,3087509,-276281
GOLD,10,6.0,D+1h+4h,0.1@0.3,5,False,5.83,50.0,1.63,1049835,-456284,5.67,74.5,2.72,3361573,-1014456,5.76,60.3,2.22,4411408,-1014456
GOLD,10,6.0,D+1h+4h,0.1@0.3,5,True,5.83,50.0,1.63,1049835,-456284,5.67,74.5,2.72,3361573,-1014456,5.76,60.3,2.22,4411408,-1014456
GOLD,10,6.0,D+1h+4h,0.1@0.3,10,False,5.83,52.9,1.65,1013957,-399297,5.67,74.5,2.01,2674912,-1137622,5.76,62.0,1.88,3688868,-1137622
GOLD,10,6.0,D+1h+4h,0.1@0.3,10,True,5.83,52.9,1.65,1013957,-399297,5.67,74.5,2.01,2674912,-1137622,5.76,62.0,1.88,3688868,-1137622
GOLD,10,6.0,D+1h+4h,0.15@0.3,0,False,3.17,63.2,1.07,68882,-268439,2.89,84.6,5.81,2641922,-273596,3.05,71.9,2.81,2710804,-273596
GOLD,10,6.0,D+1h+4h,0.15@0.3,0,True,3.17,63.2,1.07,68882,-268439,2.89,84.6,5.81,2641922,-273596,3.05,71.9,2.81,2710804,-273596
GOLD,10,6.0,D+1h+4h,0.2@0.4,0,False,3.17,60.5,1.02,24120,-332564,2.89,84.6,5.82,2649164,-273596,3.05,70.3,2.58,2673284,-332564
GOLD,10,6.0,D+1h+4h,0.2@0.4,0,True,3.17,60.5,1.02,24120,-332564,2.89,84.6,5.82,2649164,-273596,3.05,70.3,2.58,2673284,-332564
GOLD,10,6.0,D+1h+4h,0.2@0.4,5,False,6.5,66.7,1.28,596006,-596991,6.0,77.8,2.81,3522198,-715792,6.29,71.2,2.0,4118205,-715792
GOLD,10,6.0,D+1h+4h,0.2@0.4,5,True,6.5,66.7,1.28,596006,-596991,6.0,77.8,2.81,3522198,-715792,6.29,71.2,2.0,4118205,-715792
GOLD,10,6.0,D+1h+4h,0.15@0.3,5,False,6.67,63.8,1.45,806731,-494664,6.67,76.7,2.3,3012347,-1158955,6.67,69.3,1.93,3819078,-1158955
GOLD,10,6.0,D+1h+4h,0.15@0.3,5,True,6.67,63.8,1.45,806731,-494664,6.67,76.7,2.3,3012347,-1158955,6.67,69.3,1.93,3819078,-1158955
GOLD,10,6.0,D+1h+4h,0.15@0.3,10,False,6.58,67.1,1.48,803147,-451760,6.67,76.7,1.75,2244651,-1136787,6.62,71.2,1.65,3047799,-1136787
GOLD,10,6.0,D+1h+4h,0.15@0.3,10,True,6.58,67.1,1.48,803147,-451760,6.67,76.7,1.75,2244651,-1136787,6.62,71.2,1.65,3047799,-1136787
GOLD,10,6.0,D+1h+4h,0.2@0.4,10,False,6.5,67.9,1.3,626328,-614287,5.89,79.2,2.15,2802170,-1136787,6.24,72.5,1.76,3428497,-1136787
GOLD,10,6.0,D+1h+4h,0.2@0.4,10,True,6.5,67.9,1.3,626328,-614287,5.89,79.2,2.15,2802170,-1136787,6.24,72.5,1.76,3428497,-1136787
GOLD,10,6.0,D+1h+4h,0.25@0.5,0,False,3.17,57.9,1.48,565464,-294601,2.89,80.8,5.34,2937283,-273596,3.05,67.2,2.88,3502747,-294601
GOLD,10,6.0,D+1h+4h,0.25@0.5,0,True,3.17,57.9,1.48,565464,-294601,2.89,80.8,5.34,2937283,-273596,3.05,67.2,2.88,3502747,-294601
GOLD,10,6.0,D+1h+4h,0.25@0.5,5,False,5.0,65.0,1.89,1490142,-389691,5.22,70.2,2.65,3501690,-785967,5.1,67.3,2.32,4991833,-785967
GOLD,10,6.0,D+1h+4h,0.25@0.5,5,True,5.0,65.0,1.89,1490142,-389691,5.22,70.2,2.65,3501690,-785967,5.1,67.3,2.32,4991833,-785967
GOLD,10,6.0,D+1h+4h,0.25@0.5,10,False,4.83,65.5,1.96,1544428,-388024,5.11,71.7,2.1,2856113,-1136787,4.95,68.3,2.04,4400541,-1136787
GOLD,10,6.0,D+1h+4h,0.25@0.5,10,True,4.83,65.5,1.96,1544428,-388024,5.11,71.7,2.1,2856113,-1136787,4.95,68.3,2.04,4400541,-1136787
GOLD,10,6.0,1h,0.1@0.3,0,False,8.0,49.0,1.1,231076,-568349,6.67,71.7,3.25,3823531,-497198,7.43,57.7,1.99,4054606,-568349
GOLD,10,6.0,1h,0.1@0.3,0,True,8.0,49.0,1.1,231076,-568349,6.67,71.7,3.25,3823531,-497198,7.43,57.7,1.99,4054606,-568349
GOLD,10,6.0,1h,0.1@0.3,5,False,14.75,53.7,1.43,1537928,-836876,12.0,65.7,1.77,3993618,-2050502,13.57,58.2,1.63,5531546,-2050502
GOLD,10,6.0,1h,0.1@0.3,5,True,14.75,53.7,1.43,1537928,-836876,12.0,65.7,1.77,3993618,-2050502,13.57,58.2,1.63,5531546,-2050502
GOLD,10,6.0,1h,0.1@0.3,10,False,14.25,53.8,1.31,1165112,-824519,11.78,66.0,1.56,3138016,-1579534,13.19,58.5,1.46,4303129,-1579534
GOLD,10,6.0,1h,0.1@0.3,10,True,14.25,53.8,1.31,1165112,-824519,11.78,66.0,1.56,3138016,-1579534,13.19,58.5,1.46,4303129,-1579534
GOLD,10,6.0,1h,0.15@0.3,0,False,8.0,64.6,1.03,63418,-637902,6.67,76.7,3.02,3139912,-632199,7.43,69.2,1.82,3203330,-637902
GOLD,10,6.0,1h,0.15@0.3,0,True,8.0,64.6,1.03,63418,-637902,6.67,76.7,3.02,3139912,-632199,7.43,69.2,1.82,3203330,-637902
GOLD,10,6.0,1h,0.2@0.4,0,False,8.0,62.5,1.02,51679,-636871,6.67,81.7,3.88,4408800,-579875,7.43,69.9,2.07,4460478,-636871
GOLD,10,6.0,1h,0.2@0.4,0,True,8.0,62.5,1.02,51679,-636871,6.67,81.7,3.88,4408800,-579875,7.43,69.9,2.07,4460478,-636871
GOLD,10,6.0,1h,0.2@0.4,5,False,15.75,68.8,1.2,902770,-760290,13.22,68.9,1.54,3230666,-1893907,14.67,68.8,1.39,4133435,-1893907
GOLD,10,6.0,1h,0.2@0.4,5,True,15.75,68.8,1.2,902770,-760290,13.22,68.9,1.54,3230666,-1893907,14.67,68.8,1.39,4133435,-1893907
GOLD,10,6.0,1h,0.15@0.3,5,False,16.92,66.0,1.25,984642,-895555,13.44,68.6,1.62,3536583,-2312643,15.43,67.0,1.47,4521225,-2312643
GOLD,10,6.0,1h,0.15@0.3,5,True,16.92,66.0,1.25,984642,-895555,13.44,68.6,1.62,3536583,-2312643,15.43,67.0,1.47,4521225,-2312643
GOLD,10,6.0,1h,0.15@0.3,10,False,16.17,67.5,1.15,613212,-932465,13.22,68.9,1.42,2603012,-1832493,14.9,68.1,1.31,3216224,-1832493
GOLD,10,6.0,1h,0.15@0.3,10,True,16.17,67.5,1.15,613212,-932465,13.22,68.9,1.42,2603012,-1832493,14.9,68.1,1.31,3216224,-1832493
GOLD,10,6.0,1h,0.2@0.4,10,False,15.42,68.6,1.12,582823,-825873,13.11,69.5,1.41,2576876,-1368581,14.43,69.0,1.29,3159700,-1368581
GOLD,10,6.0,1h,0.2@0.4,10,True,15.42,68.6,1.12,582823,-825873,13.11,69.5,1.41,2576876,-1368581,14.43,69.0,1.29,3159700,-1368581
GOLD,10,6.0,1h,0.25@0.5,0,False,8.0,56.2,1.16,498559,-755997,6.67,76.7,3.75,5121108,-640604,7.43,64.1,2.14,5619667,-755997
GOLD,10,6.0,1h,0.25@0.5,0,True,8.0,56.2,1.16,498559,-755997,6.67,76.7,3.75,5121108,-640604,7.43,64.1,2.14,5619667,-755997
GOLD,10,6.0,1h+4h,0.1@0.3,10,False,8.58,53.4,1.24,630172,-770587,7.11,76.6,2.16,3402561,-1137622,7.95,62.3,1.73,4032733,-1137622
GOLD,10,6.0,1h+4h,0.1@0.3,10,True,8.58,53.4,1.24,630172,-770587,7.11,76.6,2.16,3402561,-1137622,7.95,62.3,1.73,4032733,-1137622
GOLD,10,6.0,1h+4h,0.15@0.3,0,False,4.92,64.4,0.99,-21530,-527640,3.67,84.8,5.37,3099924,-273596,4.38,71.7,2.4,3078394,-527640
GOLD,10,6.0,1h+4h,0.15@0.3,0,True,4.92,64.4,0.99,-21530,-527640,3.67,84.8,5.37,3099924,-273596,4.38,71.7,2.4,3078394,-527640
GOLD,10,6.0,1h+4h,0.1@0.3,0,False,4.92,52.5,1.15,224202,-287419,3.67,81.8,5.39,3132782,-273596,4.38,63.0,2.49,3356985,-287419
GOLD,10,6.0,1h+4h,0.1@0.3,0,True,4.92,52.5,1.15,224202,-287419,3.67,81.8,5.39,3132782,-273596,4.38,63.0,2.49,3356985,-287419
GOLD,10,6.0,1h+4h,0.1@0.3,5,False,8.75,52.4,1.3,795221,-636365,7.44,74.6,2.42,3721039,-1126400,8.19,61.0,1.86,4516260,-1126400
GOLD,10,6.0,1h+4h,0.1@0.3,5,True,8.75,52.4,1.3,795221,-636365,7.44,74.6,2.42,3721039,-1126400,8.19,61.0,1.86,4516260,-1126400
GOLD,10,6.0,1h,0.25@0.5,5,False,14.0,65.5,1.31,1364068,-709498,11.11,64.0,1.72,4017633,-1862914,12.76,64.9,1.54,5381701,-1862914
GOLD,10,6.0,1h,0.25@0.5,5,True,14.0,65.5,1.31,1364068,-709498,11.11,64.0,1.72,4017633,-1862914,12.76,64.9,1.54,5381701,-1862914
GOLD,10,6.0,1h,0.25@0.5,10,False,13.5,65.4,1.29,1278711,-721398,10.89,66.3,1.65,3710423,-1364398,12.38,65.8,1.49,4989135,-1364398
GOLD,10,6.0,1h,0.25@0.5,10,True,13.5,65.4,1.29,1278711,-721398,10.89,66.3,1.65,3710423,-1364398,12.38,65.8,1.49,4989135,-1364398
GOLD,10,6.0,1h+4h,0.15@0.3,5,False,10.08,63.6,1.15,414581,-704847,8.44,76.3,2.17,3485957,-1388732,9.38,68.5,1.68,3900538,-1388732
GOLD,10,6.0,1h+4h,0.15@0.3,5,True,10.08,63.6,1.15,414581,-704847,8.44,76.3,2.17,3485957,-1388732,9.38,68.5,1.68,3900538,-1388732
GOLD,10,6.0,1h+4h,0.15@0.3,10,False,9.67,66.4,1.14,381776,-739120,8.11,78.1,1.94,3080209,-1136787,9.0,70.9,1.58,3461985,-1136787
GOLD,10,6.0,1h+4h,0.15@0.3,10,True,9.67,66.4,1.14,381776,-739120,8.11,78.1,1.94,3080209,-1136787,9.0,70.9,1.58,3461985,-1136787
GOLD,10,6.0,1h+4h,0.2@0.4,10,False,9.33,64.3,1.04,126524,-866793,7.78,78.6,3.18,4284945,-419454,8.67,69.8,1.83,4411469,-866793
GOLD,10,6.0,1h+4h,0.2@0.4,10,True,9.33,64.3,1.04,126524,-866793,7.78,78.6,3.18,4284945,-419454,8.67,69.8,1.83,4411469,-866793
GOLD,10,6.0,1h+4h,0.25@0.5,0,False,4.92,55.9,1.2,392771,-619147,3.67,81.8,5.09,3422347,-273596,4.38,65.2,2.36,3815118,-619147
GOLD,10,6.0,1h+4h,0.25@0.5,0,True,4.92,55.9,1.2,392771,-619147,3.67,81.8,5.09,3422347,-273596,4.38,65.2,2.36,3815118,-619147
GOLD,10,6.0,1h+4h,0.2@0.4,0,False,4.92,59.3,0.92,-145123,-532889,3.67,84.8,5.01,2844005,-273596,4.38,68.5,2.08,2698883,-532889
GOLD,10,6.0,1h+4h,0.2@0.4,0,True,4.92,59.3,0.92,-145123,-532889,3.67,84.8,5.01,2844005,-273596,4.38,68.5,2.08,2698883,-532889
GOLD,10,6.0,1h+4h,0.2@0.4,5,False,9.42,63.7,1.06,189234,-745873,8.11,75.3,2.19,3447670,-967326,8.86,68.3,1.59,3636904,-967326
GOLD,10,6.0,1h+4h,0.2@0.4,5,True,9.42,63.7,1.06,189234,-745873,8.11,75.3,2.19,3447670,-967326,8.86,68.3,1.59,3636904,-967326
GOLD,10,6.0,1h+4h,0.25@0.5,5,False,7.92,60.0,1.32,946341,-826214,6.67,66.7,1.88,2984384,-972421,7.38,62.6,1.62,3930724,-972421
GOLD,10,6.0,1h+4h,0.25@0.5,5,True,7.92,60.0,1.32,946341,-826214,6.67,66.7,1.88,2984384,-972421,7.38,62.6,1.62,3930724,-972421
GOLD,10,6.0,1h+4h,0.25@0.5,10,False,7.67,59.8,1.31,917031,-949664,6.33,71.9,2.7,4032154,-482841,7.1,64.4,1.92,4949186,-949664
GOLD,10,6.0,1h+4h,0.25@0.5,10,True,7.67,59.8,1.31,917031,-949664,6.33,71.9,2.7,4032154,-482841,7.1,64.4,1.92,4949186,-949664
GOLD,15,4.0,D,0.1@0.3,0,False,10.0,43.3,1.25,650375,-525424,9.78,70.5,0.96,-164987,-1543432,9.9,54.8,1.07,485388,-1543432
GOLD,15,4.0,D,0.1@0.3,0,True,10.0,37.5,1.32,446655,-437429,9.78,51.1,1.4,1103864,-693622,9.9,43.3,1.37,1550518,-693622
GOLD,15,4.0,D,0.1@0.3,5,False,15.33,44.6,1.36,1345695,-862084,14.44,71.5,1.58,3113331,-1578093,14.95,55.7,1.49,4459026,-1578093
GOLD,15,4.0,D,0.1@0.3,5,True,33.75,31.9,1.02,70651,-1270526,27.44,46.6,1.5,2809030,-1193669,31.05,37.4,1.3,2879681,-1270526
GOLD,15,4.0,D,0.1@0.3,10,False,14.58,46.3,1.44,1574213,-862084,14.44,70.0,1.33,2036944,-2598840,14.52,56.4,1.37,3611158,-2598840
GOLD,15,4.0,D,0.1@0.3,10,True,29.92,33.1,1.15,524363,-937742,25.44,47.2,1.33,2054674,-1320386,28.0,38.6,1.26,2579036,-1320386
GOLD,15,4.0,D,0.15@0.3,0,False,10.0,64.2,1.24,594753,-601358,9.78,73.9,0.96,-177223,-1498459,9.9,68.3,1.06,417530,-1498459
GOLD,15,4.0,D,0.15@0.3,0,True,10.0,50.0,1.36,486419,-397461,9.78,53.4,1.35,975229,-817402,9.9,51.4,1.35,1461648,-817402
GOLD,15,4.0,D,0.15@0.3,5,False,16.42,63.5,1.42,1580653,-695345,16.44,75.0,1.38,2321796,-1429369,16.43,68.4,1.4,3902449,-1429369
GOLD,15,4.0,D,0.15@0.3,5,True,34.67,38.0,1.03,115711,-1282617,28.56,49.8,1.42,2437639,-1249599,32.05,42.5,1.26,2553350,-1282617
GOLD,15,4.0,D,0.15@0.3,10,False,15.67,63.8,1.48,1737680,-695345,16.33,74.8,1.18,1214434,-2480739,15.95,68.7,1.28,2952114,-2480739
GOLD,15,4.0,D,0.15@0.3,10,True,30.75,39.0,1.13,487981,-927986,26.56,50.6,1.26,1647719,-1249599,28.95,43.6,1.21,2135700,-1249599
GOLD,15,4.0,D,0.2@0.4,0,False,9.92,68.1,1.39,1098830,-620126,9.89,71.9,1.01,65188,-1364781,9.9,69.7,1.16,1164018,-1364781
GOLD,15,4.0,D,0.2@0.4,0,True,10.0,54.2,1.34,466565,-385743,9.78,51.1,1.34,998331,-871645,9.9,52.9,1.34,1464896,-871645
GOLD,15,4.0,D,0.2@0.4,5,False,14.33,72.7,1.65,2204581,-537000,15.67,71.6,1.49,3100001,-1343401,14.9,72.2,1.55,5304582,-1343401
GOLD,15,4.0,D,0.2@0.4,5,True,33.42,40.1,1.12,465094,-939092,27.89,47.8,1.51,2926121,-1384883,31.05,43.1,1.35,3391215,-1384883
GOLD,15,4.0,D,0.2@0.4,10,False,14.25,71.9,1.6,2069104,-540900,15.33,71.7,1.31,2171363,-2253087,14.71,71.8,1.4,4240467,-2253087
GOLD,15,4.0,D,0.2@0.4,10,True,30.0,42.2,1.22,783066,-673331,25.89,48.5,1.33,2059267,-1384883,28.24,44.7,1.29,2842333,-1384883
GOLD,15,4.0,D,0.25@0.5,0,False,9.92,63.0,1.07,253291,-614319,9.89,65.2,1.28,1488833,-1506353,9.9,63.9,1.2,1742124,-1506353
GOLD,15,4.0,D,0.25@0.5,0,True,10.0,50.0,0.99,-15746,-577431,9.78,46.6,1.47,1606100,-1272127,9.9,48.6,1.3,1590355,-1272127
GOLD,15,4.0,D+1h,0.1@0.3,0,False,5.17,45.2,1.92,821091,-346366,5.44,69.4,1.77,1576560,-550915,5.29,55.9,1.81,2397651,-550915
GOLD,15,4.0,D+1h,0.1@0.3,0,True,5.17,45.2,1.92,821091,-346366,5.44,69.4,1.77,1576560,-550915,5.29,55.9,1.81,2397651,-550915
GOLD,15,4.0,D+1h,0.1@0.3,5,False,10.17,48.4,2.26,1961628,-487231,9.33,67.9,2.17,3757998,-810954,9.81,56.3,2.2,5719627,-810954
GOLD,15,4.0,D+1h,0.1@0.3,5,True,10.17,48.4,2.26,1961628,-487231,9.33,67.9,2.17,3757998,-810954,9.81,56.3,2.2,5719627,-810954
GOLD,15,4.0,D,0.25@0.5,5,False,13.5,64.8,1.26,1170472,-726766,13.33,66.7,1.53,3432264,-1593948,13.43,65.6,1.42,4602736,-1593948
GOLD,15,4.0,D,0.25@0.5,5,True,33.17,37.7,0.96,-191647,-1344504,26.89,44.6,1.43,2650167,-1777839,30.48,40.3,1.23,2458520,-1777839
GOLD,15,4.0,D,0.25@0.5,10,False,13.42,65.8,1.29,1277414,-703689,13.22,66.4,1.33,2419975,-2393421,13.33,66.1,1.32,3697389,-2393421
GOLD,15,4.0,D,0.25@0.5,10,True,29.75,40.1,1.07,290759,-997452,25.0,45.3,1.27,1790945,-1777839,27.71,42.1,1.19,2081704,-1777839
GOLD,15,4.0,D+1h,0.1@0.3,10,False,9.5,50.0,2.52,2151464,-399764,9.11,67.1,1.7,2850574,-1237616,9.33,57.1,1.92,5002038,-1237616
GOLD,15,4.0,D+1h,0.1@0.3,10,True,9.5,50.0,2.52,2151464,-399764,9.11,67.1,1.7,2850574,-1237616,9.33,57.1,1.92,5002038,-1237616
GOLD,15,4.0,D+1h,0.15@0.3,0,False,5.17,69.4,2.0,860855,-310849,5.44,73.5,1.7,1437877,-534202,5.29,71.2,1.79,2298733,-534202
GOLD,15,4.0,D+1h,0.15@0.3,0,True,5.17,69.4,2.0,860855,-310849,5.44,73.5,1.7,1437877,-534202,5.29,71.2,1.79,2298733,-534202
GOLD,15,4.0,D+1h,0.15@0.3,5,False,11.08,66.9,2.25,1999927,-469665,10.44,74.5,1.97,3346098,-783223,10.81,70.0,2.06,5346025,-783223
GOLD,15,4.0,D+1h,0.15@0.3,5,True,11.08,66.9,2.25,1999927,-469665,10.44,74.5,1.97,3346098,-783223,10.81,70.0,2.06,5346025,-783223
GOLD,15,4.0,D+1h,0.15@0.3,10,False,10.33,66.9,2.4,2108322,-382198,10.22,73.9,1.56,2403110,-1178387,10.29,69.9,1.78,4511432,-1178387
GOLD,15,4.0,D+1h,0.15@0.3,10,True,10.33,66.9,2.4,2108322,-382198,10.22,73.9,1.56,2403110,-1178387,10.29,69.9,1.78,4511432,-1178387
GOLD,15,4.0,D+1h,0.2@0.4,0,False,5.17,77.4,1.95,841001,-287078,5.44,69.4,1.65,1452443,-588444,5.29,73.9,1.74,2293444,-588444
GOLD,15,4.0,D+1h,0.2@0.4,0,True,5.17,77.4,1.95,841001,-287078,5.44,69.4,1.65,1452443,-588444,5.29,73.9,1.74,2293444,-588444
GOLD,15,4.0,D+1h,0.2@0.4,5,False,10.0,78.3,2.61,2323065,-340355,9.44,71.8,2.23,4110754,-744403,9.76,75.6,2.35,6433819,-744403
GOLD,15,4.0,D+1h,0.2@0.4,5,True,10.0,78.3,2.61,2323065,-340355,9.44,71.8,2.23,4110754,-744403,9.76,75.6,2.35,6433819,-744403
GOLD,15,4.0,D+1h,0.2@0.4,10,False,9.67,80.2,2.76,2376361,-276517,9.22,71.1,1.74,3090832,-1128754,9.48,76.4,1.99,5467193,-1128754
GOLD,15,4.0,D+1h,0.2@0.4,10,True,9.67,80.2,2.76,2376361,-276517,9.22,71.1,1.74,3090832,-1128754,9.48,76.4,1.99,5467193,-1128754
GOLD,15,4.0,D+1h,0.25@0.5,0,False,5.17,69.4,1.27,358691,-453966,5.44,61.2,1.75,2050920,-988927,5.29,65.8,1.59,2409611,-988927
GOLD,15,4.0,D+1h,0.25@0.5,0,True,5.17,69.4,1.27,358691,-453966,5.44,61.2,1.75,2050920,-988927,5.29,65.8,1.59,2409611,-988927
GOLD,15,4.0,D+1h,0.25@0.5,5,False,9.75,71.8,1.78,1645298,-686825,8.44,63.2,1.99,3761508,-1130482,9.19,68.4,1.91,5406806,-1130482
GOLD,15,4.0,D+1h,0.25@0.5,5,True,9.75,71.8,1.78,1645298,-686825,8.44,63.2,1.99,3761508,-1130482,9.19,68.4,1.91,5406806,-1130482
GOLD,15,4.0,D+1h,0.25@0.5,10,False,9.5,74.6,2.0,1863411,-419699,8.33,62.7,1.59,2749219,-1285065,9.0,69.8,1.71,4612630,-1285065
GOLD,15,4.0,D+1h,0.25@0.5,10,True,9.5,74.6,2.0,1863411,-419699,8.33,62.7,1.59,2749219,-1285065,9.0,69.8,1.71,4612630,-1285065
GOLD,15,4.0,D+4h,0.1@0.3,0,False,5.83,41.4,1.22,341897,-502299,6.78,67.2,0.92,-299612,-1370466,6.24,53.4,1.01,42286,-1370466
GOLD,15,4.0,D+4h,0.1@0.3,0,True,5.83,38.6,2.08,766569,-244748,6.78,50.8,1.65,1346515,-652802,6.24,44.3,1.76,2113084,-652802
GOLD,15,4.0,D+4h,0.1@0.3,5,False,9.75,44.4,1.53,1118815,-532377,10.22,71.7,1.86,3450084,-1260056,9.95,56.5,1.75,4568899,-1260056
GOLD,15,4.0,D+4h,0.1@0.3,5,True,15.33,33.2,1.78,1333991,-441580,18.89,47.1,2.07,3861831,-1016453,16.86,39.8,1.98,5195822,-1016453
GOLD,15,4.0,D+4h,0.1@0.3,10,False,9.08,46.8,1.62,1260567,-493033,10.56,68.4,1.43,2169091,-2280803,9.71,56.9,1.49,3429658,-2280803
GOLD,15,4.0,D+4h,0.1@0.3,10,True,13.5,35.2,1.99,1527252,-363089,17.56,47.5,1.68,2978890,-1016453,15.24,41.2,1.76,4506142,-1016453
GOLD,15,4.0,D+4h,0.15@0.3,0,False,5.83,67.1,1.26,385401,-521432,6.78,72.1,0.93,-260075,-1343255,6.24,69.5,1.02,125326,-1343255
GOLD,15,4.0,D+4h,0.15@0.3,0,True,5.83,52.9,2.13,771108,-313450,6.78,54.1,1.62,1286362,-697110,6.24,53.4,1.75,2057469,-697110
GOLD,15,4.0,D+4h,0.2@0.4,0,False,5.75,66.7,1.19,329909,-796760,6.89,71.0,1.06,209322,-1231023,6.24,68.7,1.1,539231,-1231023
GOLD,15,4.0,D+4h,0.2@0.4,0,True,5.83,55.7,1.71,516158,-346163,6.78,52.5,1.65,1395012,-648982,6.24,54.2,1.66,1911170,-648982
GOLD,15,4.0,D+4h,0.2@0.4,5,False,9.25,69.4,1.45,1073598,-646472,11.0,71.7,1.59,2965165,-1291783,10.0,70.5,1.54,4038763,-1291783
GOLD,15,4.0,D+4h,0.2@0.4,5,True,15.25,45.4,1.68,1271827,-524658,19.44,48.0,1.87,3579155,-1169362,17.05,46.6,1.81,4850982,-1169362
GOLD,15,4.0,D+4h,0.15@0.3,5,False,10.33,65.3,1.6,1263228,-490581,11.78,78.3,1.71,3061429,-1156856,10.95,71.3,1.67,4324658,-1156856
GOLD,15,4.0,D+4h,0.15@0.3,5,True,16.08,43.0,1.79,1352134,-532246,19.89,52.0,2.0,3673472,-1030829,17.71,47.3,1.93,5025606,-1030829
GOLD,15,4.0,D+4h,0.15@0.3,10,False,9.67,65.5,1.64,1332096,-476849,12.0,76.9,1.33,1754400,-2208226,10.67,71.0,1.41,3086497,-2208226
GOLD,15,4.0,D+4h,0.15@0.3,10,True,14.25,44.4,1.92,1475457,-421394,18.56,52.7,1.62,2759908,-1030829,16.1,48.5,1.7,4235365,-1030829
GOLD,15,4.0,D+4h,0.2@0.4,10,False,9.25,68.5,1.39,959060,-659792,10.89,70.4,1.32,1886363,-2362953,9.95,69.4,1.34,2845423,-2362953
GOLD,15,4.0,D+4h,0.2@0.4,10,True,13.92,47.9,1.71,1294320,-498347,18.0,48.1,1.54,2638157,-1169362,15.67,48.0,1.59,3932477,-1169362
GOLD,15,4.0,D+4h,0.25@0.5,0,False,5.75,60.9,0.94,-127285,-987510,6.89,64.5,1.43,1803981,-1391374,6.24,62.6,1.26,1676697,-1391374
GOLD,15,4.0,D+4h,0.25@0.5,0,True,5.83,51.4,1.15,155338,-366999,6.78,47.5,1.86,2157530,-870198,6.24,49.6,1.65,2312868,-870198
GOLD,15,4.0,D+1h+4h,0.1@0.3,0,False,3.67,50.0,3.19,974191,-125130,3.78,70.6,2.13,1726606,-518026,3.71,59.0,2.37,2700797,-518026
GOLD,15,4.0,D+1h+4h,0.1@0.3,0,True,3.67,50.0,3.19,974191,-125130,3.78,70.6,2.13,1726606,-518026,3.71,59.0,2.37,2700797,-518026
GOLD,15,4.0,D+1h+4h,0.1@0.3,5,False,7.25,50.6,3.76,2080448,-200603,6.67,73.3,3.37,4537798,-601925,7.0,59.9,3.48,6618247,-601925
GOLD,15,4.0,D+1h+4h,0.1@0.3,5,True,7.25,50.6,3.76,2080448,-200603,6.67,73.3,3.37,4537798,-601925,7.0,59.9,3.48,6618247,-601925
GOLD,15,4.0,D+4h,0.25@0.5,5,False,8.75,61.9,1.11,327708,-1046467,9.44,64.7,1.59,3092980,-1508007,9.05,63.2,1.41,3420688,-1508007
GOLD,15,4.0,D+4h,0.25@0.5,5,True,14.83,41.6,1.3,713372,-682579,18.56,44.3,1.77,3369933,-1453542,16.43,42.9,1.6,4083305,-1453542
GOLD,15,4.0,D+4h,0.25@0.5,10,False,8.75,62.9,1.12,348894,-991678,9.44,63.5,1.32,2021810,-2485060,9.05,63.2,1.26,2370704,-2485060
GOLD,15,4.0,D+4h,0.25@0.5,10,True,13.5,44.4,1.36,804305,-581313,17.22,44.5,1.47,2436569,-1453542,15.1,44.5,1.44,3240873,-1453542
GOLD,15,4.0,D+1h+4h,0.1@0.3,10,False,6.75,53.1,4.27,2203962,-195327,6.67,71.7,2.23,3517052,-948160,6.71,61.0,2.62,5721014,-948160
GOLD,15,4.0,D+1h+4h,0.1@0.3,10,True,6.75,53.1,4.27,2203962,-195327,6.67,71.7,2.23,3517052,-948160,6.71,61.0,2.62,5721014,-948160
GOLD,15,4.0,D+1h+4h,0.15@0.3,0,False,3.67,72.7,3.34,978730,-183685,3.78,76.5,2.09,1665697,-518026,3.71,74.4,2.36,2644427,-518026
GOLD,15,4.0,D+1h+4h,0.15@0.3,0,True,3.67,72.7,3.34,978730,-183685,3.78,76.5,2.09,1665697,-518026,3.71,74.4,2.36,2644427,-518026
GOLD,15,4.0,D+1h+4h,0.2@0.4,0,False,3.67,77.3,2.56,723780,-222595,3.78,73.5,2.1,1775103,-518026,3.71,75.6,2.2,2498883,-518026
GOLD,15,4.0,D+1h+4h,0.2@0.4,0,True,3.67,77.3,2.56,723780,-222595,3.78,73.5,2.1,1775103,-518026,3.71,75.6,2.2,2498883,-518026
GOLD,15,4.0,D+1h+4h,0.2@0.4,5,False,7.17,76.7,3.19,2018285,-276517,6.89,74.2,2.84,4478411,-744403,7.05,75.7,2.93,6496696,-744403
GOLD,15,4.0,D+1h+4h,0.2@0.4,5,True,7.17,76.7,3.19,2018285,-276517,6.89,74.2,2.84,4478411,-744403,7.05,75.7,2.93,6496696,-744403
GOLD,15,4.0,D+1h+4h,0.2@0.4,10,False,7.17,76.7,3.09,1971030,-276517,6.78,72.1,2.0,3399608,-948160,7.0,74.8,2.24,5370639,-948160
GOLD,15,4.0,D+1h+4h,0.2@0.4,10,True,7.17,76.7,3.09,1971030,-276517,6.78,72.1,2.0,3399608,-948160,7.0,74.8,2.24,5370639,-948160
GOLD,15,4.0,D+1h+4h,0.25@0.5,0,False,3.67,70.5,1.48,362959,-309380,3.78,64.7,2.29,2537622,-656001,3.71,67.9,2.06,2900581,-656001
GOLD,15,4.0,D+1h+4h,0.25@0.5,0,True,3.67,70.5,1.48,362959,-309380,3.78,64.7,2.29,2537622,-656001,3.71,67.9,2.06,2900581,-656001
GOLD,15,4.0,D+1h+4h,0.15@0.3,5,False,8.0,68.8,3.8,2098591,-250159,7.67,82.6,3.18,4347165,-562132,7.86,74.5,3.35,6445756,-562132
GOLD,15,4.0,D+1h+4h,0.15@0.3,5,True,8.0,68.8,3.8,2098591,-250159,7.67,82.6,3.18,4347165,-562132,7.86,74.5,3.35,6445756,-562132
GOLD,15,4.0,D+1h+4h,0.15@0.3,10,False,7.5,68.9,3.95,2152167,-211506,7.67,81.2,2.12,3295795,-948160,7.57,74.2,2.48,5447962,-948160
GOLD,15,4.0,D+1h+4h,0.15@0.3,10,True,7.5,68.9,3.95,2152167,-211506,7.67,81.2,2.12,3295795,-948160,7.57,74.2,2.48,5447962,-948160
GOLD,15,4.0,D+1h+4h,0.25@0.5,5,False,6.75,70.4,2.04,1459829,-355137,6.0,66.7,2.58,4294863,-950684,6.43,68.9,2.4,5754693,-950684
GOLD,15,4.0,D+1h+4h,0.25@0.5,5,True,6.75,70.4,2.04,1459829,-355137,6.0,66.7,2.58,4294863,-950684,6.43,68.9,2.4,5754693,-950684
GOLD,15,4.0,D+1h+4h,0.25@0.5,10,False,6.75,71.6,2.09,1481015,-300348,6.0,64.8,1.88,3223693,-1035166,6.43,68.9,1.94,4704709,-1035166
GOLD,15,4.0,D+1h+4h,0.25@0.5,10,True,6.75,71.6,2.09,1481015,-300348,6.0,64.8,1.88,3223693,-1035166,6.43,68.9,1.94,4704709,-1035166
GOLD,15,4.0,1h,0.1@0.3,0,False,9.42,43.4,1.17,388185,-732519,8.78,69.6,2.2,3599742,-771867,9.14,54.2,1.75,3987926,-771867
GOLD,15,4.0,1h,0.1@0.3,0,True,9.42,43.4,1.17,388185,-732519,8.78,69.6,2.13,3498362,-873247,9.14,54.2,1.72,3886546,-873247
GOLD,15,4.0,1h,0.1@0.3,5,False,18.0,46.3,1.35,1320289,-945885,15.11,64.7,1.89,5195250,-1542528,16.76,53.4,1.68,6515538,-1542528
GOLD,15,4.0,1h,0.1@0.3,5,True,18.0,46.3,1.35,1320289,-945885,15.11,64.7,1.86,5093870,-1643908,16.76,53.4,1.66,6414159,-1643908
GOLD,15,4.0,1h,0.1@0.3,10,False,17.25,46.9,1.38,1360627,-985994,14.56,65.6,1.89,5179999,-1859992,16.1,54.1,1.69,6540626,-1859992
GOLD,15,4.0,1h,0.1@0.3,10,True,17.25,46.9,1.38,1360627,-985994,14.56,65.6,1.86,5078619,-1961372,16.1,54.1,1.67,6439246,-1961372
GOLD,15,4.0,1h,0.15@0.3,0,False,9.42,61.1,1.24,516122,-586374,8.78,73.4,2.05,3151505,-900278,9.14,66.1,1.71,3667626,-900278
GOLD,15,4.0,1h,0.15@0.3,0,True,9.42,61.1,1.24,516122,-586374,8.78,72.2,1.98,3041991,-1002043,9.14,65.6,1.68,3558113,-1002043
GOLD,15,4.0,1h,0.2@0.4,0,False,9.42,66.4,1.17,406061,-732915,8.78,70.9,2.36,4253519,-940401,9.14,68.2,1.85,4659580,-940401
GOLD,15,4.0,1h,0.2@0.4,0,True,9.42,66.4,1.17,406061,-732915,8.78,69.6,2.28,4136757,-1042166,9.14,67.7,1.81,4542818,-1042166
GOLD,15,4.0,1h,0.2@0.4,5,False,17.42,70.8,1.52,1909602,-613458,15.44,66.9,1.81,5347386,-1924012,16.57,69.3,1.71,7256987,-1924012
GOLD,15,4.0,1h,0.2@0.4,5,True,17.42,70.8,1.52,1909602,-613458,15.44,66.2,1.78,5230624,-2040773,16.57,69.0,1.69,7140226,-2040773
GOLD,15,4.0,1h,0.15@0.3,5,False,19.92,62.8,1.3,1218643,-1159171,16.78,69.5,1.71,4457103,-1654632,18.57,65.4,1.55,5675746,-1654632
GOLD,15,4.0,1h,0.15@0.3,5,True,19.92,62.8,1.3,1218643,-1159171,16.78,68.9,1.68,4347589,-1764146,18.57,65.1,1.53,5566233,-1764146
GOLD,15,4.0,1h,0.15@0.3,10,False,19.0,62.7,1.3,1192212,-1165679,16.22,70.5,1.71,4441936,-1940926,17.81,65.8,1.55,5634148,-1940926
GOLD,15,4.0,1h,0.15@0.3,10,True,19.0,62.7,1.3,1192212,-1165679,16.22,69.9,1.68,4332423,-2050439,17.81,65.5,1.53,5524635,-2050439
GOLD,15,4.0,1h,0.2@0.4,10,False,16.75,71.6,1.55,1969668,-538853,14.89,67.9,1.8,5272984,-2160127,15.95,70.1,1.71,7242652,-2160127
GOLD,15,4.0,1h,0.2@0.4,10,True,16.75,71.6,1.55,1969668,-538853,14.89,67.2,1.77,5156223,-2276888,15.95,69.9,1.7,7125891,-2276888
GOLD,15,4.0,1h,0.25@0.5,0,False,9.42,64.6,1.08,233255,-839358,8.78,65.8,2.25,4625214,-1310758,9.14,65.1,1.75,4858469,-1310758
GOLD,15,4.0,1h,0.25@0.5,0,True,9.42,64.6,1.08,233255,-839358,8.78,64.6,2.18,4501213,-1412523,9.14,64.6,1.72,4734468,-1412523
GOLD,15,4.0,1h+4h,0.1@0.3,10,False,9.75,54.7,2.53,2130671,-420542,8.44,75.0,2.39,4360715,-948160,9.19,62.7,2.44,6491386,-948160
GOLD,15,4.0,1h+4h,0.1@0.3,10,True,9.75,54.7,2.53,2130671,-420542,8.44,75.0,2.39,4360715,-948160,9.19,62.7,2.44,6491386,-948160
GOLD,15,4.0,1h+4h,0.15@0.3,0,False,5.58,67.2,1.72,766815,-478968,4.67,78.6,2.63,2682176,-518026,5.19,71.6,2.27,3448991,-518026
GOLD,15,4.0,1h+4h,0.15@0.3,0,True,5.58,67.2,1.72,766815,-478968,4.67,78.6,2.63,2682176,-518026,5.19,71.6,2.27,3448991,-518026
GOLD,15,4.0,1h+4h,0.1@0.3,0,False,5.58,50.7,1.64,704127,-530142,4.67,73.8,2.66,2721661,-518026,5.19,59.6,2.25,3425788,-530142
GOLD,15,4.0,1h+4h,0.1@0.3,0,True,5.58,50.7,1.64,704127,-530142,4.67,73.8,2.66,2721661,-518026,5.19,59.6,2.25,3425788,-530142
GOLD,15,4.0,1h+4h,0.1@0.3,5,False,10.25,52.0,2.44,2117338,-418939,8.89,76.2,3.2,5235955,-608854,9.67,61.6,2.91,7353293,-608854
GOLD,15,4.0,1h+4h,0.1@0.3,5,True,10.25,52.0,2.44,2117338,-418939,8.89,76.2,3.2,5235955,-608854,9.67,61.6,2.91,7353293,-608854
GOLD,15,4.0,1h,0.25@0.5,5,False,16.58,68.8,1.29,1245258,-922247,14.67,58.3,1.4,3407785,-2772806,15.76,64.7,1.36,4653043,-2772806
GOLD,15,4.0,1h,0.25@0.5,5,True,16.58,68.8,1.29,1245258,-922247,14.67,57.6,1.39,3283784,-2896807,15.76,64.4,1.35,4529042,-2896807
GOLD,15,4.0,1h,0.25@0.5,10,False,16.08,69.9,1.34,1402993,-688151,14.44,60.0,1.43,3532363,-2722467,15.38,65.9,1.4,4935356,-2722467
GOLD,15,4.0,1h,0.25@0.5,10,True,16.08,69.9,1.34,1402993,-688151,14.44,59.2,1.41,3408362,-2846468,15.38,65.6,1.39,4811355,-2846468
GOLD,15,4.0,1h+4h,0.15@0.3,5,False,11.0,68.2,2.53,2227231,-371114,10.11,82.4,2.96,5020336,-670308,10.62,74.0,2.8,7247567,-670308
GOLD,15,4.0,1h+4h,0.15@0.3,5,True,11.0,68.2,2.53,2227231,-371114,10.11,82.4,2.96,5020336,-670308,10.62,74.0,2.8,7247567,-670308
GOLD,15,4.0,1h+4h,0.15@0.3,10,False,10.5,69.0,2.52,2181503,-374016,9.67,81.6,2.24,4096480,-948160,10.14,74.2,2.32,6277983,-948160
GOLD,15,4.0,1h+4h,0.15@0.3,10,True,10.5,69.0,2.52,2181503,-374016,9.67,81.6,2.24,4096480,-948160,10.14,74.2,2.32,6277983,-948160
GOLD,15,4.0,1h+4h,0.2@0.4,0,False,5.58,70.1,1.4,477603,-436358,4.67,76.2,2.71,2969373,-518026,5.19,72.5,2.18,3446976,-611521
GOLD,15,4.0,1h+4h,0.2@0.4,0,True,5.58,70.1,1.4,477603,-436358,4.67,76.2,2.71,2969373,-518026,5.19,72.5,2.18,3446976,-611521
GOLD,15,4.0,1h+4h,0.2@0.4,5,False,10.08,70.2,1.99,1894900,-538797,8.67,71.8,2.53,4958353,-744636,9.48,70.9,2.33,6853253,-744636
GOLD,15,4.0,1h+4h,0.2@0.4,5,True,10.08,70.2,1.99,1894900,-538797,8.67,71.8,2.53,4958353,-744636,9.48,70.9,2.33,6853253,-744636
GOLD,15,4.0,1h+4h,0.2@0.4,10,False,9.92,70.6,1.96,1843033,-544672,8.22,71.6,2.68,5121591,-744403,9.19,71.0,2.4,6964624,-744403
GOLD,15,4.0,1h+4h,0.2@0.4,10,True,9.92,70.6,1.96,1843033,-544672,8.22,71.6,2.68,5121591,-744403,9.19,71.0,2.4,6964624,-744403
GOLD,15,4.0,1h+4h,0.25@0.5,0,False,5.58,67.2,1.23,344493,-482735,4.67,69.0,2.73,3600148,-656001,5.19,67.9,2.1,3944641,-656001
GOLD,15,4.0,1h+4h,0.25@0.5,0,True,5.58,67.2,1.23,344493,-482735,4.67,69.0,2.73,3600148,-656001,5.19,67.9,2.1,3944641,-656001
GOLD,15,4.0,1h+4h,0.25@0.5,5,False,9.42,68.1,1.6,1397064,-550345,7.89,64.8,2.29,4636490,-1070842,8.76,66.8,2.02,6033554,-1070842
GOLD,15,4.0,1h+4h,0.25@0.5,5,True,9.42,68.1,1.6,1397064,-550345,7.89,64.8,2.29,4636490,-1070842,8.76,66.8,2.02,6033554,-1070842
GOLD,15,4.0,1h+4h,0.25@0.5,10,False,9.25,69.4,1.64,1441657,-559291,7.67,65.2,2.41,4802700,-950684,8.57,67.8,2.11,6244358,-950684
GOLD,15,4.0,1h+4h,0.25@0.5,10,True,9.25,69.4,1.64,1441657,-559291,7.67,65.2,2.41,4802700,-950684,8.57,67.8,2.11,6244358,-950684
GOLD,15,5.0,D,0.1@0.3,0,False,7.67,48.9,0.9,-280179,-963170,7.0,81.0,1.75,2339427,-2045975,7.38,61.9,1.34,2059248,-2045975
GOLD,15,5.0,D,0.1@0.3,0,True,7.75,43.0,0.65,-597074,-671979,6.89,59.7,3.14,1789269,-232462,7.38,49.7,1.47,1192195,-683857
GOLD,15,5.0,D,0.1@0.3,5,False,11.33,52.9,1.25,974025,-983964,11.67,78.1,1.66,2926269,-1908159,11.48,63.9,1.47,3900294,-1908159
GOLD,15,5.0,D,0.1@0.3,5,True,26.67,35.6,0.9,-386967,-1408524,22.56,49.8,1.64,2522603,-1086264,24.9,41.1,1.27,2135636,-1408524
GOLD,15,5.0,D,0.1@0.3,10,False,11.0,53.8,1.25,974944,-1045036,11.33,76.5,1.22,1297463,-3137075,11.14,63.7,1.23,2272407,-3137075
GOLD,15,5.0,D,0.1@0.3,10,True,24.75,37.0,0.98,-65200,-1187033,21.0,50.3,1.33,1531590,-1567939,23.14,42.2,1.18,1466390,-1567939
GOLD,15,5.0,D,0.15@0.3,0,False,7.67,62.0,0.71,-845182,-1080511,7.0,85.7,1.62,1877621,-2034016,7.38,71.6,1.17,1032439,-2034016
GOLD,15,5.0,D,0.15@0.3,0,True,7.75,48.4,0.54,-769493,-804346,6.89,62.9,3.01,1650193,-232462,7.38,54.2,1.35,880701,-859388
GOLD,15,5.0,D,0.15@0.3,5,False,12.5,68.0,1.2,808498,-918785,12.67,77.2,1.24,1430137,-2047976,12.57,72.0,1.22,2238635,-2047976
GOLD,15,5.0,D,0.15@0.3,5,True,27.08,40.3,0.96,-161822,-1145491,22.89,50.0,1.46,2125251,-1196072,25.29,44.1,1.23,1963429,-1196072
GOLD,15,5.0,D,0.15@0.3,10,False,12.17,68.5,1.22,883272,-984140,12.33,76.6,1.04,248175,-3332197,12.24,72.0,1.1,1131447,-3332197
GOLD,15,5.0,D,0.15@0.3,10,True,25.17,41.7,1.06,232706,-829104,21.44,50.8,1.21,1082377,-1580434,23.57,45.3,1.15,1315082,-1580434
GOLD,15,5.0,D,0.2@0.4,0,False,7.67,64.1,1.31,876677,-638865,7.0,76.2,1.28,1057061,-1981397,7.38,69.0,1.29,1933738,-1981397
GOLD,15,5.0,D,0.2@0.4,0,True,7.75,49.5,0.96,-62014,-431795,6.89,54.8,1.27,369229,-588973,7.38,51.6,1.1,307216,-588973
GOLD,15,5.0,D,0.2@0.4,5,False,10.25,65.9,1.47,1727841,-459048,11.89,72.9,1.38,2235362,-2084938,10.95,69.1,1.42,3963202,-2084938
GOLD,15,5.0,D,0.2@0.4,5,True,26.08,38.0,1.06,256255,-947259,22.67,48.0,1.4,1976491,-1353043,24.62,42.0,1.25,2232745,-1353043
GOLD,15,5.0,D,0.2@0.4,10,False,10.33,65.3,1.46,1678591,-459048,11.22,73.3,1.14,970270,-3379647,10.71,68.9,1.25,2648861,-3379647
GOLD,15,5.0,D,0.2@0.4,10,True,24.42,39.6,1.14,498573,-789997,21.0,48.7,1.23,1200710,-1727515,22.95,43.2,1.19,1699283,-1727515
GOLD,15,5.0,D,0.25@0.5,0,False,7.67,56.5,1.18,591983,-812704,7.0,66.7,1.18,874845,-2295809,7.38,60.6,1.18,1466828,-2295809
GOLD,15,5.0,D,0.25@0.5,0,True,7.75,46.2,1.03,58348,-481322,6.89,50.0,1.45,819039,-625837,7.38,47.7,1.24,877387,-625837
GOLD,15,5.0,D,0.25@0.5,5,False,10.0,59.2,1.31,1261690,-852704,10.33,65.6,1.29,1862167,-2230154,10.14,62.0,1.3,3123856,-2230154
GOLD,15,5.0,D,0.25@0.5,5,True,25.5,36.3,1.11,426372,-884966,22.22,43.5,1.17,1027117,-1853015,24.1,39.1,1.15,1453489,-1853015
GOLD,15,5.0,D,0.25@0.5,10,False,9.83,57.6,1.3,1215076,-852704,10.33,64.5,1.02,132403,-3414060,10.05,60.7,1.11,1347479,-3414060
GOLD,15,5.0,D,0.25@0.5,10,True,23.67,37.3,1.19,681903,-712721,20.78,44.4,0.99,-41375,-2223470,22.43,40.1,1.06,640528,-2223470
GOLD,15,5.0,D+1h,0.1@0.3,0,False,3.92,51.1,0.76,-307345,-545077,3.33,86.7,6.46,2105226,-232462,3.67,64.9,2.07,1797881,-545077
GOLD,15,5.0,D+1h,0.1@0.3,0,True,3.92,51.1,0.76,-307345,-545077,3.33,86.7,6.46,2105226,-232462,3.67,64.9,2.07,1797881,-545077
GOLD,15,5.0,D+1h,0.1@0.3,5,False,8.08,60.8,1.58,1169036,-598556,7.11,82.8,3.02,3583311,-611472,7.67,69.6,2.25,4752347,-611472
GOLD,15,5.0,D+1h,0.1@0.3,5,True,8.08,60.8,1.58,1169036,-598556,7.11,82.8,3.02,3583311,-611472,7.67,69.6,2.25,4752347,-611472
GOLD,15,5.0,D+1h,0.1@0.3,10,False,7.75,63.4,1.71,1345474,-422118,7.0,81.0,1.93,2474327,-1413850,7.43,70.5,1.84,3819801,-1413850
GOLD,15,5.0,D+1h,0.1@0.3,10,True,7.75,63.4,1.71,1345474,-422118,7.0,81.0,1.93,2474327,-1413850,7.43,70.5,1.84,3819801,-1413850
GOLD,15,5.0,D+1h,0.15@0.3,0,False,3.92,61.7,0.62,-482375,-575548,3.33,93.3,6.31,1957968,-232462,3.67,74.0,1.89,1475594,-575548
GOLD,15,5.0,D+1h,0.15@0.3,0,True,3.92,61.7,0.62,-482375,-575548,3.33,93.3,6.31,1957968,-232462,3.67,74.0,1.89,1475594,-575548
GOLD,15,5.0,D+1h,0.15@0.3,5,False,8.5,73.5,1.68,1370936,-386813,7.44,82.1,2.33,3215558,-580808,8.05,76.9,2.03,4586494,-580808
GOLD,15,5.0,D+1h,0.15@0.3,5,True,8.5,73.5,1.68,1370936,-386813,7.44,82.1,2.33,3215558,-580808,8.05,76.9,2.03,4586494,-580808
GOLD,15,5.0,D+1h,0.15@0.3,10,False,8.17,75.5,1.9,1620136,-286332,7.44,80.6,1.62,2054713,-1371169,7.86,77.6,1.72,3674849,-1371169
GOLD,15,5.0,D+1h,0.15@0.3,10,True,8.17,75.5,1.9,1620136,-286332,7.44,80.6,1.62,2054713,-1371169,7.86,77.6,1.72,3674849,-1371169
GOLD,15,5.0,D+1h,0.2@0.4,0,False,3.92,63.8,1.18,227715,-371543,3.33,80.0,1.74,695152,-439168,3.67,70.1,1.42,922867,-439168
GOLD,15,5.0,D+1h,0.2@0.4,0,True,3.92,63.8,1.18,227715,-371543,3.33,80.0,1.74,695152,-439168,3.67,70.1,1.42,922867,-439168
GOLD,15,5.0,D+1h,0.2@0.4,5,False,8.08,72.2,1.8,1595177,-430294,7.22,75.4,2.0,2945620,-705897,7.71,73.5,1.92,4540798,-705897
GOLD,15,5.0,D+1h,0.2@0.4,5,True,8.08,72.2,1.8,1595177,-430294,7.22,75.4,2.0,2945620,-705897,7.71,73.5,1.92,4540798,-705897
GOLD,15,5.0,D+1h,0.2@0.4,10,False,8.0,74.0,1.9,1691775,-390850,7.0,74.6,1.57,2051869,-1543260,7.57,74.2,1.69,3743644,-1543260
GOLD,15,5.0,D+1h,0.2@0.4,10,True,8.0,74.0,1.9,1691775,-390850,7.0,74.6,1.57,2051869,-1543260,7.57,74.2,1.69,3743644,-1543260
GOLD,15,5.0,D+1h,0.25@0.5,0,False,3.92,57.4,1.24,348076,-418290,3.33,70.0,1.83,1144962,-478045,3.67,62.3,1.53,1493038,-478045
GOLD,15,5.0,D+1h,0.25@0.5,0,True,3.92,57.4,1.24,348076,-418290,3.33,70.0,1.83,1144962,-478045,3.67,62.3,1.53,1493038,-478045
GOLD,15,5.0,D+1h,0.25@0.5,5,False,7.08,67.1,1.95,1906666,-417342,6.78,62.3,1.48,1888017,-1161398,6.95,65.1,1.64,3794684,-1161398
GOLD,15,5.0,D+1h,0.25@0.5,5,True,7.08,67.1,1.95,1906666,-417342,6.78,62.3,1.48,1888017,-1161398,6.95,65.1,1.64,3794684,-1161398
GOLD,15,5.0,D+1h,0.25@0.5,10,False,7.25,70.1,2.0,1880689,-387387,6.78,62.3,1.14,701555,-1534153,7.05,66.9,1.38,2582244,-1534153
GOLD,15,5.0,D+1h,0.25@0.5,10,True,7.25,70.1,2.0,1880689,-387387,6.78,62.3,1.14,701555,-1534153,7.05,66.9,1.38,2582244,-1534153
GOLD,15,5.0,D+4h,0.1@0.3,0,False,4.33,46.2,0.73,-541081,-960861,4.78,83.7,1.76,1938373,-2045975,4.52,63.2,1.31,1397292,-2045975
GOLD,15,5.0,D+4h,0.1@0.3,0,True,4.42,39.6,0.66,-455128,-669954,4.67,59.5,4.13,1753388,-232462,4.52,48.4,1.68,1298259,-669954
GOLD,15,5.0,D+4h,0.1@0.3,5,False,7.42,53.9,1.16,399713,-987418,8.56,81.8,1.83,2840031,-2041723,7.9,66.9,1.55,3239744,-2041723
GOLD,15,5.0,D+4h,0.1@0.3,5,True,11.83,38.0,1.1,228289,-1066146,16.0,51.4,2.09,2977528,-1014400,13.62,44.8,1.64,3205817,-1066146
GOLD,15,5.0,D+4h,0.1@0.3,10,False,7.17,55.8,1.18,458953,-994819,8.11,80.8,1.31,1434340,-3137075,7.57,67.3,1.27,1893293,-3137075
GOLD,15,5.0,D+4h,0.1@0.3,10,True,10.83,40.0,1.14,319500,-978518,14.56,52.7,1.68,2227991,-1348633,12.43,46.4,1.46,2547490,-1348633
GOLD,15,5.0,D+4h,0.15@0.3,0,False,4.33,55.8,0.59,-816194,-1088002,4.78,86.0,1.72,1838617,-2034016,4.52,69.5,1.22,1022423,-2034016
GOLD,15,5.0,D+4h,0.15@0.3,0,True,4.42,45.3,0.5,-661999,-722231,4.67,61.9,3.74,1535194,-232462,4.52,52.6,1.46,873195,-774772
GOLD,15,5.0,D+4h,0.15@0.3,5,False,8.25,67.7,1.09,233489,-1105043,9.22,79.5,1.47,2109277,-2095062,8.67,73.1,1.33,2342766,-2095062
GOLD,15,5.0,D+4h,0.15@0.3,5,True,12.42,47.0,1.1,225171,-1067573,16.22,51.4,1.9,2788717,-944585,14.05,49.2,1.56,3013888,-1067573
GOLD,15,5.0,D+4h,0.15@0.3,10,False,8.08,68.0,1.1,272102,-1126127,8.78,79.7,1.22,1168254,-3256680,8.38,73.3,1.18,1440356,-3256680
GOLD,15,5.0,D+4h,0.15@0.3,10,True,11.5,48.6,1.13,290210,-1006116,14.89,53.0,1.55,2005142,-1362533,12.95,50.7,1.39,2295352,-1362533
GOLD,15,5.0,D+4h,0.2@0.4,0,False,4.33,57.7,1.05,87273,-748544,4.78,76.7,1.37,1137584,-1981397,4.52,66.3,1.25,1224858,-1981397
GOLD,15,5.0,D+4h,0.2@0.4,0,True,4.42,45.3,0.92,-106044,-476739,4.67,54.8,1.5,434431,-297337,4.52,49.5,1.15,328386,-476739
GOLD,15,5.0,D+4h,0.2@0.4,5,False,6.75,60.5,1.17,474239,-923017,8.44,73.7,1.54,2481879,-2188574,7.48,66.9,1.4,2956118,-2188574
GOLD,15,5.0,D+4h,0.2@0.4,5,True,11.25,40.7,1.14,345707,-928064,16.33,49.0,1.61,2265230,-1248321,13.43,45.0,1.42,2610937,-1248321
GOLD,15,5.0,D+4h,0.2@0.4,10,False,6.83,61.0,1.16,444319,-949549,8.11,72.6,1.19,1061311,-3483284,7.38,66.5,1.18,1505629,-3483284
GOLD,15,5.0,D+4h,0.2@0.4,10,True,10.5,42.9,1.14,357469,-919884,14.89,50.0,1.36,1507810,-1600644,12.38,46.5,1.28,1865279,-1600644
GOLD,15,5.0,D+4h,0.25@0.5,0,False,4.33,53.8,0.96,-81180,-919463,4.78,67.4,1.32,1224431,-2421814,4.52,60.0,1.19,1143251,-2421814
GOLD,15,5.0,D+4h,0.25@0.5,0,True,4.42,43.4,1.04,49404,-511492,4.67,50.0,1.97,1087986,-461955,4.52,46.3,1.46,1137390,-511492
GOLD,15,5.0,D+4h,0.25@0.5,5,False,6.83,57.3,1.02,59507,-1243744,7.89,64.8,1.29,1544428,-2293940,7.29,60.8,1.19,1603935,-2293940
GOLD,15,5.0,D+4h,0.25@0.5,5,True,11.17,39.6,1.11,293781,-1077108,15.89,44.1,1.45,1896337,-1428296,13.19,41.9,1.32,2190118,-1428296
GOLD,15,5.0,D+4h,0.25@0.5,10,False,6.67,56.2,1.01,24104,-1279147,7.89,63.4,0.97,-185335,-3875274,7.19,59.6,0.98,-161231,-3875274
GOLD,15,5.0,D+4h,0.25@0.5,10,True,10.25,40.7,1.12,308655,-1065817,14.67,45.5,1.17,846205,-1849176,12.14,43.1,1.15,1154861,-1849176
GOLD,15,5.0,D+1h+4h,0.1@0.3,0,False,2.83,50.0,0.73,-302759,-592105,2.22,90.0,9.59,2000380,-232462,2.57,64.8,2.24,1697622,-592105
GOLD,15,5.0,D+1h+4h,0.1@0.3,0,True,2.83,50.0,0.73,-302759,-592105,2.22,90.0,9.59,2000380,-232462,2.57,64.8,2.24,1697622,-592105
GOLD,15,5.0,D+1h+4h,0.1@0.3,5,False,6.08,57.5,1.49,810106,-603181,5.56,86.0,3.78,3629127,-611472,5.86,69.1,2.49,4439233,-611472
GOLD,15,5.0,D+1h+4h,0.1@0.3,5,True,6.08,57.5,1.49,810106,-603181,5.56,86.0,3.78,3629127,-611472,5.86,69.1,2.49,4439233,-611472
GOLD,15,5.0,D+1h+4h,0.1@0.3,10,False,5.92,59.2,1.52,859634,-553653,5.33,85.4,2.36,2743259,-1291248,5.67,69.7,1.98,3602892,-1291248
GOLD,15,5.0,D+1h+4h,0.1@0.3,10,True,5.92,59.2,1.52,859634,-553653,5.33,85.4,2.36,2743259,-1291248,5.67,69.7,1.98,3602892,-1291248
GOLD,15,5.0,D+1h+4h,0.15@0.3,0,False,2.83,58.8,0.55,-509629,-644382,2.22,95.0,8.63,1774004,-232462,2.57,72.2,1.93,1264375,-644382
GOLD,15,5.0,D+1h+4h,0.15@0.3,0,True,2.83,58.8,0.55,-509629,-644382,2.22,95.0,8.63,1774004,-232462,2.57,72.2,1.93,1264375,-644382
GOLD,15,5.0,D+1h+4h,0.15@0.3,5,False,6.67,72.5,1.49,806988,-605001,5.78,84.6,3.07,3469881,-580808,6.29,77.3,2.28,4276869,-605001
GOLD,15,5.0,D+1h+4h,0.15@0.3,5,True,6.67,72.5,1.49,806988,-605001,5.78,84.6,3.07,3469881,-580808,6.29,77.3,2.28,4276869,-605001
GOLD,15,5.0,D+1h+4h,0.15@0.3,10,False,6.58,72.2,1.5,830344,-591932,5.67,84.3,2.07,2549975,-1305148,6.19,76.9,1.84,3380319,-1305148
GOLD,15,5.0,D+1h+4h,0.15@0.3,10,True,6.58,72.2,1.5,830344,-591932,5.67,84.3,2.07,2549975,-1305148,6.19,76.9,1.84,3380319,-1305148
GOLD,15,5.0,D+1h+4h,0.2@0.4,0,False,2.83,58.8,1.04,46325,-403375,2.22,85.0,2.26,691388,-232462,2.57,68.5,1.44,737713,-403375
GOLD,15,5.0,D+1h+4h,0.2@0.4,0,True,2.83,58.8,1.04,46325,-403375,2.22,85.0,2.26,691388,-232462,2.57,68.5,1.44,737713,-403375
GOLD,15,5.0,D+1h+4h,0.2@0.4,5,False,5.5,65.2,1.5,927524,-467533,5.78,78.8,2.33,3075162,-705897,5.62,71.2,1.96,4002686,-705897
GOLD,15,5.0,D+1h+4h,0.2@0.4,5,True,5.5,65.2,1.5,927524,-467533,5.78,78.8,2.33,3075162,-705897,5.62,71.2,1.96,4002686,-705897
GOLD,15,5.0,D+1h+4h,0.2@0.4,10,False,5.58,65.7,1.48,897603,-497453,5.56,78.0,1.74,2181411,-1543260,5.57,70.9,1.64,3079014,-1543260
GOLD,15,5.0,D+1h+4h,0.2@0.4,10,True,5.58,65.7,1.48,897603,-497453,5.56,78.0,1.74,2181411,-1543260,5.57,70.9,1.64,3079014,-1543260
GOLD,15,5.0,D+1h+4h,0.25@0.5,0,False,2.83,55.9,1.17,201773,-438128,2.22,75.0,2.7,1344944,-376081,2.57,63.0,1.79,1546716,-438128
GOLD,15,5.0,D+1h+4h,0.25@0.5,0,True,2.83,55.9,1.17,201773,-438128,2.22,75.0,2.7,1344944,-376081,2.57,63.0,1.79,1546716,-438128
GOLD,15,5.0,D+1h+4h,0.25@0.5,5,False,5.42,63.1,1.43,875598,-618619,5.33,64.6,1.87,2490281,-1018819,5.38,63.7,1.69,3365879,-1018819
GOLD,15,5.0,D+1h+4h,0.25@0.5,5,True,5.42,63.1,1.43,875598,-618619,5.33,64.6,1.87,2490281,-1018819,5.38,63.7,1.69,3365879,-1018819
GOLD,15,5.0,D+1h+4h,0.25@0.5,10,False,5.33,62.5,1.42,848789,-645427,5.33,64.6,1.34,1303818,-1498078,5.33,63.4,1.37,2152608,-1498078
GOLD,15,5.0,D+1h+4h,0.25@0.5,10,True,5.33,62.5,1.42,848789,-645427,5.33,64.6,1.34,1303818,-1498078,5.33,63.4,1.37,2152608,-1498078
GOLD,15,5.0,1h,0.1@0.3,0,False,6.92,50.6,0.72,-763863,-1085772,5.78,78.8,3.89,3574577,-400941,6.43,61.5,1.71,2810714,-1085772
GOLD,15,5.0,1h,0.1@0.3,0,True,6.92,50.6,0.72,-763863,-1085772,5.78,78.8,3.89,3574577,-400941,6.43,61.5,1.71,2810714,-1085772
GOLD,15,5.0,1h,0.1@0.3,5,False,14.33,58.7,1.13,552208,-951397,11.89,72.0,1.8,3691074,-1880713,13.29,63.8,1.48,4243282,-1880713
GOLD,15,5.0,1h,0.1@0.3,5,True,14.33,58.7,1.13,552208,-951397,11.89,72.0,1.8,3691074,-1880713,13.29,63.8,1.48,4243282,-1880713
GOLD,15,5.0,1h,0.1@0.3,10,False,13.92,58.1,1.14,569172,-906222,11.33,72.5,1.87,3747052,-1797210,12.81,63.6,1.51,4316224,-1797210
GOLD,15,5.0,1h,0.1@0.3,10,True,13.92,58.1,1.14,569172,-906222,11.33,72.5,1.87,3747052,-1797210,12.81,63.6,1.51,4316224,-1797210
GOLD,15,5.0,1h,0.15@0.3,0,False,6.92,60.2,0.69,-829304,-1114809,5.78,84.6,4.32,3630647,-381210,6.43,69.6,1.74,2801343,-1114809
GOLD,15,5.0,1h,0.15@0.3,0,True,6.92,60.2,0.69,-829304,-1114809,5.78,84.6,4.32,3630647,-381210,6.43,69.6,1.74,2801343,-1114809
GOLD,15,5.0,1h,0.15@0.3,5,False,15.08,72.4,1.22,933343,-764200,12.67,71.9,1.49,2879366,-2430213,14.05,72.2,1.38,3812709,-2430213
GOLD,15,5.0,1h,0.15@0.3,5,True,15.08,72.4,1.22,933343,-764200,12.67,71.9,1.49,2879366,-2430213,14.05,72.2,1.38,3812709,-2430213
GOLD,15,5.0,1h,0.15@0.3,10,False,14.5,73.0,1.27,1087371,-575888,12.22,72.7,1.53,2912364,-2324718,13.52,72.9,1.42,3999735,-2324718
GOLD,15,5.0,1h,0.15@0.3,10,True,14.5,73.0,1.27,1087371,-575888,12.22,72.7,1.53,2912364,-2324718,13.52,72.9,1.42,3999735,-2324718
GOLD,15,5.0,1h,0.2@0.4,0,False,6.92,61.4,0.96,-95727,-886455,5.78,76.9,2.28,2307357,-860585,6.43,67.4,1.49,2211630,-890025
GOLD,15,5.0,1h,0.2@0.4,0,True,6.92,61.4,0.96,-95727,-886455,5.78,76.9,2.28,2307357,-860585,6.43,67.4,1.49,2211630,-890025
GOLD,15,5.0,1h,0.2@0.4,5,False,14.17,71.2,1.23,987619,-688266,12.33,65.8,1.22,1614397,-2944643,13.38,69.0,1.22,2602015,-2944643
GOLD,15,5.0,1h,0.2@0.4,5,True,14.17,71.2,1.23,987619,-688266,12.33,65.8,1.22,1614397,-2944643,13.38,69.0,1.22,2602015,-2944643
GOLD,15,5.0,1h,0.2@0.4,10,False,13.83,71.7,1.25,1056491,-618845,11.89,67.3,1.32,2114491,-2275946,13.0,70.0,1.29,3170981,-2275946
GOLD,15,5.0,1h,0.2@0.4,10,True,13.83,71.7,1.25,1056491,-618845,11.89,67.3,1.32,2114491,-2275946,13.0,70.0,1.29,3170981,-2275946
GOLD,15,5.0,1h,0.25@0.5,0,False,6.92,54.2,0.95,-158518,-1000444,5.78,63.5,2.36,3647917,-749601,6.43,57.8,1.6,3489399,-1000444
GOLD,15,5.0,1h,0.25@0.5,0,True,6.92,54.2,0.95,-158518,-1000444,5.78,63.5,2.36,3647917,-749601,6.43,57.8,1.6,3489399,-1000444
GOLD,15,5.0,1h,0.25@0.5,5,False,12.75,65.4,1.22,1001634,-693911,11.11,56.0,1.24,1845490,-1988049,12.05,61.7,1.23,2847124,-1988049
GOLD,15,5.0,1h,0.25@0.5,5,True,12.75,65.4,1.22,1001634,-693911,11.11,56.0,1.24,1845490,-1988049,12.05,61.7,1.23,2847124,-1988049
GOLD,15,5.0,1h,0.25@0.5,10,False,12.67,64.5,1.16,741541,-820918,10.67,58.3,1.33,2362746,-1921756,11.81,62.1,1.26,3104287,-1921756
GOLD,15,5.0,1h,0.25@0.5,10,True,12.67,64.5,1.16,741541,-820918,10.67,58.3,1.33,2362746,-1921756,11.81,62.1,1.26,3104287,-1921756
GOLD,15,5.0,1h+4h,0.1@0.3,0,False,4.33,53.8,0.63,-714284,-1105811,2.89,88.5,9.21,3091219,-232462,3.71,65.4,2.03,2376935,-1105811
GOLD,15,5.0,1h+4h,0.1@0.3,0,True,4.33,53.8,0.63,-714284,-1105811,2.89,88.5,9.21,3091219,-232462,3.71,65.4,2.03,2376935,-1105811
GOLD,15,5.0,1h+4h,0.1@0.3,5,False,8.5,58.8,1.15,406933,-884096,7.22,84.6,3.42,4362917,-928169,7.95,68.9,2.05,4769851,-928169
GOLD,15,5.0,1h+4h,0.1@0.3,5,True,8.5,58.8,1.15,406933,-884096,7.22,84.6,3.42,4362917,-928169,7.95,68.9,2.05,4769851,-928169
GOLD,15,5.0,1h+4h,0.1@0.3,10,False,8.17,60.2,1.21,559511,-729306,6.67,85.0,2.59,3662127,-1291248,7.52,69.6,1.85,4221637,-1291248
GOLD,15,5.0,1h+4h,0.1@0.3,10,True,8.17,60.2,1.21,559511,-729306,6.67,85.0,2.59,3662127,-1291248,7.52,69.6,1.85,4221637,-1291248
GOLD,15,5.0,1h+4h,0.15@0.3,0,False,4.33,61.5,0.56,-834874,-1178808,2.89,92.3,8.65,2877115,-232462,3.71,71.8,1.9,2042241,-1178808
GOLD,15,5.0,1h+4h,0.15@0.3,0,True,4.33,61.5,0.56,-834874,-1178808,2.89,92.3,8.65,2877115,-232462,3.71,71.8,1.9,2042241,-1178808
GOLD,15,5.0,1h+4h,0.15@0.3,5,False,9.08,70.6,1.19,513037,-867332,7.44,83.6,3.0,4332878,-859260,8.38,75.6,2.0,4845915,-867332
GOLD,15,5.0,1h+4h,0.15@0.3,5,True,9.08,70.6,1.19,513037,-867332,7.44,83.6,3.0,4332878,-859260,8.38,75.6,2.0,4845915,-867332
GOLD,15,5.0,1h+4h,0.15@0.3,10,False,8.83,70.8,1.25,635142,-749001,7.0,84.1,2.34,3585440,-1305148,8.05,75.7,1.8,4220582,-1305148
GOLD,15,5.0,1h+4h,0.15@0.3,10,True,8.83,70.8,1.25,635142,-749001,7.0,84.1,2.34,3585440,-1305148,8.05,75.7,1.8,4220582,-1305148
GOLD,15,5.0,1h+4h,0.2@0.4,10,False,7.92,65.3,1.21,610977,-806305,6.78,75.4,2.5,3889902,-726984,7.43,69.2,1.83,4500879,-806305
GOLD,15,5.0,1h+4h,0.2@0.4,10,True,7.92,65.3,1.21,610977,-806305,6.78,75.4,2.5,3889902,-726984,7.43,69.2,1.83,4500879,-806305
GOLD,15,5.0,1h+4h,0.25@0.5,0,False,4.33,51.9,0.85,-338348,-978919,2.89,73.1,3.14,2302234,-505341,3.71,59.0,1.59,1963886,-978919
GOLD,15,5.0,1h+4h,0.25@0.5,0,True,4.33,51.9,0.85,-338348,-978919,2.89,73.1,3.14,2302234,-505341,3.71,59.0,1.59,1963886,-978919
GOLD,15,5.0,1h+4h,0.2@0.4,0,False,4.33,59.6,0.85,-281006,-800268,2.89,84.6,3.62,1806769,-369337,3.71,67.9,1.58,1525763,-800268
GOLD,15,5.0,1h+4h,0.2@0.4,0,True,4.33,59.6,0.85,-281006,-800268,2.89,84.6,3.62,1806769,-369337,3.71,67.9,1.58,1525763,-800268
GOLD,15,5.0,1h+4h,0.2@0.4,5,False,8.0,64.6,1.19,546457,-796475,7.22,73.8,2.03,3358152,-1014073,7.67,68.3,1.63,3904609,-1014073
GOLD,15,5.0,1h+4h,0.2@0.4,5,True,8.0,64.6,1.19,546457,-796475,7.22,73.8,2.03,3358152,-1014073,7.67,68.3,1.63,3904609,-1014073
GOLD,15,5.0,1h+4h,0.25@0.5,5,False,7.83,58.5,1.02,79449,-1039861,6.67,60.0,1.46,1950560,-1408671,7.33,59.1,1.26,2030009,-1408671
GOLD,15,5.0,1h+4h,0.25@0.5,5,True,7.83,58.5,1.02,79449,-1039861,6.67,60.0,1.46,1950560,-1408671,7.33,59.1,1.26,2030009,-1408671
GOLD,15,5.0,1h+4h,0.25@0.5,10,False,7.67,57.6,1.0,15165,-1168200,6.44,62.1,1.58,2291924,-1137224,7.14,59.3,1.31,2307090,-1204113
GOLD,15,5.0,1h+4h,0.25@0.5,10,True,7.67,57.6,1.0,15165,-1168200,6.44,62.1,1.58,2291924,-1137224,7.14,59.3,1.31,2307090,-1204113
GOLD,15,6.0,D,0.1@0.3,0,False,5.75,60.9,1.34,820939,-382441,6.0,79.6,2.68,3280726,-716897,5.86,69.1,1.94,4101664,-716897
GOLD,15,6.0,D,0.1@0.3,0,True,5.75,43.5,1.01,14181,-436420,6.0,59.3,2.09,1571276,-734607,5.86,50.4,1.56,1585457,-734607
GOLD,15,6.0,D,0.1@0.3,5,False,8.5,61.8,1.56,1891169,-620460,9.11,74.4,2.08,3516144,-664997,8.76,67.4,1.82,5407314,-664997
GOLD,15,6.0,D,0.1@0.3,5,True,22.08,34.7,1.17,587393,-1086298,19.22,46.2,1.3,1429416,-1255183,20.86,39.3,1.24,2016809,-1255183
GOLD,15,6.0,D,0.1@0.3,10,False,8.5,59.8,1.51,1754300,-705201,8.44,75.0,1.66,2650885,-1423479,8.48,66.3,1.59,4405184,-1423479
GOLD,15,6.0,D,0.1@0.3,10,True,20.25,36.2,1.27,863868,-965483,17.89,47.2,1.18,928237,-1526204,19.24,40.6,1.22,1792105,-1526204
GOLD,15,6.0,D,0.15@0.3,0,False,5.75,71.0,1.3,674383,-561477,6.0,79.6,2.41,2755998,-686144,5.86,74.8,1.82,3430382,-686144
GOLD,15,6.0,D,0.15@0.3,0,True,5.75,46.4,0.7,-424733,-531518,6.0,59.3,1.6,862853,-633921,5.86,52.0,1.15,438120,-739132
GOLD,15,6.0,D,0.15@0.3,5,False,9.0,72.2,1.63,2067089,-539026,9.22,77.1,2.5,4539938,-635685,9.1,74.3,2.05,6607026,-635685
GOLD,15,6.0,D,0.15@0.3,5,True,22.83,39.4,1.21,701361,-993110,20.22,50.0,1.3,1444826,-1307544,21.71,43.6,1.26,2146187,-1307544
GOLD,15,6.0,D,0.15@0.3,10,False,8.83,71.7,1.66,2152645,-539026,8.78,77.2,1.84,3343222,-1399250,8.81,74.1,1.76,5495868,-1399250
GOLD,15,6.0,D,0.15@0.3,10,True,20.92,40.6,1.34,1046828,-872100,18.78,50.3,1.16,835285,-1490231,20.0,44.5,1.23,1882113,-1490231
GOLD,15,6.0,D,0.2@0.4,0,False,5.75,63.8,1.12,338141,-720815,6.0,68.5,1.86,2576465,-1406051,5.86,65.9,1.5,2914606,-1406051
GOLD,15,6.0,D,0.2@0.4,0,True,5.75,43.5,0.64,-584190,-721727,6.0,51.9,1.51,1071921,-1341732,5.86,47.2,1.13,487731,-1341732
GOLD,15,6.0,D,0.2@0.4,5,False,8.67,66.3,1.4,1491076,-651395,9.11,65.9,1.66,3014429,-1281182,8.86,66.1,1.54,4505505,-1281182
GOLD,15,6.0,D,0.2@0.4,5,True,22.42,37.2,1.13,471755,-1140093,19.33,44.8,1.12,699971,-1737545,21.1,40.2,1.12,1171725,-1737545
GOLD,15,6.0,D,0.2@0.4,10,False,8.5,64.7,1.37,1402607,-659534,8.67,65.4,1.35,1904358,-1671970,8.57,65.0,1.36,3306966,-1671970
GOLD,15,6.0,D,0.2@0.4,10,True,20.42,38.4,1.22,745754,-971972,18.11,44.8,0.99,-60488,-1739669,19.43,40.9,1.07,685266,-1739669
GOLD,15,6.0,D,0.25@0.5,0,False,5.75,63.8,1.51,1400710,-471930,6.0,61.1,1.53,1955660,-1863250,5.86,62.6,1.52,3356370,-1863250
GOLD,15,6.0,D,0.25@0.5,0,True,5.75,43.5,1.04,75341,-463682,6.0,50.0,1.5,1082918,-1412816,5.86,46.3,1.3,1158258,-1412816
GOLD,15,6.0,D,0.25@0.5,5,False,7.75,64.5,1.55,1936949,-590567,8.11,64.4,1.38,1971168,-1631327,7.9,64.5,1.45,3908117,-1631327
GOLD,15,6.0,D,0.25@0.5,5,True,21.42,35.4,1.29,1050329,-921587,18.89,43.5,0.93,-434993,-2544412,20.33,38.6,1.06,615336,-2544412
GOLD,15,6.0,D,0.25@0.5,10,False,7.67,63.0,1.53,1891158,-590567,7.56,66.2,1.35,1869699,-1914299,7.62,64.4,1.42,3760857,-1914299
GOLD,15,6.0,D,0.25@0.5,10,True,19.58,36.6,1.39,1286704,-800188,17.67,44.0,0.93,-489510,-2684438,18.76,39.6,1.08,797194,-2684438
GOLD,15,6.0,D+1h,0.1@0.3,0,False,2.92,60.0,1.15,165339,-370205,2.89,76.9,2.45,1674668,-609978,2.9,67.2,1.81,1840007,-609978
GOLD,15,6.0,D+1h,0.1@0.3,0,True,2.92,60.0,1.15,165339,-370205,2.89,76.9,2.45,1674668,-609978,2.9,67.2,1.81,1840007,-609978
GOLD,15,6.0,D+1h,0.1@0.3,5,False,6.42,64.9,2.04,1827335,-577611,6.22,67.9,1.71,2169427,-793915,6.33,66.2,1.83,3996762,-793915
GOLD,15,6.0,D+1h,0.1@0.3,5,True,6.42,64.9,2.04,1827335,-577611,6.22,67.9,1.71,2169427,-793915,6.33,66.2,1.83,3996762,-793915
GOLD,15,6.0,D+1h,0.1@0.3,10,False,6.25,66.7,2.17,1941881,-527614,5.67,70.6,1.46,1606001,-1470510,6.0,68.3,1.69,3547882,-1470510
GOLD,15,6.0,D+1h,0.1@0.3,10,True,6.25,66.7,2.17,1941881,-527614,5.67,70.6,1.46,1606001,-1470510,6.0,68.3,1.69,3547882,-1470510
GOLD,15,6.0,D+1h,0.15@0.3,0,False,2.92,65.7,0.75,-273575,-461311,2.89,76.9,1.83,962799,-550978,2.9,70.5,1.3,689224,-592563
GOLD,15,6.0,D+1h,0.15@0.3,0,True,2.92,65.7,0.75,-273575,-461311,2.89,76.9,1.83,962799,-550978,2.9,70.5,1.3,689224,-592563
GOLD,15,6.0,D+1h,0.15@0.3,5,False,7.67,79.3,2.04,1773327,-502909,7.11,75.0,1.75,2272495,-791010,7.43,77.6,1.85,4045822,-791010
GOLD,15,6.0,D+1h,0.15@0.3,5,True,7.67,79.3,2.04,1773327,-502909,7.11,75.0,1.75,2272495,-791010,7.43,77.6,1.85,4045822,-791010
GOLD,15,6.0,D+1h,0.15@0.3,10,False,7.42,79.8,2.22,1956526,-502909,6.44,75.9,1.46,1600706,-1437983,7.0,78.2,1.7,3557232,-1437983
GOLD,15,6.0,D+1h,0.15@0.3,10,True,7.42,79.8,2.22,1956526,-502909,6.44,75.9,1.46,1600706,-1437983,7.0,78.2,1.7,3557232,-1437983
GOLD,15,6.0,D+1h,0.2@0.4,0,False,2.92,60.0,0.68,-433031,-639959,2.89,61.5,1.65,1156884,-1195420,2.9,60.7,1.23,723853,-1195420
GOLD,15,6.0,D+1h,0.2@0.4,0,True,2.92,60.0,0.68,-433031,-639959,2.89,61.5,1.65,1156884,-1195420,2.9,60.7,1.23,723853,-1195420
GOLD,15,6.0,D+1h,0.2@0.4,5,False,6.83,73.2,1.86,1684534,-625953,6.22,60.7,1.31,1320592,-1159832,6.57,68.1,1.48,3005126,-1159832
GOLD,15,6.0,D+1h,0.2@0.4,5,True,6.83,73.2,1.86,1684534,-625953,6.22,60.7,1.31,1320592,-1159832,6.57,68.1,1.48,3005126,-1159832
GOLD,15,6.0,D+1h,0.2@0.4,10,False,6.92,75.9,1.9,1656807,-550374,5.78,59.6,1.1,497886,-1702403,6.43,69.6,1.33,2154693,-1702403
GOLD,15,6.0,D+1h,0.2@0.4,10,True,6.92,75.9,1.9,1656807,-550374,5.78,59.6,1.1,497886,-1702403,6.43,69.6,1.33,2154693,-1702403
GOLD,15,6.0,D+1h,0.25@0.5,0,False,2.92,60.0,1.16,226499,-456251,2.89,57.7,1.61,1152899,-1266504,2.9,59.0,1.42,1379398,-1266504
GOLD,15,6.0,D+1h,0.25@0.5,0,True,2.92,60.0,1.16,226499,-456251,2.89,57.7,1.61,1152899,-1266504,2.9,59.0,1.42,1379398,-1266504
GOLD,15,6.0,D+1h,0.25@0.5,5,False,5.75,72.5,2.21,2300790,-398473,5.78,57.7,1.04,208667,-1932374,5.76,66.1,1.37,2509457,-1932374
GOLD,15,6.0,D+1h,0.25@0.5,5,True,5.75,72.5,2.21,2300790,-398473,5.78,57.7,1.04,208667,-1932374,5.76,66.1,1.37,2509457,-1932374
GOLD,15,6.0,D+1h,0.25@0.5,10,False,5.58,73.1,2.31,2375237,-386539,5.33,58.3,1.02,91903,-2049138,5.48,67.0,1.36,2467140,-2049138
GOLD,15,6.0,D+1h,0.25@0.5,10,True,5.58,73.1,2.31,2375237,-386539,5.33,58.3,1.02,91903,-2049138,5.48,67.0,1.36,2467140,-2049138
GOLD,15,6.0,D+4h,0.1@0.3,0,False,3.17,55.3,1.07,104140,-791128,4.22,84.2,4.58,3637957,-381904,3.62,69.7,2.47,3742097,-791128
GOLD,15,6.0,D+4h,0.1@0.3,0,True,3.17,47.4,1.19,187761,-376466,4.22,68.4,4.08,1887045,-266958,3.62,57.9,2.29,2074806,-376466
GOLD,15,6.0,D+4h,0.1@0.3,5,False,5.5,56.1,1.37,867329,-904445,6.56,74.6,2.76,3793581,-592819,5.95,64.8,2.03,4660910,-904445
GOLD,15,6.0,D+4h,0.1@0.3,5,True,9.42,38.9,1.35,747742,-790768,13.22,48.7,1.63,2038196,-1182968,11.05,44.0,1.52,2785938,-1182968
GOLD,15,6.0,D+4h,0.1@0.3,10,False,5.58,53.7,1.3,731715,-988782,6.22,73.2,1.8,2569227,-1594036,5.86,62.6,1.58,3300942,-1594036
GOLD,15,6.0,D+4h,0.1@0.3,10,True,8.67,40.4,1.38,804885,-769412,12.22,50.0,1.39,1450129,-1423479,10.19,45.3,1.39,2255014,-1423479
GOLD,15,6.0,D+4h,0.15@0.3,0,False,3.17,68.4,0.9,-131679,-750227,4.22,84.2,3.97,3012929,-326305,3.62,76.3,2.21,2881251,-750227
GOLD,15,6.0,D+4h,0.15@0.3,0,True,3.17,50.0,0.72,-274338,-413993,4.22,68.4,2.88,1149619,-266958,3.62,59.2,1.55,875281,-621606
GOLD,15,6.0,D+4h,0.15@0.3,5,False,6.08,71.2,1.47,1014117,-837116,7.0,77.8,2.93,4114213,-536699,6.48,74.3,2.2,5128330,-837116
GOLD,15,6.0,D+4h,0.15@0.3,5,True,9.83,46.6,1.37,769332,-683327,13.78,51.6,1.67,2154834,-1152707,11.52,49.2,1.55,2924166,-1152707
GOLD,15,6.0,D+4h,0.15@0.3,10,False,6.0,70.8,1.51,1104793,-833494,6.67,76.7,1.86,2770823,-1549791,6.29,73.5,1.72,3875616,-1549791
GOLD,15,6.0,D+4h,0.15@0.3,10,True,9.0,48.1,1.44,898372,-658755,12.78,53.0,1.4,1464850,-1399250,10.62,50.7,1.42,2363222,-1399250
GOLD,15,6.0,D+4h,0.2@0.4,0,False,3.17,65.8,0.74,-411638,-736812,4.22,71.1,2.54,2937361,-1096940,3.62,68.4,1.72,2525723,-1096940
GOLD,15,6.0,D+4h,0.2@0.4,0,True,3.17,50.0,0.63,-381950,-532909,4.22,60.5,2.38,1518342,-651491,3.62,55.3,1.53,1136393,-651491
GOLD,15,6.0,D+4h,0.2@0.4,5,False,6.08,69.9,1.2,492320,-817680,6.89,66.1,1.89,2958247,-1155566,6.43,68.1,1.6,3450567,-1155566
GOLD,15,6.0,D+4h,0.2@0.4,5,True,9.92,46.2,1.25,538615,-824130,13.44,47.1,1.41,1608800,-1391636,11.43,46.7,1.35,2147414,-1391636
GOLD,15,6.0,D+4h,0.2@0.4,10,False,5.92,69.0,1.19,450715,-832182,6.56,64.4,1.4,1701501,-1789589,6.19,66.9,1.32,2152217,-1789589
GOLD,15,6.0,D+4h,0.2@0.4,10,True,9.0,48.1,1.28,590110,-774525,12.44,48.2,1.24,1017068,-1671970,10.48,48.2,1.25,1607177,-1671970
GOLD,15,6.0,D+4h,0.25@0.5,0,False,3.17,65.8,1.16,258816,-546345,4.22,60.5,1.99,2603675,-1653426,3.62,63.2,1.68,2862491,-1653426
GOLD,15,6.0,D+4h,0.25@0.5,0,True,3.17,50.0,1.25,267149,-383472,4.22,57.9,2.57,1872021,-740256,3.62,53.9,1.94,2139170,-740256
GOLD,15,6.0,D+4h,0.25@0.5,5,False,5.33,65.6,1.27,669299,-812411,5.78,61.5,1.43,1833302,-2233102,5.52,63.8,1.37,2502601,-2233102
GOLD,15,6.0,D+4h,0.25@0.5,5,True,8.92,43.0,1.56,1173090,-533231,12.89,44.8,1.16,758542,-1862506,10.62,43.9,1.29,1931632,-1862506
GOLD,15,6.0,D+4h,0.25@0.5,10,False,5.25,65.1,1.25,636633,-821875,5.44,63.3,1.38,1660468,-2509885,5.33,64.3,1.33,2297101,-2509885
GOLD,15,6.0,D+4h,0.25@0.5,10,True,8.08,44.3,1.57,1178788,-521744,11.89,46.7,1.17,775457,-2069023,9.71,45.6,1.29,1954245,-2069023
GOLD,15,6.0,D+1h+4h,0.1@0.3,0,False,2.17,61.5,1.28,233897,-338787,2.11,89.5,5.73,1983345,-266958,2.14,73.3,2.75,2217242,-338787
GOLD,15,6.0,D+1h+4h,0.1@0.3,0,True,2.17,61.5,1.28,233897,-338787,2.11,89.5,5.73,1983345,-266958,2.14,73.3,2.75,2217242,-338787
GOLD,15,6.0,D+1h+4h,0.1@0.3,5,False,4.75,59.6,1.71,1159312,-590987,4.67,73.8,2.28,2589426,-778114,4.71,65.7,2.03,3748738,-778114
GOLD,15,6.0,D+1h+4h,0.1@0.3,5,True,4.75,59.6,1.71,1159312,-590987,4.67,73.8,2.28,2589426,-778114,4.71,65.7,2.03,3748738,-778114
GOLD,15,6.0,D+1h+4h,0.1@0.3,10,False,4.75,59.6,1.73,1178091,-590582,4.33,74.4,1.72,1877773,-1423479,4.57,65.6,1.73,3055864,-1423479
GOLD,15,6.0,D+1h+4h,0.1@0.3,10,True,4.75,59.6,1.73,1178091,-590582,4.33,74.4,1.72,1877773,-1423479,4.57,65.6,1.73,3055864,-1423479
GOLD,15,6.0,D+1h+4h,0.15@0.3,0,False,2.17,65.4,0.73,-228202,-390463,2.11,89.5,3.97,1245920,-266958,2.14,75.6,1.8,1017718,-521716
GOLD,15,6.0,D+1h+4h,0.15@0.3,0,True,2.17,65.4,0.73,-228202,-390463,2.11,89.5,3.97,1245920,-266958,2.14,75.6,1.8,1017718,-521716
GOLD,15,6.0,D+1h+4h,0.15@0.3,5,False,5.17,72.6,1.76,1180902,-451812,5.11,78.3,2.4,2797114,-760085,5.14,75.0,2.12,3978016,-760085
GOLD,15,6.0,D+1h+4h,0.15@0.3,5,True,5.17,72.6,1.76,1180902,-451812,5.11,78.3,2.4,2797114,-760085,5.14,75.0,2.12,3978016,-760085
GOLD,15,6.0,D+1h+4h,0.15@0.3,10,False,5.08,72.1,1.82,1271578,-448191,4.78,79.1,1.77,1983544,-1399250,4.95,75.0,1.79,3255121,-1399250
GOLD,15,6.0,D+1h+4h,0.15@0.3,10,True,5.08,72.1,1.82,1271578,-448191,4.78,79.1,1.77,1983544,-1399250,4.95,75.0,1.79,3255121,-1399250
GOLD,15,6.0,D+1h+4h,0.2@0.4,0,False,2.17,65.4,0.62,-335814,-490774,2.11,73.7,2.79,1614643,-538369,2.14,68.9,1.71,1278829,-538369
GOLD,15,6.0,D+1h+4h,0.2@0.4,0,True,2.17,65.4,0.62,-335814,-490774,2.11,73.7,2.79,1614643,-538369,2.14,68.9,1.71,1278829,-538369
GOLD,15,6.0,D+1h+4h,0.2@0.4,5,False,5.25,71.4,1.58,950185,-526151,4.78,65.1,1.72,2066167,-976380,5.05,68.9,1.67,3016352,-976380
GOLD,15,6.0,D+1h+4h,0.2@0.4,5,True,5.25,71.4,1.58,950185,-526151,4.78,65.1,1.72,2066167,-976380,5.05,68.9,1.67,3016352,-976380
GOLD,15,6.0,D+1h+4h,0.2@0.4,10,False,5.08,72.1,1.6,963315,-485918,4.44,65.0,1.41,1350849,-1671970,4.81,69.3,1.47,2314164,-1671970
GOLD,15,6.0,D+1h+4h,0.2@0.4,10,True,5.08,72.1,1.6,963315,-485918,4.44,65.0,1.41,1350849,-1671970,4.81,69.3,1.47,2314164,-1671970
GOLD,15,6.0,D+1h+4h,0.25@0.5,0,False,2.17,65.4,1.33,313285,-383472,2.11,68.4,2.97,1968322,-627134,2.14,66.7,2.17,2281606,-627134
GOLD,15,6.0,D+1h+4h,0.25@0.5,0,True,2.17,65.4,1.33,313285,-383472,2.11,68.4,2.97,1968322,-627134,2.14,66.7,2.17,2281606,-627134
GOLD,15,6.0,D+1h+4h,0.25@0.5,5,False,4.25,70.6,2.01,1584660,-442636,4.22,60.5,1.35,1253931,-1501992,4.24,66.3,1.55,2838591,-1501992
GOLD,15,6.0,D+1h+4h,0.25@0.5,5,True,4.25,70.6,2.01,1584660,-442636,4.22,60.5,1.35,1253931,-1501992,4.24,66.3,1.55,2838591,-1501992
GOLD,15,6.0,D+1h+4h,0.25@0.5,10,False,4.17,70.0,1.98,1551994,-452101,3.89,62.9,1.31,1147258,-1738868,4.05,67.1,1.52,2699252,-1738868
GOLD,15,6.0,D+1h+4h,0.25@0.5,10,True,4.17,70.0,1.98,1551994,-452101,3.89,62.9,1.31,1147258,-1738868,4.05,67.1,1.52,2699252,-1738868
GOLD,15,6.0,1h,0.1@0.3,0,False,4.83,58.6,1.04,79399,-594833,4.78,72.1,1.96,1978254,-1109680,4.81,64.4,1.49,2057653,-1109680
GOLD,15,6.0,1h,0.1@0.3,0,True,4.83,58.6,1.04,79399,-594833,4.78,72.1,1.96,1978254,-1109680,4.81,64.4,1.49,2057653,-1109680
GOLD,15,6.0,1h,0.1@0.3,5,False,11.58,65.5,1.43,1462026,-836232,11.11,62.0,1.3,1921827,-2395651,11.38,64.0,1.34,3383853,-2395651
GOLD,15,6.0,1h,0.1@0.3,5,True,11.58,65.5,1.43,1462026,-836232,11.11,62.0,1.3,1921827,-2395651,11.38,64.0,1.34,3383853,-2395651
GOLD,15,6.0,1h,0.1@0.3,10,False,11.25,63.7,1.32,1171715,-923593,10.11,65.9,1.46,2404119,-1909564,10.76,64.6,1.4,3575833,-1909564
GOLD,15,6.0,1h,0.1@0.3,10,True,11.25,63.7,1.32,1171715,-923593,10.11,65.9,1.46,2404119,-1909564,10.76,64.6,1.4,3575833,-1909564
GOLD,15,6.0,1h,0.15@0.3,0,False,4.83,63.8,0.77,-491315,-785034,4.78,76.7,1.72,1291357,-1011754,4.81,69.3,1.2,800042,-1011754
GOLD,15,6.0,1h,0.15@0.3,0,True,4.83,63.8,0.77,-491315,-785034,4.78,76.7,1.72,1291357,-1011754,4.81,69.3,1.2,800042,-1011754
GOLD,15,6.0,1h,0.2@0.4,0,False,4.83,60.3,0.74,-637213,-789282,4.78,60.5,1.83,2403238,-757914,4.81,60.4,1.33,1766026,-813420
GOLD,15,6.0,1h,0.2@0.4,0,True,4.83,60.3,0.74,-637213,-789282,4.78,60.5,1.83,2403238,-757914,4.81,60.4,1.33,1766026,-813420
GOLD,15,6.0,1h,0.2@0.4,5,False,12.0,72.2,1.25,1048553,-987809,10.11,57.1,1.37,2724796,-1903228,11.19,66.4,1.33,3773348,-1903228
GOLD,15,6.0,1h,0.2@0.4,5,True,12.0,72.2,1.25,1048553,-987809,10.11,57.1,1.37,2724796,-1903228,11.19,66.4,1.33,3773348,-1903228
GOLD,15,6.0,1h,0.15@0.3,5,False,13.67,76.8,1.37,1306792,-806151,12.33,69.4,1.3,1963366,-2539952,13.1,73.8,1.32,3270158,-2539952
GOLD,15,6.0,1h,0.15@0.3,5,True,13.67,76.8,1.37,1306792,-806151,12.33,69.4,1.3,1963366,-2539952,13.1,73.8,1.32,3270158,-2539952
GOLD,15,6.0,1h,0.15@0.3,10,False,13.0,75.6,1.32,1180980,-801786,11.22,71.3,1.43,2342266,-2057077,12.24,73.9,1.39,3523246,-2057077
GOLD,15,6.0,1h,0.15@0.3,10,True,13.0,75.6,1.32,1180980,-801786,11.22,71.3,1.43,2342266,-2057077,12.24,73.9,1.39,3523246,-2057077
GOLD,15,6.0,1h,0.2@0.4,10,False,11.67,71.4,1.14,629508,-893925,9.44,57.6,1.54,3434959,-1385735,10.71,66.2,1.38,4064466,-1385735
GOLD,15,6.0,1h,0.2@0.4,10,True,11.67,71.4,1.14,629508,-893925,9.44,57.6,1.54,3434959,-1385735,10.71,66.2,1.38,4064466,-1385735
GOLD,15,6.0,1h,0.25@0.5,0,False,4.83,58.6,1.08,197860,-746651,4.78,55.8,1.86,2654244,-937899,4.81,57.4,1.5,2852104,-937899
GOLD,15,6.0,1h,0.25@0.5,0,True,4.83,58.6,1.08,197860,-746651,4.78,55.8,1.86,2654244,-937899,4.81,57.4,1.5,2852104,-937899
GOLD,15,6.0,1h,0.25@0.5,5,False,10.25,67.5,1.38,1658576,-797233,9.0,53.1,1.39,2824421,-2041904,9.71,61.8,1.39,4482997,-2041904
GOLD,15,6.0,1h,0.25@0.5,5,True,10.25,67.5,1.38,1658576,-797233,9.0,53.1,1.39,2824421,-2041904,9.71,61.8,1.39,4482997,-2041904
GOLD,15,6.0,1h,0.25@0.5,10,False,9.83,66.9,1.31,1350912,-838317,8.44,53.9,1.5,3305547,-1999959,9.24,61.9,1.42,4656458,-1999959
GOLD,15,6.0,1h,0.25@0.5,10,True,9.83,66.9,1.31,1350912,-838317,8.44,53.9,1.5,3305547,-1999959,9.24,61.9,1.42,4656458,-1999959
GOLD,15,6.0,1h+4h,0.1@0.3,0,False,3.25,64.1,1.08,118574,-431844,2.67,87.5,4.9,2197609,-270133,3.0,73.0,2.18,2316183,-431844
GOLD,15,6.0,1h+4h,0.1@0.3,0,True,3.25,64.1,1.08,118574,-431844,2.67,87.5,4.9,2197609,-270133,3.0,73.0,2.18,2316183,-431844
GOLD,15,6.0,1h+4h,0.1@0.3,5,False,6.75,61.7,1.31,783412,-732056,6.56,69.5,1.77,2306941,-1085562,6.67,65.0,1.56,3090354,-1085562
GOLD,15,6.0,1h+4h,0.1@0.3,5,True,6.75,61.7,1.31,783412,-732056,6.56,69.5,1.77,2306941,-1085562,6.67,65.0,1.56,3090354,-1085562
GOLD,15,6.0,1h+4h,0.1@0.3,10,False,6.58,59.5,1.25,654551,-822082,5.89,73.6,2.41,3061334,-487765,6.29,65.2,1.77,3715884,-912952
GOLD,15,6.0,1h+4h,0.1@0.3,10,True,6.58,59.5,1.25,654551,-822082,5.89,73.6,2.41,3061334,-487765,6.29,65.2,1.77,3715884,-912952
GOLD,15,6.0,1h+4h,0.15@0.3,0,False,3.25,64.1,0.65,-485408,-755326,2.67,87.5,3.1,1180947,-266958,3.0,73.0,1.35,695538,-886579
GOLD,15,6.0,1h+4h,0.15@0.3,0,True,3.25,64.1,0.65,-485408,-755326,2.67,87.5,3.1,1180947,-266958,3.0,73.0,1.35,695538,-886579
GOLD,15,6.0,1h+4h,0.15@0.3,5,False,7.42,69.7,1.34,833064,-618878,7.11,75.0,1.83,2476938,-1032964,7.29,71.9,1.61,3310002,-1032964
GOLD,15,6.0,1h+4h,0.15@0.3,5,True,7.42,69.7,1.34,833064,-618878,7.11,75.0,1.83,2476938,-1032964,7.29,71.9,1.61,3310002,-1032964
GOLD,15,6.0,1h+4h,0.15@0.3,10,False,7.08,67.1,1.28,726174,-843544,6.44,77.6,2.46,3131876,-479467,6.81,71.3,1.81,3858050,-907664
GOLD,15,6.0,1h+4h,0.15@0.3,10,True,7.08,67.1,1.28,726174,-843544,6.44,77.6,2.46,3131876,-479467,6.81,71.3,1.81,3858050,-907664
GOLD,15,6.0,1h+4h,0.2@0.4,0,False,3.25,64.1,0.62,-590889,-824794,2.67,70.8,2.76,2091416,-682555,3.0,66.7,1.55,1500527,-824794
GOLD,15,6.0,1h+4h,0.2@0.4,0,True,3.25,64.1,0.62,-590889,-824794,2.67,70.8,2.76,2091416,-682555,3.0,66.7,1.55,1500527,-824794
GOLD,15,6.0,1h+4h,0.2@0.4,5,False,7.33,69.3,1.19,514973,-814138,6.11,61.8,1.53,2032489,-1419782,6.81,66.4,1.39,2547462,-1419782
GOLD,15,6.0,1h+4h,0.2@0.4,5,True,7.33,69.3,1.19,514973,-814138,6.11,61.8,1.53,2032489,-1419782,6.81,66.4,1.39,2547462,-1419782
GOLD,15,6.0,1h+4h,0.2@0.4,10,False,7.0,69.0,1.14,397368,-907860,5.56,64.0,1.99,2896817,-871728,6.38,67.2,1.58,3294185,-965883
GOLD,15,6.0,1h+4h,0.2@0.4,10,True,7.0,69.0,1.14,397368,-907860,5.56,64.0,1.99,2896817,-871728,6.38,67.2,1.58,3294185,-965883
GOLD,15,6.0,1h+4h,0.25@0.5,0,False,3.25,61.5,1.1,171267,-729743,2.67,66.7,2.9,2453568,-771321,3.0,63.5,1.89,2624835,-771321
GOLD,15,6.0,1h+4h,0.25@0.5,0,True,3.25,61.5,1.1,171267,-729743,2.67,66.7,2.9,2453568,-771321,3.0,63.5,1.89,2624835,-771321
GOLD,15,6.0,1h+4h,0.25@0.5,5,False,6.08,63.0,1.3,871921,-751808,5.11,56.5,1.38,1606277,-1858142,5.67,60.5,1.35,2478198,-1858142
GOLD,15,6.0,1h+4h,0.25@0.5,5,True,6.08,63.0,1.3,871921,-751808,5.11,56.5,1.38,1606277,-1858142,5.67,60.5,1.35,2478198,-1858142
GOLD,15,6.0,1h+4h,0.25@0.5,10,False,5.83,64.3,1.42,1122124,-727018,4.67,59.5,1.6,2163569,-1345605,5.33,62.5,1.52,3285693,-1345605
GOLD,15,6.0,1h+4h,0.25@0.5,10,True,5.83,64.3,1.42,1122124,-727018,4.67,59.5,1.6,2163569,-1345605,5.33,62.5,1.52,3285693,-1345605
